taxon_id,scientific_name,common_names,edibility,consumption_guidance,preparation_required,toxic_lookalikes,hazard_notes,confidence_of_record,sources,needs_human_review
usda:ACAU,Acacia auriculiformis,"[""earleaf acacia""]",unknown,do_not_eat,,[],Unreviewed record. Default fail-safe guidance is do not eat.,low,"[{""purpose"": ""taxonomy"", ""source_id"": ""usda-plants"", ""url"": ""https://plants.usda.gov/plant-profile/ACAU""}, {""purpose"": ""future human review"", ""source_id"": ""naeb"", ""status"": ""not_checked""}]",true
usda:ACCO15,Acacia cognata,"[""bower wattle""]",unknown,do_not_eat,,[],Unreviewed record. Default fail-safe guidance is do not eat.,low,"[{""purpose"": ""taxonomy"", ""source_id"": ""usda-plants"", ""url"": ""https://plants.usda.gov/plant-profile/ACCO15""}, {""purpose"": ""future human review"", ""source_id"": ""naeb"", ""status"": ""not_checked""}]",true
usda:ACCO,Acacia confusa,"[""small Philippine acacia""]",unknown,do_not_eat,,[],Unreviewed record. Default fail-safe guidance is do not eat.,low,"[{""purpose"": ""taxonomy"", ""source_id"": ""usda-plants"", ""url"": ""https://plants.usda.gov/plant-profile/ACCO""}, {""purpose"": ""future human review"", ""source_id"": ""naeb"", ""status"": ""not_checked""}]",true
usda:ACDE3,Acacia dealbata,"[""silver wattle""]",unknown,do_not_eat,,[],Unreviewed record. Default fail-safe guidance is do not eat.,low,"[{""purpose"": ""taxonomy"", ""source_id"": ""usda-plants"", ""url"": ""https://plants.usda.gov/plant-profile/ACDE3""}, {""purpose"": ""future human review"", ""source_id"": ""naeb"", ""status"": ""not_checked""}]",true
usda:ACKO,Acacia koa,"[""koa""]",unknown,do_not_eat,,[],Unreviewed record. Default fail-safe guidance is do not eat.,low,"[{""purpose"": ""taxonomy"", ""source_id"": ""usda-plants"", ""url"": ""https://plants.usda.gov/plant-profile/ACKO""}, {""purpose"": ""future human review"", ""source_id"": ""naeb"", ""status"": ""not_checked""}]",true
usda:ACLO,Acacia longifolia,"[""Sydney golden wattle""]",unknown,do_not_eat,,[],Unreviewed record. Default fail-safe guidance is do not eat.,low,"[{""purpose"": ""taxonomy"", ""source_id"": ""usda-plants"", ""url"": ""https://plants.usda.gov/plant-profile/ACLO""}, {""purpose"": ""future human review"", ""source_id"": ""naeb"", ""status"": ""not_checked""}]",true
usda:ACMA12,Acacia mangium,[],unknown,do_not_eat,,[],Unreviewed record. Default fail-safe guidance is do not eat.,low,"[{""purpose"": ""taxonomy"", ""source_id"": ""usda-plants"", ""url"": ""https://plants.usda.gov/plant-profile/ACMA12""}, {""purpose"": ""future human review"", ""source_id"": ""naeb"", ""status"": ""not_checked""}]",true
usda:ACME80,Acacia mearnsii,"[""black wattle""]",unknown,do_not_eat,,[],Unreviewed record. Default fail-safe guidance is do not eat.,low,"[{""purpose"": ""taxonomy"", ""source_id"": ""usda-plants"", ""url"": ""https://plants.usda.gov/plant-profile/ACME80""}, {""purpose"": ""future human review"", ""source_id"": ""naeb"", ""status"": ""not_checked""}]",true
usda:ACME,Acacia melanoxylon,"[""blackwood""]",unknown,do_not_eat,,[],Unreviewed record. Default fail-safe guidance is do not eat.,low,"[{""purpose"": ""taxonomy"", ""source_id"": ""usda-plants"", ""url"": ""https://plants.usda.gov/plant-profile/ACME""}, {""purpose"": ""future human review"", ""source_id"": ""naeb"", ""status"": ""not_checked""}]",true
usda:ACPO2,Acacia podalyriifolia,"[""pearl wattle""]",unknown,do_not_eat,,[],Unreviewed record. Default fail-safe guidance is do not eat.,low,"[{""purpose"": ""taxonomy"", ""source_id"": ""usda-plants"", ""url"": ""https://plants.usda.gov/plant-profile/ACPO2""}, {""purpose"": ""future human review"", ""source_id"": ""naeb"", ""status"": ""not_checked""}]",true
usda:ACPY3,Acacia pycnantha,"[""golden wattle""]",unknown,do_not_eat,,[],Unreviewed record. Default fail-safe guidance is do not eat.,low,"[{""purpose"": ""taxonomy"", ""source_id"": ""usda-plants"", ""url"": ""https://plants.usda.gov/plant-profile/ACPY3""}, {""purpose"": ""future human review"", ""source_id"": ""naeb"", ""status"": ""not_checked""}]",true
usda:ACRE9,Acacia redolens,"[""bank catclaw""]",unknown,do_not_eat,,[],Unreviewed record. Default fail-safe guidance is do not eat.,low,"[{""purpose"": ""taxonomy"", ""source_id"": ""usda-plants"", ""url"": ""https://plants.usda.gov/plant-profile/ACRE9""}, {""purpose"": ""future human review"", ""source_id"": ""naeb"", ""status"": ""not_checked""}]",true
usda:ACRE2,Acacia retinodes,"[""water wattle""]",unknown,do_not_eat,,[],Unreviewed record. Default fail-safe guidance is do not eat.,low,"[{""purpose"": ""taxonomy"", ""source_id"": ""usda-plants"", ""url"": ""https://plants.usda.gov/plant-profile/ACRE2""}, {""purpose"": ""future human review"", ""source_id"": ""naeb"", ""status"": ""not_checked""}]",true
usda:ACSA,Acacia saligna,"[""orange wattle""]",unknown,do_not_eat,,[],Unreviewed record. Default fail-safe guidance is do not eat.,low,"[{""purpose"": ""taxonomy"", ""source_id"": ""usda-plants"", ""url"": ""https://plants.usda.gov/plant-profile/ACSA""}, {""purpose"": ""future human review"", ""source_id"": ""naeb"", ""status"": ""not_checked""}]",true
usda:ACAN11,Acaciella angustissima,"[""prairie acacia""]",unknown,do_not_eat,,[],Unreviewed record. Default fail-safe guidance is do not eat.,low,"[{""purpose"": ""taxonomy"", ""source_id"": ""usda-plants"", ""url"": ""https://plants.usda.gov/plant-profile/ACAN11""}, {""purpose"": ""future human review"", ""source_id"": ""naeb"", ""status"": ""not_checked""}]",true
usda:ACAL2,Acalypha alopecuroidea,"[""foxtail copperleaf""]",unknown,do_not_eat,,[],Unreviewed record. Default fail-safe guidance is do not eat.,low,"[{""purpose"": ""taxonomy"", ""source_id"": ""usda-plants"", ""url"": ""https://plants.usda.gov/plant-profile/ACAL2""}, {""purpose"": ""future human review"", ""source_id"": ""naeb"", ""status"": ""not_checked""}]",true
usda:ACHI2,Acalypha hispida,"[""red-hot cat's tail"", ""bristly copperleaf""]",unknown,do_not_eat,,[],Unreviewed record. Default fail-safe guidance is do not eat.,low,"[{""purpose"": ""taxonomy"", ""source_id"": ""usda-plants"", ""url"": ""https://plants.usda.gov/plant-profile/ACHI2""}, {""purpose"": ""future human review"", ""source_id"": ""naeb"", ""status"": ""not_checked""}]",true
usda:ACIN12,Acalypha indica,"[""Indian acalypha"", ""Indian-nettle""]",unknown,do_not_eat,,[],Unreviewed record. Default fail-safe guidance is do not eat.,low,"[{""purpose"": ""taxonomy"", ""source_id"": ""usda-plants"", ""url"": ""https://plants.usda.gov/plant-profile/ACIN12""}, {""purpose"": ""future human review"", ""source_id"": ""naeb"", ""status"": ""not_checked""}]",true
usda:ACVI,Acalypha virginica,"[""Virginia threeseed mercury""]",unknown,do_not_eat,,[],Unreviewed record. Default fail-safe guidance is do not eat.,low,"[{""purpose"": ""taxonomy"", ""source_id"": ""usda-plants"", ""url"": ""https://plants.usda.gov/plant-profile/ACVI""}, {""purpose"": ""future human review"", ""source_id"": ""naeb"", ""status"": ""not_checked""}]",true
usda:ACWI,Acalypha wilkesiana,"[""Wilkes' acalypha"", ""acalyfa"", ""beefsteak plant"", ""capa de obispo"", ""fire-dragon"", ""Jacob's coat"", ""Jacob's-coat"", ""match me if you can"", ""primavera""]",unknown,do_not_eat,,[],Unreviewed record. Default fail-safe guidance is do not eat.,low,"[{""purpose"": ""taxonomy"", ""source_id"": ""usda-plants"", ""url"": ""https://plants.usda.gov/plant-profile/ACWI""}, {""purpose"": ""future human review"", ""source_id"": ""naeb"", ""status"": ""not_checked""}]",true
usda:ACRU,Acer rubrum,"[""red maple""]",unknown,do_not_eat,,[],Unreviewed record. Default fail-safe guidance is do not eat.,low,"[{""purpose"": ""taxonomy"", ""source_id"": ""usda-plants"", ""url"": ""https://plants.usda.gov/plant-profile/ACRU""}, {""purpose"": ""future human review"", ""source_id"": ""naeb"", ""status"": ""not_checked""}]",true
usda:ACSA3,Acer saccharum,"[""sugar maple""]",unknown,do_not_eat,,[],Unreviewed record. Default fail-safe guidance is do not eat.,low,"[{""purpose"": ""taxonomy"", ""source_id"": ""usda-plants"", ""url"": ""https://plants.usda.gov/plant-profile/ACSA3""}, {""purpose"": ""future human review"", ""source_id"": ""naeb"", ""status"": ""not_checked""}]",true
usda:ACMI2,Achillea millefolium,"[""common yarrow"", ""milenrama"", ""milfoil""]",unknown,do_not_eat,,[],Unreviewed record. Default fail-safe guidance is do not eat.,low,"[{""purpose"": ""taxonomy"", ""source_id"": ""usda-plants"", ""url"": ""https://plants.usda.gov/plant-profile/ACMI2""}, {""purpose"": ""future human review"", ""source_id"": ""naeb"", ""status"": ""not_checked""}]",true
usda:ACAS,Achyranthes aspera,"[""devil's horsewhip""]",unknown,do_not_eat,,[],Unreviewed record. Default fail-safe guidance is do not eat.,low,"[{""purpose"": ""taxonomy"", ""source_id"": ""usda-plants"", ""url"": ""https://plants.usda.gov/plant-profile/ACAS""}, {""purpose"": ""future human review"", ""source_id"": ""naeb"", ""status"": ""not_checked""}]",true
usda:ACPA,Actaea pachypoda,"[""white baneberry""]",unknown,do_not_eat,,[],Unreviewed record. Default fail-safe guidance is do not eat.,low,"[{""purpose"": ""taxonomy"", ""source_id"": ""usda-plants"", ""url"": ""https://plants.usda.gov/plant-profile/ACPA""}, {""purpose"": ""future human review"", ""source_id"": ""naeb"", ""status"": ""not_checked""}]",true
usda:ACRU2,Actaea rubra,"[""red baneberry""]",unknown,do_not_eat,,[],Unreviewed record. Default fail-safe guidance is do not eat.,low,"[{""purpose"": ""taxonomy"", ""source_id"": ""usda-plants"", ""url"": ""https://plants.usda.gov/plant-profile/ACRU2""}, {""purpose"": ""future human review"", ""source_id"": ""naeb"", ""status"": ""not_checked""}]",true
usda:ADFU,Adlumia fungosa,"[""allegheny vine""]",unknown,do_not_eat,,[],Unreviewed record. Default fail-safe guidance is do not eat.,low,"[{""purpose"": ""taxonomy"", ""source_id"": ""usda-plants"", ""url"": ""https://plants.usda.gov/plant-profile/ADFU""}, {""purpose"": ""future human review"", ""source_id"": ""naeb"", ""status"": ""not_checked""}]",true
usda:ADAE,Adonis aestivalis,"[""summer pheasant's eye""]",unknown,do_not_eat,,[],Unreviewed record. Default fail-safe guidance is do not eat.,low,"[{""purpose"": ""taxonomy"", ""source_id"": ""usda-plants"", ""url"": ""https://plants.usda.gov/plant-profile/ADAE""}, {""purpose"": ""future human review"", ""source_id"": ""naeb"", ""status"": ""not_checked""}]",true
usda:ADAN,Adonis annua,"[""blooddrops""]",unknown,do_not_eat,,[],Unreviewed record. Default fail-safe guidance is do not eat.,low,"[{""purpose"": ""taxonomy"", ""source_id"": ""usda-plants"", ""url"": ""https://plants.usda.gov/plant-profile/ADAN""}, {""purpose"": ""future human review"", ""source_id"": ""naeb"", ""status"": ""not_checked""}]",true
usda:ADVE,Adonis vernalis,"[""spring pheasant's eye""]",unknown,do_not_eat,,[],Unreviewed record. Default fail-safe guidance is do not eat.,low,"[{""purpose"": ""taxonomy"", ""source_id"": ""usda-plants"", ""url"": ""https://plants.usda.gov/plant-profile/ADVE""}, {""purpose"": ""future human review"", ""source_id"": ""naeb"", ""status"": ""not_checked""}]",true
usda:AEPO,Aegopodium podagraria,"[""bishop's goutweed""]",unknown,do_not_eat,,[],Unreviewed record. Default fail-safe guidance is do not eat.,low,"[{""purpose"": ""taxonomy"", ""source_id"": ""usda-plants"", ""url"": ""https://plants.usda.gov/plant-profile/AEPO""}, {""purpose"": ""future human review"", ""source_id"": ""naeb"", ""status"": ""not_checked""}]",true
usda:AEAM,Aeschynomene americana,"[""shyleaf""]",unknown,do_not_eat,,[],Unreviewed record. Default fail-safe guidance is do not eat.,low,"[{""purpose"": ""taxonomy"", ""source_id"": ""usda-plants"", ""url"": ""https://plants.usda.gov/plant-profile/AEAM""}, {""purpose"": ""future human review"", ""source_id"": ""naeb"", ""status"": ""not_checked""}]",true
usda:ALRO3,Alcea rosea,"[""hollyhock""]",unknown,do_not_eat,,[],Unreviewed record. Default fail-safe guidance is do not eat.,low,"[{""purpose"": ""taxonomy"", ""source_id"": ""usda-plants"", ""url"": ""https://plants.usda.gov/plant-profile/ALRO3""}, {""purpose"": ""future human review"", ""source_id"": ""naeb"", ""status"": ""not_checked""}]",true
usda:ALPE4,Alliaria petiolata,"[""garlic mustard""]",unknown,do_not_eat,,[],Unreviewed record. Default fail-safe guidance is do not eat.,low,"[{""purpose"": ""taxonomy"", ""source_id"": ""usda-plants"", ""url"": ""https://plants.usda.gov/plant-profile/ALPE4""}, {""purpose"": ""future human review"", ""source_id"": ""naeb"", ""status"": ""not_checked""}]",true
usda:ALCA3,Allium canadense,"[""meadow garlic""]",unknown,do_not_eat,,"[""Zigadenus venenosus"", ""Zigadenus paniculatus"", ""Zigadenus glaberrimus""]",Unreviewed record. Default fail-safe guidance is do not eat.,low,"[{""purpose"": ""taxonomy"", ""source_id"": ""usda-plants"", ""url"": ""https://plants.usda.gov/plant-profile/ALCA3""}, {""purpose"": ""future human review"", ""source_id"": ""naeb"", ""status"": ""not_checked""}]",true
usda:ALTR3,Allium tricoccum,"[""ramp"", ""wild leek""]",unknown,do_not_eat,,"[""Zigadenus venenosus"", ""Zigadenus paniculatus"", ""Zigadenus glaberrimus""]",Unreviewed record. Default fail-safe guidance is do not eat.,low,"[{""purpose"": ""taxonomy"", ""source_id"": ""usda-plants"", ""url"": ""https://plants.usda.gov/plant-profile/ALTR3""}, {""purpose"": ""future human review"", ""source_id"": ""naeb"", ""status"": ""not_checked""}]",true
usda:ALCU5,Alocasia cucullata,"[""chinese taro""]",unknown,do_not_eat,,[],Unreviewed record. Default fail-safe guidance is do not eat.,low,"[{""purpose"": ""taxonomy"", ""source_id"": ""usda-plants"", ""url"": ""https://plants.usda.gov/plant-profile/ALCU5""}, {""purpose"": ""future human review"", ""source_id"": ""naeb"", ""status"": ""not_checked""}]",true
usda:ALMA11,Alocasia macrorrhizos,"[""giant taro"", ""'ape""]",unknown,do_not_eat,,[],Unreviewed record. Default fail-safe guidance is do not eat.,low,"[{""purpose"": ""taxonomy"", ""source_id"": ""usda-plants"", ""url"": ""https://plants.usda.gov/plant-profile/ALMA11""}, {""purpose"": ""future human review"", ""source_id"": ""naeb"", ""status"": ""not_checked""}]",true
usda:ALOD3,Alocasia odora,"[""Asian taro""]",unknown,do_not_eat,,[],Unreviewed record. Default fail-safe guidance is do not eat.,low,"[{""purpose"": ""taxonomy"", ""source_id"": ""usda-plants"", ""url"": ""https://plants.usda.gov/plant-profile/ALOD3""}, {""purpose"": ""future human review"", ""source_id"": ""naeb"", ""status"": ""not_checked""}]",true
usda:ALCA25,Althaea cannabina,"[""palm-leaf marshmallow""]",unknown,do_not_eat,,[],Unreviewed record. Default fail-safe guidance is do not eat.,low,"[{""purpose"": ""taxonomy"", ""source_id"": ""usda-plants"", ""url"": ""https://plants.usda.gov/plant-profile/ALCA25""}, {""purpose"": ""future human review"", ""source_id"": ""naeb"", ""status"": ""not_checked""}]",true
usda:ALOF2,Althaea officinalis,"[""common marshmallow""]",unknown,do_not_eat,,[],Unreviewed record. Default fail-safe guidance is do not eat.,low,"[{""purpose"": ""taxonomy"", ""source_id"": ""usda-plants"", ""url"": ""https://plants.usda.gov/plant-profile/ALOF2""}, {""purpose"": ""future human review"", ""source_id"": ""naeb"", ""status"": ""not_checked""}]",true
usda:AMAL2,Amelanchier alnifolia,"[""Saskatoon serviceberry""]",unknown,do_not_eat,,[],Unreviewed record. Default fail-safe guidance is do not eat.,low,"[{""purpose"": ""taxonomy"", ""source_id"": ""usda-plants"", ""url"": ""https://plants.usda.gov/plant-profile/AMAL2""}, {""purpose"": ""future human review"", ""source_id"": ""naeb"", ""status"": ""not_checked""}]",true
usda:ANCO40,Anemone coronaria,"[""lilies-of-the-field""]",unknown,do_not_eat,,[],Unreviewed record. Default fail-safe guidance is do not eat.,low,"[{""purpose"": ""taxonomy"", ""source_id"": ""usda-plants"", ""url"": ""https://plants.usda.gov/plant-profile/ANCO40""}, {""purpose"": ""future human review"", ""source_id"": ""naeb"", ""status"": ""not_checked""}]",true
usda:ANNAM2,Anemone narcissiflora,"[""narcissus anemone""]",unknown,do_not_eat,,[],Unreviewed record. Default fail-safe guidance is do not eat.,low,"[{""purpose"": ""taxonomy"", ""source_id"": ""usda-plants"", ""url"": ""https://plants.usda.gov/plant-profile/ANNAM2""}, {""purpose"": ""future human review"", ""source_id"": ""naeb"", ""status"": ""not_checked""}]",true
usda:ANRA2,Anemone ranunculoides,"[""yellow woodland anemone""]",unknown,do_not_eat,,[],Unreviewed record. Default fail-safe guidance is do not eat.,low,"[{""purpose"": ""taxonomy"", ""source_id"": ""usda-plants"", ""url"": ""https://plants.usda.gov/plant-profile/ANRA2""}, {""purpose"": ""future human review"", ""source_id"": ""naeb"", ""status"": ""not_checked""}]",true
usda:ANVI3,Anemone virginiana,"[""tall thimbleweed""]",unknown,do_not_eat,,[],Unreviewed record. Default fail-safe guidance is do not eat.,low,"[{""purpose"": ""taxonomy"", ""source_id"": ""usda-plants"", ""url"": ""https://plants.usda.gov/plant-profile/ANVI3""}, {""purpose"": ""future human review"", ""source_id"": ""naeb"", ""status"": ""not_checked""}]",true
usda:ANAR9,Angelica archangelica,"[""Norwegian angelica""]",unknown,do_not_eat,,[],Unreviewed record. Default fail-safe guidance is do not eat.,low,"[{""purpose"": ""taxonomy"", ""source_id"": ""usda-plants"", ""url"": ""https://plants.usda.gov/plant-profile/ANAR9""}, {""purpose"": ""future human review"", ""source_id"": ""naeb"", ""status"": ""not_checked""}]",true
usda:ANAT,Angelica atropurpurea,"[""purplestem angelica""]",unknown,do_not_eat,,[],Unreviewed record. Default fail-safe guidance is do not eat.,low,"[{""purpose"": ""taxonomy"", ""source_id"": ""usda-plants"", ""url"": ""https://plants.usda.gov/plant-profile/ANAT""}, {""purpose"": ""future human review"", ""source_id"": ""naeb"", ""status"": ""not_checked""}]",true
usda:ANLU,Angelica lucida,"[""seacoast angelica""]",unknown,do_not_eat,,[],Unreviewed record. Default fail-safe guidance is do not eat.,low,"[{""purpose"": ""taxonomy"", ""source_id"": ""usda-plants"", ""url"": ""https://plants.usda.gov/plant-profile/ANLU""}, {""purpose"": ""future human review"", ""source_id"": ""naeb"", ""status"": ""not_checked""}]",true
usda:ANSY2,Angelica sylvestris,"[""woodland angelica""]",unknown,do_not_eat,,[],Unreviewed record. Default fail-safe guidance is do not eat.,low,"[{""purpose"": ""taxonomy"", ""source_id"": ""usda-plants"", ""url"": ""https://plants.usda.gov/plant-profile/ANSY2""}, {""purpose"": ""future human review"", ""source_id"": ""naeb"", ""status"": ""not_checked""}]",true
usda:ANAN15,Anthurium andraeanum,"[""flamingo-lily"", ""anthurium""]",unknown,do_not_eat,,[],Unreviewed record. Default fail-safe guidance is do not eat.,low,"[{""purpose"": ""taxonomy"", ""source_id"": ""usda-plants"", ""url"": ""https://plants.usda.gov/plant-profile/ANAN15""}, {""purpose"": ""future human review"", ""source_id"": ""naeb"", ""status"": ""not_checked""}]",true
usda:ANSC4,Anthurium scandens,"[""pearl laceleaf""]",unknown,do_not_eat,,[],Unreviewed record. Default fail-safe guidance is do not eat.,low,"[{""purpose"": ""taxonomy"", ""source_id"": ""usda-plants"", ""url"": ""https://plants.usda.gov/plant-profile/ANSC4""}, {""purpose"": ""future human review"", ""source_id"": ""naeb"", ""status"": ""not_checked""}]",true
usda:ARCA2,Aralia californica,"[""California spikenard""]",unknown,do_not_eat,,[],Unreviewed record. Default fail-safe guidance is do not eat.,low,"[{""purpose"": ""taxonomy"", ""source_id"": ""usda-plants"", ""url"": ""https://plants.usda.gov/plant-profile/ARCA2""}, {""purpose"": ""future human review"", ""source_id"": ""naeb"", ""status"": ""not_checked""}]",true
usda:AREL8,Aralia elata,"[""Japanese angelica tree""]",unknown,do_not_eat,,[],Unreviewed record. Default fail-safe guidance is do not eat.,low,"[{""purpose"": ""taxonomy"", ""source_id"": ""usda-plants"", ""url"": ""https://plants.usda.gov/plant-profile/AREL8""}, {""purpose"": ""future human review"", ""source_id"": ""naeb"", ""status"": ""not_checked""}]",true
usda:ARHI2,Aralia hispida,"[""bristly sarsaparilla""]",unknown,do_not_eat,,[],Unreviewed record. Default fail-safe guidance is do not eat.,low,"[{""purpose"": ""taxonomy"", ""source_id"": ""usda-plants"", ""url"": ""https://plants.usda.gov/plant-profile/ARHI2""}, {""purpose"": ""future human review"", ""source_id"": ""naeb"", ""status"": ""not_checked""}]",true
usda:ARNU2,Aralia nudicaulis,"[""wild sarsaparilla""]",unknown,do_not_eat,,[],Unreviewed record. Default fail-safe guidance is do not eat.,low,"[{""purpose"": ""taxonomy"", ""source_id"": ""usda-plants"", ""url"": ""https://plants.usda.gov/plant-profile/ARNU2""}, {""purpose"": ""future human review"", ""source_id"": ""naeb"", ""status"": ""not_checked""}]",true
usda:ARRA,Aralia racemosa,"[""American spikenard""]",unknown,do_not_eat,,[],Unreviewed record. Default fail-safe guidance is do not eat.,low,"[{""purpose"": ""taxonomy"", ""source_id"": ""usda-plants"", ""url"": ""https://plants.usda.gov/plant-profile/ARRA""}, {""purpose"": ""future human review"", ""source_id"": ""naeb"", ""status"": ""not_checked""}]",true
usda:ARSP2,Aralia spinosa,"[""devil's walkingstick""]",unknown,do_not_eat,,[],Unreviewed record. Default fail-safe guidance is do not eat.,low,"[{""purpose"": ""taxonomy"", ""source_id"": ""usda-plants"", ""url"": ""https://plants.usda.gov/plant-profile/ARSP2""}, {""purpose"": ""future human review"", ""source_id"": ""naeb"", ""status"": ""not_checked""}]",true
usda:ARHI3,Arthraxon hispidus,"[""small carpetgrass""]",unknown,do_not_eat,,[],Unreviewed record. Default fail-safe guidance is do not eat.,low,"[{""purpose"": ""taxonomy"", ""source_id"": ""usda-plants"", ""url"": ""https://plants.usda.gov/plant-profile/ARHI3""}, {""purpose"": ""future human review"", ""source_id"": ""naeb"", ""status"": ""not_checked""}]",true
usda:ASPH2,Asclepias physocarpa,"[""balloonplant""]",unknown,do_not_eat,,[],Unreviewed record. Default fail-safe guidance is do not eat.,low,"[{""purpose"": ""taxonomy"", ""source_id"": ""usda-plants"", ""url"": ""https://plants.usda.gov/plant-profile/ASPH2""}, {""purpose"": ""future human review"", ""source_id"": ""naeb"", ""status"": ""not_checked""}]",true
usda:ASTR,Asimina triloba,"[""pawpaw""]",unknown,do_not_eat,,[],Unreviewed record. Default fail-safe guidance is do not eat.,low,"[{""purpose"": ""taxonomy"", ""source_id"": ""usda-plants"", ""url"": ""https://plants.usda.gov/plant-profile/ASTR""}, {""purpose"": ""future human review"", ""source_id"": ""naeb"", ""status"": ""not_checked""}]",true
usda:ASGA2,Asystasia gangetica,"[""Chinese violet"", ""asytasia"", ""coromande""]",unknown,do_not_eat,,[],Unreviewed record. Default fail-safe guidance is do not eat.,low,"[{""purpose"": ""taxonomy"", ""source_id"": ""usda-plants"", ""url"": ""https://plants.usda.gov/plant-profile/ASGA2""}, {""purpose"": ""future human review"", ""source_id"": ""naeb"", ""status"": ""not_checked""}]",true
usda:BAOR,Barbarea orthoceras,"[""American yellowrocket""]",unknown,do_not_eat,,[],Unreviewed record. Default fail-safe guidance is do not eat.,low,"[{""purpose"": ""taxonomy"", ""source_id"": ""usda-plants"", ""url"": ""https://plants.usda.gov/plant-profile/BAOR""}, {""purpose"": ""future human review"", ""source_id"": ""naeb"", ""status"": ""not_checked""}]",true
usda:BAVE,Barbarea verna,"[""early yellowrocket""]",unknown,do_not_eat,,[],Unreviewed record. Default fail-safe guidance is do not eat.,low,"[{""purpose"": ""taxonomy"", ""source_id"": ""usda-plants"", ""url"": ""https://plants.usda.gov/plant-profile/BAVE""}, {""purpose"": ""future human review"", ""source_id"": ""naeb"", ""status"": ""not_checked""}]",true
usda:BAVU,Barbarea vulgaris,"[""garden yellowrocket""]",unknown,do_not_eat,,[],Unreviewed record. Default fail-safe guidance is do not eat.,low,"[{""purpose"": ""taxonomy"", ""source_id"": ""usda-plants"", ""url"": ""https://plants.usda.gov/plant-profile/BAVU""}, {""purpose"": ""future human review"", ""source_id"": ""naeb"", ""status"": ""not_checked""}]",true
usda:BAAS3,Barringtonia asiatica,"[""sea putat""]",unknown,do_not_eat,,[],Unreviewed record. Default fail-safe guidance is do not eat.,low,"[{""purpose"": ""taxonomy"", ""source_id"": ""usda-plants"", ""url"": ""https://plants.usda.gov/plant-profile/BAAS3""}, {""purpose"": ""future human review"", ""source_id"": ""naeb"", ""status"": ""not_checked""}]",true
usda:BEER,Berula erecta,"[""cutleaf waterparsnip""]",unknown,do_not_eat,,[],Unreviewed record. Default fail-safe guidance is do not eat.,low,"[{""purpose"": ""taxonomy"", ""source_id"": ""usda-plants"", ""url"": ""https://plants.usda.gov/plant-profile/BEER""}, {""purpose"": ""future human review"", ""source_id"": ""naeb"", ""status"": ""not_checked""}]",true
usda:BEPA,Betula papyrifera,"[""paper birch""]",unknown,do_not_eat,,[],Unreviewed record. Default fail-safe guidance is do not eat.,low,"[{""purpose"": ""taxonomy"", ""source_id"": ""usda-plants"", ""url"": ""https://plants.usda.gov/plant-profile/BEPA""}, {""purpose"": ""future human review"", ""source_id"": ""naeb"", ""status"": ""not_checked""}]",true
usda:BOSU2,Bourreria succulenta,"[""bodywood""]",unknown,do_not_eat,,[],Unreviewed record. Default fail-safe guidance is do not eat.,low,"[{""purpose"": ""taxonomy"", ""source_id"": ""usda-plants"", ""url"": ""https://plants.usda.gov/plant-profile/BOSU2""}, {""purpose"": ""future human review"", ""source_id"": ""naeb"", ""status"": ""not_checked""}]",true
usda:BRDI8,Breynia disticha,"[""snowbush""]",unknown,do_not_eat,,[],Unreviewed record. Default fail-safe guidance is do not eat.,low,"[{""purpose"": ""taxonomy"", ""source_id"": ""usda-plants"", ""url"": ""https://plants.usda.gov/plant-profile/BRDI8""}, {""purpose"": ""future human review"", ""source_id"": ""naeb"", ""status"": ""not_checked""}]",true
usda:BREL,Brodiaea elegans,"[""harvest brodiaea""]",unknown,do_not_eat,,[],Unreviewed record. Default fail-safe guidance is do not eat.,low,"[{""purpose"": ""taxonomy"", ""source_id"": ""usda-plants"", ""url"": ""https://plants.usda.gov/plant-profile/BREL""}, {""purpose"": ""future human review"", ""source_id"": ""naeb"", ""status"": ""not_checked""}]",true
usda:BRAM,Browallia americana,"[""Jamaican forget-me-not""]",unknown,do_not_eat,,[],Unreviewed record. Default fail-safe guidance is do not eat.,low,"[{""purpose"": ""taxonomy"", ""source_id"": ""usda-plants"", ""url"": ""https://plants.usda.gov/plant-profile/BRAM""}, {""purpose"": ""future human review"", ""source_id"": ""naeb"", ""status"": ""not_checked""}]",true
usda:BUUM,Butomus umbellatus,"[""flowering rush""]",unknown,do_not_eat,,[],Unreviewed record. Default fail-safe guidance is do not eat.,low,"[{""purpose"": ""taxonomy"", ""source_id"": ""usda-plants"", ""url"": ""https://plants.usda.gov/plant-profile/BUUM""}, {""purpose"": ""future human review"", ""source_id"": ""naeb"", ""status"": ""not_checked""}]",true
usda:CAAR,Calendula arvensis,"[""field marigold""]",unknown,do_not_eat,,[],Unreviewed record. Default fail-safe guidance is do not eat.,low,"[{""purpose"": ""taxonomy"", ""source_id"": ""usda-plants"", ""url"": ""https://plants.usda.gov/plant-profile/CAAR""}, {""purpose"": ""future human review"", ""source_id"": ""naeb"", ""status"": ""not_checked""}]",true
usda:CAOF,Calendula officinalis,"[""pot marigold"", ""calendula"", ""Scotch-marigold""]",unknown,do_not_eat,,[],Unreviewed record. Default fail-safe guidance is do not eat.,low,"[{""purpose"": ""taxonomy"", ""source_id"": ""usda-plants"", ""url"": ""https://plants.usda.gov/plant-profile/CAOF""}, {""purpose"": ""future human review"", ""source_id"": ""naeb"", ""status"": ""not_checked""}]",true
usda:CAEU,Calochortus eurycarpus,"[""white mariposa lily""]",unknown,do_not_eat,,[],Unreviewed record. Default fail-safe guidance is do not eat.,low,"[{""purpose"": ""taxonomy"", ""source_id"": ""usda-plants"", ""url"": ""https://plants.usda.gov/plant-profile/CAEU""}, {""purpose"": ""future human review"", ""source_id"": ""naeb"", ""status"": ""not_checked""}]",true
usda:CAGU,Calochortus gunnisonii,"[""Gunnison's mariposa lily""]",unknown,do_not_eat,,[],Unreviewed record. Default fail-safe guidance is do not eat.,low,"[{""purpose"": ""taxonomy"", ""source_id"": ""usda-plants"", ""url"": ""https://plants.usda.gov/plant-profile/CAGU""}, {""purpose"": ""future human review"", ""source_id"": ""naeb"", ""status"": ""not_checked""}]",true
usda:CALE3,Calochortus leichtlinii,"[""smokey mariposa""]",unknown,do_not_eat,,[],Unreviewed record. Default fail-safe guidance is do not eat.,low,"[{""purpose"": ""taxonomy"", ""source_id"": ""usda-plants"", ""url"": ""https://plants.usda.gov/plant-profile/CALE3""}, {""purpose"": ""future human review"", ""source_id"": ""naeb"", ""status"": ""not_checked""}]",true
usda:CALU9,Calochortus luteus,"[""yellow mariposa lily""]",unknown,do_not_eat,,[],Unreviewed record. Default fail-safe guidance is do not eat.,low,"[{""purpose"": ""taxonomy"", ""source_id"": ""usda-plants"", ""url"": ""https://plants.usda.gov/plant-profile/CALU9""}, {""purpose"": ""future human review"", ""source_id"": ""naeb"", ""status"": ""not_checked""}]",true
usda:CAMA5,Calochortus macrocarpus,"[""sagebrush mariposa lily""]",unknown,do_not_eat,,[],Unreviewed record. Default fail-safe guidance is do not eat.,low,"[{""purpose"": ""taxonomy"", ""source_id"": ""usda-plants"", ""url"": ""https://plants.usda.gov/plant-profile/CAMA5""}, {""purpose"": ""future human review"", ""source_id"": ""naeb"", ""status"": ""not_checked""}]",true
usda:CASP,Calochortus splendens,"[""splendid mariposa lily""]",unknown,do_not_eat,,[],Unreviewed record. Default fail-safe guidance is do not eat.,low,"[{""purpose"": ""taxonomy"", ""source_id"": ""usda-plants"", ""url"": ""https://plants.usda.gov/plant-profile/CASP""}, {""purpose"": ""future human review"", ""source_id"": ""naeb"", ""status"": ""not_checked""}]",true
usda:CATO,Calochortus tolmiei,"[""Tolmie star-tulip""]",unknown,do_not_eat,,[],Unreviewed record. Default fail-safe guidance is do not eat.,low,"[{""purpose"": ""taxonomy"", ""source_id"": ""usda-plants"", ""url"": ""https://plants.usda.gov/plant-profile/CATO""}, {""purpose"": ""future human review"", ""source_id"": ""naeb"", ""status"": ""not_checked""}]",true
usda:CACA88,Calodendrum capense,"[""Cape-chestnut""]",unknown,do_not_eat,,[],Unreviewed record. Default fail-safe guidance is do not eat.,low,"[{""purpose"": ""taxonomy"", ""source_id"": ""usda-plants"", ""url"": ""https://plants.usda.gov/plant-profile/CACA88""}, {""purpose"": ""future human review"", ""source_id"": ""naeb"", ""status"": ""not_checked""}]",true
usda:CAFL22,Calycanthus floridus,"[""eastern sweetshrub""]",unknown,do_not_eat,,[],Unreviewed record. Default fail-safe guidance is do not eat.,low,"[{""purpose"": ""taxonomy"", ""source_id"": ""usda-plants"", ""url"": ""https://plants.usda.gov/plant-profile/CAFL22""}, {""purpose"": ""future human review"", ""source_id"": ""naeb"", ""status"": ""not_checked""}]",true
usda:CAOC5,Calycanthus occidentalis,"[""western sweetshrub""]",unknown,do_not_eat,,[],Unreviewed record. Default fail-safe guidance is do not eat.,low,"[{""purpose"": ""taxonomy"", ""source_id"": ""usda-plants"", ""url"": ""https://plants.usda.gov/plant-profile/CAOC5""}, {""purpose"": ""future human review"", ""source_id"": ""naeb"", ""status"": ""not_checked""}]",true
usda:CAHAH,Calylophus hartwegii,"[""Hartweg's sundrops""]",unknown,do_not_eat,,[],Unreviewed record. Default fail-safe guidance is do not eat.,low,"[{""purpose"": ""taxonomy"", ""source_id"": ""usda-plants"", ""url"": ""https://plants.usda.gov/plant-profile/CAHAH""}, {""purpose"": ""future human review"", ""source_id"": ""naeb"", ""status"": ""not_checked""}]",true
usda:CATI,Carthamus tinctorius,"[""safflower""]",unknown,do_not_eat,,[],Unreviewed record. Default fail-safe guidance is do not eat.,low,"[{""purpose"": ""taxonomy"", ""source_id"": ""usda-plants"", ""url"": ""https://plants.usda.gov/plant-profile/CATI""}, {""purpose"": ""future human review"", ""source_id"": ""naeb"", ""status"": ""not_checked""}]",true
usda:CAOV2,Carya ovata,"[""shagbark hickory""]",unknown,do_not_eat,,[],Unreviewed record. Default fail-safe guidance is do not eat.,low,"[{""purpose"": ""taxonomy"", ""source_id"": ""usda-plants"", ""url"": ""https://plants.usda.gov/plant-profile/CAOV2""}, {""purpose"": ""future human review"", ""source_id"": ""naeb"", ""status"": ""not_checked""}]",true
usda:CACU8,Casuarina cunninghamiana,"[""river sheoak""]",unknown,do_not_eat,,[],Unreviewed record. Default fail-safe guidance is do not eat.,low,"[{""purpose"": ""taxonomy"", ""source_id"": ""usda-plants"", ""url"": ""https://plants.usda.gov/plant-profile/CACU8""}, {""purpose"": ""future human review"", ""source_id"": ""naeb"", ""status"": ""not_checked""}]",true
usda:CAEQ,Casuarina equisetifolia,"[""beach sheoak"", ""common ironwood"", ""ironwood"", ""paina""]",unknown,do_not_eat,,[],Unreviewed record. Default fail-safe guidance is do not eat.,low,"[{""purpose"": ""taxonomy"", ""source_id"": ""usda-plants"", ""url"": ""https://plants.usda.gov/plant-profile/CAEQ""}, {""purpose"": ""future human review"", ""source_id"": ""naeb"", ""status"": ""not_checked""}]",true
usda:CEOD,Cedrela odorata,"[""Spanish cedar""]",unknown,do_not_eat,,[],Unreviewed record. Default fail-safe guidance is do not eat.,low,"[{""purpose"": ""taxonomy"", ""source_id"": ""usda-plants"", ""url"": ""https://plants.usda.gov/plant-profile/CEOD""}, {""purpose"": ""future human review"", ""source_id"": ""naeb"", ""status"": ""not_checked""}]",true
usda:CEEC,Cenchrus echinatus,"[""southern sandbur"", ""burr grass"", ""common sandbur"", ""sandbur"", ""'ume'alu""]",unknown,do_not_eat,,[],Unreviewed record. Default fail-safe guidance is do not eat.,low,"[{""purpose"": ""taxonomy"", ""source_id"": ""usda-plants"", ""url"": ""https://plants.usda.gov/plant-profile/CEEC""}, {""purpose"": ""future human review"", ""source_id"": ""naeb"", ""status"": ""not_checked""}]",true
usda:CELO3,Cenchrus longispinus,"[""mat sandbur""]",unknown,do_not_eat,,[],Unreviewed record. Default fail-safe guidance is do not eat.,low,"[{""purpose"": ""taxonomy"", ""source_id"": ""usda-plants"", ""url"": ""https://plants.usda.gov/plant-profile/CELO3""}, {""purpose"": ""future human review"", ""source_id"": ""naeb"", ""status"": ""not_checked""}]",true
usda:CEMA20,Cerbera manghas,"[""sea-mango"", ""beach milkwood"", ""gray milkwood"", ""pink-eyed cerbera""]",unknown,do_not_eat,,[],Unreviewed record. Default fail-safe guidance is do not eat.,low,"[{""purpose"": ""taxonomy"", ""source_id"": ""usda-plants"", ""url"": ""https://plants.usda.gov/plant-profile/CEMA20""}, {""purpose"": ""future human review"", ""source_id"": ""naeb"", ""status"": ""not_checked""}]",true
usda:CEHE3,Cereus hexagonus,"[""lady of the night cactus""]",unknown,do_not_eat,,[],Unreviewed record. Default fail-safe guidance is do not eat.,low,"[{""purpose"": ""taxonomy"", ""source_id"": ""usda-plants"", ""url"": ""https://plants.usda.gov/plant-profile/CEHE3""}, {""purpose"": ""future human review"", ""source_id"": ""naeb"", ""status"": ""not_checked""}]",true
usda:CEHI3,Cereus hildmannianus,"[""hedge cactus""]",unknown,do_not_eat,,[],Unreviewed record. Default fail-safe guidance is do not eat.,low,"[{""purpose"": ""taxonomy"", ""source_id"": ""usda-plants"", ""url"": ""https://plants.usda.gov/plant-profile/CEHI3""}, {""purpose"": ""future human review"", ""source_id"": ""naeb"", ""status"": ""not_checked""}]",true
usda:CHAR19,Chaerophyllum aromaticum,[],unknown,do_not_eat,,[],Unreviewed record. Default fail-safe guidance is do not eat.,low,"[{""purpose"": ""taxonomy"", ""source_id"": ""usda-plants"", ""url"": ""https://plants.usda.gov/plant-profile/CHAR19""}, {""purpose"": ""future human review"", ""source_id"": ""naeb"", ""status"": ""not_checked""}]",true
usda:CHBU5,Chaerophyllum bulbosum,"[""turnip-root chervil""]",unknown,do_not_eat,,[],Unreviewed record. Default fail-safe guidance is do not eat.,low,"[{""purpose"": ""taxonomy"", ""source_id"": ""usda-plants"", ""url"": ""https://plants.usda.gov/plant-profile/CHBU5""}, {""purpose"": ""future human review"", ""source_id"": ""naeb"", ""status"": ""not_checked""}]",true
usda:CHTA,Chaerophyllum tainturieri,"[""hairyfruit chervil""]",unknown,do_not_eat,,[],Unreviewed record. Default fail-safe guidance is do not eat.,low,"[{""purpose"": ""taxonomy"", ""source_id"": ""usda-plants"", ""url"": ""https://plants.usda.gov/plant-profile/CHTA""}, {""purpose"": ""future human review"", ""source_id"": ""naeb"", ""status"": ""not_checked""}]",true
usda:CHTE5,Chaerophyllum temulum,"[""rough chervil""]",unknown,do_not_eat,,[],Unreviewed record. Default fail-safe guidance is do not eat.,low,"[{""purpose"": ""taxonomy"", ""source_id"": ""usda-plants"", ""url"": ""https://plants.usda.gov/plant-profile/CHTE5""}, {""purpose"": ""future human review"", ""source_id"": ""naeb"", ""status"": ""not_checked""}]",true
usda:CHLA13,Chamerion latifolium,"[""dwarf fireweed""]",unknown,do_not_eat,,[],Unreviewed record. Default fail-safe guidance is do not eat.,low,"[{""purpose"": ""taxonomy"", ""source_id"": ""usda-plants"", ""url"": ""https://plants.usda.gov/plant-profile/CHLA13""}, {""purpose"": ""future human review"", ""source_id"": ""naeb"", ""status"": ""not_checked""}]",true
usda:CIDO,Cicuta douglasii,"[""western water hemlock""]",unknown,do_not_eat,,"[""Daucus carota""]",Unreviewed record. Default fail-safe guidance is do not eat.,low,"[{""purpose"": ""taxonomy"", ""source_id"": ""usda-plants"", ""url"": ""https://plants.usda.gov/plant-profile/CIDO""}, {""purpose"": ""future human review"", ""source_id"": ""naeb"", ""status"": ""not_checked""}]",true
usda:CIMA2,Cicuta maculata,"[""spotted water hemlock""]",unknown,do_not_eat,,"[""Daucus carota""]",Unreviewed record. Default fail-safe guidance is do not eat.,low,"[{""purpose"": ""taxonomy"", ""source_id"": ""usda-plants"", ""url"": ""https://plants.usda.gov/plant-profile/CIMA2""}, {""purpose"": ""future human review"", ""source_id"": ""naeb"", ""status"": ""not_checked""}]",true
usda:CIAL2,Cirsium altissimum,"[""tall thistle""]",unknown,do_not_eat,,[],Unreviewed record. Default fail-safe guidance is do not eat.,low,"[{""purpose"": ""taxonomy"", ""source_id"": ""usda-plants"", ""url"": ""https://plants.usda.gov/plant-profile/CIAL2""}, {""purpose"": ""future human review"", ""source_id"": ""naeb"", ""status"": ""not_checked""}]",true
usda:CIAR4,Cirsium arvense,"[""Canada thistle""]",unknown,do_not_eat,,[],Unreviewed record. Default fail-safe guidance is do not eat.,low,"[{""purpose"": ""taxonomy"", ""source_id"": ""usda-plants"", ""url"": ""https://plants.usda.gov/plant-profile/CIAR4""}, {""purpose"": ""future human review"", ""source_id"": ""naeb"", ""status"": ""not_checked""}]",true
usda:CICA16,Cirsium canum,"[""Queen Anne's thistle""]",unknown,do_not_eat,,[],Unreviewed record. Default fail-safe guidance is do not eat.,low,"[{""purpose"": ""taxonomy"", ""source_id"": ""usda-plants"", ""url"": ""https://plants.usda.gov/plant-profile/CICA16""}, {""purpose"": ""future human review"", ""source_id"": ""naeb"", ""status"": ""not_checked""}]",true
usda:CIDI,Cirsium discolor,"[""field thistle""]",unknown,do_not_eat,,[],Unreviewed record. Default fail-safe guidance is do not eat.,low,"[{""purpose"": ""taxonomy"", ""source_id"": ""usda-plants"", ""url"": ""https://plants.usda.gov/plant-profile/CIDI""}, {""purpose"": ""future human review"", ""source_id"": ""naeb"", ""status"": ""not_checked""}]",true
usda:CIEN2,Cirsium engelmannii,"[""Engelmann's thistle""]",unknown,do_not_eat,,[],Unreviewed record. Default fail-safe guidance is do not eat.,low,"[{""purpose"": ""taxonomy"", ""source_id"": ""usda-plants"", ""url"": ""https://plants.usda.gov/plant-profile/CIEN2""}, {""purpose"": ""future human review"", ""source_id"": ""naeb"", ""status"": ""not_checked""}]",true
usda:CIFO,Cirsium foliosum,"[""elk thistle""]",unknown,do_not_eat,,[],Unreviewed record. Default fail-safe guidance is do not eat.,low,"[{""purpose"": ""taxonomy"", ""source_id"": ""usda-plants"", ""url"": ""https://plants.usda.gov/plant-profile/CIFO""}, {""purpose"": ""future human review"", ""source_id"": ""naeb"", ""status"": ""not_checked""}]",true
usda:CIHE3,Cirsium helenioides,"[""melancholy thistle""]",unknown,do_not_eat,,[],Unreviewed record. Default fail-safe guidance is do not eat.,low,"[{""purpose"": ""taxonomy"", ""source_id"": ""usda-plants"", ""url"": ""https://plants.usda.gov/plant-profile/CIHE3""}, {""purpose"": ""future human review"", ""source_id"": ""naeb"", ""status"": ""not_checked""}]",true
usda:CIHOH,Cirsium horridulum,"[""yellow thistle""]",unknown,do_not_eat,,[],Unreviewed record. Default fail-safe guidance is do not eat.,low,"[{""purpose"": ""taxonomy"", ""source_id"": ""usda-plants"", ""url"": ""https://plants.usda.gov/plant-profile/CIHOH""}, {""purpose"": ""future human review"", ""source_id"": ""naeb"", ""status"": ""not_checked""}]",true
usda:CIHO2,Cirsium horridulum,"[""yellow thistle""]",unknown,do_not_eat,,[],Unreviewed record. Default fail-safe guidance is do not eat.,low,"[{""purpose"": ""taxonomy"", ""source_id"": ""usda-plants"", ""url"": ""https://plants.usda.gov/plant-profile/CIHO2""}, {""purpose"": ""future human review"", ""source_id"": ""naeb"", ""status"": ""not_checked""}]",true
usda:CIMU,Cirsium muticum,"[""swamp thistle""]",unknown,do_not_eat,,[],Unreviewed record. Default fail-safe guidance is do not eat.,low,"[{""purpose"": ""taxonomy"", ""source_id"": ""usda-plants"", ""url"": ""https://plants.usda.gov/plant-profile/CIMU""}, {""purpose"": ""future human review"", ""source_id"": ""naeb"", ""status"": ""not_checked""}]",true
usda:CIPA6,Cirsium palustre,"[""marsh thistle""]",unknown,do_not_eat,,[],Unreviewed record. Default fail-safe guidance is do not eat.,low,"[{""purpose"": ""taxonomy"", ""source_id"": ""usda-plants"", ""url"": ""https://plants.usda.gov/plant-profile/CIPA6""}, {""purpose"": ""future human review"", ""source_id"": ""naeb"", ""status"": ""not_checked""}]",true
usda:CITE2,Cirsium texanum,"[""Texas thistle""]",unknown,do_not_eat,,[],Unreviewed record. Default fail-safe guidance is do not eat.,low,"[{""purpose"": ""taxonomy"", ""source_id"": ""usda-plants"", ""url"": ""https://plants.usda.gov/plant-profile/CITE2""}, {""purpose"": ""future human review"", ""source_id"": ""naeb"", ""status"": ""not_checked""}]",true
usda:CIUN,Cirsium undulatum,"[""wavyleaf thistle""]",unknown,do_not_eat,,[],Unreviewed record. Default fail-safe guidance is do not eat.,low,"[{""purpose"": ""taxonomy"", ""source_id"": ""usda-plants"", ""url"": ""https://plants.usda.gov/plant-profile/CIUN""}, {""purpose"": ""future human review"", ""source_id"": ""naeb"", ""status"": ""not_checked""}]",true
usda:CIVU,Cirsium vulgare,"[""bull thistle""]",unknown,do_not_eat,,[],Unreviewed record. Default fail-safe guidance is do not eat.,low,"[{""purpose"": ""taxonomy"", ""source_id"": ""usda-plants"", ""url"": ""https://plants.usda.gov/plant-profile/CIVU""}, {""purpose"": ""future human review"", ""source_id"": ""naeb"", ""status"": ""not_checked""}]",true
usda:CLAL3,Clethra alnifolia,"[""coastal sweetpepperbush""]",unknown,do_not_eat,,[],Unreviewed record. Default fail-safe guidance is do not eat.,low,"[{""purpose"": ""taxonomy"", ""source_id"": ""usda-plants"", ""url"": ""https://plants.usda.gov/plant-profile/CLAL3""}, {""purpose"": ""future human review"", ""source_id"": ""naeb"", ""status"": ""not_checked""}]",true
usda:COGR4,Collomia grandiflora,"[""grand collomia""]",unknown,do_not_eat,,[],Unreviewed record. Default fail-safe guidance is do not eat.,low,"[{""purpose"": ""taxonomy"", ""source_id"": ""usda-plants"", ""url"": ""https://plants.usda.gov/plant-profile/COGR4""}, {""purpose"": ""future human review"", ""source_id"": ""naeb"", ""status"": ""not_checked""}]",true
usda:COPE80,Comptonia peregrina,"[""sweet fern""]",unknown,do_not_eat,,[],Unreviewed record. Default fail-safe guidance is do not eat.,low,"[{""purpose"": ""taxonomy"", ""source_id"": ""usda-plants"", ""url"": ""https://plants.usda.gov/plant-profile/COPE80""}, {""purpose"": ""future human review"", ""source_id"": ""naeb"", ""status"": ""not_checked""}]",true
usda:COMA2,Conium maculatum,"[""poison hemlock""]",unknown,do_not_eat,,"[""Daucus carota""]",Unreviewed record. Default fail-safe guidance is do not eat.,low,"[{""purpose"": ""taxonomy"", ""source_id"": ""usda-plants"", ""url"": ""https://plants.usda.gov/plant-profile/COMA2""}, {""purpose"": ""future human review"", ""source_id"": ""naeb"", ""status"": ""not_checked""}]",true
usda:COCO13,Conoclinium coelestinum,"[""blue mistflower""]",unknown,do_not_eat,,[],Unreviewed record. Default fail-safe guidance is do not eat.,low,"[{""purpose"": ""taxonomy"", ""source_id"": ""usda-plants"", ""url"": ""https://plants.usda.gov/plant-profile/COCO13""}, {""purpose"": ""future human review"", ""source_id"": ""naeb"", ""status"": ""not_checked""}]",true
usda:COAF2,Cordyla africana,"[""cordyla""]",unknown,do_not_eat,,[],Unreviewed record. Default fail-safe guidance is do not eat.,low,"[{""purpose"": ""taxonomy"", ""source_id"": ""usda-plants"", ""url"": ""https://plants.usda.gov/plant-profile/COAF2""}, {""purpose"": ""future human review"", ""source_id"": ""naeb"", ""status"": ""not_checked""}]",true
usda:COPA38,Corispermum pallasii,"[""Siberian bugseed""]",unknown,do_not_eat,,[],Unreviewed record. Default fail-safe guidance is do not eat.,low,"[{""purpose"": ""taxonomy"", ""source_id"": ""usda-plants"", ""url"": ""https://plants.usda.gov/plant-profile/COPA38""}, {""purpose"": ""future human review"", ""source_id"": ""naeb"", ""status"": ""not_checked""}]",true
usda:COGU3,Couroupita guianensis,"[""cannonball tree""]",unknown,do_not_eat,,[],Unreviewed record. Default fail-safe guidance is do not eat.,low,"[{""purpose"": ""taxonomy"", ""source_id"": ""usda-plants"", ""url"": ""https://plants.usda.gov/plant-profile/COGU3""}, {""purpose"": ""future human review"", ""source_id"": ""naeb"", ""status"": ""not_checked""}]",true
usda:CRBR8,Crotalaria brevidens,"[""Ethiopian rattlebox""]",unknown,do_not_eat,,[],Unreviewed record. Default fail-safe guidance is do not eat.,low,"[{""purpose"": ""taxonomy"", ""source_id"": ""usda-plants"", ""url"": ""https://plants.usda.gov/plant-profile/CRBR8""}, {""purpose"": ""future human review"", ""source_id"": ""naeb"", ""status"": ""not_checked""}]",true
usda:CRIN5,Crotalaria incana,"[""shakeshake"", ""fuzzy rattlepod"", ""kukaehik"", ""rattlebox""]",unknown,do_not_eat,,[],Unreviewed record. Default fail-safe guidance is do not eat.,low,"[{""purpose"": ""taxonomy"", ""source_id"": ""usda-plants"", ""url"": ""https://plants.usda.gov/plant-profile/CRIN5""}, {""purpose"": ""future human review"", ""source_id"": ""naeb"", ""status"": ""not_checked""}]",true
usda:CRJU,Crotalaria juncea,"[""sunn hemp""]",unknown,do_not_eat,,[],Unreviewed record. Default fail-safe guidance is do not eat.,low,"[{""purpose"": ""taxonomy"", ""source_id"": ""usda-plants"", ""url"": ""https://plants.usda.gov/plant-profile/CRJU""}, {""purpose"": ""future human review"", ""source_id"": ""naeb"", ""status"": ""not_checked""}]",true
usda:CRLA17,Crotalaria laburnifolia,[],unknown,do_not_eat,,[],Unreviewed record. Default fail-safe guidance is do not eat.,low,"[{""purpose"": ""taxonomy"", ""source_id"": ""usda-plants"", ""url"": ""https://plants.usda.gov/plant-profile/CRLA17""}, {""purpose"": ""future human review"", ""source_id"": ""naeb"", ""status"": ""not_checked""}]",true
usda:CRPA10,Crotalaria pallida,"[""smooth rattlebox"", ""pikakan"", ""salts rattlebox"", ""smooth crotalaria"", ""smooth rattlepod"", ""striped crotalaria""]",unknown,do_not_eat,,[],Unreviewed record. Default fail-safe guidance is do not eat.,low,"[{""purpose"": ""taxonomy"", ""source_id"": ""usda-plants"", ""url"": ""https://plants.usda.gov/plant-profile/CRPA10""}, {""purpose"": ""future human review"", ""source_id"": ""naeb"", ""status"": ""not_checked""}]",true
usda:CRPU4,Crotalaria pumila,"[""low rattlebox""]",unknown,do_not_eat,,[],Unreviewed record. Default fail-safe guidance is do not eat.,low,"[{""purpose"": ""taxonomy"", ""source_id"": ""usda-plants"", ""url"": ""https://plants.usda.gov/plant-profile/CRPU4""}, {""purpose"": ""future human review"", ""source_id"": ""naeb"", ""status"": ""not_checked""}]",true
usda:CRRE4,Crotalaria retusa,"[""rattleweed""]",unknown,do_not_eat,,[],Unreviewed record. Default fail-safe guidance is do not eat.,low,"[{""purpose"": ""taxonomy"", ""source_id"": ""usda-plants"", ""url"": ""https://plants.usda.gov/plant-profile/CRRE4""}, {""purpose"": ""future human review"", ""source_id"": ""naeb"", ""status"": ""not_checked""}]",true
usda:CRSP2,Crotalaria spectabilis,"[""showy rattlebox"", ""rattlebox"", ""showy crotalaria""]",unknown,do_not_eat,,[],Unreviewed record. Default fail-safe guidance is do not eat.,low,"[{""purpose"": ""taxonomy"", ""source_id"": ""usda-plants"", ""url"": ""https://plants.usda.gov/plant-profile/CRSP2""}, {""purpose"": ""future human review"", ""source_id"": ""naeb"", ""status"": ""not_checked""}]",true
usda:CRVE5,Crotalaria verrucosa,"[""blue rattlesnake""]",unknown,do_not_eat,,[],Unreviewed record. Default fail-safe guidance is do not eat.,low,"[{""purpose"": ""taxonomy"", ""source_id"": ""usda-plants"", ""url"": ""https://plants.usda.gov/plant-profile/CRVE5""}, {""purpose"": ""future human review"", ""source_id"": ""naeb"", ""status"": ""not_checked""}]",true
usda:CRGR6,Cryptostegia grandiflora,"[""Palay rubbervine""]",unknown,do_not_eat,,[],Unreviewed record. Default fail-safe guidance is do not eat.,low,"[{""purpose"": ""taxonomy"", ""source_id"": ""usda-plants"", ""url"": ""https://plants.usda.gov/plant-profile/CRGR6""}, {""purpose"": ""future human review"", ""source_id"": ""naeb"", ""status"": ""not_checked""}]",true
usda:CRMA10,Cryptostegia madagascariensis,"[""Madagascar rubbervine""]",unknown,do_not_eat,,[],Unreviewed record. Default fail-safe guidance is do not eat.,low,"[{""purpose"": ""taxonomy"", ""source_id"": ""usda-plants"", ""url"": ""https://plants.usda.gov/plant-profile/CRMA10""}, {""purpose"": ""future human review"", ""source_id"": ""naeb"", ""status"": ""not_checked""}]",true
usda:CUME,Cucumis melo,"[""cantaloupe""]",unknown,do_not_eat,,[],Unreviewed record. Default fail-safe guidance is do not eat.,low,"[{""purpose"": ""taxonomy"", ""source_id"": ""usda-plants"", ""url"": ""https://plants.usda.gov/plant-profile/CUME""}, {""purpose"": ""future human review"", ""source_id"": ""naeb"", ""status"": ""not_checked""}]",true
usda:CUFI2,Cucurbita ficifolia,"[""figleaf gourd""]",unknown,do_not_eat,,[],Unreviewed record. Default fail-safe guidance is do not eat.,low,"[{""purpose"": ""taxonomy"", ""source_id"": ""usda-plants"", ""url"": ""https://plants.usda.gov/plant-profile/CUFI2""}, {""purpose"": ""future human review"", ""source_id"": ""naeb"", ""status"": ""not_checked""}]",true
usda:CUFO,Cucurbita foetidissima,"[""Missouri gourd""]",unknown,do_not_eat,,[],Unreviewed record. Default fail-safe guidance is do not eat.,low,"[{""purpose"": ""taxonomy"", ""source_id"": ""usda-plants"", ""url"": ""https://plants.usda.gov/plant-profile/CUFO""}, {""purpose"": ""future human review"", ""source_id"": ""naeb"", ""status"": ""not_checked""}]",true
usda:CUMA3,Cucurbita maxima,"[""winter squash""]",unknown,do_not_eat,,[],Unreviewed record. Default fail-safe guidance is do not eat.,low,"[{""purpose"": ""taxonomy"", ""source_id"": ""usda-plants"", ""url"": ""https://plants.usda.gov/plant-profile/CUMA3""}, {""purpose"": ""future human review"", ""source_id"": ""naeb"", ""status"": ""not_checked""}]",true
usda:CUMO,Cucurbita moschata,"[""crookneck squash""]",unknown,do_not_eat,,[],Unreviewed record. Default fail-safe guidance is do not eat.,low,"[{""purpose"": ""taxonomy"", ""source_id"": ""usda-plants"", ""url"": ""https://plants.usda.gov/plant-profile/CUMO""}, {""purpose"": ""future human review"", ""source_id"": ""naeb"", ""status"": ""not_checked""}]",true
usda:CUPE,Cucurbita pepo,"[""field pumpkin""]",unknown,do_not_eat,,[],Unreviewed record. Default fail-safe guidance is do not eat.,low,"[{""purpose"": ""taxonomy"", ""source_id"": ""usda-plants"", ""url"": ""https://plants.usda.gov/plant-profile/CUPE""}, {""purpose"": ""future human review"", ""source_id"": ""naeb"", ""status"": ""not_checked""}]",true
usda:CYMU,Cymbalaria muralis,"[""Kenilworth ivy""]",unknown,do_not_eat,,[],Unreviewed record. Default fail-safe guidance is do not eat.,low,"[{""purpose"": ""taxonomy"", ""source_id"": ""usda-plants"", ""url"": ""https://plants.usda.gov/plant-profile/CYMU""}, {""purpose"": ""future human review"", ""source_id"": ""naeb"", ""status"": ""not_checked""}]",true
usda:DALA12,Dalbergia latifolia,"[""Indian rosewood""]",unknown,do_not_eat,,[],Unreviewed record. Default fail-safe guidance is do not eat.,low,"[{""purpose"": ""taxonomy"", ""source_id"": ""usda-plants"", ""url"": ""https://plants.usda.gov/plant-profile/DALA12""}, {""purpose"": ""future human review"", ""source_id"": ""naeb"", ""status"": ""not_checked""}]",true
usda:DASI,Dalbergia sissoo,"[""Indian rosewood""]",unknown,do_not_eat,,[],Unreviewed record. Default fail-safe guidance is do not eat.,low,"[{""purpose"": ""taxonomy"", ""source_id"": ""usda-plants"", ""url"": ""https://plants.usda.gov/plant-profile/DASI""}, {""purpose"": ""future human review"", ""source_id"": ""naeb"", ""status"": ""not_checked""}]",true
usda:DAPU5,Dalea purpurea,"[""purple prairie clover""]",unknown,do_not_eat,,[],Unreviewed record. Default fail-safe guidance is do not eat.,low,"[{""purpose"": ""taxonomy"", ""source_id"": ""usda-plants"", ""url"": ""https://plants.usda.gov/plant-profile/DAPU5""}, {""purpose"": ""future human review"", ""source_id"": ""naeb"", ""status"": ""not_checked""}]",true
usda:DADE,Danthonia decumbens,"[""common heathgrass""]",unknown,do_not_eat,,[],Unreviewed record. Default fail-safe guidance is do not eat.,low,"[{""purpose"": ""taxonomy"", ""source_id"": ""usda-plants"", ""url"": ""https://plants.usda.gov/plant-profile/DADE""}, {""purpose"": ""future human review"", ""source_id"": ""naeb"", ""status"": ""not_checked""}]",true
usda:DACN,Daphne cneorum,"[""garland-flower""]",unknown,do_not_eat,,[],Unreviewed record. Default fail-safe guidance is do not eat.,low,"[{""purpose"": ""taxonomy"", ""source_id"": ""usda-plants"", ""url"": ""https://plants.usda.gov/plant-profile/DACN""}, {""purpose"": ""future human review"", ""source_id"": ""naeb"", ""status"": ""not_checked""}]",true
usda:DALA11,Daphne laureola,"[""spurgelaurel""]",unknown,do_not_eat,,[],Unreviewed record. Default fail-safe guidance is do not eat.,low,"[{""purpose"": ""taxonomy"", ""source_id"": ""usda-plants"", ""url"": ""https://plants.usda.gov/plant-profile/DALA11""}, {""purpose"": ""future human review"", ""source_id"": ""naeb"", ""status"": ""not_checked""}]",true
usda:DAME3,Daphne mezereum,"[""paradise plant""]",unknown,do_not_eat,,[],Unreviewed record. Default fail-safe guidance is do not eat.,low,"[{""purpose"": ""taxonomy"", ""source_id"": ""usda-plants"", ""url"": ""https://plants.usda.gov/plant-profile/DAME3""}, {""purpose"": ""future human review"", ""source_id"": ""naeb"", ""status"": ""not_checked""}]",true
usda:DACA6,Daucus carota,"[""Queen Anne's lace""]",unknown,do_not_eat,,"[""Cicuta maculata"", ""Cicuta douglasii"", ""Conium maculatum""]",Unreviewed record. Default fail-safe guidance is do not eat.,low,"[{""purpose"": ""taxonomy"", ""source_id"": ""usda-plants"", ""url"": ""https://plants.usda.gov/plant-profile/DACA6""}, {""purpose"": ""future human review"", ""source_id"": ""naeb"", ""status"": ""not_checked""}]",true
usda:DAPU3,Daucus pusillus,"[""American wild carrot""]",unknown,do_not_eat,,[],Unreviewed record. Default fail-safe guidance is do not eat.,low,"[{""purpose"": ""taxonomy"", ""source_id"": ""usda-plants"", ""url"": ""https://plants.usda.gov/plant-profile/DAPU3""}, {""purpose"": ""future human review"", ""source_id"": ""naeb"", ""status"": ""not_checked""}]",true
usda:DILO,Diervilla lonicera,"[""northern bush honeysuckle""]",unknown,do_not_eat,,[],Unreviewed record. Default fail-safe guidance is do not eat.,low,"[{""purpose"": ""taxonomy"", ""source_id"": ""usda-plants"", ""url"": ""https://plants.usda.gov/plant-profile/DILO""}, {""purpose"": ""future human review"", ""source_id"": ""naeb"", ""status"": ""not_checked""}]",true
usda:DISE,Diervilla sessilifolia,"[""southern bush honeysuckle""]",unknown,do_not_eat,,[],Unreviewed record. Default fail-safe guidance is do not eat.,low,"[{""purpose"": ""taxonomy"", ""source_id"": ""usda-plants"", ""url"": ""https://plants.usda.gov/plant-profile/DISE""}, {""purpose"": ""future human review"", ""source_id"": ""naeb"", ""status"": ""not_checked""}]",true
usda:DIPU,Digitalis purpurea,"[""purple foxglove""]",unknown,do_not_eat,,[],Unreviewed record. Default fail-safe guidance is do not eat.,low,"[{""purpose"": ""taxonomy"", ""source_id"": ""usda-plants"", ""url"": ""https://plants.usda.gov/plant-profile/DIPU""}, {""purpose"": ""future human review"", ""source_id"": ""naeb"", ""status"": ""not_checked""}]",true
usda:DRPO,Dracontium polyphyllum,"[""guapa""]",unknown,do_not_eat,,[],Unreviewed record. Default fail-safe guidance is do not eat.,low,"[{""purpose"": ""taxonomy"", ""source_id"": ""usda-plants"", ""url"": ""https://plants.usda.gov/plant-profile/DRPO""}, {""purpose"": ""future human review"", ""source_id"": ""naeb"", ""status"": ""not_checked""}]",true
usda:DROC,Dryas octopetala,"[""eightpetal mountain-avens""]",unknown,do_not_eat,,[],Unreviewed record. Default fail-safe guidance is do not eat.,low,"[{""purpose"": ""taxonomy"", ""source_id"": ""usda-plants"", ""url"": ""https://plants.usda.gov/plant-profile/DROC""}, {""purpose"": ""future human review"", ""source_id"": ""naeb"", ""status"": ""not_checked""}]",true
usda:DRCA11,Dryopteris carthusiana,"[""spinulose woodfern""]",unknown,do_not_eat,,[],Unreviewed record. Default fail-safe guidance is do not eat.,low,"[{""purpose"": ""taxonomy"", ""source_id"": ""usda-plants"", ""url"": ""https://plants.usda.gov/plant-profile/DRCA11""}, {""purpose"": ""future human review"", ""source_id"": ""naeb"", ""status"": ""not_checked""}]",true
usda:DRCR4,Dryopteris cristata,"[""crested woodfern""]",unknown,do_not_eat,,[],Unreviewed record. Default fail-safe guidance is do not eat.,low,"[{""purpose"": ""taxonomy"", ""source_id"": ""usda-plants"", ""url"": ""https://plants.usda.gov/plant-profile/DRCR4""}, {""purpose"": ""future human review"", ""source_id"": ""naeb"", ""status"": ""not_checked""}]",true
usda:DREX2,Dryopteris expansa,"[""spreading woodfern""]",unknown,do_not_eat,,[],Unreviewed record. Default fail-safe guidance is do not eat.,low,"[{""purpose"": ""taxonomy"", ""source_id"": ""usda-plants"", ""url"": ""https://plants.usda.gov/plant-profile/DREX2""}, {""purpose"": ""future human review"", ""source_id"": ""naeb"", ""status"": ""not_checked""}]",true
usda:DRFI2,Dryopteris filix-mas,"[""male fern""]",unknown,do_not_eat,,[],Unreviewed record. Default fail-safe guidance is do not eat.,low,"[{""purpose"": ""taxonomy"", ""source_id"": ""usda-plants"", ""url"": ""https://plants.usda.gov/plant-profile/DRFI2""}, {""purpose"": ""future human review"", ""source_id"": ""naeb"", ""status"": ""not_checked""}]",true
usda:DRFR,Dryopteris fragrans,"[""fragrant woodfern""]",unknown,do_not_eat,,[],Unreviewed record. Default fail-safe guidance is do not eat.,low,"[{""purpose"": ""taxonomy"", ""source_id"": ""usda-plants"", ""url"": ""https://plants.usda.gov/plant-profile/DRFR""}, {""purpose"": ""future human review"", ""source_id"": ""naeb"", ""status"": ""not_checked""}]",true
usda:DRIN5,Dryopteris intermedia,"[""intermediate woodfern""]",unknown,do_not_eat,,[],Unreviewed record. Default fail-safe guidance is do not eat.,low,"[{""purpose"": ""taxonomy"", ""source_id"": ""usda-plants"", ""url"": ""https://plants.usda.gov/plant-profile/DRIN5""}, {""purpose"": ""future human review"", ""source_id"": ""naeb"", ""status"": ""not_checked""}]",true
usda:DRMA4,Dryopteris marginalis,"[""marginal woodfern""]",unknown,do_not_eat,,[],Unreviewed record. Default fail-safe guidance is do not eat.,low,"[{""purpose"": ""taxonomy"", ""source_id"": ""usda-plants"", ""url"": ""https://plants.usda.gov/plant-profile/DRMA4""}, {""purpose"": ""future human review"", ""source_id"": ""naeb"", ""status"": ""not_checked""}]",true
usda:DRWA,Dryopteris wallichiana,"[""alpine woodfern"", ""`i`o nui""]",unknown,do_not_eat,,[],Unreviewed record. Default fail-safe guidance is do not eat.,low,"[{""purpose"": ""taxonomy"", ""source_id"": ""usda-plants"", ""url"": ""https://plants.usda.gov/plant-profile/DRWA""}, {""purpose"": ""future human review"", ""source_id"": ""naeb"", ""status"": ""not_checked""}]",true
usda:DUIN2,Duchesnea indica,"[""Indian strawberry""]",unknown,do_not_eat,,[],Unreviewed record. Default fail-safe guidance is do not eat.,low,"[{""purpose"": ""taxonomy"", ""source_id"": ""usda-plants"", ""url"": ""https://plants.usda.gov/plant-profile/DUIN2""}, {""purpose"": ""future human review"", ""source_id"": ""naeb"", ""status"": ""not_checked""}]",true
usda:ECPU,Echinacea purpurea,"[""eastern purple coneflower""]",unknown,do_not_eat,,[],Unreviewed record. Default fail-safe guidance is do not eat.,low,"[{""purpose"": ""taxonomy"", ""source_id"": ""usda-plants"", ""url"": ""https://plants.usda.gov/plant-profile/ECPU""}, {""purpose"": ""future human review"", ""source_id"": ""naeb"", ""status"": ""not_checked""}]",true
usda:EGDE,Egeria densa,"[""Brazilian waterweed""]",unknown,do_not_eat,,[],Unreviewed record. Default fail-safe guidance is do not eat.,low,"[{""purpose"": ""taxonomy"", ""source_id"": ""usda-plants"", ""url"": ""https://plants.usda.gov/plant-profile/EGDE""}, {""purpose"": ""future human review"", ""source_id"": ""naeb"", ""status"": ""not_checked""}]",true
usda:ELEL3,Elephantopus elatus,"[""tall elephantsfoot""]",unknown,do_not_eat,,[],Unreviewed record. Default fail-safe guidance is do not eat.,low,"[{""purpose"": ""taxonomy"", ""source_id"": ""usda-plants"", ""url"": ""https://plants.usda.gov/plant-profile/ELEL3""}, {""purpose"": ""future human review"", ""source_id"": ""naeb"", ""status"": ""not_checked""}]",true
usda:ELCA7,Elodea canadensis,"[""Canadian waterweed""]",unknown,do_not_eat,,[],Unreviewed record. Default fail-safe guidance is do not eat.,low,"[{""purpose"": ""taxonomy"", ""source_id"": ""usda-plants"", ""url"": ""https://plants.usda.gov/plant-profile/ELCA7""}, {""purpose"": ""future human review"", ""source_id"": ""naeb"", ""status"": ""not_checked""}]",true
usda:EMEAA,Empetrum eamesii,"[""purple crowberry""]",unknown,do_not_eat,,[],Unreviewed record. Default fail-safe guidance is do not eat.,low,"[{""purpose"": ""taxonomy"", ""source_id"": ""usda-plants"", ""url"": ""https://plants.usda.gov/plant-profile/EMEAA""}, {""purpose"": ""future human review"", ""source_id"": ""naeb"", ""status"": ""not_checked""}]",true
usda:EMNI,Empetrum nigrum,"[""black crowberry""]",unknown,do_not_eat,,[],Unreviewed record. Default fail-safe guidance is do not eat.,low,"[{""purpose"": ""taxonomy"", ""source_id"": ""usda-plants"", ""url"": ""https://plants.usda.gov/plant-profile/EMNI""}, {""purpose"": ""future human review"", ""source_id"": ""naeb"", ""status"": ""not_checked""}]",true
usda:ENGI,Entada gigas,"[""nicker bean""]",unknown,do_not_eat,,[],Unreviewed record. Default fail-safe guidance is do not eat.,low,"[{""purpose"": ""taxonomy"", ""source_id"": ""usda-plants"", ""url"": ""https://plants.usda.gov/plant-profile/ENGI""}, {""purpose"": ""future human review"", ""source_id"": ""naeb"", ""status"": ""not_checked""}]",true
usda:ENPH,Entada phaseoloides,"[""St. Thomas bean""]",unknown,do_not_eat,,[],Unreviewed record. Default fail-safe guidance is do not eat.,low,"[{""purpose"": ""taxonomy"", ""source_id"": ""usda-plants"", ""url"": ""https://plants.usda.gov/plant-profile/ENPH""}, {""purpose"": ""future human review"", ""source_id"": ""naeb"", ""status"": ""not_checked""}]",true
usda:EPAT,Epipactis atrorubens,"[""royal helleborine""]",unknown,do_not_eat,,[],Unreviewed record. Default fail-safe guidance is do not eat.,low,"[{""purpose"": ""taxonomy"", ""source_id"": ""usda-plants"", ""url"": ""https://plants.usda.gov/plant-profile/EPAT""}, {""purpose"": ""future human review"", ""source_id"": ""naeb"", ""status"": ""not_checked""}]",true
usda:EPGI,Epipactis gigantea,"[""stream orchid""]",unknown,do_not_eat,,[],Unreviewed record. Default fail-safe guidance is do not eat.,low,"[{""purpose"": ""taxonomy"", ""source_id"": ""usda-plants"", ""url"": ""https://plants.usda.gov/plant-profile/EPGI""}, {""purpose"": ""future human review"", ""source_id"": ""naeb"", ""status"": ""not_checked""}]",true
usda:EPHE,Epipactis helleborine,"[""broadleaf helleborine""]",unknown,do_not_eat,,[],Unreviewed record. Default fail-safe guidance is do not eat.,low,"[{""purpose"": ""taxonomy"", ""source_id"": ""usda-plants"", ""url"": ""https://plants.usda.gov/plant-profile/EPHE""}, {""purpose"": ""future human review"", ""source_id"": ""naeb"", ""status"": ""not_checked""}]",true
usda:EPPA8,Epipactis palustris,"[""marsh orchid""]",unknown,do_not_eat,,[],Unreviewed record. Default fail-safe guidance is do not eat.,low,"[{""purpose"": ""taxonomy"", ""source_id"": ""usda-plants"", ""url"": ""https://plants.usda.gov/plant-profile/EPPA8""}, {""purpose"": ""future human review"", ""source_id"": ""naeb"", ""status"": ""not_checked""}]",true
usda:ERPU18,Eranthemum pulchellum,"[""blue-sage""]",unknown,do_not_eat,,[],Unreviewed record. Default fail-safe guidance is do not eat.,low,"[{""purpose"": ""taxonomy"", ""source_id"": ""usda-plants"", ""url"": ""https://plants.usda.gov/plant-profile/ERPU18""}, {""purpose"": ""future human review"", ""source_id"": ""naeb"", ""status"": ""not_checked""}]",true
usda:ERHI12,Erechtites hieraciifolius,"[""American burnweed""]",unknown,do_not_eat,,[],Unreviewed record. Default fail-safe guidance is do not eat.,low,"[{""purpose"": ""taxonomy"", ""source_id"": ""usda-plants"", ""url"": ""https://plants.usda.gov/plant-profile/ERHI12""}, {""purpose"": ""future human review"", ""source_id"": ""naeb"", ""status"": ""not_checked""}]",true
usda:ERMI8,Erechtites minimus,"[""coastal burnweed""]",unknown,do_not_eat,,[],Unreviewed record. Default fail-safe guidance is do not eat.,low,"[{""purpose"": ""taxonomy"", ""source_id"": ""usda-plants"", ""url"": ""https://plants.usda.gov/plant-profile/ERMI8""}, {""purpose"": ""future human review"", ""source_id"": ""naeb"", ""status"": ""not_checked""}]",true
usda:ERNA,Eritrichium nanum,"[""arctic alpine forget-me-not""]",unknown,do_not_eat,,[],Unreviewed record. Default fail-safe guidance is do not eat.,low,"[{""purpose"": ""taxonomy"", ""source_id"": ""usda-plants"", ""url"": ""https://plants.usda.gov/plant-profile/ERNA""}, {""purpose"": ""future human review"", ""source_id"": ""naeb"", ""status"": ""not_checked""}]",true
usda:ERGA,Erucastrum gallicum,"[""common dogmustard""]",unknown,do_not_eat,,[],Unreviewed record. Default fail-safe guidance is do not eat.,low,"[{""purpose"": ""taxonomy"", ""source_id"": ""usda-plants"", ""url"": ""https://plants.usda.gov/plant-profile/ERGA""}, {""purpose"": ""future human review"", ""source_id"": ""naeb"", ""status"": ""not_checked""}]",true
usda:ERNA11,Erucastrum nasturtiifolium,[],unknown,do_not_eat,,[],Unreviewed record. Default fail-safe guidance is do not eat.,low,"[{""purpose"": ""taxonomy"", ""source_id"": ""usda-plants"", ""url"": ""https://plants.usda.gov/plant-profile/ERNA11""}, {""purpose"": ""future human review"", ""source_id"": ""naeb"", ""status"": ""not_checked""}]",true
usda:EUCO40,Eucryphia cordifolia,"[""ulmo""]",unknown,do_not_eat,,[],Unreviewed record. Default fail-safe guidance is do not eat.,low,"[{""purpose"": ""taxonomy"", ""source_id"": ""usda-plants"", ""url"": ""https://plants.usda.gov/plant-profile/EUCO40""}, {""purpose"": ""future human review"", ""source_id"": ""naeb"", ""status"": ""not_checked""}]",true
usda:FAGR,Fagus grandifolia,"[""American beech""]",unknown,do_not_eat,,[],Unreviewed record. Default fail-safe guidance is do not eat.,low,"[{""purpose"": ""taxonomy"", ""source_id"": ""usda-plants"", ""url"": ""https://plants.usda.gov/plant-profile/FAGR""}, {""purpose"": ""future human review"", ""source_id"": ""naeb"", ""status"": ""not_checked""}]",true
usda:FAVU,Falcaria vulgaris,"[""sickleweed""]",unknown,do_not_eat,,[],Unreviewed record. Default fail-safe guidance is do not eat.,low,"[{""purpose"": ""taxonomy"", ""source_id"": ""usda-plants"", ""url"": ""https://plants.usda.gov/plant-profile/FAVU""}, {""purpose"": ""future human review"", ""source_id"": ""naeb"", ""status"": ""not_checked""}]",true
usda:FRCH,Fragaria chiloensis,"[""beach strawberry""]",unknown,do_not_eat,,[],Unreviewed record. Default fail-safe guidance is do not eat.,low,"[{""purpose"": ""taxonomy"", ""source_id"": ""usda-plants"", ""url"": ""https://plants.usda.gov/plant-profile/FRCH""}, {""purpose"": ""future human review"", ""source_id"": ""naeb"", ""status"": ""not_checked""}]",true
usda:FRVE,Fragaria vesca,"[""woodland strawberry""]",unknown,do_not_eat,,[],Unreviewed record. Default fail-safe guidance is do not eat.,low,"[{""purpose"": ""taxonomy"", ""source_id"": ""usda-plants"", ""url"": ""https://plants.usda.gov/plant-profile/FRVE""}, {""purpose"": ""future human review"", ""source_id"": ""naeb"", ""status"": ""not_checked""}]",true
usda:FRVI,Fragaria virginiana,"[""Virginia strawberry""]",unknown,do_not_eat,,[],Unreviewed record. Default fail-safe guidance is do not eat.,low,"[{""purpose"": ""taxonomy"", ""source_id"": ""usda-plants"", ""url"": ""https://plants.usda.gov/plant-profile/FRVI""}, {""purpose"": ""future human review"", ""source_id"": ""naeb"", ""status"": ""not_checked""}]",true
usda:FRCO8,Freesia corymbosa,"[""common freesia""]",unknown,do_not_eat,,[],Unreviewed record. Default fail-safe guidance is do not eat.,low,"[{""purpose"": ""taxonomy"", ""source_id"": ""usda-plants"", ""url"": ""https://plants.usda.gov/plant-profile/FRCO8""}, {""purpose"": ""future human review"", ""source_id"": ""naeb"", ""status"": ""not_checked""}]",true
usda:GAOF,Galega officinalis,"[""professor-weed""]",unknown,do_not_eat,,[],Unreviewed record. Default fail-safe guidance is do not eat.,low,"[{""purpose"": ""taxonomy"", ""source_id"": ""usda-plants"", ""url"": ""https://plants.usda.gov/plant-profile/GAOF""}, {""purpose"": ""future human review"", ""source_id"": ""naeb"", ""status"": ""not_checked""}]",true
usda:GAEL,Garrya elliptica,"[""wavyleaf silktassel""]",unknown,do_not_eat,,[],Unreviewed record. Default fail-safe guidance is do not eat.,low,"[{""purpose"": ""taxonomy"", ""source_id"": ""usda-plants"", ""url"": ""https://plants.usda.gov/plant-profile/GAEL""}, {""purpose"": ""future human review"", ""source_id"": ""naeb"", ""status"": ""not_checked""}]",true
usda:GUOF,Guaiacum officinale,"[""lignum-vitae""]",unknown,do_not_eat,,[],Unreviewed record. Default fail-safe guidance is do not eat.,low,"[{""purpose"": ""taxonomy"", ""source_id"": ""usda-plants"", ""url"": ""https://plants.usda.gov/plant-profile/GUOF""}, {""purpose"": ""future human review"", ""source_id"": ""naeb"", ""status"": ""not_checked""}]",true
usda:GUSA,Guaiacum sanctum,"[""holywood""]",unknown,do_not_eat,,[],Unreviewed record. Default fail-safe guidance is do not eat.,low,"[{""purpose"": ""taxonomy"", ""source_id"": ""usda-plants"", ""url"": ""https://plants.usda.gov/plant-profile/GUSA""}, {""purpose"": ""future human review"", ""source_id"": ""naeb"", ""status"": ""not_checked""}]",true
usda:GUAB,Guizotia abyssinica,"[""ramtilla""]",unknown,do_not_eat,,[],Unreviewed record. Default fail-safe guidance is do not eat.,low,"[{""purpose"": ""taxonomy"", ""source_id"": ""usda-plants"", ""url"": ""https://plants.usda.gov/plant-profile/GUAB""}, {""purpose"": ""future human review"", ""source_id"": ""naeb"", ""status"": ""not_checked""}]",true
usda:GYAU,Gynura aurantiaca,"[""velvetplant""]",unknown,do_not_eat,,[],Unreviewed record. Default fail-safe guidance is do not eat.,low,"[{""purpose"": ""taxonomy"", ""source_id"": ""usda-plants"", ""url"": ""https://plants.usda.gov/plant-profile/GYAU""}, {""purpose"": ""future human review"", ""source_id"": ""naeb"", ""status"": ""not_checked""}]",true
usda:HAVE,Hackelia velutina,"[""velvet stickseed""]",unknown,do_not_eat,,[],Unreviewed record. Default fail-safe guidance is do not eat.,low,"[{""purpose"": ""taxonomy"", ""source_id"": ""usda-plants"", ""url"": ""https://plants.usda.gov/plant-profile/HAVE""}, {""purpose"": ""future human review"", ""source_id"": ""naeb"", ""status"": ""not_checked""}]",true
usda:HACR3,Haplophyton crooksii,"[""cockroachplant""]",unknown,do_not_eat,,[],Unreviewed record. Default fail-safe guidance is do not eat.,low,"[{""purpose"": ""taxonomy"", ""source_id"": ""usda-plants"", ""url"": ""https://plants.usda.gov/plant-profile/HACR3""}, {""purpose"": ""future human review"", ""source_id"": ""naeb"", ""status"": ""not_checked""}]",true
usda:HENO2,Hepatica nobilis,"[""hepatica""]",unknown,do_not_eat,,[],Unreviewed record. Default fail-safe guidance is do not eat.,low,"[{""purpose"": ""taxonomy"", ""source_id"": ""usda-plants"", ""url"": ""https://plants.usda.gov/plant-profile/HENO2""}, {""purpose"": ""future human review"", ""source_id"": ""naeb"", ""status"": ""not_checked""}]",true
usda:HELA6,Herbertia lahue,"[""prairienymph""]",unknown,do_not_eat,,[],Unreviewed record. Default fail-safe guidance is do not eat.,low,"[{""purpose"": ""taxonomy"", ""source_id"": ""usda-plants"", ""url"": ""https://plants.usda.gov/plant-profile/HELA6""}, {""purpose"": ""future human review"", ""source_id"": ""naeb"", ""status"": ""not_checked""}]",true
usda:HENY,Hernandia nymphaeifolia,"[""lantern tree""]",unknown,do_not_eat,,[],Unreviewed record. Default fail-safe guidance is do not eat.,low,"[{""purpose"": ""taxonomy"", ""source_id"": ""usda-plants"", ""url"": ""https://plants.usda.gov/plant-profile/HENY""}, {""purpose"": ""future human review"", ""source_id"": ""naeb"", ""status"": ""not_checked""}]",true
usda:HIRH80,Hippophae rhamnoides,"[""seaberry""]",unknown,do_not_eat,,[],Unreviewed record. Default fail-safe guidance is do not eat.,low,"[{""purpose"": ""taxonomy"", ""source_id"": ""usda-plants"", ""url"": ""https://plants.usda.gov/plant-profile/HIRH80""}, {""purpose"": ""future human review"", ""source_id"": ""naeb"", ""status"": ""not_checked""}]",true
usda:HIIN3,Hirschfeldia incana,"[""shortpod mustard""]",unknown,do_not_eat,,[],Unreviewed record. Default fail-safe guidance is do not eat.,low,"[{""purpose"": ""taxonomy"", ""source_id"": ""usda-plants"", ""url"": ""https://plants.usda.gov/plant-profile/HIIN3""}, {""purpose"": ""future human review"", ""source_id"": ""naeb"", ""status"": ""not_checked""}]",true
usda:HODI,Holodiscus discolor,"[""oceanspray"", ""creambush""]",unknown,do_not_eat,,[],Unreviewed record. Default fail-safe guidance is do not eat.,low,"[{""purpose"": ""taxonomy"", ""source_id"": ""usda-plants"", ""url"": ""https://plants.usda.gov/plant-profile/HODI""}, {""purpose"": ""future human review"", ""source_id"": ""naeb"", ""status"": ""not_checked""}]",true
usda:HOPE,Honckenya peploides,"[""seaside sandplant""]",unknown,do_not_eat,,[],Unreviewed record. Default fail-safe guidance is do not eat.,low,"[{""purpose"": ""taxonomy"", ""source_id"": ""usda-plants"", ""url"": ""https://plants.usda.gov/plant-profile/HOPE""}, {""purpose"": ""future human review"", ""source_id"": ""naeb"", ""status"": ""not_checked""}]",true
usda:HULU,Humulus lupulus,"[""common hop""]",unknown,do_not_eat,,[],Unreviewed record. Default fail-safe guidance is do not eat.,low,"[{""purpose"": ""taxonomy"", ""source_id"": ""usda-plants"", ""url"": ""https://plants.usda.gov/plant-profile/HULU""}, {""purpose"": ""future human review"", ""source_id"": ""naeb"", ""status"": ""not_checked""}]",true
usda:HUFU,Hunnemannia fumariifolia,"[""Mexican tulip poppy""]",unknown,do_not_eat,,[],Unreviewed record. Default fail-safe guidance is do not eat.,low,"[{""purpose"": ""taxonomy"", ""source_id"": ""usda-plants"", ""url"": ""https://plants.usda.gov/plant-profile/HUFU""}, {""purpose"": ""future human review"", ""source_id"": ""naeb"", ""status"": ""not_checked""}]",true
usda:HYAL2,Hyoscyamus albus,"[""white henbane""]",unknown,do_not_eat,,[],Unreviewed record. Default fail-safe guidance is do not eat.,low,"[{""purpose"": ""taxonomy"", ""source_id"": ""usda-plants"", ""url"": ""https://plants.usda.gov/plant-profile/HYAL2""}, {""purpose"": ""future human review"", ""source_id"": ""naeb"", ""status"": ""not_checked""}]",true
usda:HYNI,Hyoscyamus niger,"[""black henbane""]",unknown,do_not_eat,,[],Unreviewed record. Default fail-safe guidance is do not eat.,low,"[{""purpose"": ""taxonomy"", ""source_id"": ""usda-plants"", ""url"": ""https://plants.usda.gov/plant-profile/HYNI""}, {""purpose"": ""future human review"", ""source_id"": ""naeb"", ""status"": ""not_checked""}]",true
usda:HYAN8,Hypericum androsaemum,"[""sweet-amber"", ""tutsan""]",unknown,do_not_eat,,[],Unreviewed record. Default fail-safe guidance is do not eat.,low,"[{""purpose"": ""taxonomy"", ""source_id"": ""usda-plants"", ""url"": ""https://plants.usda.gov/plant-profile/HYAN8""}, {""purpose"": ""future human review"", ""source_id"": ""naeb"", ""status"": ""not_checked""}]",true
usda:HYCA10,Hypericum calycinum,"[""Aaron's beard""]",unknown,do_not_eat,,[],Unreviewed record. Default fail-safe guidance is do not eat.,low,"[{""purpose"": ""taxonomy"", ""source_id"": ""usda-plants"", ""url"": ""https://plants.usda.gov/plant-profile/HYCA10""}, {""purpose"": ""future human review"", ""source_id"": ""naeb"", ""status"": ""not_checked""}]",true
usda:HYCA11,Hypericum canariense,"[""Canary Island St. Johnswort""]",unknown,do_not_eat,,[],Unreviewed record. Default fail-safe guidance is do not eat.,low,"[{""purpose"": ""taxonomy"", ""source_id"": ""usda-plants"", ""url"": ""https://plants.usda.gov/plant-profile/HYCA11""}, {""purpose"": ""future human review"", ""source_id"": ""naeb"", ""status"": ""not_checked""}]",true
usda:HYCO15,Hypericum coris,[],unknown,do_not_eat,,[],Unreviewed record. Default fail-safe guidance is do not eat.,low,"[{""purpose"": ""taxonomy"", ""source_id"": ""usda-plants"", ""url"": ""https://plants.usda.gov/plant-profile/HYCO15""}, {""purpose"": ""future human review"", ""source_id"": ""naeb"", ""status"": ""not_checked""}]",true
usda:HYFR,Hypericum frondosum,"[""cedarglade St. Johnswort""]",unknown,do_not_eat,,[],Unreviewed record. Default fail-safe guidance is do not eat.,low,"[{""purpose"": ""taxonomy"", ""source_id"": ""usda-plants"", ""url"": ""https://plants.usda.gov/plant-profile/HYFR""}, {""purpose"": ""future human review"", ""source_id"": ""naeb"", ""status"": ""not_checked""}]",true
usda:HYHI6,Hypericum hircinum,[],unknown,do_not_eat,,[],Unreviewed record. Default fail-safe guidance is do not eat.,low,"[{""purpose"": ""taxonomy"", ""source_id"": ""usda-plants"", ""url"": ""https://plants.usda.gov/plant-profile/HYHI6""}, {""purpose"": ""future human review"", ""source_id"": ""naeb"", ""status"": ""not_checked""}]",true
usda:HYHU2,Hypericum humifusum,"[""trailing St. Johnswort""]",unknown,do_not_eat,,[],Unreviewed record. Default fail-safe guidance is do not eat.,low,"[{""purpose"": ""taxonomy"", ""source_id"": ""usda-plants"", ""url"": ""https://plants.usda.gov/plant-profile/HYHU2""}, {""purpose"": ""future human review"", ""source_id"": ""naeb"", ""status"": ""not_checked""}]",true
usda:HYHY,Hypericum hypericoides,"[""St. Andrew's cross""]",unknown,do_not_eat,,[],Unreviewed record. Default fail-safe guidance is do not eat.,low,"[{""purpose"": ""taxonomy"", ""source_id"": ""usda-plants"", ""url"": ""https://plants.usda.gov/plant-profile/HYHY""}, {""purpose"": ""future human review"", ""source_id"": ""naeb"", ""status"": ""not_checked""}]",true
usda:HYKA,Hypericum kalmianum,"[""Kalm's St. Johnswort""]",unknown,do_not_eat,,[],Unreviewed record. Default fail-safe guidance is do not eat.,low,"[{""purpose"": ""taxonomy"", ""source_id"": ""usda-plants"", ""url"": ""https://plants.usda.gov/plant-profile/HYKA""}, {""purpose"": ""future human review"", ""source_id"": ""naeb"", ""status"": ""not_checked""}]",true
usda:HYMA10,Hypericum maculatum,"[""spotted St. Johnswort""]",unknown,do_not_eat,,[],Unreviewed record. Default fail-safe guidance is do not eat.,low,"[{""purpose"": ""taxonomy"", ""source_id"": ""usda-plants"", ""url"": ""https://plants.usda.gov/plant-profile/HYMA10""}, {""purpose"": ""future human review"", ""source_id"": ""naeb"", ""status"": ""not_checked""}]",true
usda:HYMU,Hypericum mutilum,"[""dwarf St. Johnswort""]",unknown,do_not_eat,,[],Unreviewed record. Default fail-safe guidance is do not eat.,low,"[{""purpose"": ""taxonomy"", ""source_id"": ""usda-plants"", ""url"": ""https://plants.usda.gov/plant-profile/HYMU""}, {""purpose"": ""future human review"", ""source_id"": ""naeb"", ""status"": ""not_checked""}]",true
usda:HYPA12,Hypericum patulum,[],unknown,do_not_eat,,[],Unreviewed record. Default fail-safe guidance is do not eat.,low,"[{""purpose"": ""taxonomy"", ""source_id"": ""usda-plants"", ""url"": ""https://plants.usda.gov/plant-profile/HYPA12""}, {""purpose"": ""future human review"", ""source_id"": ""naeb"", ""status"": ""not_checked""}]",true
usda:HYPE,Hypericum perforatum,"[""common St. Johnswort""]",unknown,do_not_eat,,[],Unreviewed record. Default fail-safe guidance is do not eat.,low,"[{""purpose"": ""taxonomy"", ""source_id"": ""usda-plants"", ""url"": ""https://plants.usda.gov/plant-profile/HYPE""}, {""purpose"": ""future human review"", ""source_id"": ""naeb"", ""status"": ""not_checked""}]",true
usda:HYPR,Hypericum prolificum,"[""shrubby St. Johnswort""]",unknown,do_not_eat,,[],Unreviewed record. Default fail-safe guidance is do not eat.,low,"[{""purpose"": ""taxonomy"", ""source_id"": ""usda-plants"", ""url"": ""https://plants.usda.gov/plant-profile/HYPR""}, {""purpose"": ""future human review"", ""source_id"": ""naeb"", ""status"": ""not_checked""}]",true
usda:HYPU9,Hypericum pulchrum,"[""St. Johnswort""]",unknown,do_not_eat,,[],Unreviewed record. Default fail-safe guidance is do not eat.,low,"[{""purpose"": ""taxonomy"", ""source_id"": ""usda-plants"", ""url"": ""https://plants.usda.gov/plant-profile/HYPU9""}, {""purpose"": ""future human review"", ""source_id"": ""naeb"", ""status"": ""not_checked""}]",true
usda:HYPU,Hypericum punctatum,"[""spotted St. Johnswort""]",unknown,do_not_eat,,[],Unreviewed record. Default fail-safe guidance is do not eat.,low,"[{""purpose"": ""taxonomy"", ""source_id"": ""usda-plants"", ""url"": ""https://plants.usda.gov/plant-profile/HYPU""}, {""purpose"": ""future human review"", ""source_id"": ""naeb"", ""status"": ""not_checked""}]",true
usda:HYTE4,Hypericum tetrapetalum,"[""fourpetal St. Johnswort""]",unknown,do_not_eat,,[],Unreviewed record. Default fail-safe guidance is do not eat.,low,"[{""purpose"": ""taxonomy"", ""source_id"": ""usda-plants"", ""url"": ""https://plants.usda.gov/plant-profile/HYTE4""}, {""purpose"": ""future human review"", ""source_id"": ""naeb"", ""status"": ""not_checked""}]",true
usda:IBLU,Ibicella lutea,"[""yellow unicorn-plant""]",unknown,do_not_eat,,[],Unreviewed record. Default fail-safe guidance is do not eat.,low,"[{""purpose"": ""taxonomy"", ""source_id"": ""usda-plants"", ""url"": ""https://plants.usda.gov/plant-profile/IBLU""}, {""purpose"": ""future human review"", ""source_id"": ""naeb"", ""status"": ""not_checked""}]",true
usda:ILFL,Illicium floridanum,"[""Florida anisetree""]",unknown,do_not_eat,,[],Unreviewed record. Default fail-safe guidance is do not eat.,low,"[{""purpose"": ""taxonomy"", ""source_id"": ""usda-plants"", ""url"": ""https://plants.usda.gov/plant-profile/ILFL""}, {""purpose"": ""future human review"", ""source_id"": ""naeb"", ""status"": ""not_checked""}]",true
usda:ILVE2,Illicium verum,"[""staranise tree""]",unknown,do_not_eat,,[],Unreviewed record. Default fail-safe guidance is do not eat.,low,"[{""purpose"": ""taxonomy"", ""source_id"": ""usda-plants"", ""url"": ""https://plants.usda.gov/plant-profile/ILVE2""}, {""purpose"": ""future human review"", ""source_id"": ""naeb"", ""status"": ""not_checked""}]",true
usda:IVAN2,Iva annua,"[""annual marsh elder""]",unknown,do_not_eat,,[],Unreviewed record. Default fail-safe guidance is do not eat.,low,"[{""purpose"": ""taxonomy"", ""source_id"": ""usda-plants"", ""url"": ""https://plants.usda.gov/plant-profile/IVAN2""}, {""purpose"": ""future human review"", ""source_id"": ""naeb"", ""status"": ""not_checked""}]",true
usda:IVFR,Iva frutescens,"[""Jesuit's bark""]",unknown,do_not_eat,,[],Unreviewed record. Default fail-safe guidance is do not eat.,low,"[{""purpose"": ""taxonomy"", ""source_id"": ""usda-plants"", ""url"": ""https://plants.usda.gov/plant-profile/IVFR""}, {""purpose"": ""future human review"", ""source_id"": ""naeb"", ""status"": ""not_checked""}]",true
usda:JUNI,Juglans nigra,"[""black walnut""]",unknown,do_not_eat,,[],Unreviewed record. Default fail-safe guidance is do not eat.,low,"[{""purpose"": ""taxonomy"", ""source_id"": ""usda-plants"", ""url"": ""https://plants.usda.gov/plant-profile/JUNI""}, {""purpose"": ""future human review"", ""source_id"": ""naeb"", ""status"": ""not_checked""}]",true
usda:JUVI,Juniperus virginiana,"[""eastern redcedar""]",unknown,do_not_eat,,[],Unreviewed record. Default fail-safe guidance is do not eat.,low,"[{""purpose"": ""taxonomy"", ""source_id"": ""usda-plants"", ""url"": ""https://plants.usda.gov/plant-profile/JUVI""}, {""purpose"": ""future human review"", ""source_id"": ""naeb"", ""status"": ""not_checked""}]",true
usda:KECO,Keckiella cordifolia,"[""heartleaf keckiella""]",unknown,do_not_eat,,[],Unreviewed record. Default fail-safe guidance is do not eat.,low,"[{""purpose"": ""taxonomy"", ""source_id"": ""usda-plants"", ""url"": ""https://plants.usda.gov/plant-profile/KECO""}, {""purpose"": ""future human review"", ""source_id"": ""naeb"", ""status"": ""not_checked""}]",true
usda:KIAF,Kigelia africana,"[""sausage tree""]",unknown,do_not_eat,,[],Unreviewed record. Default fail-safe guidance is do not eat.,low,"[{""purpose"": ""taxonomy"", ""source_id"": ""usda-plants"", ""url"": ""https://plants.usda.gov/plant-profile/KIAF""}, {""purpose"": ""future human review"", ""source_id"": ""naeb"", ""status"": ""not_checked""}]",true
usda:KNUV80,Kniphofia uvaria,"[""redhot poker""]",unknown,do_not_eat,,[],Unreviewed record. Default fail-safe guidance is do not eat.,low,"[{""purpose"": ""taxonomy"", ""source_id"": ""usda-plants"", ""url"": ""https://plants.usda.gov/plant-profile/KNUV80""}, {""purpose"": ""future human review"", ""source_id"": ""naeb"", ""status"": ""not_checked""}]",true
usda:LABI,Lactuca biennis,"[""tall blue lettuce""]",unknown,do_not_eat,,[],Unreviewed record. Default fail-safe guidance is do not eat.,low,"[{""purpose"": ""taxonomy"", ""source_id"": ""usda-plants"", ""url"": ""https://plants.usda.gov/plant-profile/LABI""}, {""purpose"": ""future human review"", ""source_id"": ""naeb"", ""status"": ""not_checked""}]",true
usda:LACA,Lactuca canadensis,"[""Canada lettuce""]",unknown,do_not_eat,,[],Unreviewed record. Default fail-safe guidance is do not eat.,low,"[{""purpose"": ""taxonomy"", ""source_id"": ""usda-plants"", ""url"": ""https://plants.usda.gov/plant-profile/LACA""}, {""purpose"": ""future human review"", ""source_id"": ""naeb"", ""status"": ""not_checked""}]",true
usda:LAFL,Lactuca floridana,"[""woodland lettuce""]",unknown,do_not_eat,,[],Unreviewed record. Default fail-safe guidance is do not eat.,low,"[{""purpose"": ""taxonomy"", ""source_id"": ""usda-plants"", ""url"": ""https://plants.usda.gov/plant-profile/LAFL""}, {""purpose"": ""future human review"", ""source_id"": ""naeb"", ""status"": ""not_checked""}]",true
usda:LASA,Lactuca saligna,"[""willowleaf lettuce""]",unknown,do_not_eat,,[],Unreviewed record. Default fail-safe guidance is do not eat.,low,"[{""purpose"": ""taxonomy"", ""source_id"": ""usda-plants"", ""url"": ""https://plants.usda.gov/plant-profile/LASA""}, {""purpose"": ""future human review"", ""source_id"": ""naeb"", ""status"": ""not_checked""}]",true
usda:LASA3,Lactuca sativa,"[""garden lettuce""]",unknown,do_not_eat,,[],Unreviewed record. Default fail-safe guidance is do not eat.,low,"[{""purpose"": ""taxonomy"", ""source_id"": ""usda-plants"", ""url"": ""https://plants.usda.gov/plant-profile/LASA3""}, {""purpose"": ""future human review"", ""source_id"": ""naeb"", ""status"": ""not_checked""}]",true
usda:LASE,Lactuca serriola,"[""prickly lettuce""]",unknown,do_not_eat,,[],Unreviewed record. Default fail-safe guidance is do not eat.,low,"[{""purpose"": ""taxonomy"", ""source_id"": ""usda-plants"", ""url"": ""https://plants.usda.gov/plant-profile/LASE""}, {""purpose"": ""future human review"", ""source_id"": ""naeb"", ""status"": ""not_checked""}]",true
usda:LAVI8,Lactuca virosa,"[""bitter lettuce""]",unknown,do_not_eat,,[],Unreviewed record. Default fail-safe guidance is do not eat.,low,"[{""purpose"": ""taxonomy"", ""source_id"": ""usda-plants"", ""url"": ""https://plants.usda.gov/plant-profile/LAVI8""}, {""purpose"": ""future human review"", ""source_id"": ""naeb"", ""status"": ""not_checked""}]",true
usda:LASI,Lagenaria siceraria,"[""bottle gourd""]",unknown,do_not_eat,,[],Unreviewed record. Default fail-safe guidance is do not eat.,low,"[{""purpose"": ""taxonomy"", ""source_id"": ""usda-plants"", ""url"": ""https://plants.usda.gov/plant-profile/LASI""}, {""purpose"": ""future human review"", ""source_id"": ""naeb"", ""status"": ""not_checked""}]",true
usda:LAGA2,Lamiastrum galeobdolon,"[""yellow archangel""]",unknown,do_not_eat,,[],Unreviewed record. Default fail-safe guidance is do not eat.,low,"[{""purpose"": ""taxonomy"", ""source_id"": ""usda-plants"", ""url"": ""https://plants.usda.gov/plant-profile/LAGA2""}, {""purpose"": ""future human review"", ""source_id"": ""naeb"", ""status"": ""not_checked""}]",true
usda:LAAL,Lamium album,"[""white deadnettle""]",unknown,do_not_eat,,[],Unreviewed record. Default fail-safe guidance is do not eat.,low,"[{""purpose"": ""taxonomy"", ""source_id"": ""usda-plants"", ""url"": ""https://plants.usda.gov/plant-profile/LAAL""}, {""purpose"": ""future human review"", ""source_id"": ""naeb"", ""status"": ""not_checked""}]",true
usda:LAAM,Lamium amplexicaule,"[""henbit deadnettle""]",unknown,do_not_eat,,[],Unreviewed record. Default fail-safe guidance is do not eat.,low,"[{""purpose"": ""taxonomy"", ""source_id"": ""usda-plants"", ""url"": ""https://plants.usda.gov/plant-profile/LAAM""}, {""purpose"": ""future human review"", ""source_id"": ""naeb"", ""status"": ""not_checked""}]",true
usda:LAMA,Lamium maculatum,"[""spotted henbit""]",unknown,do_not_eat,,[],Unreviewed record. Default fail-safe guidance is do not eat.,low,"[{""purpose"": ""taxonomy"", ""source_id"": ""usda-plants"", ""url"": ""https://plants.usda.gov/plant-profile/LAMA""}, {""purpose"": ""future human review"", ""source_id"": ""naeb"", ""status"": ""not_checked""}]",true
usda:LAPUI,Lamium purpureum,"[""purple deadnettle""]",unknown,do_not_eat,,[],Unreviewed record. Default fail-safe guidance is do not eat.,low,"[{""purpose"": ""taxonomy"", ""source_id"": ""usda-plants"", ""url"": ""https://plants.usda.gov/plant-profile/LAPUI""}, {""purpose"": ""future human review"", ""source_id"": ""naeb"", ""status"": ""not_checked""}]",true
usda:LAPU2,Lamium purpureum,"[""purple deadnettle""]",unknown,do_not_eat,,[],Unreviewed record. Default fail-safe guidance is do not eat.,low,"[{""purpose"": ""taxonomy"", ""source_id"": ""usda-plants"", ""url"": ""https://plants.usda.gov/plant-profile/LAPU2""}, {""purpose"": ""future human review"", ""source_id"": ""naeb"", ""status"": ""not_checked""}]",true
usda:LACO3,Lapsana communis,"[""common nipplewort""]",unknown,do_not_eat,,[],Unreviewed record. Default fail-safe guidance is do not eat.,low,"[{""purpose"": ""taxonomy"", ""source_id"": ""usda-plants"", ""url"": ""https://plants.usda.gov/plant-profile/LACO3""}, {""purpose"": ""future human review"", ""source_id"": ""naeb"", ""status"": ""not_checked""}]",true
usda:LAAN81,Lavandula angustifolia,"[""English lavender""]",unknown,do_not_eat,,[],Unreviewed record. Default fail-safe guidance is do not eat.,low,"[{""purpose"": ""taxonomy"", ""source_id"": ""usda-plants"", ""url"": ""https://plants.usda.gov/plant-profile/LAAN81""}, {""purpose"": ""future human review"", ""source_id"": ""naeb"", ""status"": ""not_checked""}]",true
usda:LALA13,Lavandula latifolia,"[""broadleaved lavender""]",unknown,do_not_eat,,[],Unreviewed record. Default fail-safe guidance is do not eat.,low,"[{""purpose"": ""taxonomy"", ""source_id"": ""usda-plants"", ""url"": ""https://plants.usda.gov/plant-profile/LALA13""}, {""purpose"": ""future human review"", ""source_id"": ""naeb"", ""status"": ""not_checked""}]",true
usda:LAST9,Lavandula stoechas,"[""French lavender""]",unknown,do_not_eat,,[],Unreviewed record. Default fail-safe guidance is do not eat.,low,"[{""purpose"": ""taxonomy"", ""source_id"": ""usda-plants"", ""url"": ""https://plants.usda.gov/plant-profile/LAST9""}, {""purpose"": ""future human review"", ""source_id"": ""naeb"", ""status"": ""not_checked""}]",true
usda:LEOR,Leersia oryzoides,"[""rice cutgrass""]",unknown,do_not_eat,,[],Unreviewed record. Default fail-safe guidance is do not eat.,low,"[{""purpose"": ""taxonomy"", ""source_id"": ""usda-plants"", ""url"": ""https://plants.usda.gov/plant-profile/LEOR""}, {""purpose"": ""future human review"", ""source_id"": ""naeb"", ""status"": ""not_checked""}]",true
usda:LEVI2,Leersia virginica,"[""whitegrass""]",unknown,do_not_eat,,[],Unreviewed record. Default fail-safe guidance is do not eat.,low,"[{""purpose"": ""taxonomy"", ""source_id"": ""usda-plants"", ""url"": ""https://plants.usda.gov/plant-profile/LEVI2""}, {""purpose"": ""future human review"", ""source_id"": ""naeb"", ""status"": ""not_checked""}]",true
usda:LENE,Leonotis nepetifolia,"[""Christmas candlestick""]",unknown,do_not_eat,,[],Unreviewed record. Default fail-safe guidance is do not eat.,low,"[{""purpose"": ""taxonomy"", ""source_id"": ""usda-plants"", ""url"": ""https://plants.usda.gov/plant-profile/LENE""}, {""purpose"": ""future human review"", ""source_id"": ""naeb"", ""status"": ""not_checked""}]",true
usda:LIDO2,Limnanthes douglasii,"[""Douglas' meadowfoam""]",unknown,do_not_eat,,[],Unreviewed record. Default fail-safe guidance is do not eat.,low,"[{""purpose"": ""taxonomy"", ""source_id"": ""usda-plants"", ""url"": ""https://plants.usda.gov/plant-profile/LIDO2""}, {""purpose"": ""future human review"", ""source_id"": ""naeb"", ""status"": ""not_checked""}]",true
usda:LIAC5,Limonia acidissima,"[""Indian woodapple""]",unknown,do_not_eat,,[],Unreviewed record. Default fail-safe guidance is do not eat.,low,"[{""purpose"": ""taxonomy"", ""source_id"": ""usda-plants"", ""url"": ""https://plants.usda.gov/plant-profile/LIAC5""}, {""purpose"": ""future human review"", ""source_id"": ""naeb"", ""status"": ""not_checked""}]",true
usda:LICH6,Liriodendron chinense,"[""Chinese tuliptree""]",unknown,do_not_eat,,[],Unreviewed record. Default fail-safe guidance is do not eat.,low,"[{""purpose"": ""taxonomy"", ""source_id"": ""usda-plants"", ""url"": ""https://plants.usda.gov/plant-profile/LICH6""}, {""purpose"": ""future human review"", ""source_id"": ""naeb"", ""status"": ""not_checked""}]",true
usda:LITU,Liriodendron tulipifera,"[""tuliptree"", ""tulip poplar"", ""yellow poplar""]",unknown,do_not_eat,,[],Unreviewed record. Default fail-safe guidance is do not eat.,low,"[{""purpose"": ""taxonomy"", ""source_id"": ""usda-plants"", ""url"": ""https://plants.usda.gov/plant-profile/LITU""}, {""purpose"": ""future human review"", ""source_id"": ""naeb"", ""status"": ""not_checked""}]",true
usda:LIMU6,Liriope muscari,"[""big blue lilyturf""]",unknown,do_not_eat,,[],Unreviewed record. Default fail-safe guidance is do not eat.,low,"[{""purpose"": ""taxonomy"", ""source_id"": ""usda-plants"", ""url"": ""https://plants.usda.gov/plant-profile/LIMU6""}, {""purpose"": ""future human review"", ""source_id"": ""naeb"", ""status"": ""not_checked""}]",true
usda:LUAC2,Luffa acutangula,"[""sinkwa towelsponge""]",unknown,do_not_eat,,[],Unreviewed record. Default fail-safe guidance is do not eat.,low,"[{""purpose"": ""taxonomy"", ""source_id"": ""usda-plants"", ""url"": ""https://plants.usda.gov/plant-profile/LUAC2""}, {""purpose"": ""future human review"", ""source_id"": ""naeb"", ""status"": ""not_checked""}]",true
usda:LUAL4,Lupinus albifrons,"[""silver lupine""]",unknown,do_not_eat,,[],Unreviewed record. Default fail-safe guidance is do not eat.,low,"[{""purpose"": ""taxonomy"", ""source_id"": ""usda-plants"", ""url"": ""https://plants.usda.gov/plant-profile/LUAL4""}, {""purpose"": ""future human review"", ""source_id"": ""naeb"", ""status"": ""not_checked""}]",true
usda:LUAL22,Lupinus albus,"[""white lupine""]",unknown,do_not_eat,,[],Unreviewed record. Default fail-safe guidance is do not eat.,low,"[{""purpose"": ""taxonomy"", ""source_id"": ""usda-plants"", ""url"": ""https://plants.usda.gov/plant-profile/LUAL22""}, {""purpose"": ""future human review"", ""source_id"": ""naeb"", ""status"": ""not_checked""}]",true
usda:LUAN4,Lupinus angustifolius,"[""narrowleaf lupine"", ""altramuz azul"", ""blue lupine""]",unknown,do_not_eat,,[],Unreviewed record. Default fail-safe guidance is do not eat.,low,"[{""purpose"": ""taxonomy"", ""source_id"": ""usda-plants"", ""url"": ""https://plants.usda.gov/plant-profile/LUAN4""}, {""purpose"": ""future human review"", ""source_id"": ""naeb"", ""status"": ""not_checked""}]",true
usda:LUAR,Lupinus arboreus,"[""yellow bush lupine""]",unknown,do_not_eat,,[],Unreviewed record. Default fail-safe guidance is do not eat.,low,"[{""purpose"": ""taxonomy"", ""source_id"": ""usda-plants"", ""url"": ""https://plants.usda.gov/plant-profile/LUAR""}, {""purpose"": ""future human review"", ""source_id"": ""naeb"", ""status"": ""not_checked""}]",true
usda:LUAR3,Lupinus argenteus,"[""silvery lupine""]",unknown,do_not_eat,,[],Unreviewed record. Default fail-safe guidance is do not eat.,low,"[{""purpose"": ""taxonomy"", ""source_id"": ""usda-plants"", ""url"": ""https://plants.usda.gov/plant-profile/LUAR3""}, {""purpose"": ""future human review"", ""source_id"": ""naeb"", ""status"": ""not_checked""}]",true
usda:LUBI,Lupinus bicolor,"[""miniature lupine""]",unknown,do_not_eat,,[],Unreviewed record. Default fail-safe guidance is do not eat.,low,"[{""purpose"": ""taxonomy"", ""source_id"": ""usda-plants"", ""url"": ""https://plants.usda.gov/plant-profile/LUBI""}, {""purpose"": ""future human review"", ""source_id"": ""naeb"", ""status"": ""not_checked""}]",true
usda:LUCH,Lupinus chamissonis,"[""Chamisso bush lupine""]",unknown,do_not_eat,,[],Unreviewed record. Default fail-safe guidance is do not eat.,low,"[{""purpose"": ""taxonomy"", ""source_id"": ""usda-plants"", ""url"": ""https://plants.usda.gov/plant-profile/LUCH""}, {""purpose"": ""future human review"", ""source_id"": ""naeb"", ""status"": ""not_checked""}]",true
usda:LUDI2,Lupinus diffusus,"[""Oak Ridge lupine""]",unknown,do_not_eat,,[],Unreviewed record. Default fail-safe guidance is do not eat.,low,"[{""purpose"": ""taxonomy"", ""source_id"": ""usda-plants"", ""url"": ""https://plants.usda.gov/plant-profile/LUDI2""}, {""purpose"": ""future human review"", ""source_id"": ""naeb"", ""status"": ""not_checked""}]",true
usda:LUFO2,Lupinus formosus,"[""summer lupine""]",unknown,do_not_eat,,[],Unreviewed record. Default fail-safe guidance is do not eat.,low,"[{""purpose"": ""taxonomy"", ""source_id"": ""usda-plants"", ""url"": ""https://plants.usda.gov/plant-profile/LUFO2""}, {""purpose"": ""future human review"", ""source_id"": ""naeb"", ""status"": ""not_checked""}]",true
usda:LUHI3,Lupinus hirsutissimus,"[""stinging annual lupine""]",unknown,do_not_eat,,[],Unreviewed record. Default fail-safe guidance is do not eat.,low,"[{""purpose"": ""taxonomy"", ""source_id"": ""usda-plants"", ""url"": ""https://plants.usda.gov/plant-profile/LUHI3""}, {""purpose"": ""future human review"", ""source_id"": ""naeb"", ""status"": ""not_checked""}]",true
usda:LULU80,Lupinus luteus,"[""European yellow lupine""]",unknown,do_not_eat,,[],Unreviewed record. Default fail-safe guidance is do not eat.,low,"[{""purpose"": ""taxonomy"", ""source_id"": ""usda-plants"", ""url"": ""https://plants.usda.gov/plant-profile/LULU80""}, {""purpose"": ""future human review"", ""source_id"": ""naeb"", ""status"": ""not_checked""}]",true
usda:LUNO,Lupinus nootkatensis,"[""Nootka lupine""]",unknown,do_not_eat,,[],Unreviewed record. Default fail-safe guidance is do not eat.,low,"[{""purpose"": ""taxonomy"", ""source_id"": ""usda-plants"", ""url"": ""https://plants.usda.gov/plant-profile/LUNO""}, {""purpose"": ""future human review"", ""source_id"": ""naeb"", ""status"": ""not_checked""}]",true
usda:LUPE3,Lupinus perennis,"[""sundial lupine""]",unknown,do_not_eat,,[],Unreviewed record. Default fail-safe guidance is do not eat.,low,"[{""purpose"": ""taxonomy"", ""source_id"": ""usda-plants"", ""url"": ""https://plants.usda.gov/plant-profile/LUPE3""}, {""purpose"": ""future human review"", ""source_id"": ""naeb"", ""status"": ""not_checked""}]",true
usda:LUPI9,Lupinus pilosus,"[""blue lupine""]",unknown,do_not_eat,,[],Unreviewed record. Default fail-safe guidance is do not eat.,low,"[{""purpose"": ""taxonomy"", ""source_id"": ""usda-plants"", ""url"": ""https://plants.usda.gov/plant-profile/LUPI9""}, {""purpose"": ""future human review"", ""source_id"": ""naeb"", ""status"": ""not_checked""}]",true
usda:LUPO2,Lupinus polyphyllus,"[""bigleaf lupine"", ""altramuz perenne"", ""garden lupine"", ""Washington lupine""]",unknown,do_not_eat,,[],Unreviewed record. Default fail-safe guidance is do not eat.,low,"[{""purpose"": ""taxonomy"", ""source_id"": ""usda-plants"", ""url"": ""https://plants.usda.gov/plant-profile/LUPO2""}, {""purpose"": ""future human review"", ""source_id"": ""naeb"", ""status"": ""not_checked""}]",true
usda:LUSU,Lupinus subcarnosus,"[""Texas bluebonnet""]",unknown,do_not_eat,,[],Unreviewed record. Default fail-safe guidance is do not eat.,low,"[{""purpose"": ""taxonomy"", ""source_id"": ""usda-plants"", ""url"": ""https://plants.usda.gov/plant-profile/LUSU""}, {""purpose"": ""future human review"", ""source_id"": ""naeb"", ""status"": ""not_checked""}]",true
usda:LUTE,Lupinus texensis,"[""Texas lupine""]",unknown,do_not_eat,,[],Unreviewed record. Default fail-safe guidance is do not eat.,low,"[{""purpose"": ""taxonomy"", ""source_id"": ""usda-plants"", ""url"": ""https://plants.usda.gov/plant-profile/LUTE""}, {""purpose"": ""future human review"", ""source_id"": ""naeb"", ""status"": ""not_checked""}]",true
usda:LYALA7,Lychnis alpina,[],unknown,do_not_eat,,[],Unreviewed record. Default fail-safe guidance is do not eat.,low,"[{""purpose"": ""taxonomy"", ""source_id"": ""usda-plants"", ""url"": ""https://plants.usda.gov/plant-profile/LYALA7""}, {""purpose"": ""future human review"", ""source_id"": ""naeb"", ""status"": ""not_checked""}]",true
usda:LYVI2,Lychnis viscaria,"[""clammy campion""]",unknown,do_not_eat,,[],Unreviewed record. Default fail-safe guidance is do not eat.,low,"[{""purpose"": ""taxonomy"", ""source_id"": ""usda-plants"", ""url"": ""https://plants.usda.gov/plant-profile/LYVI2""}, {""purpose"": ""future human review"", ""source_id"": ""naeb"", ""status"": ""not_checked""}]",true
usda:LYRA,Lycoris radiata,"[""red spider lily""]",unknown,do_not_eat,,[],Unreviewed record. Default fail-safe guidance is do not eat.,low,"[{""purpose"": ""taxonomy"", ""source_id"": ""usda-plants"", ""url"": ""https://plants.usda.gov/plant-profile/LYRA""}, {""purpose"": ""future human review"", ""source_id"": ""naeb"", ""status"": ""not_checked""}]",true
usda:LYSQ,Lycoris squamigera,"[""resurrection lily""]",unknown,do_not_eat,,[],Unreviewed record. Default fail-safe guidance is do not eat.,low,"[{""purpose"": ""taxonomy"", ""source_id"": ""usda-plants"", ""url"": ""https://plants.usda.gov/plant-profile/LYSQ""}, {""purpose"": ""future human review"", ""source_id"": ""naeb"", ""status"": ""not_checked""}]",true
usda:LYFL2,Lyonothamnus floribundus,"[""Catalina ironwood""]",unknown,do_not_eat,,[],Unreviewed record. Default fail-safe guidance is do not eat.,low,"[{""purpose"": ""taxonomy"", ""source_id"": ""usda-plants"", ""url"": ""https://plants.usda.gov/plant-profile/LYFL2""}, {""purpose"": ""future human review"", ""source_id"": ""naeb"", ""status"": ""not_checked""}]",true
usda:MACA4,Maianthemum canadense,"[""Canada mayflower""]",unknown,do_not_eat,,[],Unreviewed record. Default fail-safe guidance is do not eat.,low,"[{""purpose"": ""taxonomy"", ""source_id"": ""usda-plants"", ""url"": ""https://plants.usda.gov/plant-profile/MACA4""}, {""purpose"": ""future human review"", ""source_id"": ""naeb"", ""status"": ""not_checked""}]",true
usda:MADI,Maianthemum dilatatum,"[""false lily of the valley""]",unknown,do_not_eat,,[],Unreviewed record. Default fail-safe guidance is do not eat.,low,"[{""purpose"": ""taxonomy"", ""source_id"": ""usda-plants"", ""url"": ""https://plants.usda.gov/plant-profile/MADI""}, {""purpose"": ""future human review"", ""source_id"": ""naeb"", ""status"": ""not_checked""}]",true
usda:MARA7,Maianthemum racemosum,"[""feathery false lily of the valley""]",unknown,do_not_eat,,[],Unreviewed record. Default fail-safe guidance is do not eat.,low,"[{""purpose"": ""taxonomy"", ""source_id"": ""usda-plants"", ""url"": ""https://plants.usda.gov/plant-profile/MARA7""}, {""purpose"": ""future human review"", ""source_id"": ""naeb"", ""status"": ""not_checked""}]",true
usda:MAST4,Maianthemum stellatum,"[""starry false lily of the valley"", ""little false Solomon's-seal"", ""star false Solomon's-seal"", ""star-flower Solomon's-seal""]",unknown,do_not_eat,,[],Unreviewed record. Default fail-safe guidance is do not eat.,low,"[{""purpose"": ""taxonomy"", ""source_id"": ""usda-plants"", ""url"": ""https://plants.usda.gov/plant-profile/MAST4""}, {""purpose"": ""future human review"", ""source_id"": ""naeb"", ""status"": ""not_checked""}]",true
usda:MATR4,Maianthemum trifolium,"[""threeleaf false lily of the valley""]",unknown,do_not_eat,,[],Unreviewed record. Default fail-safe guidance is do not eat.,low,"[{""purpose"": ""taxonomy"", ""source_id"": ""usda-plants"", ""url"": ""https://plants.usda.gov/plant-profile/MATR4""}, {""purpose"": ""future human review"", ""source_id"": ""naeb"", ""status"": ""not_checked""}]",true
usda:MAFL8,Mauritia flexuosa,"[""muriti""]",unknown,do_not_eat,,[],Unreviewed record. Default fail-safe guidance is do not eat.,low,"[{""purpose"": ""taxonomy"", ""source_id"": ""usda-plants"", ""url"": ""https://plants.usda.gov/plant-profile/MAFL8""}, {""purpose"": ""future human review"", ""source_id"": ""naeb"", ""status"": ""not_checked""}]",true
usda:MABO8,Maytenus boaria,"[""mayten""]",unknown,do_not_eat,,[],Unreviewed record. Default fail-safe guidance is do not eat.,low,"[{""purpose"": ""taxonomy"", ""source_id"": ""usda-plants"", ""url"": ""https://plants.usda.gov/plant-profile/MABO8""}, {""purpose"": ""future human review"", ""source_id"": ""naeb"", ""status"": ""not_checked""}]",true
usda:MAPU7,Mazus pumilus,"[""Japanese mazus""]",unknown,do_not_eat,,[],Unreviewed record. Default fail-safe guidance is do not eat.,low,"[{""purpose"": ""taxonomy"", ""source_id"": ""usda-plants"", ""url"": ""https://plants.usda.gov/plant-profile/MAPU7""}, {""purpose"": ""future human review"", ""source_id"": ""naeb"", ""status"": ""not_checked""}]",true
usda:MEPR2,Mecardonia procumbens,"[""baby jump-up""]",unknown,do_not_eat,,[],Unreviewed record. Default fail-safe guidance is do not eat.,low,"[{""purpose"": ""taxonomy"", ""source_id"": ""usda-plants"", ""url"": ""https://plants.usda.gov/plant-profile/MEPR2""}, {""purpose"": ""future human review"", ""source_id"": ""naeb"", ""status"": ""not_checked""}]",true
usda:MEDI4,Melampodium divaricatum,"[""boton de oro""]",unknown,do_not_eat,,[],Unreviewed record. Default fail-safe guidance is do not eat.,low,"[{""purpose"": ""taxonomy"", ""source_id"": ""usda-plants"", ""url"": ""https://plants.usda.gov/plant-profile/MEDI4""}, {""purpose"": ""future human review"", ""source_id"": ""naeb"", ""status"": ""not_checked""}]",true
usda:MELE2,Melampodium leucanthum,"[""plains blackfoot""]",unknown,do_not_eat,,[],Unreviewed record. Default fail-safe guidance is do not eat.,low,"[{""purpose"": ""taxonomy"", ""source_id"": ""usda-plants"", ""url"": ""https://plants.usda.gov/plant-profile/MELE2""}, {""purpose"": ""future human review"", ""source_id"": ""naeb"", ""status"": ""not_checked""}]",true
usda:MEPE2,Melampodium perfoliatum,"[""perfoliate blackfoot""]",unknown,do_not_eat,,[],Unreviewed record. Default fail-safe guidance is do not eat.,low,"[{""purpose"": ""taxonomy"", ""source_id"": ""usda-plants"", ""url"": ""https://plants.usda.gov/plant-profile/MEPE2""}, {""purpose"": ""future human review"", ""source_id"": ""naeb"", ""status"": ""not_checked""}]",true
usda:MEAL3,Melilotus altissimus,"[""tall yellow sweetclover""]",unknown,do_not_eat,,[],Unreviewed record. Default fail-safe guidance is do not eat.,low,"[{""purpose"": ""taxonomy"", ""source_id"": ""usda-plants"", ""url"": ""https://plants.usda.gov/plant-profile/MEAL3""}, {""purpose"": ""future human review"", ""source_id"": ""naeb"", ""status"": ""not_checked""}]",true
usda:MEIN2,Melilotus indicus,"[""annual yellow sweetclover"", ""sourclover"", ""sweet clover""]",unknown,do_not_eat,,[],Unreviewed record. Default fail-safe guidance is do not eat.,low,"[{""purpose"": ""taxonomy"", ""source_id"": ""usda-plants"", ""url"": ""https://plants.usda.gov/plant-profile/MEIN2""}, {""purpose"": ""future human review"", ""source_id"": ""naeb"", ""status"": ""not_checked""}]",true
usda:MEIT,Melilotus italicus,[],unknown,do_not_eat,,[],Unreviewed record. Default fail-safe guidance is do not eat.,low,"[{""purpose"": ""taxonomy"", ""source_id"": ""usda-plants"", ""url"": ""https://plants.usda.gov/plant-profile/MEIT""}, {""purpose"": ""future human review"", ""source_id"": ""naeb"", ""status"": ""not_checked""}]",true
usda:MEOF,Melilotus officinalis,"[""sweetclover"", ""cornilla real"", ""field melilot"", ""ribbed melilot"", ""white sweet clover"", ""white sweetclover"", ""yellow sweetclover""]",unknown,do_not_eat,,[],Unreviewed record. Default fail-safe guidance is do not eat.,low,"[{""purpose"": ""taxonomy"", ""source_id"": ""usda-plants"", ""url"": ""https://plants.usda.gov/plant-profile/MEOF""}, {""purpose"": ""future human review"", ""source_id"": ""naeb"", ""status"": ""not_checked""}]",true
usda:MESU2,Melilotus sulcatus,"[""Mediterranean sweetclover""]",unknown,do_not_eat,,[],Unreviewed record. Default fail-safe guidance is do not eat.,low,"[{""purpose"": ""taxonomy"", ""source_id"": ""usda-plants"", ""url"": ""https://plants.usda.gov/plant-profile/MESU2""}, {""purpose"": ""future human review"", ""source_id"": ""naeb"", ""status"": ""not_checked""}]",true
usda:MEAN,Mercurialis annua,"[""annual mercury""]",unknown,do_not_eat,,[],Unreviewed record. Default fail-safe guidance is do not eat.,low,"[{""purpose"": ""taxonomy"", ""source_id"": ""usda-plants"", ""url"": ""https://plants.usda.gov/plant-profile/MEAN""}, {""purpose"": ""future human review"", ""source_id"": ""naeb"", ""status"": ""not_checked""}]",true
usda:MECI3,Mertensia ciliata,"[""tall fringed bluebells""]",unknown,do_not_eat,,[],Unreviewed record. Default fail-safe guidance is do not eat.,low,"[{""purpose"": ""taxonomy"", ""source_id"": ""usda-plants"", ""url"": ""https://plants.usda.gov/plant-profile/MECI3""}, {""purpose"": ""future human review"", ""source_id"": ""naeb"", ""status"": ""not_checked""}]",true
usda:MEMA3,Mertensia maritima,"[""oysterleaf""]",unknown,do_not_eat,,[],Unreviewed record. Default fail-safe guidance is do not eat.,low,"[{""purpose"": ""taxonomy"", ""source_id"": ""usda-plants"", ""url"": ""https://plants.usda.gov/plant-profile/MEMA3""}, {""purpose"": ""future human review"", ""source_id"": ""naeb"", ""status"": ""not_checked""}]",true
usda:MEPA,Mertensia paniculata,"[""tall bluebells""]",unknown,do_not_eat,,[],Unreviewed record. Default fail-safe guidance is do not eat.,low,"[{""purpose"": ""taxonomy"", ""source_id"": ""usda-plants"", ""url"": ""https://plants.usda.gov/plant-profile/MEPA""}, {""purpose"": ""future human review"", ""source_id"": ""naeb"", ""status"": ""not_checked""}]",true
usda:MEVI3,Mertensia virginica,"[""Virginia bluebells""]",unknown,do_not_eat,,[],Unreviewed record. Default fail-safe guidance is do not eat.,low,"[{""purpose"": ""taxonomy"", ""source_id"": ""usda-plants"", ""url"": ""https://plants.usda.gov/plant-profile/MEVI3""}, {""purpose"": ""future human review"", ""source_id"": ""naeb"", ""status"": ""not_checked""}]",true
usda:MEGL8,Metasequoia glyptostroboides,"[""dawn redwood""]",unknown,do_not_eat,,[],Unreviewed record. Default fail-safe guidance is do not eat.,low,"[{""purpose"": ""taxonomy"", ""source_id"": ""usda-plants"", ""url"": ""https://plants.usda.gov/plant-profile/MEGL8""}, {""purpose"": ""future human review"", ""source_id"": ""naeb"", ""status"": ""not_checked""}]",true
usda:MIKU,Microchloa kunthii,"[""Kunth's smallgrass""]",unknown,do_not_eat,,[],Unreviewed record. Default fail-safe guidance is do not eat.,low,"[{""purpose"": ""taxonomy"", ""source_id"": ""usda-plants"", ""url"": ""https://plants.usda.gov/plant-profile/MIKU""}, {""purpose"": ""future human review"", ""source_id"": ""naeb"", ""status"": ""not_checked""}]",true
usda:MIPI9,Millettia pinnata,"[""pongame oiltree"", ""kisaks  (Palau)""]",unknown,do_not_eat,,[],Unreviewed record. Default fail-safe guidance is do not eat.,low,"[{""purpose"": ""taxonomy"", ""source_id"": ""usda-plants"", ""url"": ""https://plants.usda.gov/plant-profile/MIPI9""}, {""purpose"": ""future human review"", ""source_id"": ""naeb"", ""status"": ""not_checked""}]",true
usda:MIDI3,Mitella diphylla,"[""twoleaf miterwort""]",unknown,do_not_eat,,[],Unreviewed record. Default fail-safe guidance is do not eat.,low,"[{""purpose"": ""taxonomy"", ""source_id"": ""usda-plants"", ""url"": ""https://plants.usda.gov/plant-profile/MIDI3""}, {""purpose"": ""future human review"", ""source_id"": ""naeb"", ""status"": ""not_checked""}]",true
usda:MOLA6,Moehringia lateriflora,"[""bluntleaf sandwort""]",unknown,do_not_eat,,[],Unreviewed record. Default fail-safe guidance is do not eat.,low,"[{""purpose"": ""taxonomy"", ""source_id"": ""usda-plants"", ""url"": ""https://plants.usda.gov/plant-profile/MOLA6""}, {""purpose"": ""future human review"", ""source_id"": ""naeb"", ""status"": ""not_checked""}]",true
usda:MOTR2,Moehringia trinervia,"[""apetalous sandwort""]",unknown,do_not_eat,,[],Unreviewed record. Default fail-safe guidance is do not eat.,low,"[{""purpose"": ""taxonomy"", ""source_id"": ""usda-plants"", ""url"": ""https://plants.usda.gov/plant-profile/MOTR2""}, {""purpose"": ""future human review"", ""source_id"": ""naeb"", ""status"": ""not_checked""}]",true
usda:MOHI,Montanoa hibiscifolia,"[""treedaisy""]",unknown,do_not_eat,,[],Unreviewed record. Default fail-safe guidance is do not eat.,low,"[{""purpose"": ""taxonomy"", ""source_id"": ""usda-plants"", ""url"": ""https://plants.usda.gov/plant-profile/MOHI""}, {""purpose"": ""future human review"", ""source_id"": ""naeb"", ""status"": ""not_checked""}]",true
usda:MOCI3,Morinda citrifolia,"[""Indian mulberry"", ""noni""]",unknown,do_not_eat,,[],Unreviewed record. Default fail-safe guidance is do not eat.,low,"[{""purpose"": ""taxonomy"", ""source_id"": ""usda-plants"", ""url"": ""https://plants.usda.gov/plant-profile/MOCI3""}, {""purpose"": ""future human review"", ""source_id"": ""naeb"", ""status"": ""not_checked""}]",true
usda:MUER,Mussaenda erythrophylla,"[""red mussaenda""]",unknown,do_not_eat,,[],Unreviewed record. Default fail-safe guidance is do not eat.,low,"[{""purpose"": ""taxonomy"", ""source_id"": ""usda-plants"", ""url"": ""https://plants.usda.gov/plant-profile/MUER""}, {""purpose"": ""future human review"", ""source_id"": ""naeb"", ""status"": ""not_checked""}]",true
usda:MUFR3,Mussaenda frondosa,[],unknown,do_not_eat,,[],Unreviewed record. Default fail-safe guidance is do not eat.,low,"[{""purpose"": ""taxonomy"", ""source_id"": ""usda-plants"", ""url"": ""https://plants.usda.gov/plant-profile/MUFR3""}, {""purpose"": ""future human review"", ""source_id"": ""naeb"", ""status"": ""not_checked""}]",true
usda:MUPH,Mussaenda philippica,"[""cherecheroi (Palau)""]",unknown,do_not_eat,,[],Unreviewed record. Default fail-safe guidance is do not eat.,low,"[{""purpose"": ""taxonomy"", ""source_id"": ""usda-plants"", ""url"": ""https://plants.usda.gov/plant-profile/MUPH""}, {""purpose"": ""future human review"", ""source_id"": ""naeb"", ""status"": ""not_checked""}]",true
usda:MYMU,Mycelis muralis,"[""wall-lettuce""]",unknown,do_not_eat,,[],Unreviewed record. Default fail-safe guidance is do not eat.,low,"[{""purpose"": ""taxonomy"", ""source_id"": ""usda-plants"", ""url"": ""https://plants.usda.gov/plant-profile/MYMU""}, {""purpose"": ""future human review"", ""source_id"": ""naeb"", ""status"": ""not_checked""}]",true
usda:MYAQ,Myosoton aquaticum,"[""giantchickweed""]",unknown,do_not_eat,,[],Unreviewed record. Default fail-safe guidance is do not eat.,low,"[{""purpose"": ""taxonomy"", ""source_id"": ""usda-plants"", ""url"": ""https://plants.usda.gov/plant-profile/MYAQ""}, {""purpose"": ""future human review"", ""source_id"": ""naeb"", ""status"": ""not_checked""}]",true
usda:NADO,Nandina domestica,"[""sacred bamboo""]",unknown,do_not_eat,,[],Unreviewed record. Default fail-safe guidance is do not eat.,low,"[{""purpose"": ""taxonomy"", ""source_id"": ""usda-plants"", ""url"": ""https://plants.usda.gov/plant-profile/NADO""}, {""purpose"": ""future human review"", ""source_id"": ""naeb"", ""status"": ""not_checked""}]",true
usda:NAAM,Narthecium americanum,"[""yellow asphodel""]",unknown,do_not_eat,,[],Unreviewed record. Default fail-safe guidance is do not eat.,low,"[{""purpose"": ""taxonomy"", ""source_id"": ""usda-plants"", ""url"": ""https://plants.usda.gov/plant-profile/NAAM""}, {""purpose"": ""future human review"", ""source_id"": ""naeb"", ""status"": ""not_checked""}]",true
usda:NECA7,Neolamarckia cadamba,"[""kadam""]",unknown,do_not_eat,,[],Unreviewed record. Default fail-safe guidance is do not eat.,low,"[{""purpose"": ""taxonomy"", ""source_id"": ""usda-plants"", ""url"": ""https://plants.usda.gov/plant-profile/NECA7""}, {""purpose"": ""future human review"", ""source_id"": ""naeb"", ""status"": ""not_checked""}]",true
usda:NEMI5,Nepenthes mirabilis,[],unknown,do_not_eat,,[],Unreviewed record. Default fail-safe guidance is do not eat.,low,"[{""purpose"": ""taxonomy"", ""source_id"": ""usda-plants"", ""url"": ""https://plants.usda.gov/plant-profile/NEMI5""}, {""purpose"": ""future human review"", ""source_id"": ""naeb"", ""status"": ""not_checked""}]",true
usda:NEBI,Nephrolepis biserrata,"[""giant swordfern""]",unknown,do_not_eat,,[],Unreviewed record. Default fail-safe guidance is do not eat.,low,"[{""purpose"": ""taxonomy"", ""source_id"": ""usda-plants"", ""url"": ""https://plants.usda.gov/plant-profile/NEBI""}, {""purpose"": ""future human review"", ""source_id"": ""naeb"", ""status"": ""not_checked""}]",true
usda:NECO3,Nephrolepis cordifolia,"[""narrow swordfern""]",unknown,do_not_eat,,[],Unreviewed record. Default fail-safe guidance is do not eat.,low,"[{""purpose"": ""taxonomy"", ""source_id"": ""usda-plants"", ""url"": ""https://plants.usda.gov/plant-profile/NECO3""}, {""purpose"": ""future human review"", ""source_id"": ""naeb"", ""status"": ""not_checked""}]",true
usda:NEEX,Nephrolepis exaltata,"[""Boston swordfern""]",unknown,do_not_eat,,[],Unreviewed record. Default fail-safe guidance is do not eat.,low,"[{""purpose"": ""taxonomy"", ""source_id"": ""usda-plants"", ""url"": ""https://plants.usda.gov/plant-profile/NEEX""}, {""purpose"": ""future human review"", ""source_id"": ""naeb"", ""status"": ""not_checked""}]",true
usda:NEFA,Nephrolepis falcata,"[""fishtail swordfern""]",unknown,do_not_eat,,[],Unreviewed record. Default fail-safe guidance is do not eat.,low,"[{""purpose"": ""taxonomy"", ""source_id"": ""usda-plants"", ""url"": ""https://plants.usda.gov/plant-profile/NEFA""}, {""purpose"": ""future human review"", ""source_id"": ""naeb"", ""status"": ""not_checked""}]",true
usda:NEOL,Nerium oleander,"[""oleander""]",unknown,do_not_eat,,[],Unreviewed record. Default fail-safe guidance is do not eat.,low,"[{""purpose"": ""taxonomy"", ""source_id"": ""usda-plants"", ""url"": ""https://plants.usda.gov/plant-profile/NEOL""}, {""purpose"": ""future human review"", ""source_id"": ""naeb"", ""status"": ""not_checked""}]",true
usda:NOMO2,Noccaea montana,"[""alpine pennycress""]",unknown,do_not_eat,,[],Unreviewed record. Default fail-safe guidance is do not eat.,low,"[{""purpose"": ""taxonomy"", ""source_id"": ""usda-plants"", ""url"": ""https://plants.usda.gov/plant-profile/NOMO2""}, {""purpose"": ""future human review"", ""source_id"": ""naeb"", ""status"": ""not_checked""}]",true
usda:NODO,Nothofagus dombeyi,"[""coigue""]",unknown,do_not_eat,,[],Unreviewed record. Default fail-safe guidance is do not eat.,low,"[{""purpose"": ""taxonomy"", ""source_id"": ""usda-plants"", ""url"": ""https://plants.usda.gov/plant-profile/NODO""}, {""purpose"": ""future human review"", ""source_id"": ""naeb"", ""status"": ""not_checked""}]",true
usda:NOOB,Nothofagus obliqua,"[""roble beech""]",unknown,do_not_eat,,[],Unreviewed record. Default fail-safe guidance is do not eat.,low,"[{""purpose"": ""taxonomy"", ""source_id"": ""usda-plants"", ""url"": ""https://plants.usda.gov/plant-profile/NOOB""}, {""purpose"": ""future human review"", ""source_id"": ""naeb"", ""status"": ""not_checked""}]",true
usda:NYCA,Nyctaginia capitata,"[""devil's bouquet""]",unknown,do_not_eat,,[],Unreviewed record. Default fail-safe guidance is do not eat.,low,"[{""purpose"": ""taxonomy"", ""source_id"": ""usda-plants"", ""url"": ""https://plants.usda.gov/plant-profile/NYCA""}, {""purpose"": ""future human review"", ""source_id"": ""naeb"", ""status"": ""not_checked""}]",true
usda:NYAL,Nymphaea alba,"[""European white waterlily""]",unknown,do_not_eat,,[],Unreviewed record. Default fail-safe guidance is do not eat.,low,"[{""purpose"": ""taxonomy"", ""source_id"": ""usda-plants"", ""url"": ""https://plants.usda.gov/plant-profile/NYAL""}, {""purpose"": ""future human review"", ""source_id"": ""naeb"", ""status"": ""not_checked""}]",true
usda:NYAM2,Nymphaea ampla,"[""dotleaf waterlily""]",unknown,do_not_eat,,[],Unreviewed record. Default fail-safe guidance is do not eat.,low,"[{""purpose"": ""taxonomy"", ""source_id"": ""usda-plants"", ""url"": ""https://plants.usda.gov/plant-profile/NYAM2""}, {""purpose"": ""future human review"", ""source_id"": ""naeb"", ""status"": ""not_checked""}]",true
usda:NYLO,Nymphaea lotus,"[""white Egyptian lotus""]",unknown,do_not_eat,,[],Unreviewed record. Default fail-safe guidance is do not eat.,low,"[{""purpose"": ""taxonomy"", ""source_id"": ""usda-plants"", ""url"": ""https://plants.usda.gov/plant-profile/NYLO""}, {""purpose"": ""future human review"", ""source_id"": ""naeb"", ""status"": ""not_checked""}]",true
usda:NYME,Nymphaea mexicana,"[""yellow waterlily""]",unknown,do_not_eat,,[],Unreviewed record. Default fail-safe guidance is do not eat.,low,"[{""purpose"": ""taxonomy"", ""source_id"": ""usda-plants"", ""url"": ""https://plants.usda.gov/plant-profile/NYME""}, {""purpose"": ""future human review"", ""source_id"": ""naeb"", ""status"": ""not_checked""}]",true
usda:NYOD,Nymphaea odorata,"[""American white waterlily""]",unknown,do_not_eat,,[],Unreviewed record. Default fail-safe guidance is do not eat.,low,"[{""purpose"": ""taxonomy"", ""source_id"": ""usda-plants"", ""url"": ""https://plants.usda.gov/plant-profile/NYOD""}, {""purpose"": ""future human review"", ""source_id"": ""naeb"", ""status"": ""not_checked""}]",true
usda:NYTE,Nymphaea tetragona,"[""pygmy waterlily""]",unknown,do_not_eat,,[],Unreviewed record. Default fail-safe guidance is do not eat.,low,"[{""purpose"": ""taxonomy"", ""source_id"": ""usda-plants"", ""url"": ""https://plants.usda.gov/plant-profile/NYTE""}, {""purpose"": ""future human review"", ""source_id"": ""naeb"", ""status"": ""not_checked""}]",true
usda:NYIN,Nymphoides indica,"[""water snowflake""]",unknown,do_not_eat,,[],Unreviewed record. Default fail-safe guidance is do not eat.,low,"[{""purpose"": ""taxonomy"", ""source_id"": ""usda-plants"", ""url"": ""https://plants.usda.gov/plant-profile/NYIN""}, {""purpose"": ""future human review"", ""source_id"": ""naeb"", ""status"": ""not_checked""}]",true
usda:NYPE,Nymphoides peltata,"[""yellow floatingheart""]",unknown,do_not_eat,,[],Unreviewed record. Default fail-safe guidance is do not eat.,low,"[{""purpose"": ""taxonomy"", ""source_id"": ""usda-plants"", ""url"": ""https://plants.usda.gov/plant-profile/NYPE""}, {""purpose"": ""future human review"", ""source_id"": ""naeb"", ""status"": ""not_checked""}]",true
usda:OLCO,Oldenlandia corymbosa,"[""flat-top mille graines""]",unknown,do_not_eat,,[],Unreviewed record. Default fail-safe guidance is do not eat.,low,"[{""purpose"": ""taxonomy"", ""source_id"": ""usda-plants"", ""url"": ""https://plants.usda.gov/plant-profile/OLCO""}, {""purpose"": ""future human review"", ""source_id"": ""naeb"", ""status"": ""not_checked""}]",true
usda:ONPE3,Oncostema peruviana,"[""Cuban-lily""]",unknown,do_not_eat,,[],Unreviewed record. Default fail-safe guidance is do not eat.,low,"[{""purpose"": ""taxonomy"", ""source_id"": ""usda-plants"", ""url"": ""https://plants.usda.gov/plant-profile/ONPE3""}, {""purpose"": ""future human review"", ""source_id"": ""naeb"", ""status"": ""not_checked""}]",true
usda:OPIN2,Ophrys insectifera,"[""fly orchid""]",unknown,do_not_eat,,[],Unreviewed record. Default fail-safe guidance is do not eat.,low,"[{""purpose"": ""taxonomy"", ""source_id"": ""usda-plants"", ""url"": ""https://plants.usda.gov/plant-profile/OPIN2""}, {""purpose"": ""future human review"", ""source_id"": ""naeb"", ""status"": ""not_checked""}]",true
usda:OPHU,Opuntia humifusa,"[""devil's-tongue""]",unknown,do_not_eat,,[],Unreviewed record. Default fail-safe guidance is do not eat.,low,"[{""purpose"": ""taxonomy"", ""source_id"": ""usda-plants"", ""url"": ""https://plants.usda.gov/plant-profile/OPHU""}, {""purpose"": ""future human review"", ""source_id"": ""naeb"", ""status"": ""not_checked""}]",true
usda:OSCI,Osmunda cinnamomea,"[""cinnamon fern""]",unknown,do_not_eat,,[],Unreviewed record. Default fail-safe guidance is do not eat.,low,"[{""purpose"": ""taxonomy"", ""source_id"": ""usda-plants"", ""url"": ""https://plants.usda.gov/plant-profile/OSCI""}, {""purpose"": ""future human review"", ""source_id"": ""naeb"", ""status"": ""not_checked""}]",true
usda:OSCL2,Osmunda claytoniana,"[""interrupted fern""]",unknown,do_not_eat,,[],Unreviewed record. Default fail-safe guidance is do not eat.,low,"[{""purpose"": ""taxonomy"", ""source_id"": ""usda-plants"", ""url"": ""https://plants.usda.gov/plant-profile/OSCL2""}, {""purpose"": ""future human review"", ""source_id"": ""naeb"", ""status"": ""not_checked""}]",true
usda:OSRE,Osmunda regalis,"[""royal fern""]",unknown,do_not_eat,,[],Unreviewed record. Default fail-safe guidance is do not eat.,low,"[{""purpose"": ""taxonomy"", ""source_id"": ""usda-plants"", ""url"": ""https://plants.usda.gov/plant-profile/OSRE""}, {""purpose"": ""future human review"", ""source_id"": ""naeb"", ""status"": ""not_checked""}]",true
usda:OXAR,Oxydendrum arboreum,"[""sourwood""]",unknown,do_not_eat,,[],Unreviewed record. Default fail-safe guidance is do not eat.,low,"[{""purpose"": ""taxonomy"", ""source_id"": ""usda-plants"", ""url"": ""https://plants.usda.gov/plant-profile/OXAR""}, {""purpose"": ""future human review"", ""source_id"": ""naeb"", ""status"": ""not_checked""}]",true
usda:PAFO3,Paederia foetida,"[""stinkvine"", ""paederia""]",unknown,do_not_eat,,[],Unreviewed record. Default fail-safe guidance is do not eat.,low,"[{""purpose"": ""taxonomy"", ""source_id"": ""usda-plants"", ""url"": ""https://plants.usda.gov/plant-profile/PAFO3""}, {""purpose"": ""future human review"", ""source_id"": ""naeb"", ""status"": ""not_checked""}]",true
usda:PAMA38,Pancratium maritimum,"[""sea-daffodil""]",unknown,do_not_eat,,[],Unreviewed record. Default fail-safe guidance is do not eat.,low,"[{""purpose"": ""taxonomy"", ""source_id"": ""usda-plants"", ""url"": ""https://plants.usda.gov/plant-profile/PAMA38""}, {""purpose"": ""future human review"", ""source_id"": ""naeb"", ""status"": ""not_checked""}]",true
usda:PADU,Papaver dubium,"[""blindeyes""]",unknown,do_not_eat,,[],Unreviewed record. Default fail-safe guidance is do not eat.,low,"[{""purpose"": ""taxonomy"", ""source_id"": ""usda-plants"", ""url"": ""https://plants.usda.gov/plant-profile/PADU""}, {""purpose"": ""future human review"", ""source_id"": ""naeb"", ""status"": ""not_checked""}]",true
usda:PAOR5,Papaver orientale,"[""Oriental poppy""]",unknown,do_not_eat,,[],Unreviewed record. Default fail-safe guidance is do not eat.,low,"[{""purpose"": ""taxonomy"", ""source_id"": ""usda-plants"", ""url"": ""https://plants.usda.gov/plant-profile/PAOR5""}, {""purpose"": ""future human review"", ""source_id"": ""naeb"", ""status"": ""not_checked""}]",true
usda:PARH2,Papaver rhoeas,"[""corn poppy""]",unknown,do_not_eat,,[],Unreviewed record. Default fail-safe guidance is do not eat.,low,"[{""purpose"": ""taxonomy"", ""source_id"": ""usda-plants"", ""url"": ""https://plants.usda.gov/plant-profile/PARH2""}, {""purpose"": ""future human review"", ""source_id"": ""naeb"", ""status"": ""not_checked""}]",true
usda:PASO2,Papaver somniferum,"[""opium poppy""]",unknown,do_not_eat,,[],Unreviewed record. Default fail-safe guidance is do not eat.,low,"[{""purpose"": ""taxonomy"", ""source_id"": ""usda-plants"", ""url"": ""https://plants.usda.gov/plant-profile/PASO2""}, {""purpose"": ""future human review"", ""source_id"": ""naeb"", ""status"": ""not_checked""}]",true
usda:PECA13,Pelargonium capitatum,"[""rose scented geranium""]",unknown,do_not_eat,,[],Unreviewed record. Default fail-safe guidance is do not eat.,low,"[{""purpose"": ""taxonomy"", ""source_id"": ""usda-plants"", ""url"": ""https://plants.usda.gov/plant-profile/PECA13""}, {""purpose"": ""future human review"", ""source_id"": ""naeb"", ""status"": ""not_checked""}]",true
usda:PEGR11,Pelargonium graveolens,"[""sweet scented geranium""]",unknown,do_not_eat,,[],Unreviewed record. Default fail-safe guidance is do not eat.,low,"[{""purpose"": ""taxonomy"", ""source_id"": ""usda-plants"", ""url"": ""https://plants.usda.gov/plant-profile/PEGR11""}, {""purpose"": ""future human review"", ""source_id"": ""naeb"", ""status"": ""not_checked""}]",true
usda:PEIN7,Pelargonium inquinans,"[""scarlet geranium""]",unknown,do_not_eat,,[],Unreviewed record. Default fail-safe guidance is do not eat.,low,"[{""purpose"": ""taxonomy"", ""source_id"": ""usda-plants"", ""url"": ""https://plants.usda.gov/plant-profile/PEIN7""}, {""purpose"": ""future human review"", ""source_id"": ""naeb"", ""status"": ""not_checked""}]",true
usda:PEOD,Pelargonium odoratissimum,"[""apple geranium""]",unknown,do_not_eat,,[],Unreviewed record. Default fail-safe guidance is do not eat.,low,"[{""purpose"": ""taxonomy"", ""source_id"": ""usda-plants"", ""url"": ""https://plants.usda.gov/plant-profile/PEOD""}, {""purpose"": ""future human review"", ""source_id"": ""naeb"", ""status"": ""not_checked""}]",true
usda:PEPA52,Pelargonium panduriforme,"[""oakleaf garden geranium""]",unknown,do_not_eat,,[],Unreviewed record. Default fail-safe guidance is do not eat.,low,"[{""purpose"": ""taxonomy"", ""source_id"": ""usda-plants"", ""url"": ""https://plants.usda.gov/plant-profile/PEPA52""}, {""purpose"": ""future human review"", ""source_id"": ""naeb"", ""status"": ""not_checked""}]",true
usda:PEPE6,Pelargonium peltatum,"[""ivyleaf geranium""]",unknown,do_not_eat,,[],Unreviewed record. Default fail-safe guidance is do not eat.,low,"[{""purpose"": ""taxonomy"", ""source_id"": ""usda-plants"", ""url"": ""https://plants.usda.gov/plant-profile/PEPE6""}, {""purpose"": ""future human review"", ""source_id"": ""naeb"", ""status"": ""not_checked""}]",true
usda:PEQU5,Pelargonium quercifolium,"[""oakleaf geranium""]",unknown,do_not_eat,,[],Unreviewed record. Default fail-safe guidance is do not eat.,low,"[{""purpose"": ""taxonomy"", ""source_id"": ""usda-plants"", ""url"": ""https://plants.usda.gov/plant-profile/PEQU5""}, {""purpose"": ""future human review"", ""source_id"": ""naeb"", ""status"": ""not_checked""}]",true
usda:PEZO,Pelargonium zonale,"[""horseshoe geranium""]",unknown,do_not_eat,,[],Unreviewed record. Default fail-safe guidance is do not eat.,low,"[{""purpose"": ""taxonomy"", ""source_id"": ""usda-plants"", ""url"": ""https://plants.usda.gov/plant-profile/PEZO""}, {""purpose"": ""future human review"", ""source_id"": ""naeb"", ""status"": ""not_checked""}]",true
usda:PECI,Pennisetum ciliare,"[""buffelgrass"", ""buffel grass""]",unknown,do_not_eat,,[],Unreviewed record. Default fail-safe guidance is do not eat.,low,"[{""purpose"": ""taxonomy"", ""source_id"": ""usda-plants"", ""url"": ""https://plants.usda.gov/plant-profile/PECI""}, {""purpose"": ""future human review"", ""source_id"": ""naeb"", ""status"": ""not_checked""}]",true
usda:PECL2,Pennisetum clandestinum,"[""kikuyugrass""]",unknown,do_not_eat,,[],Unreviewed record. Default fail-safe guidance is do not eat.,low,"[{""purpose"": ""taxonomy"", ""source_id"": ""usda-plants"", ""url"": ""https://plants.usda.gov/plant-profile/PECL2""}, {""purpose"": ""future human review"", ""source_id"": ""naeb"", ""status"": ""not_checked""}]",true
usda:PEPU2,Pennisetum purpureum,"[""elephant grass""]",unknown,do_not_eat,,[],Unreviewed record. Default fail-safe guidance is do not eat.,low,"[{""purpose"": ""taxonomy"", ""source_id"": ""usda-plants"", ""url"": ""https://plants.usda.gov/plant-profile/PEPU2""}, {""purpose"": ""future human review"", ""source_id"": ""naeb"", ""status"": ""not_checked""}]",true
usda:PEVI2,Pennisetum villosum,"[""feathertop""]",unknown,do_not_eat,,[],Unreviewed record. Default fail-safe guidance is do not eat.,low,"[{""purpose"": ""taxonomy"", ""source_id"": ""usda-plants"", ""url"": ""https://plants.usda.gov/plant-profile/PEVI2""}, {""purpose"": ""future human review"", ""source_id"": ""naeb"", ""status"": ""not_checked""}]",true
usda:PEMA4,Peperomia maculosa,"[""spotted peperomia""]",unknown,do_not_eat,,[],Unreviewed record. Default fail-safe guidance is do not eat.,low,"[{""purpose"": ""taxonomy"", ""source_id"": ""usda-plants"", ""url"": ""https://plants.usda.gov/plant-profile/PEMA4""}, {""purpose"": ""future human review"", ""source_id"": ""naeb"", ""status"": ""not_checked""}]",true
usda:PEMA5,Peperomia magnoliifolia,"[""spoonleaf peperomia""]",unknown,do_not_eat,,[],Unreviewed record. Default fail-safe guidance is do not eat.,low,"[{""purpose"": ""taxonomy"", ""source_id"": ""usda-plants"", ""url"": ""https://plants.usda.gov/plant-profile/PEMA5""}, {""purpose"": ""future human review"", ""source_id"": ""naeb"", ""status"": ""not_checked""}]",true
usda:PEOB2,Peperomia obtusifolia,"[""baby rubberplant""]",unknown,do_not_eat,,[],Unreviewed record. Default fail-safe guidance is do not eat.,low,"[{""purpose"": ""taxonomy"", ""source_id"": ""usda-plants"", ""url"": ""https://plants.usda.gov/plant-profile/PEOB2""}, {""purpose"": ""future human review"", ""source_id"": ""naeb"", ""status"": ""not_checked""}]",true
usda:PEPE5,Peperomia pellucida,"[""man to man""]",unknown,do_not_eat,,[],Unreviewed record. Default fail-safe guidance is do not eat.,low,"[{""purpose"": ""taxonomy"", ""source_id"": ""usda-plants"", ""url"": ""https://plants.usda.gov/plant-profile/PEPE5""}, {""purpose"": ""future human review"", ""source_id"": ""naeb"", ""status"": ""not_checked""}]",true
usda:PERO5,Peperomia rotundifolia,"[""yerba linda""]",unknown,do_not_eat,,[],Unreviewed record. Default fail-safe guidance is do not eat.,low,"[{""purpose"": ""taxonomy"", ""source_id"": ""usda-plants"", ""url"": ""https://plants.usda.gov/plant-profile/PERO5""}, {""purpose"": ""future human review"", ""source_id"": ""naeb"", ""status"": ""not_checked""}]",true
usda:PESE8,Peperomia serpens,"[""vinagre""]",unknown,do_not_eat,,[],Unreviewed record. Default fail-safe guidance is do not eat.,low,"[{""purpose"": ""taxonomy"", ""source_id"": ""usda-plants"", ""url"": ""https://plants.usda.gov/plant-profile/PESE8""}, {""purpose"": ""future human review"", ""source_id"": ""naeb"", ""status"": ""not_checked""}]",true
usda:PEAC2,Pereskia aculeata,"[""Barbados shrub""]",unknown,do_not_eat,,[],Unreviewed record. Default fail-safe guidance is do not eat.,low,"[{""purpose"": ""taxonomy"", ""source_id"": ""usda-plants"", ""url"": ""https://plants.usda.gov/plant-profile/PEAC2""}, {""purpose"": ""future human review"", ""source_id"": ""naeb"", ""status"": ""not_checked""}]",true
usda:PEAL7,Petiveria alliacea,"[""guinea henweed""]",unknown,do_not_eat,,[],Unreviewed record. Default fail-safe guidance is do not eat.,low,"[{""purpose"": ""taxonomy"", ""source_id"": ""usda-plants"", ""url"": ""https://plants.usda.gov/plant-profile/PEAL7""}, {""purpose"": ""future human review"", ""source_id"": ""naeb"", ""status"": ""not_checked""}]",true
usda:PHAQ,Phalaris aquatica,"[""bulbous canarygrass""]",unknown,do_not_eat,,[],Unreviewed record. Default fail-safe guidance is do not eat.,low,"[{""purpose"": ""taxonomy"", ""source_id"": ""usda-plants"", ""url"": ""https://plants.usda.gov/plant-profile/PHAQ""}, {""purpose"": ""future human review"", ""source_id"": ""naeb"", ""status"": ""not_checked""}]",true
usda:PHAR3,Phalaris arundinacea,"[""reed canarygrass""]",unknown,do_not_eat,,[],Unreviewed record. Default fail-safe guidance is do not eat.,low,"[{""purpose"": ""taxonomy"", ""source_id"": ""usda-plants"", ""url"": ""https://plants.usda.gov/plant-profile/PHAR3""}, {""purpose"": ""future human review"", ""source_id"": ""naeb"", ""status"": ""not_checked""}]",true
usda:PHCA5,Phalaris canariensis,"[""annual canarygrass""]",unknown,do_not_eat,,[],Unreviewed record. Default fail-safe guidance is do not eat.,low,"[{""purpose"": ""taxonomy"", ""source_id"": ""usda-plants"", ""url"": ""https://plants.usda.gov/plant-profile/PHCA5""}, {""purpose"": ""future human review"", ""source_id"": ""naeb"", ""status"": ""not_checked""}]",true
usda:PHCO40,Phalaris coerulescens,"[""sunolgrass""]",unknown,do_not_eat,,[],Unreviewed record. Default fail-safe guidance is do not eat.,low,"[{""purpose"": ""taxonomy"", ""source_id"": ""usda-plants"", ""url"": ""https://plants.usda.gov/plant-profile/PHCO40""}, {""purpose"": ""future human review"", ""source_id"": ""naeb"", ""status"": ""not_checked""}]",true
usda:PHMI3,Phalaris minor,"[""littleseed canarygrass""]",unknown,do_not_eat,,[],Unreviewed record. Default fail-safe guidance is do not eat.,low,"[{""purpose"": ""taxonomy"", ""source_id"": ""usda-plants"", ""url"": ""https://plants.usda.gov/plant-profile/PHMI3""}, {""purpose"": ""future human review"", ""source_id"": ""naeb"", ""status"": ""not_checked""}]",true
usda:PHPA5,Phalaris paradoxa,"[""hood canarygrass""]",unknown,do_not_eat,,[],Unreviewed record. Default fail-safe guidance is do not eat.,low,"[{""purpose"": ""taxonomy"", ""source_id"": ""usda-plants"", ""url"": ""https://plants.usda.gov/plant-profile/PHPA5""}, {""purpose"": ""future human review"", ""source_id"": ""naeb"", ""status"": ""not_checked""}]",true
usda:PHAI,Phedimus aizoon,"[""Orpin aizoon""]",unknown,do_not_eat,,[],Unreviewed record. Default fail-safe guidance is do not eat.,low,"[{""purpose"": ""taxonomy"", ""source_id"": ""usda-plants"", ""url"": ""https://plants.usda.gov/plant-profile/PHAI""}, {""purpose"": ""future human review"", ""source_id"": ""naeb"", ""status"": ""not_checked""}]",true
usda:PHSP9,Phedimus spurius,"[""Caucasian stonecrop""]",unknown,do_not_eat,,[],Unreviewed record. Default fail-safe guidance is do not eat.,low,"[{""purpose"": ""taxonomy"", ""source_id"": ""usda-plants"", ""url"": ""https://plants.usda.gov/plant-profile/PHSP9""}, {""purpose"": ""future human review"", ""source_id"": ""naeb"", ""status"": ""not_checked""}]",true
usda:PHAC3,Phyllanthus acidus,"[""Tahitian gooseberry tree""]",unknown,do_not_eat,,[],Unreviewed record. Default fail-safe guidance is do not eat.,low,"[{""purpose"": ""taxonomy"", ""source_id"": ""usda-plants"", ""url"": ""https://plants.usda.gov/plant-profile/PHAC3""}, {""purpose"": ""future human review"", ""source_id"": ""naeb"", ""status"": ""not_checked""}]",true
usda:PHAM5,Phyllanthus amarus,"[""carry me seed""]",unknown,do_not_eat,,[],Unreviewed record. Default fail-safe guidance is do not eat.,low,"[{""purpose"": ""taxonomy"", ""source_id"": ""usda-plants"", ""url"": ""https://plants.usda.gov/plant-profile/PHAM5""}, {""purpose"": ""future human review"", ""source_id"": ""naeb"", ""status"": ""not_checked""}]",true
usda:PHEM2,Phyllanthus emblica,"[""emblic""]",unknown,do_not_eat,,[],Unreviewed record. Default fail-safe guidance is do not eat.,low,"[{""purpose"": ""taxonomy"", ""source_id"": ""usda-plants"", ""url"": ""https://plants.usda.gov/plant-profile/PHEM2""}, {""purpose"": ""future human review"", ""source_id"": ""naeb"", ""status"": ""not_checked""}]",true
usda:PHEP,Phyllanthus epiphyllanthus,"[""swordbush""]",unknown,do_not_eat,,[],Unreviewed record. Default fail-safe guidance is do not eat.,low,"[{""purpose"": ""taxonomy"", ""source_id"": ""usda-plants"", ""url"": ""https://plants.usda.gov/plant-profile/PHEP""}, {""purpose"": ""future human review"", ""source_id"": ""naeb"", ""status"": ""not_checked""}]",true
usda:PHNI2,Phyllanthus niruri,"[""gale of the wind""]",unknown,do_not_eat,,[],Unreviewed record. Default fail-safe guidance is do not eat.,low,"[{""purpose"": ""taxonomy"", ""source_id"": ""usda-plants"", ""url"": ""https://plants.usda.gov/plant-profile/PHNI2""}, {""purpose"": ""future human review"", ""source_id"": ""naeb"", ""status"": ""not_checked""}]",true
usda:PHTE5,Phyllanthus tenellus,"[""Mascarene Island leaf-flower""]",unknown,do_not_eat,,[],Unreviewed record. Default fail-safe guidance is do not eat.,low,"[{""purpose"": ""taxonomy"", ""source_id"": ""usda-plants"", ""url"": ""https://plants.usda.gov/plant-profile/PHTE5""}, {""purpose"": ""future human review"", ""source_id"": ""naeb"", ""status"": ""not_checked""}]",true
usda:PHUR,Phyllanthus urinaria,"[""chamber bitter""]",unknown,do_not_eat,,[],Unreviewed record. Default fail-safe guidance is do not eat.,low,"[{""purpose"": ""taxonomy"", ""source_id"": ""usda-plants"", ""url"": ""https://plants.usda.gov/plant-profile/PHUR""}, {""purpose"": ""future human review"", ""source_id"": ""naeb"", ""status"": ""not_checked""}]",true
usda:PHAM4,Phytolacca americana,"[""American pokeweed""]",unknown,do_not_eat,,[],Unreviewed record. Default fail-safe guidance is do not eat.,low,"[{""purpose"": ""taxonomy"", ""source_id"": ""usda-plants"", ""url"": ""https://plants.usda.gov/plant-profile/PHAM4""}, {""purpose"": ""future human review"", ""source_id"": ""naeb"", ""status"": ""not_checked""}]",true
usda:PIEC,Picris echioides,"[""bristly oxtongue""]",unknown,do_not_eat,,[],Unreviewed record. Default fail-safe guidance is do not eat.,low,"[{""purpose"": ""taxonomy"", ""source_id"": ""usda-plants"", ""url"": ""https://plants.usda.gov/plant-profile/PIEC""}, {""purpose"": ""future human review"", ""source_id"": ""naeb"", ""status"": ""not_checked""}]",true
usda:PIRA3,Pilocarpus racemosus,"[""aceitillo""]",unknown,do_not_eat,,[],Unreviewed record. Default fail-safe guidance is do not eat.,low,"[{""purpose"": ""taxonomy"", ""source_id"": ""usda-plants"", ""url"": ""https://plants.usda.gov/plant-profile/PIRA3""}, {""purpose"": ""future human review"", ""source_id"": ""naeb"", ""status"": ""not_checked""}]",true
usda:PIPO4,Pilosocereus polygonus,"[""Deering's tree cactus""]",unknown,do_not_eat,,[],Unreviewed record. Default fail-safe guidance is do not eat.,low,"[{""purpose"": ""taxonomy"", ""source_id"": ""usda-plants"", ""url"": ""https://plants.usda.gov/plant-profile/PIPO4""}, {""purpose"": ""future human review"", ""source_id"": ""naeb"", ""status"": ""not_checked""}]",true
usda:PIST,Pinus strobus,"[""eastern white pine""]",unknown,do_not_eat,,[],Unreviewed record. Default fail-safe guidance is do not eat.,low,"[{""purpose"": ""taxonomy"", ""source_id"": ""usda-plants"", ""url"": ""https://plants.usda.gov/plant-profile/PIST""}, {""purpose"": ""future human review"", ""source_id"": ""naeb"", ""status"": ""not_checked""}]",true
usda:PICI,Piriqueta cistoides,"[""pitted stripeseed""]",unknown,do_not_eat,,[],Unreviewed record. Default fail-safe guidance is do not eat.,low,"[{""purpose"": ""taxonomy"", ""source_id"": ""usda-plants"", ""url"": ""https://plants.usda.gov/plant-profile/PICI""}, {""purpose"": ""future human review"", ""source_id"": ""naeb"", ""status"": ""not_checked""}]",true
usda:PLMA2,Plantago major,"[""common plantain"", ""broad-leaved plantain""]",unknown,do_not_eat,,[],Unreviewed record. Default fail-safe guidance is do not eat.,low,"[{""purpose"": ""taxonomy"", ""source_id"": ""usda-plants"", ""url"": ""https://plants.usda.gov/plant-profile/PLMA2""}, {""purpose"": ""future human review"", ""source_id"": ""naeb"", ""status"": ""not_checked""}]",true
usda:PRFA2,Prosopis farcta,"[""Syrian mesquite""]",unknown,do_not_eat,,[],Unreviewed record. Default fail-safe guidance is do not eat.,low,"[{""purpose"": ""taxonomy"", ""source_id"": ""usda-plants"", ""url"": ""https://plants.usda.gov/plant-profile/PRFA2""}, {""purpose"": ""future human review"", ""source_id"": ""naeb"", ""status"": ""not_checked""}]",true
usda:PRSE2,Prunus serotina,"[""black cherry""]",unknown,do_not_eat,,[],Unreviewed record. Default fail-safe guidance is do not eat.,low,"[{""purpose"": ""taxonomy"", ""source_id"": ""usda-plants"", ""url"": ""https://plants.usda.gov/plant-profile/PRSE2""}, {""purpose"": ""future human review"", ""source_id"": ""naeb"", ""status"": ""not_checked""}]",true
usda:PUPAM,Pulsatilla patens,"[""cutleaf anemone""]",unknown,do_not_eat,,[],Unreviewed record. Default fail-safe guidance is do not eat.,low,"[{""purpose"": ""taxonomy"", ""source_id"": ""usda-plants"", ""url"": ""https://plants.usda.gov/plant-profile/PUPAM""}, {""purpose"": ""future human review"", ""source_id"": ""naeb"", ""status"": ""not_checked""}]",true
usda:PUPA5,Pulsatilla patens,"[""eastern pasqueflower""]",unknown,do_not_eat,,[],Unreviewed record. Default fail-safe guidance is do not eat.,low,"[{""purpose"": ""taxonomy"", ""source_id"": ""usda-plants"", ""url"": ""https://plants.usda.gov/plant-profile/PUPA5""}, {""purpose"": ""future human review"", ""source_id"": ""naeb"", ""status"": ""not_checked""}]",true
usda:PUVU,Pulsatilla vulgaris,"[""European pasqueflower""]",unknown,do_not_eat,,[],Unreviewed record. Default fail-safe guidance is do not eat.,low,"[{""purpose"": ""taxonomy"", ""source_id"": ""usda-plants"", ""url"": ""https://plants.usda.gov/plant-profile/PUVU""}, {""purpose"": ""future human review"", ""source_id"": ""naeb"", ""status"": ""not_checked""}]",true
usda:PUGR2,Punica granatum,"[""pomegranate""]",unknown,do_not_eat,,[],Unreviewed record. Default fail-safe guidance is do not eat.,low,"[{""purpose"": ""taxonomy"", ""source_id"": ""usda-plants"", ""url"": ""https://plants.usda.gov/plant-profile/PUGR2""}, {""purpose"": ""future human review"", ""source_id"": ""naeb"", ""status"": ""not_checked""}]",true
usda:PYCO2,Pyracantha coccinea,"[""scarlet firethorn""]",unknown,do_not_eat,,[],Unreviewed record. Default fail-safe guidance is do not eat.,low,"[{""purpose"": ""taxonomy"", ""source_id"": ""usda-plants"", ""url"": ""https://plants.usda.gov/plant-profile/PYCO2""}, {""purpose"": ""future human review"", ""source_id"": ""naeb"", ""status"": ""not_checked""}]",true
usda:PYCR7,Pyracantha crenulata,"[""Nepalese firethorn""]",unknown,do_not_eat,,[],Unreviewed record. Default fail-safe guidance is do not eat.,low,"[{""purpose"": ""taxonomy"", ""source_id"": ""usda-plants"", ""url"": ""https://plants.usda.gov/plant-profile/PYCR7""}, {""purpose"": ""future human review"", ""source_id"": ""naeb"", ""status"": ""not_checked""}]",true
usda:PYKO,Pyracantha koidzumii,"[""Formosa firethorn""]",unknown,do_not_eat,,[],Unreviewed record. Default fail-safe guidance is do not eat.,low,"[{""purpose"": ""taxonomy"", ""source_id"": ""usda-plants"", ""url"": ""https://plants.usda.gov/plant-profile/PYKO""}, {""purpose"": ""future human review"", ""source_id"": ""naeb"", ""status"": ""not_checked""}]",true
usda:QUAL,Quercus alba,"[""white oak""]",unknown,do_not_eat,,[],Unreviewed record. Default fail-safe guidance is do not eat.,low,"[{""purpose"": ""taxonomy"", ""source_id"": ""usda-plants"", ""url"": ""https://plants.usda.gov/plant-profile/QUAL""}, {""purpose"": ""future human review"", ""source_id"": ""naeb"", ""status"": ""not_checked""}]",true
usda:QURU,Quercus rubra,"[""northern red oak""]",unknown,do_not_eat,,[],Unreviewed record. Default fail-safe guidance is do not eat.,low,"[{""purpose"": ""taxonomy"", ""source_id"": ""usda-plants"", ""url"": ""https://plants.usda.gov/plant-profile/QURU""}, {""purpose"": ""future human review"", ""source_id"": ""naeb"", ""status"": ""not_checked""}]",true
usda:RAFA5,Raphia farinifera,"[""raffia palm""]",unknown,do_not_eat,,[],Unreviewed record. Default fail-safe guidance is do not eat.,low,"[{""purpose"": ""taxonomy"", ""source_id"": ""usda-plants"", ""url"": ""https://plants.usda.gov/plant-profile/RAFA5""}, {""purpose"": ""future human review"", ""source_id"": ""naeb"", ""status"": ""not_checked""}]",true
usda:RHCH13,Rhodanthe chlorocephala,"[""rosy sunray""]",unknown,do_not_eat,,[],Unreviewed record. Default fail-safe guidance is do not eat.,low,"[{""purpose"": ""taxonomy"", ""source_id"": ""usda-plants"", ""url"": ""https://plants.usda.gov/plant-profile/RHCH13""}, {""purpose"": ""future human review"", ""source_id"": ""naeb"", ""status"": ""not_checked""}]",true
usda:RUAL,Rubus allegheniensis,"[""Allegheny blackberry""]",unknown,do_not_eat,,[],Unreviewed record. Default fail-safe guidance is do not eat.,low,"[{""purpose"": ""taxonomy"", ""source_id"": ""usda-plants"", ""url"": ""https://plants.usda.gov/plant-profile/RUAL""}, {""purpose"": ""future human review"", ""source_id"": ""naeb"", ""status"": ""not_checked""}]",true
usda:RUID,Rubus idaeus,"[""American red raspberry""]",unknown,do_not_eat,,[],Unreviewed record. Default fail-safe guidance is do not eat.,low,"[{""purpose"": ""taxonomy"", ""source_id"": ""usda-plants"", ""url"": ""https://plants.usda.gov/plant-profile/RUID""}, {""purpose"": ""future human review"", ""source_id"": ""naeb"", ""status"": ""not_checked""}]",true
usda:RUAD,Rumohra adiantiformis,"[""iron fern""]",unknown,do_not_eat,,[],Unreviewed record. Default fail-safe guidance is do not eat.,low,"[{""purpose"": ""taxonomy"", ""source_id"": ""usda-plants"", ""url"": ""https://plants.usda.gov/plant-profile/RUAD""}, {""purpose"": ""future human review"", ""source_id"": ""naeb"", ""status"": ""not_checked""}]",true
usda:SAGR,Sagittaria graminea,"[""grassy arrowhead""]",unknown,do_not_eat,,[],Unreviewed record. Default fail-safe guidance is do not eat.,low,"[{""purpose"": ""taxonomy"", ""source_id"": ""usda-plants"", ""url"": ""https://plants.usda.gov/plant-profile/SAGR""}, {""purpose"": ""future human review"", ""source_id"": ""naeb"", ""status"": ""not_checked""}]",true
usda:SALA,Sagittaria lancifolia,"[""bulltongue arrowhead""]",unknown,do_not_eat,,[],Unreviewed record. Default fail-safe guidance is do not eat.,low,"[{""purpose"": ""taxonomy"", ""source_id"": ""usda-plants"", ""url"": ""https://plants.usda.gov/plant-profile/SALA""}, {""purpose"": ""future human review"", ""source_id"": ""naeb"", ""status"": ""not_checked""}]",true
usda:SALA2,Sagittaria latifolia,"[""broadleaf arrowhead""]",unknown,do_not_eat,,[],Unreviewed record. Default fail-safe guidance is do not eat.,low,"[{""purpose"": ""taxonomy"", ""source_id"": ""usda-plants"", ""url"": ""https://plants.usda.gov/plant-profile/SALA2""}, {""purpose"": ""future human review"", ""source_id"": ""naeb"", ""status"": ""not_checked""}]",true
usda:SAMO,Sagittaria montevidensis,"[""giant arrowhead""]",unknown,do_not_eat,,[],Unreviewed record. Default fail-safe guidance is do not eat.,low,"[{""purpose"": ""taxonomy"", ""source_id"": ""usda-plants"", ""url"": ""https://plants.usda.gov/plant-profile/SAMO""}, {""purpose"": ""future human review"", ""source_id"": ""naeb"", ""status"": ""not_checked""}]",true
usda:SASA7,Sagittaria sagittifolia,"[""arrowhead""]",unknown,do_not_eat,,[],Unreviewed record. Default fail-safe guidance is do not eat.,low,"[{""purpose"": ""taxonomy"", ""source_id"": ""usda-plants"", ""url"": ""https://plants.usda.gov/plant-profile/SASA7""}, {""purpose"": ""future human review"", ""source_id"": ""naeb"", ""status"": ""not_checked""}]",true
usda:SANIC4,Sambucus nigra,"[""American black elderberry"", ""common elderberry""]",unknown,do_not_eat,,[],Unreviewed record. Default fail-safe guidance is do not eat.,low,"[{""purpose"": ""taxonomy"", ""source_id"": ""usda-plants"", ""url"": ""https://plants.usda.gov/plant-profile/SANIC4""}, {""purpose"": ""future human review"", ""source_id"": ""naeb"", ""status"": ""not_checked""}]",true
usda:SAPA31,Sasa palmata,"[""broadleaf bamboo""]",unknown,do_not_eat,,[],Unreviewed record. Default fail-safe guidance is do not eat.,low,"[{""purpose"": ""taxonomy"", ""source_id"": ""usda-plants"", ""url"": ""https://plants.usda.gov/plant-profile/SAPA31""}, {""purpose"": ""future human review"", ""source_id"": ""naeb"", ""status"": ""not_checked""}]",true
usda:SCMO10,Schefflera morototonii,"[""matchwood""]",unknown,do_not_eat,,[],Unreviewed record. Default fail-safe guidance is do not eat.,low,"[{""purpose"": ""taxonomy"", ""source_id"": ""usda-plants"", ""url"": ""https://plants.usda.gov/plant-profile/SCMO10""}, {""purpose"": ""future human review"", ""source_id"": ""naeb"", ""status"": ""not_checked""}]",true
usda:SCBA4,Schinopsis balansae,"[""quebracho""]",unknown,do_not_eat,,[],Unreviewed record. Default fail-safe guidance is do not eat.,low,"[{""purpose"": ""taxonomy"", ""source_id"": ""usda-plants"", ""url"": ""https://plants.usda.gov/plant-profile/SCBA4""}, {""purpose"": ""future human review"", ""source_id"": ""naeb"", ""status"": ""not_checked""}]",true
usda:SCPI3,Schkuhria pinnata,"[""pinnate false threadleaf""]",unknown,do_not_eat,,[],Unreviewed record. Default fail-safe guidance is do not eat.,low,"[{""purpose"": ""taxonomy"", ""source_id"": ""usda-plants"", ""url"": ""https://plants.usda.gov/plant-profile/SCPI3""}, {""purpose"": ""future human review"", ""source_id"": ""naeb"", ""status"": ""not_checked""}]",true
usda:SECE,Secale cereale,"[""cereal rye""]",unknown,do_not_eat,,[],Unreviewed record. Default fail-safe guidance is do not eat.,low,"[{""purpose"": ""taxonomy"", ""source_id"": ""usda-plants"", ""url"": ""https://plants.usda.gov/plant-profile/SECE""}, {""purpose"": ""future human review"", ""source_id"": ""naeb"", ""status"": ""not_checked""}]",true
usda:SEAC,Sedum acre,"[""goldmoss stonecrop""]",unknown,do_not_eat,,[],Unreviewed record. Default fail-safe guidance is do not eat.,low,"[{""purpose"": ""taxonomy"", ""source_id"": ""usda-plants"", ""url"": ""https://plants.usda.gov/plant-profile/SEAC""}, {""purpose"": ""future human review"", ""source_id"": ""naeb"", ""status"": ""not_checked""}]",true
usda:SEAL2,Sedum albomarginatum,"[""Feather River stonecrop""]",unknown,do_not_eat,,[],Unreviewed record. Default fail-safe guidance is do not eat.,low,"[{""purpose"": ""taxonomy"", ""source_id"": ""usda-plants"", ""url"": ""https://plants.usda.gov/plant-profile/SEAL2""}, {""purpose"": ""future human review"", ""source_id"": ""naeb"", ""status"": ""not_checked""}]",true
usda:SEAL,Sedum album,"[""white stonecrop""]",unknown,do_not_eat,,[],Unreviewed record. Default fail-safe guidance is do not eat.,low,"[{""purpose"": ""taxonomy"", ""source_id"": ""usda-plants"", ""url"": ""https://plants.usda.gov/plant-profile/SEAL""}, {""purpose"": ""future human review"", ""source_id"": ""naeb"", ""status"": ""not_checked""}]",true
usda:SEAN4,Sedum annuum,"[""annual stonecrop""]",unknown,do_not_eat,,[],Unreviewed record. Default fail-safe guidance is do not eat.,low,"[{""purpose"": ""taxonomy"", ""source_id"": ""usda-plants"", ""url"": ""https://plants.usda.gov/plant-profile/SEAN4""}, {""purpose"": ""future human review"", ""source_id"": ""naeb"", ""status"": ""not_checked""}]",true
usda:SEDA2,Sedum dasyphyllum,"[""thick-leaf stonecrop""]",unknown,do_not_eat,,[],Unreviewed record. Default fail-safe guidance is do not eat.,low,"[{""purpose"": ""taxonomy"", ""source_id"": ""usda-plants"", ""url"": ""https://plants.usda.gov/plant-profile/SEDA2""}, {""purpose"": ""future human review"", ""source_id"": ""naeb"", ""status"": ""not_checked""}]",true
usda:SEDE8,Sedum dendroideum,"[""tree stonecrop""]",unknown,do_not_eat,,[],Unreviewed record. Default fail-safe guidance is do not eat.,low,"[{""purpose"": ""taxonomy"", ""source_id"": ""usda-plants"", ""url"": ""https://plants.usda.gov/plant-profile/SEDE8""}, {""purpose"": ""future human review"", ""source_id"": ""naeb"", ""status"": ""not_checked""}]",true
usda:SEDI,Sedum divergens,"[""Pacific stonecrop""]",unknown,do_not_eat,,[],Unreviewed record. Default fail-safe guidance is do not eat.,low,"[{""purpose"": ""taxonomy"", ""source_id"": ""usda-plants"", ""url"": ""https://plants.usda.gov/plant-profile/SEDI""}, {""purpose"": ""future human review"", ""source_id"": ""naeb"", ""status"": ""not_checked""}]",true
usda:SEGL3,Sedum glaucophyllum,"[""cliff stonecrop""]",unknown,do_not_eat,,[],Unreviewed record. Default fail-safe guidance is do not eat.,low,"[{""purpose"": ""taxonomy"", ""source_id"": ""usda-plants"", ""url"": ""https://plants.usda.gov/plant-profile/SEGL3""}, {""purpose"": ""future human review"", ""source_id"": ""naeb"", ""status"": ""not_checked""}]",true
usda:SEHI,Sedum hispanicum,"[""Spanish stonecrop""]",unknown,do_not_eat,,[],Unreviewed record. Default fail-safe guidance is do not eat.,low,"[{""purpose"": ""taxonomy"", ""source_id"": ""usda-plants"", ""url"": ""https://plants.usda.gov/plant-profile/SEHI""}, {""purpose"": ""future human review"", ""source_id"": ""naeb"", ""status"": ""not_checked""}]",true
usda:SELA,Sedum lanceolatum,"[""spearleaf stonecrop""]",unknown,do_not_eat,,[],Unreviewed record. Default fail-safe guidance is do not eat.,low,"[{""purpose"": ""taxonomy"", ""source_id"": ""usda-plants"", ""url"": ""https://plants.usda.gov/plant-profile/SELA""}, {""purpose"": ""future human review"", ""source_id"": ""naeb"", ""status"": ""not_checked""}]",true
usda:SELA2,Sedum laxum,"[""roseflower stonecrop""]",unknown,do_not_eat,,[],Unreviewed record. Default fail-safe guidance is do not eat.,low,"[{""purpose"": ""taxonomy"", ""source_id"": ""usda-plants"", ""url"": ""https://plants.usda.gov/plant-profile/SELA2""}, {""purpose"": ""future human review"", ""source_id"": ""naeb"", ""status"": ""not_checked""}]",true
usda:SELI10,Sedum lineare,"[""needle stonecrop""]",unknown,do_not_eat,,[],Unreviewed record. Default fail-safe guidance is do not eat.,low,"[{""purpose"": ""taxonomy"", ""source_id"": ""usda-plants"", ""url"": ""https://plants.usda.gov/plant-profile/SELI10""}, {""purpose"": ""future human review"", ""source_id"": ""naeb"", ""status"": ""not_checked""}]",true
usda:SEME3,Sedum mexicanum,"[""Mexican stonecrop""]",unknown,do_not_eat,,[],Unreviewed record. Default fail-safe guidance is do not eat.,low,"[{""purpose"": ""taxonomy"", ""source_id"": ""usda-plants"", ""url"": ""https://plants.usda.gov/plant-profile/SEME3""}, {""purpose"": ""future human review"", ""source_id"": ""naeb"", ""status"": ""not_checked""}]",true
usda:SEMO2,Sedum moranense,"[""red stonecrop""]",unknown,do_not_eat,,[],Unreviewed record. Default fail-safe guidance is do not eat.,low,"[{""purpose"": ""taxonomy"", ""source_id"": ""usda-plants"", ""url"": ""https://plants.usda.gov/plant-profile/SEMO2""}, {""purpose"": ""future human review"", ""source_id"": ""naeb"", ""status"": ""not_checked""}]",true
usda:SENI,Sedum niveum,"[""Davidson's stonecrop""]",unknown,do_not_eat,,[],Unreviewed record. Default fail-safe guidance is do not eat.,low,"[{""purpose"": ""taxonomy"", ""source_id"": ""usda-plants"", ""url"": ""https://plants.usda.gov/plant-profile/SENI""}, {""purpose"": ""future human review"", ""source_id"": ""naeb"", ""status"": ""not_checked""}]",true
usda:SEOB,Sedum obtusatum,"[""Sierra stonecrop""]",unknown,do_not_eat,,[],Unreviewed record. Default fail-safe guidance is do not eat.,low,"[{""purpose"": ""taxonomy"", ""source_id"": ""usda-plants"", ""url"": ""https://plants.usda.gov/plant-profile/SEOB""}, {""purpose"": ""future human review"", ""source_id"": ""naeb"", ""status"": ""not_checked""}]",true
usda:SEOR,Sedum oreganum,"[""Oregon stonecrop""]",unknown,do_not_eat,,[],Unreviewed record. Default fail-safe guidance is do not eat.,low,"[{""purpose"": ""taxonomy"", ""source_id"": ""usda-plants"", ""url"": ""https://plants.usda.gov/plant-profile/SEOR""}, {""purpose"": ""future human review"", ""source_id"": ""naeb"", ""status"": ""not_checked""}]",true
usda:SEPR2,Sedum praealtum,"[""green cockscomb""]",unknown,do_not_eat,,[],Unreviewed record. Default fail-safe guidance is do not eat.,low,"[{""purpose"": ""taxonomy"", ""source_id"": ""usda-plants"", ""url"": ""https://plants.usda.gov/plant-profile/SEPR2""}, {""purpose"": ""future human review"", ""source_id"": ""naeb"", ""status"": ""not_checked""}]",true
usda:SEPU,Sedum pulchellum,"[""widowscross""]",unknown,do_not_eat,,[],Unreviewed record. Default fail-safe guidance is do not eat.,low,"[{""purpose"": ""taxonomy"", ""source_id"": ""usda-plants"", ""url"": ""https://plants.usda.gov/plant-profile/SEPU""}, {""purpose"": ""future human review"", ""source_id"": ""naeb"", ""status"": ""not_checked""}]",true
usda:SESA,Sedum sarmentosum,"[""stringy stonecrop""]",unknown,do_not_eat,,[],Unreviewed record. Default fail-safe guidance is do not eat.,low,"[{""purpose"": ""taxonomy"", ""source_id"": ""usda-plants"", ""url"": ""https://plants.usda.gov/plant-profile/SESA""}, {""purpose"": ""future human review"", ""source_id"": ""naeb"", ""status"": ""not_checked""}]",true
usda:SESE6,Sedum sexangulare,"[""tasteless stonecrop""]",unknown,do_not_eat,,[],Unreviewed record. Default fail-safe guidance is do not eat.,low,"[{""purpose"": ""taxonomy"", ""source_id"": ""usda-plants"", ""url"": ""https://plants.usda.gov/plant-profile/SESE6""}, {""purpose"": ""future human review"", ""source_id"": ""naeb"", ""status"": ""not_checked""}]",true
usda:SESP,Sedum spathulifolium,"[""broadleaf stonecrop""]",unknown,do_not_eat,,[],Unreviewed record. Default fail-safe guidance is do not eat.,low,"[{""purpose"": ""taxonomy"", ""source_id"": ""usda-plants"", ""url"": ""https://plants.usda.gov/plant-profile/SESP""}, {""purpose"": ""future human review"", ""source_id"": ""naeb"", ""status"": ""not_checked""}]",true
usda:SETE3,Sedum ternatum,"[""woodland stonecrop""]",unknown,do_not_eat,,[],Unreviewed record. Default fail-safe guidance is do not eat.,low,"[{""purpose"": ""taxonomy"", ""source_id"": ""usda-plants"", ""url"": ""https://plants.usda.gov/plant-profile/SETE3""}, {""purpose"": ""future human review"", ""source_id"": ""naeb"", ""status"": ""not_checked""}]",true
usda:SEVI6,Sedum villosum,"[""purple stonecrop""]",unknown,do_not_eat,,[],Unreviewed record. Default fail-safe guidance is do not eat.,low,"[{""purpose"": ""taxonomy"", ""source_id"": ""usda-plants"", ""url"": ""https://plants.usda.gov/plant-profile/SEVI6""}, {""purpose"": ""future human review"", ""source_id"": ""naeb"", ""status"": ""not_checked""}]",true
usda:SEGR10,Selenicereus grandiflorus,"[""queen of the night""]",unknown,do_not_eat,,[],Unreviewed record. Default fail-safe guidance is do not eat.,low,"[{""purpose"": ""taxonomy"", ""source_id"": ""usda-plants"", ""url"": ""https://plants.usda.gov/plant-profile/SEGR10""}, {""purpose"": ""future human review"", ""source_id"": ""naeb"", ""status"": ""not_checked""}]",true
usda:SEBE2,Senegalia berlandieri,"[""guajillo""]",unknown,do_not_eat,,[],Unreviewed record. Default fail-safe guidance is do not eat.,low,"[{""purpose"": ""taxonomy"", ""source_id"": ""usda-plants"", ""url"": ""https://plants.usda.gov/plant-profile/SEBE2""}, {""purpose"": ""future human review"", ""source_id"": ""naeb"", ""status"": ""not_checked""}]",true
usda:SEME9,Senegalia mellifera,[],unknown,do_not_eat,,[],Unreviewed record. Default fail-safe guidance is do not eat.,low,"[{""purpose"": ""taxonomy"", ""source_id"": ""usda-plants"", ""url"": ""https://plants.usda.gov/plant-profile/SEME9""}, {""purpose"": ""future human review"", ""source_id"": ""naeb"", ""status"": ""not_checked""}]",true
usda:SESE16,Senegalia senegal,"[""gum arabic""]",unknown,do_not_eat,,[],Unreviewed record. Default fail-safe guidance is do not eat.,low,"[{""purpose"": ""taxonomy"", ""source_id"": ""usda-plants"", ""url"": ""https://plants.usda.gov/plant-profile/SESE16""}, {""purpose"": ""future human review"", ""source_id"": ""naeb"", ""status"": ""not_checked""}]",true
usda:SMAS,Smilax aspera,"[""rough bindweed""]",unknown,do_not_eat,,[],Unreviewed record. Default fail-safe guidance is do not eat.,low,"[{""purpose"": ""taxonomy"", ""source_id"": ""usda-plants"", ""url"": ""https://plants.usda.gov/plant-profile/SMAS""}, {""purpose"": ""future human review"", ""source_id"": ""naeb"", ""status"": ""not_checked""}]",true
usda:SMBO2,Smilax bona-nox,"[""saw greenbrier""]",unknown,do_not_eat,,[],Unreviewed record. Default fail-safe guidance is do not eat.,low,"[{""purpose"": ""taxonomy"", ""source_id"": ""usda-plants"", ""url"": ""https://plants.usda.gov/plant-profile/SMBO2""}, {""purpose"": ""future human review"", ""source_id"": ""naeb"", ""status"": ""not_checked""}]",true
usda:SMCH,Smilax china,"[""China root""]",unknown,do_not_eat,,[],Unreviewed record. Default fail-safe guidance is do not eat.,low,"[{""purpose"": ""taxonomy"", ""source_id"": ""usda-plants"", ""url"": ""https://plants.usda.gov/plant-profile/SMCH""}, {""purpose"": ""future human review"", ""source_id"": ""naeb"", ""status"": ""not_checked""}]",true
usda:SMGL,Smilax glauca,"[""cat greenbrier""]",unknown,do_not_eat,,[],Unreviewed record. Default fail-safe guidance is do not eat.,low,"[{""purpose"": ""taxonomy"", ""source_id"": ""usda-plants"", ""url"": ""https://plants.usda.gov/plant-profile/SMGL""}, {""purpose"": ""future human review"", ""source_id"": ""naeb"", ""status"": ""not_checked""}]",true
usda:SMHE,Smilax herbacea,"[""smooth carrionflower""]",unknown,do_not_eat,,[],Unreviewed record. Default fail-safe guidance is do not eat.,low,"[{""purpose"": ""taxonomy"", ""source_id"": ""usda-plants"", ""url"": ""https://plants.usda.gov/plant-profile/SMHE""}, {""purpose"": ""future human review"", ""source_id"": ""naeb"", ""status"": ""not_checked""}]",true
usda:SMLA,Smilax laurifolia,"[""laurel greenbrier""]",unknown,do_not_eat,,[],Unreviewed record. Default fail-safe guidance is do not eat.,low,"[{""purpose"": ""taxonomy"", ""source_id"": ""usda-plants"", ""url"": ""https://plants.usda.gov/plant-profile/SMLA""}, {""purpose"": ""future human review"", ""source_id"": ""naeb"", ""status"": ""not_checked""}]",true
usda:SMRO,Smilax rotundifolia,"[""roundleaf greenbrier""]",unknown,do_not_eat,,[],Unreviewed record. Default fail-safe guidance is do not eat.,low,"[{""purpose"": ""taxonomy"", ""source_id"": ""usda-plants"", ""url"": ""https://plants.usda.gov/plant-profile/SMRO""}, {""purpose"": ""future human review"", ""source_id"": ""naeb"", ""status"": ""not_checked""}]",true
usda:SMTA2,Smilax tamnoides,"[""bristly greenbrier""]",unknown,do_not_eat,,[],Unreviewed record. Default fail-safe guidance is do not eat.,low,"[{""purpose"": ""taxonomy"", ""source_id"": ""usda-plants"", ""url"": ""https://plants.usda.gov/plant-profile/SMTA2""}, {""purpose"": ""future human review"", ""source_id"": ""naeb"", ""status"": ""not_checked""}]",true
usda:SODU,Solanum dulcamara,"[""climbing nightshade""]",unknown,do_not_eat,,[],Unreviewed record. Default fail-safe guidance is do not eat.,low,"[{""purpose"": ""taxonomy"", ""source_id"": ""usda-plants"", ""url"": ""https://plants.usda.gov/plant-profile/SODU""}, {""purpose"": ""future human review"", ""source_id"": ""naeb"", ""status"": ""not_checked""}]",true
usda:SPRU,Spergularia rubra,"[""red sandspurry""]",unknown,do_not_eat,,[],Unreviewed record. Default fail-safe guidance is do not eat.,low,"[{""purpose"": ""taxonomy"", ""source_id"": ""usda-plants"", ""url"": ""https://plants.usda.gov/plant-profile/SPRU""}, {""purpose"": ""future human review"", ""source_id"": ""naeb"", ""status"": ""not_checked""}]",true
usda:STPI,Stanleya pinnata,"[""desert princesplume""]",unknown,do_not_eat,,[],Unreviewed record. Default fail-safe guidance is do not eat.,low,"[{""purpose"": ""taxonomy"", ""source_id"": ""usda-plants"", ""url"": ""https://plants.usda.gov/plant-profile/STPI""}, {""purpose"": ""future human review"", ""source_id"": ""naeb"", ""status"": ""not_checked""}]",true
usda:STVE,Stemodia verticillata,"[""whorled twintip""]",unknown,do_not_eat,,[],Unreviewed record. Default fail-safe guidance is do not eat.,low,"[{""purpose"": ""taxonomy"", ""source_id"": ""usda-plants"", ""url"": ""https://plants.usda.gov/plant-profile/STVE""}, {""purpose"": ""future human review"", ""source_id"": ""naeb"", ""status"": ""not_checked""}]",true
usda:STAS2,Striga asiatica,"[""Asiatic witchweed"", ""ngauldruda  (Palau)""]",unknown,do_not_eat,,[],Unreviewed record. Default fail-safe guidance is do not eat.,low,"[{""purpose"": ""taxonomy"", ""source_id"": ""usda-plants"", ""url"": ""https://plants.usda.gov/plant-profile/STAS2""}, {""purpose"": ""future human review"", ""source_id"": ""naeb"", ""status"": ""not_checked""}]",true
usda:TAER,Tagetes erecta,"[""Aztec marigold""]",unknown,do_not_eat,,[],Unreviewed record. Default fail-safe guidance is do not eat.,low,"[{""purpose"": ""taxonomy"", ""source_id"": ""usda-plants"", ""url"": ""https://plants.usda.gov/plant-profile/TAER""}, {""purpose"": ""future human review"", ""source_id"": ""naeb"", ""status"": ""not_checked""}]",true
usda:TALE,Tagetes lemmonii,"[""Lemmon's marigold""]",unknown,do_not_eat,,[],Unreviewed record. Default fail-safe guidance is do not eat.,low,"[{""purpose"": ""taxonomy"", ""source_id"": ""usda-plants"", ""url"": ""https://plants.usda.gov/plant-profile/TALE""}, {""purpose"": ""future human review"", ""source_id"": ""naeb"", ""status"": ""not_checked""}]",true
usda:TALU3,Tagetes lucida,"[""sweetscented marigold""]",unknown,do_not_eat,,[],Unreviewed record. Default fail-safe guidance is do not eat.,low,"[{""purpose"": ""taxonomy"", ""source_id"": ""usda-plants"", ""url"": ""https://plants.usda.gov/plant-profile/TALU3""}, {""purpose"": ""future human review"", ""source_id"": ""naeb"", ""status"": ""not_checked""}]",true
usda:TAMI3,Tagetes minuta,"[""muster John Henry""]",unknown,do_not_eat,,[],Unreviewed record. Default fail-safe guidance is do not eat.,low,"[{""purpose"": ""taxonomy"", ""source_id"": ""usda-plants"", ""url"": ""https://plants.usda.gov/plant-profile/TAMI3""}, {""purpose"": ""future human review"", ""source_id"": ""naeb"", ""status"": ""not_checked""}]",true
usda:TAPA,Tagetes patula,"[""French marigold""]",unknown,do_not_eat,,[],Unreviewed record. Default fail-safe guidance is do not eat.,low,"[{""purpose"": ""taxonomy"", ""source_id"": ""usda-plants"", ""url"": ""https://plants.usda.gov/plant-profile/TAPA""}, {""purpose"": ""future human review"", ""source_id"": ""naeb"", ""status"": ""not_checked""}]",true
usda:TEAR7,Tetraclinis articulata,"[""arar tree""]",unknown,do_not_eat,,[],Unreviewed record. Default fail-safe guidance is do not eat.,low,"[{""purpose"": ""taxonomy"", ""source_id"": ""usda-plants"", ""url"": ""https://plants.usda.gov/plant-profile/TEAR7""}, {""purpose"": ""future human review"", ""source_id"": ""naeb"", ""status"": ""not_checked""}]",true
usda:THQU2,Thelypteris quelpaertensis,"[""queen's-veil maiden fern""]",unknown,do_not_eat,,[],Unreviewed record. Default fail-safe guidance is do not eat.,low,"[{""purpose"": ""taxonomy"", ""source_id"": ""usda-plants"", ""url"": ""https://plants.usda.gov/plant-profile/THQU2""}, {""purpose"": ""future human review"", ""source_id"": ""naeb"", ""status"": ""not_checked""}]",true
usda:THLI3,Thesium linophyllon,"[""flaxleaf""]",unknown,do_not_eat,,[],Unreviewed record. Default fail-safe guidance is do not eat.,low,"[{""purpose"": ""taxonomy"", ""source_id"": ""usda-plants"", ""url"": ""https://plants.usda.gov/plant-profile/THLI3""}, {""purpose"": ""future human review"", ""source_id"": ""naeb"", ""status"": ""not_checked""}]",true
usda:TODI,Toxicodendron diversilobum,"[""Pacific poison oak""]",unknown,do_not_eat,,[],Unreviewed record. Default fail-safe guidance is do not eat.,low,"[{""purpose"": ""taxonomy"", ""source_id"": ""usda-plants"", ""url"": ""https://plants.usda.gov/plant-profile/TODI""}, {""purpose"": ""future human review"", ""source_id"": ""naeb"", ""status"": ""not_checked""}]",true
usda:TORA2,Toxicodendron radicans,"[""eastern poison ivy""]",unknown,do_not_eat,,[],Unreviewed record. Default fail-safe guidance is do not eat.,low,"[{""purpose"": ""taxonomy"", ""source_id"": ""usda-plants"", ""url"": ""https://plants.usda.gov/plant-profile/TORA2""}, {""purpose"": ""future human review"", ""source_id"": ""naeb"", ""status"": ""not_checked""}]",true
usda:TOVE,Toxicodendron vernix,"[""poison sumac""]",unknown,do_not_eat,,[],Unreviewed record. Default fail-safe guidance is do not eat.,low,"[{""purpose"": ""taxonomy"", ""source_id"": ""usda-plants"", ""url"": ""https://plants.usda.gov/plant-profile/TOVE""}, {""purpose"": ""future human review"", ""source_id"": ""naeb"", ""status"": ""not_checked""}]",true
usda:TRJA,Trachelospermum jasminoides,"[""confederate jasmine""]",unknown,do_not_eat,,[],Unreviewed record. Default fail-safe guidance is do not eat.,low,"[{""purpose"": ""taxonomy"", ""source_id"": ""usda-plants"", ""url"": ""https://plants.usda.gov/plant-profile/TRJA""}, {""purpose"": ""future human review"", ""source_id"": ""naeb"", ""status"": ""not_checked""}]",true
usda:TRCR13,Tradescantia crassifolia,"[""leatherleaf spiderwort""]",unknown,do_not_eat,,[],Unreviewed record. Default fail-safe guidance is do not eat.,low,"[{""purpose"": ""taxonomy"", ""source_id"": ""usda-plants"", ""url"": ""https://plants.usda.gov/plant-profile/TRCR13""}, {""purpose"": ""future human review"", ""source_id"": ""naeb"", ""status"": ""not_checked""}]",true
usda:TRFL,Tradescantia fluminensis,"[""small-leaf spiderwort""]",unknown,do_not_eat,,[],Unreviewed record. Default fail-safe guidance is do not eat.,low,"[{""purpose"": ""taxonomy"", ""source_id"": ""usda-plants"", ""url"": ""https://plants.usda.gov/plant-profile/TRFL""}, {""purpose"": ""future human review"", ""source_id"": ""naeb"", ""status"": ""not_checked""}]",true
usda:TROC,Tradescantia occidentalis,"[""prairie spiderwort""]",unknown,do_not_eat,,[],Unreviewed record. Default fail-safe guidance is do not eat.,low,"[{""purpose"": ""taxonomy"", ""source_id"": ""usda-plants"", ""url"": ""https://plants.usda.gov/plant-profile/TROC""}, {""purpose"": ""future human review"", ""source_id"": ""naeb"", ""status"": ""not_checked""}]",true
usda:TROH,Tradescantia ohiensis,"[""bluejacket""]",unknown,do_not_eat,,[],Unreviewed record. Default fail-safe guidance is do not eat.,low,"[{""purpose"": ""taxonomy"", ""source_id"": ""usda-plants"", ""url"": ""https://plants.usda.gov/plant-profile/TROH""}, {""purpose"": ""future human review"", ""source_id"": ""naeb"", ""status"": ""not_checked""}]",true
usda:TRPA10,Tradescantia pallida,"[""purple queen""]",unknown,do_not_eat,,[],Unreviewed record. Default fail-safe guidance is do not eat.,low,"[{""purpose"": ""taxonomy"", ""source_id"": ""usda-plants"", ""url"": ""https://plants.usda.gov/plant-profile/TRPA10""}, {""purpose"": ""future human review"", ""source_id"": ""naeb"", ""status"": ""not_checked""}]",true
usda:TRSP8,Tradescantia spathacea,"[""boatlily""]",unknown,do_not_eat,,[],Unreviewed record. Default fail-safe guidance is do not eat.,low,"[{""purpose"": ""taxonomy"", ""source_id"": ""usda-plants"", ""url"": ""https://plants.usda.gov/plant-profile/TRSP8""}, {""purpose"": ""future human review"", ""source_id"": ""naeb"", ""status"": ""not_checked""}]",true
usda:TRSU2,Tradescantia subaspera,"[""zigzag spiderwort""]",unknown,do_not_eat,,[],Unreviewed record. Default fail-safe guidance is do not eat.,low,"[{""purpose"": ""taxonomy"", ""source_id"": ""usda-plants"", ""url"": ""https://plants.usda.gov/plant-profile/TRSU2""}, {""purpose"": ""future human review"", ""source_id"": ""naeb"", ""status"": ""not_checked""}]",true
usda:TRVI,Tradescantia virginiana,"[""Virginia spiderwort""]",unknown,do_not_eat,,[],Unreviewed record. Default fail-safe guidance is do not eat.,low,"[{""purpose"": ""taxonomy"", ""source_id"": ""usda-plants"", ""url"": ""https://plants.usda.gov/plant-profile/TRVI""}, {""purpose"": ""future human review"", ""source_id"": ""naeb"", ""status"": ""not_checked""}]",true
usda:TRZE,Tradescantia zebrina,"[""inchplant""]",unknown,do_not_eat,,[],Unreviewed record. Default fail-safe guidance is do not eat.,low,"[{""purpose"": ""taxonomy"", ""source_id"": ""usda-plants"", ""url"": ""https://plants.usda.gov/plant-profile/TRZE""}, {""purpose"": ""future human review"", ""source_id"": ""naeb"", ""status"": ""not_checked""}]",true
usda:TRSE6,Triadica sebifera,"[""Chinese tallow""]",unknown,do_not_eat,,[],Unreviewed record. Default fail-safe guidance is do not eat.,low,"[{""purpose"": ""taxonomy"", ""source_id"": ""usda-plants"", ""url"": ""https://plants.usda.gov/plant-profile/TRSE6""}, {""purpose"": ""future human review"", ""source_id"": ""naeb"", ""status"": ""not_checked""}]",true
usda:TRAL6,Trifolium alexandrinum,"[""Egyptian clover"", ""berseem clover""]",unknown,do_not_eat,,[],Unreviewed record. Default fail-safe guidance is do not eat.,low,"[{""purpose"": ""taxonomy"", ""source_id"": ""usda-plants"", ""url"": ""https://plants.usda.gov/plant-profile/TRAL6""}, {""purpose"": ""future human review"", ""source_id"": ""naeb"", ""status"": ""not_checked""}]",true
usda:TRAL10,Trifolium alpestre,"[""owl-head clover"", ""purple-globe clover""]",unknown,do_not_eat,,[],Unreviewed record. Default fail-safe guidance is do not eat.,low,"[{""purpose"": ""taxonomy"", ""source_id"": ""usda-plants"", ""url"": ""https://plants.usda.gov/plant-profile/TRAL10""}, {""purpose"": ""future human review"", ""source_id"": ""naeb"", ""status"": ""not_checked""}]",true
usda:TRAL11,Trifolium alpinum,"[""alpine clover""]",unknown,do_not_eat,,[],Unreviewed record. Default fail-safe guidance is do not eat.,low,"[{""purpose"": ""taxonomy"", ""source_id"": ""usda-plants"", ""url"": ""https://plants.usda.gov/plant-profile/TRAL11""}, {""purpose"": ""future human review"", ""source_id"": ""naeb"", ""status"": ""not_checked""}]",true
usda:TRAN6,Trifolium angustifolium,"[""narrowleaf crimson clover""]",unknown,do_not_eat,,[],Unreviewed record. Default fail-safe guidance is do not eat.,low,"[{""purpose"": ""taxonomy"", ""source_id"": ""usda-plants"", ""url"": ""https://plants.usda.gov/plant-profile/TRAN6""}, {""purpose"": ""future human review"", ""source_id"": ""naeb"", ""status"": ""not_checked""}]",true
usda:TRAR4,Trifolium arvense,"[""rabbitfoot clover""]",unknown,do_not_eat,,[],Unreviewed record. Default fail-safe guidance is do not eat.,low,"[{""purpose"": ""taxonomy"", ""source_id"": ""usda-plants"", ""url"": ""https://plants.usda.gov/plant-profile/TRAR4""}, {""purpose"": ""future human review"", ""source_id"": ""naeb"", ""status"": ""not_checked""}]",true
usda:TRAU2,Trifolium aureum,"[""golden clover""]",unknown,do_not_eat,,[],Unreviewed record. Default fail-safe guidance is do not eat.,low,"[{""purpose"": ""taxonomy"", ""source_id"": ""usda-plants"", ""url"": ""https://plants.usda.gov/plant-profile/TRAU2""}, {""purpose"": ""future human review"", ""source_id"": ""naeb"", ""status"": ""not_checked""}]",true
usda:TRBA7,Trifolium badium,[],unknown,do_not_eat,,[],Unreviewed record. Default fail-safe guidance is do not eat.,low,"[{""purpose"": ""taxonomy"", ""source_id"": ""usda-plants"", ""url"": ""https://plants.usda.gov/plant-profile/TRBA7""}, {""purpose"": ""future human review"", ""source_id"": ""naeb"", ""status"": ""not_checked""}]",true
usda:TRCA5,Trifolium campestre,"[""field clover""]",unknown,do_not_eat,,[],Unreviewed record. Default fail-safe guidance is do not eat.,low,"[{""purpose"": ""taxonomy"", ""source_id"": ""usda-plants"", ""url"": ""https://plants.usda.gov/plant-profile/TRCA5""}, {""purpose"": ""future human review"", ""source_id"": ""naeb"", ""status"": ""not_checked""}]",true
usda:TRCH6,Trifolium cherleri,[],unknown,do_not_eat,,[],Unreviewed record. Default fail-safe guidance is do not eat.,low,"[{""purpose"": ""taxonomy"", ""source_id"": ""usda-plants"", ""url"": ""https://plants.usda.gov/plant-profile/TRCH6""}, {""purpose"": ""future human review"", ""source_id"": ""naeb"", ""status"": ""not_checked""}]",true
usda:TRDU2,Trifolium dubium,"[""suckling clover""]",unknown,do_not_eat,,[],Unreviewed record. Default fail-safe guidance is do not eat.,low,"[{""purpose"": ""taxonomy"", ""source_id"": ""usda-plants"", ""url"": ""https://plants.usda.gov/plant-profile/TRDU2""}, {""purpose"": ""future human review"", ""source_id"": ""naeb"", ""status"": ""not_checked""}]",true
usda:TRFR2,Trifolium fragiferum,"[""strawberry clover""]",unknown,do_not_eat,,[],Unreviewed record. Default fail-safe guidance is do not eat.,low,"[{""purpose"": ""taxonomy"", ""source_id"": ""usda-plants"", ""url"": ""https://plants.usda.gov/plant-profile/TRFR2""}, {""purpose"": ""future human review"", ""source_id"": ""naeb"", ""status"": ""not_checked""}]",true
usda:TRGL4,Trifolium glomeratum,"[""clustered clover""]",unknown,do_not_eat,,[],Unreviewed record. Default fail-safe guidance is do not eat.,low,"[{""purpose"": ""taxonomy"", ""source_id"": ""usda-plants"", ""url"": ""https://plants.usda.gov/plant-profile/TRGL4""}, {""purpose"": ""future human review"", ""source_id"": ""naeb"", ""status"": ""not_checked""}]",true
usda:TRHI4,Trifolium hirtum,"[""rose clover""]",unknown,do_not_eat,,[],Unreviewed record. Default fail-safe guidance is do not eat.,low,"[{""purpose"": ""taxonomy"", ""source_id"": ""usda-plants"", ""url"": ""https://plants.usda.gov/plant-profile/TRHI4""}, {""purpose"": ""future human review"", ""source_id"": ""naeb"", ""status"": ""not_checked""}]",true
usda:TRHY,Trifolium hybridum,"[""alsike clover""]",unknown,do_not_eat,,[],Unreviewed record. Default fail-safe guidance is do not eat.,low,"[{""purpose"": ""taxonomy"", ""source_id"": ""usda-plants"", ""url"": ""https://plants.usda.gov/plant-profile/TRHY""}, {""purpose"": ""future human review"", ""source_id"": ""naeb"", ""status"": ""not_checked""}]",true
usda:TRIN3,Trifolium incarnatum,"[""crimson clover""]",unknown,do_not_eat,,[],Unreviewed record. Default fail-safe guidance is do not eat.,low,"[{""purpose"": ""taxonomy"", ""source_id"": ""usda-plants"", ""url"": ""https://plants.usda.gov/plant-profile/TRIN3""}, {""purpose"": ""future human review"", ""source_id"": ""naeb"", ""status"": ""not_checked""}]",true
usda:TRLA18,Trifolium lappaceum,"[""burdock clover""]",unknown,do_not_eat,,[],Unreviewed record. Default fail-safe guidance is do not eat.,low,"[{""purpose"": ""taxonomy"", ""source_id"": ""usda-plants"", ""url"": ""https://plants.usda.gov/plant-profile/TRLA18""}, {""purpose"": ""future human review"", ""source_id"": ""naeb"", ""status"": ""not_checked""}]",true
usda:TRME,Trifolium medium,"[""zigzag clover""]",unknown,do_not_eat,,[],Unreviewed record. Default fail-safe guidance is do not eat.,low,"[{""purpose"": ""taxonomy"", ""source_id"": ""usda-plants"", ""url"": ""https://plants.usda.gov/plant-profile/TRME""}, {""purpose"": ""future human review"", ""source_id"": ""naeb"", ""status"": ""not_checked""}]",true
usda:TRMI14,Trifolium michelianum,"[""bigflower clover""]",unknown,do_not_eat,,[],Unreviewed record. Default fail-safe guidance is do not eat.,low,"[{""purpose"": ""taxonomy"", ""source_id"": ""usda-plants"", ""url"": ""https://plants.usda.gov/plant-profile/TRMI14""}, {""purpose"": ""future human review"", ""source_id"": ""naeb"", ""status"": ""not_checked""}]",true
usda:TRMI17,Trifolium micranthum,"[""slender hop clover""]",unknown,do_not_eat,,[],Unreviewed record. Default fail-safe guidance is do not eat.,low,"[{""purpose"": ""taxonomy"", ""source_id"": ""usda-plants"", ""url"": ""https://plants.usda.gov/plant-profile/TRMI17""}, {""purpose"": ""future human review"", ""source_id"": ""naeb"", ""status"": ""not_checked""}]",true
usda:TRMO19,Trifolium montanum,"[""mountain clover""]",unknown,do_not_eat,,[],Unreviewed record. Default fail-safe guidance is do not eat.,low,"[{""purpose"": ""taxonomy"", ""source_id"": ""usda-plants"", ""url"": ""https://plants.usda.gov/plant-profile/TRMO19""}, {""purpose"": ""future human review"", ""source_id"": ""naeb"", ""status"": ""not_checked""}]",true
usda:TRNI3,Trifolium nigrescens,"[""small white clover""]",unknown,do_not_eat,,[],Unreviewed record. Default fail-safe guidance is do not eat.,low,"[{""purpose"": ""taxonomy"", ""source_id"": ""usda-plants"", ""url"": ""https://plants.usda.gov/plant-profile/TRNI3""}, {""purpose"": ""future human review"", ""source_id"": ""naeb"", ""status"": ""not_checked""}]",true
usda:TRPA20,Trifolium pallescens,[],unknown,do_not_eat,,[],Unreviewed record. Default fail-safe guidance is do not eat.,low,"[{""purpose"": ""taxonomy"", ""source_id"": ""usda-plants"", ""url"": ""https://plants.usda.gov/plant-profile/TRPA20""}, {""purpose"": ""future human review"", ""source_id"": ""naeb"", ""status"": ""not_checked""}]",true
usda:TRPA22,Trifolium pannonicum,"[""Hungarian clover""]",unknown,do_not_eat,,[],Unreviewed record. Default fail-safe guidance is do not eat.,low,"[{""purpose"": ""taxonomy"", ""source_id"": ""usda-plants"", ""url"": ""https://plants.usda.gov/plant-profile/TRPA22""}, {""purpose"": ""future human review"", ""source_id"": ""naeb"", ""status"": ""not_checked""}]",true
usda:TRPA24,Trifolium patens,[],unknown,do_not_eat,,[],Unreviewed record. Default fail-safe guidance is do not eat.,low,"[{""purpose"": ""taxonomy"", ""source_id"": ""usda-plants"", ""url"": ""https://plants.usda.gov/plant-profile/TRPA24""}, {""purpose"": ""future human review"", ""source_id"": ""naeb"", ""status"": ""not_checked""}]",true
usda:TRPR2,Trifolium pratense,"[""red clover""]",unknown,do_not_eat,,[],Unreviewed record. Default fail-safe guidance is do not eat.,low,"[{""purpose"": ""taxonomy"", ""source_id"": ""usda-plants"", ""url"": ""https://plants.usda.gov/plant-profile/TRPR2""}, {""purpose"": ""future human review"", ""source_id"": ""naeb"", ""status"": ""not_checked""}]",true
usda:TRPU15,Trifolium purpureum,"[""purple clover""]",unknown,do_not_eat,,[],Unreviewed record. Default fail-safe guidance is do not eat.,low,"[{""purpose"": ""taxonomy"", ""source_id"": ""usda-plants"", ""url"": ""https://plants.usda.gov/plant-profile/TRPU15""}, {""purpose"": ""future human review"", ""source_id"": ""naeb"", ""status"": ""not_checked""}]",true
usda:TRRE3,Trifolium repens,"[""white clover"", ""Dutch clover"", ""ladino clover"", ""white Dutch clover""]",unknown,do_not_eat,,[],Unreviewed record. Default fail-safe guidance is do not eat.,low,"[{""purpose"": ""taxonomy"", ""source_id"": ""usda-plants"", ""url"": ""https://plants.usda.gov/plant-profile/TRRE3""}, {""purpose"": ""future human review"", ""source_id"": ""naeb"", ""status"": ""not_checked""}]",true
usda:TRRE4,Trifolium resupinatum,"[""reversed clover""]",unknown,do_not_eat,,[],Unreviewed record. Default fail-safe guidance is do not eat.,low,"[{""purpose"": ""taxonomy"", ""source_id"": ""usda-plants"", ""url"": ""https://plants.usda.gov/plant-profile/TRRE4""}, {""purpose"": ""future human review"", ""source_id"": ""naeb"", ""status"": ""not_checked""}]",true
usda:TRRU9,Trifolium rubens,[],unknown,do_not_eat,,[],Unreviewed record. Default fail-safe guidance is do not eat.,low,"[{""purpose"": ""taxonomy"", ""source_id"": ""usda-plants"", ""url"": ""https://plants.usda.gov/plant-profile/TRRU9""}, {""purpose"": ""future human review"", ""source_id"": ""naeb"", ""status"": ""not_checked""}]",true
usda:TRSC7,Trifolium scabrum,"[""rough clover""]",unknown,do_not_eat,,[],Unreviewed record. Default fail-safe guidance is do not eat.,low,"[{""purpose"": ""taxonomy"", ""source_id"": ""usda-plants"", ""url"": ""https://plants.usda.gov/plant-profile/TRSC7""}, {""purpose"": ""future human review"", ""source_id"": ""naeb"", ""status"": ""not_checked""}]",true
usda:TRSP10,Trifolium spadiceum,"[""brown moor clover""]",unknown,do_not_eat,,[],Unreviewed record. Default fail-safe guidance is do not eat.,low,"[{""purpose"": ""taxonomy"", ""source_id"": ""usda-plants"", ""url"": ""https://plants.usda.gov/plant-profile/TRSP10""}, {""purpose"": ""future human review"", ""source_id"": ""naeb"", ""status"": ""not_checked""}]",true
usda:TRSP82,Trifolium spumosum,"[""Mediterranean clover""]",unknown,do_not_eat,,[],Unreviewed record. Default fail-safe guidance is do not eat.,low,"[{""purpose"": ""taxonomy"", ""source_id"": ""usda-plants"", ""url"": ""https://plants.usda.gov/plant-profile/TRSP82""}, {""purpose"": ""future human review"", ""source_id"": ""naeb"", ""status"": ""not_checked""}]",true
usda:TRSQ,Trifolium squamosum,"[""sea clover""]",unknown,do_not_eat,,[],Unreviewed record. Default fail-safe guidance is do not eat.,low,"[{""purpose"": ""taxonomy"", ""source_id"": ""usda-plants"", ""url"": ""https://plants.usda.gov/plant-profile/TRSQ""}, {""purpose"": ""future human review"", ""source_id"": ""naeb"", ""status"": ""not_checked""}]",true
usda:TRST13,Trifolium stellatum,"[""star clover"", ""starry clover""]",unknown,do_not_eat,,[],Unreviewed record. Default fail-safe guidance is do not eat.,low,"[{""purpose"": ""taxonomy"", ""source_id"": ""usda-plants"", ""url"": ""https://plants.usda.gov/plant-profile/TRST13""}, {""purpose"": ""future human review"", ""source_id"": ""naeb"", ""status"": ""not_checked""}]",true
usda:TRST5,Trifolium striatum,"[""knotted clover""]",unknown,do_not_eat,,[],Unreviewed record. Default fail-safe guidance is do not eat.,low,"[{""purpose"": ""taxonomy"", ""source_id"": ""usda-plants"", ""url"": ""https://plants.usda.gov/plant-profile/TRST5""}, {""purpose"": ""future human review"", ""source_id"": ""naeb"", ""status"": ""not_checked""}]",true
usda:TRSU3,Trifolium subterraneum,"[""subterranean clover"", ""sub clover""]",unknown,do_not_eat,,[],Unreviewed record. Default fail-safe guidance is do not eat.,low,"[{""purpose"": ""taxonomy"", ""source_id"": ""usda-plants"", ""url"": ""https://plants.usda.gov/plant-profile/TRSU3""}, {""purpose"": ""future human review"", ""source_id"": ""naeb"", ""status"": ""not_checked""}]",true
usda:TRTH4,Trifolium thalii,[],unknown,do_not_eat,,[],Unreviewed record. Default fail-safe guidance is do not eat.,low,"[{""purpose"": ""taxonomy"", ""source_id"": ""usda-plants"", ""url"": ""https://plants.usda.gov/plant-profile/TRTH4""}, {""purpose"": ""future human review"", ""source_id"": ""naeb"", ""status"": ""not_checked""}]",true
usda:TRTO4,Trifolium tomentosum,"[""woolly clover""]",unknown,do_not_eat,,[],Unreviewed record. Default fail-safe guidance is do not eat.,low,"[{""purpose"": ""taxonomy"", ""source_id"": ""usda-plants"", ""url"": ""https://plants.usda.gov/plant-profile/TRTO4""}, {""purpose"": ""future human review"", ""source_id"": ""naeb"", ""status"": ""not_checked""}]",true
usda:TRMA6,Trimezia martinicensis,"[""Martinique trimezia""]",unknown,do_not_eat,,[],Unreviewed record. Default fail-safe guidance is do not eat.,low,"[{""purpose"": ""taxonomy"", ""source_id"": ""usda-plants"", ""url"": ""https://plants.usda.gov/plant-profile/TRMA6""}, {""purpose"": ""future human review"", ""source_id"": ""naeb"", ""status"": ""not_checked""}]",true
usda:TSCA,Tsuga canadensis,"[""eastern hemlock""]",unknown,do_not_eat,,[],Unreviewed record. Default fail-safe guidance is do not eat.,low,"[{""purpose"": ""taxonomy"", ""source_id"": ""usda-plants"", ""url"": ""https://plants.usda.gov/plant-profile/TSCA""}, {""purpose"": ""future human review"", ""source_id"": ""naeb"", ""status"": ""not_checked""}]",true
usda:TYAN,Typha angustifolia,"[""narrowleaf cattail""]",unknown,do_not_eat,,[],Unreviewed record. Default fail-safe guidance is do not eat.,low,"[{""purpose"": ""taxonomy"", ""source_id"": ""usda-plants"", ""url"": ""https://plants.usda.gov/plant-profile/TYAN""}, {""purpose"": ""future human review"", ""source_id"": ""naeb"", ""status"": ""not_checked""}]",true
usda:TYLA,Typha latifolia,"[""broadleaf cattail""]",unknown,do_not_eat,,[],Unreviewed record. Default fail-safe guidance is do not eat.,low,"[{""purpose"": ""taxonomy"", ""source_id"": ""usda-plants"", ""url"": ""https://plants.usda.gov/plant-profile/TYLA""}, {""purpose"": ""future human review"", ""source_id"": ""naeb"", ""status"": ""not_checked""}]",true
usda:URBA,Urera baccifera,"[""scratchbush""]",unknown,do_not_eat,,[],Unreviewed record. Default fail-safe guidance is do not eat.,low,"[{""purpose"": ""taxonomy"", ""source_id"": ""usda-plants"", ""url"": ""https://plants.usda.gov/plant-profile/URBA""}, {""purpose"": ""future human review"", ""source_id"": ""naeb"", ""status"": ""not_checked""}]",true
usda:URDI,Urtica dioica,"[""stinging nettle""]",unknown,do_not_eat,,[],Unreviewed record. Default fail-safe guidance is do not eat.,low,"[{""purpose"": ""taxonomy"", ""source_id"": ""usda-plants"", ""url"": ""https://plants.usda.gov/plant-profile/URDI""}, {""purpose"": ""future human review"", ""source_id"": ""naeb"", ""status"": ""not_checked""}]",true
usda:VAAN,Vaccinium angustifolium,"[""lowbush blueberry""]",unknown,do_not_eat,,[],Unreviewed record. Default fail-safe guidance is do not eat.,low,"[{""purpose"": ""taxonomy"", ""source_id"": ""usda-plants"", ""url"": ""https://plants.usda.gov/plant-profile/VAAN""}, {""purpose"": ""future human review"", ""source_id"": ""naeb"", ""status"": ""not_checked""}]",true
usda:VACO,Vaccinium corymbosum,"[""highbush blueberry""]",unknown,do_not_eat,,[],Unreviewed record. Default fail-safe guidance is do not eat.,low,"[{""purpose"": ""taxonomy"", ""source_id"": ""usda-plants"", ""url"": ""https://plants.usda.gov/plant-profile/VACO""}, {""purpose"": ""future human review"", ""source_id"": ""naeb"", ""status"": ""not_checked""}]",true
usda:VACA,Vachellia caven,"[""Roman-cassie"", ""espino cav\u00e1n""]",unknown,do_not_eat,,[],Unreviewed record. Default fail-safe guidance is do not eat.,low,"[{""purpose"": ""taxonomy"", ""source_id"": ""usda-plants"", ""url"": ""https://plants.usda.gov/plant-profile/VACA""}, {""purpose"": ""future human review"", ""source_id"": ""naeb"", ""status"": ""not_checked""}]",true
usda:VAFA,Vachellia farnesiana,"[""sweet acacia"", ""aroma"", ""klu"", ""kolu""]",unknown,do_not_eat,,[],Unreviewed record. Default fail-safe guidance is do not eat.,low,"[{""purpose"": ""taxonomy"", ""source_id"": ""usda-plants"", ""url"": ""https://plants.usda.gov/plant-profile/VAFA""}, {""purpose"": ""future human review"", ""source_id"": ""naeb"", ""status"": ""not_checked""}]",true
usda:VANI4,Vachellia nilotica,"[""Egyptian thorn"", ""gum arabic tree""]",unknown,do_not_eat,,[],Unreviewed record. Default fail-safe guidance is do not eat.,low,"[{""purpose"": ""taxonomy"", ""source_id"": ""usda-plants"", ""url"": ""https://plants.usda.gov/plant-profile/VANI4""}, {""purpose"": ""future human review"", ""source_id"": ""naeb"", ""status"": ""not_checked""}]",true
usda:VARI,Vachellia rigidula,"[""blackbrush acacia""]",unknown,do_not_eat,,[],Unreviewed record. Default fail-safe guidance is do not eat.,low,"[{""purpose"": ""taxonomy"", ""source_id"": ""usda-plants"", ""url"": ""https://plants.usda.gov/plant-profile/VARI""}, {""purpose"": ""future human review"", ""source_id"": ""naeb"", ""status"": ""not_checked""}]",true
usda:VASE,Vachellia seyal,"[""talh""]",unknown,do_not_eat,,[],Unreviewed record. Default fail-safe guidance is do not eat.,low,"[{""purpose"": ""taxonomy"", ""source_id"": ""usda-plants"", ""url"": ""https://plants.usda.gov/plant-profile/VASE""}, {""purpose"": ""future human review"", ""source_id"": ""naeb"", ""status"": ""not_checked""}]",true
usda:VATO,Vachellia tortilis,"[""umbrella thorn""]",unknown,do_not_eat,,[],Unreviewed record. Default fail-safe guidance is do not eat.,low,"[{""purpose"": ""taxonomy"", ""source_id"": ""usda-plants"", ""url"": ""https://plants.usda.gov/plant-profile/VATO""}, {""purpose"": ""future human review"", ""source_id"": ""naeb"", ""status"": ""not_checked""}]",true
usda:VATO2,Vachellia tortuosa,"[""poponax""]",unknown,do_not_eat,,[],Unreviewed record. Default fail-safe guidance is do not eat.,low,"[{""purpose"": ""taxonomy"", ""source_id"": ""usda-plants"", ""url"": ""https://plants.usda.gov/plant-profile/VATO2""}, {""purpose"": ""future human review"", ""source_id"": ""naeb"", ""status"": ""not_checked""}]",true
usda:VAXA,Vachellia xanthophloea,"[""fevertree""]",unknown,do_not_eat,,[],Unreviewed record. Default fail-safe guidance is do not eat.,low,"[{""purpose"": ""taxonomy"", ""source_id"": ""usda-plants"", ""url"": ""https://plants.usda.gov/plant-profile/VAXA""}, {""purpose"": ""future human review"", ""source_id"": ""naeb"", ""status"": ""not_checked""}]",true
usda:VAMA5,Vangueria madagascariensis,"[""voa vanga""]",unknown,do_not_eat,,[],Unreviewed record. Default fail-safe guidance is do not eat.,low,"[{""purpose"": ""taxonomy"", ""source_id"": ""usda-plants"", ""url"": ""https://plants.usda.gov/plant-profile/VAMA5""}, {""purpose"": ""future human review"", ""source_id"": ""naeb"", ""status"": ""not_checked""}]",true
usda:VAPL2,Vanilla planifolia,"[""vanilla""]",unknown,do_not_eat,,[],Unreviewed record. Default fail-safe guidance is do not eat.,low,"[{""purpose"": ""taxonomy"", ""source_id"": ""usda-plants"", ""url"": ""https://plants.usda.gov/plant-profile/VAPL2""}, {""purpose"": ""future human review"", ""source_id"": ""naeb"", ""status"": ""not_checked""}]",true
usda:VAPO2,Vanilla pompona,"[""West Indian vanilla""]",unknown,do_not_eat,,[],Unreviewed record. Default fail-safe guidance is do not eat.,low,"[{""purpose"": ""taxonomy"", ""source_id"": ""usda-plants"", ""url"": ""https://plants.usda.gov/plant-profile/VAPO2""}, {""purpose"": ""future human review"", ""source_id"": ""naeb"", ""status"": ""not_checked""}]",true
usda:VEPEX2,Veronica peregrina,"[""hairy purslane speedwell""]",unknown,do_not_eat,,[],Unreviewed record. Default fail-safe guidance is do not eat.,low,"[{""purpose"": ""taxonomy"", ""source_id"": ""usda-plants"", ""url"": ""https://plants.usda.gov/plant-profile/VEPEX2""}, {""purpose"": ""future human review"", ""source_id"": ""naeb"", ""status"": ""not_checked""}]",true
usda:WIUR,Wigandia urens,"[""Caracus wigandia""]",unknown,do_not_eat,,[],Unreviewed record. Default fail-safe guidance is do not eat.,low,"[{""purpose"": ""taxonomy"", ""source_id"": ""usda-plants"", ""url"": ""https://plants.usda.gov/plant-profile/WIUR""}, {""purpose"": ""future human review"", ""source_id"": ""naeb"", ""status"": ""not_checked""}]",true
usda:XYBI,Xylococcus bicolor,"[""mission manzanita""]",unknown,do_not_eat,,[],Unreviewed record. Default fail-safe guidance is do not eat.,low,"[{""purpose"": ""taxonomy"", ""source_id"": ""usda-plants"", ""url"": ""https://plants.usda.gov/plant-profile/XYBI""}, {""purpose"": ""future human review"", ""source_id"": ""naeb"", ""status"": ""not_checked""}]",true
usda:XYFR2,Xylopia frutescens,"[""pimientillo""]",unknown,do_not_eat,,[],Unreviewed record. Default fail-safe guidance is do not eat.,low,"[{""purpose"": ""taxonomy"", ""source_id"": ""usda-plants"", ""url"": ""https://plants.usda.gov/plant-profile/XYFR2""}, {""purpose"": ""future human review"", ""source_id"": ""naeb"", ""status"": ""not_checked""}]",true
usda:ZAFU,Zamia furfuracea,"[""cardboard palm""]",unknown,do_not_eat,,[],Unreviewed record. Default fail-safe guidance is do not eat.,low,"[{""purpose"": ""taxonomy"", ""source_id"": ""usda-plants"", ""url"": ""https://plants.usda.gov/plant-profile/ZAFU""}, {""purpose"": ""future human review"", ""source_id"": ""naeb"", ""status"": ""not_checked""}]",true
usda:ZAPU,Zamia pumila,"[""coontie""]",unknown,do_not_eat,,[],Unreviewed record. Default fail-safe guidance is do not eat.,low,"[{""purpose"": ""taxonomy"", ""source_id"": ""usda-plants"", ""url"": ""https://plants.usda.gov/plant-profile/ZAPU""}, {""purpose"": ""future human review"", ""source_id"": ""naeb"", ""status"": ""not_checked""}]",true
usda:ZAPA,Zannichellia palustris,"[""horned pondweed""]",unknown,do_not_eat,,[],Unreviewed record. Default fail-safe guidance is do not eat.,low,"[{""purpose"": ""taxonomy"", ""source_id"": ""usda-plants"", ""url"": ""https://plants.usda.gov/plant-profile/ZAPA""}, {""purpose"": ""future human review"", ""source_id"": ""naeb"", ""status"": ""not_checked""}]",true
usda:ZIGL,Zigadenus glaberrimus,"[""sandbog deathcamas""]",unknown,do_not_eat,,"[""Allium canadense"", ""Allium tricoccum""]",Unreviewed record. Default fail-safe guidance is do not eat.,low,"[{""purpose"": ""taxonomy"", ""source_id"": ""usda-plants"", ""url"": ""https://plants.usda.gov/plant-profile/ZIGL""}, {""purpose"": ""future human review"", ""source_id"": ""naeb"", ""status"": ""not_checked""}]",true
usda:ZIPA2,Zigadenus paniculatus,"[""foothill deathcamas""]",unknown,do_not_eat,,"[""Allium canadense"", ""Allium tricoccum""]",Unreviewed record. Default fail-safe guidance is do not eat.,low,"[{""purpose"": ""taxonomy"", ""source_id"": ""usda-plants"", ""url"": ""https://plants.usda.gov/plant-profile/ZIPA2""}, {""purpose"": ""future human review"", ""source_id"": ""naeb"", ""status"": ""not_checked""}]",true
usda:ZIVE,Zigadenus venenosus,"[""meadow deathcamas""]",unknown,do_not_eat,,"[""Allium canadense"", ""Allium tricoccum""]",Unreviewed record. Default fail-safe guidance is do not eat.,low,"[{""purpose"": ""taxonomy"", ""source_id"": ""usda-plants"", ""url"": ""https://plants.usda.gov/plant-profile/ZIVE""}, {""purpose"": ""future human review"", ""source_id"": ""naeb"", ""status"": ""not_checked""}]",true
,Lavandula dentata,[],unknown,do_not_eat,,[],Unmatched USDA PLANTS record. Default fail-safe guidance is do not eat.,low,"[{""purpose"": ""taxonomy"", ""source_id"": ""usda-plants"", ""status"": ""no_exact_match""}, {""purpose"": ""dataset label provenance"", ""source_id"": ""image_manifest""}, {""purpose"": ""future human review"", ""source_id"": ""naeb"", ""status"": ""not_checked""}]",true
,Nymphaea nouchali,[],unknown,do_not_eat,,[],Unmatched USDA PLANTS record. Default fail-safe guidance is do not eat.,low,"[{""purpose"": ""taxonomy"", ""source_id"": ""usda-plants"", ""status"": ""no_exact_match""}, {""purpose"": ""dataset label provenance"", ""source_id"": ""image_manifest""}, {""purpose"": ""future human review"", ""source_id"": ""naeb"", ""status"": ""not_checked""}]",true
,Dryopteris aemula,[],unknown,do_not_eat,,[],Unmatched USDA PLANTS record. Default fail-safe guidance is do not eat.,low,"[{""purpose"": ""taxonomy"", ""source_id"": ""usda-plants"", ""status"": ""no_exact_match""}, {""purpose"": ""dataset label provenance"", ""source_id"": ""image_manifest""}, {""purpose"": ""future human review"", ""source_id"": ""naeb"", ""status"": ""not_checked""}]",true
,Dryopteris affinis,[],unknown,do_not_eat,,[],Unmatched USDA PLANTS record. Default fail-safe guidance is do not eat.,low,"[{""purpose"": ""taxonomy"", ""source_id"": ""usda-plants"", ""status"": ""no_exact_match""}, {""purpose"": ""dataset label provenance"", ""source_id"": ""image_manifest""}, {""purpose"": ""future human review"", ""source_id"": ""naeb"", ""status"": ""not_checked""}]",true
,Lithodora fruticosa,[],unknown,do_not_eat,,[],Unmatched USDA PLANTS record. Default fail-safe guidance is do not eat.,low,"[{""purpose"": ""taxonomy"", ""source_id"": ""usda-plants"", ""status"": ""no_exact_match""}, {""purpose"": ""dataset label provenance"", ""source_id"": ""image_manifest""}, {""purpose"": ""future human review"", ""source_id"": ""naeb"", ""status"": ""not_checked""}]",true
,Gypsophila vaccaria,[],unknown,do_not_eat,,[],Unmatched USDA PLANTS record. Default fail-safe guidance is do not eat.,low,"[{""purpose"": ""taxonomy"", ""source_id"": ""usda-plants"", ""status"": ""no_exact_match""}, {""purpose"": ""dataset label provenance"", ""source_id"": ""image_manifest""}, {""purpose"": ""future human review"", ""source_id"": ""naeb"", ""status"": ""not_checked""}]",true
,Calendula stellata,[],unknown,do_not_eat,,[],Unmatched USDA PLANTS record. Default fail-safe guidance is do not eat.,low,"[{""purpose"": ""taxonomy"", ""source_id"": ""usda-plants"", ""status"": ""no_exact_match""}, {""purpose"": ""dataset label provenance"", ""source_id"": ""image_manifest""}, {""purpose"": ""future human review"", ""source_id"": ""naeb"", ""status"": ""not_checked""}]",true
,Carthamus caeruleus,[],unknown,do_not_eat,,[],Unmatched USDA PLANTS record. Default fail-safe guidance is do not eat.,low,"[{""purpose"": ""taxonomy"", ""source_id"": ""usda-plants"", ""status"": ""no_exact_match""}, {""purpose"": ""dataset label provenance"", ""source_id"": ""image_manifest""}, {""purpose"": ""future human review"", ""source_id"": ""naeb"", ""status"": ""not_checked""}]",true
,Phonus lanatus,[],unknown,do_not_eat,,[],Unmatched USDA PLANTS record. Default fail-safe guidance is do not eat.,low,"[{""purpose"": ""taxonomy"", ""source_id"": ""usda-plants"", ""status"": ""no_exact_match""}, {""purpose"": ""dataset label provenance"", ""source_id"": ""image_manifest""}, {""purpose"": ""future human review"", ""source_id"": ""naeb"", ""status"": ""not_checked""}]",true
,Cirsium monspessulanum,[],unknown,do_not_eat,,[],Unmatched USDA PLANTS record. Default fail-safe guidance is do not eat.,low,"[{""purpose"": ""taxonomy"", ""source_id"": ""usda-plants"", ""status"": ""no_exact_match""}, {""purpose"": ""dataset label provenance"", ""source_id"": ""image_manifest""}, {""purpose"": ""future human review"", ""source_id"": ""naeb"", ""status"": ""not_checked""}]",true
,Hyoseris radiata,[],unknown,do_not_eat,,[],Unmatched USDA PLANTS record. Default fail-safe guidance is do not eat.,low,"[{""purpose"": ""taxonomy"", ""source_id"": ""usda-plants"", ""status"": ""no_exact_match""}, {""purpose"": ""dataset label provenance"", ""source_id"": ""image_manifest""}, {""purpose"": ""future human review"", ""source_id"": ""naeb"", ""status"": ""not_checked""}]",true
,Lactuca tenerrima,[],unknown,do_not_eat,,[],Unmatched USDA PLANTS record. Default fail-safe guidance is do not eat.,low,"[{""purpose"": ""taxonomy"", ""source_id"": ""usda-plants"", ""status"": ""no_exact_match""}, {""purpose"": ""dataset label provenance"", ""source_id"": ""image_manifest""}, {""purpose"": ""future human review"", ""source_id"": ""naeb"", ""status"": ""not_checked""}]",true
,Limbarda crithmoides,[],unknown,do_not_eat,,[],Unmatched USDA PLANTS record. Default fail-safe guidance is do not eat.,low,"[{""purpose"": ""taxonomy"", ""source_id"": ""usda-plants"", ""status"": ""no_exact_match""}, {""purpose"": ""dataset label provenance"", ""source_id"": ""image_manifest""}, {""purpose"": ""future human review"", ""source_id"": ""naeb"", ""status"": ""not_checked""}]",true
,Petrosedum amplexicaule,[],unknown,do_not_eat,,[],Unmatched USDA PLANTS record. Default fail-safe guidance is do not eat.,low,"[{""purpose"": ""taxonomy"", ""source_id"": ""usda-plants"", ""status"": ""no_exact_match""}, {""purpose"": ""dataset label provenance"", ""source_id"": ""image_manifest""}, {""purpose"": ""future human review"", ""source_id"": ""naeb"", ""status"": ""not_checked""}]",true
,Sedum andegavense,[],unknown,do_not_eat,,[],Unmatched USDA PLANTS record. Default fail-safe guidance is do not eat.,low,"[{""purpose"": ""taxonomy"", ""source_id"": ""usda-plants"", ""status"": ""no_exact_match""}, {""purpose"": ""dataset label provenance"", ""source_id"": ""image_manifest""}, {""purpose"": ""future human review"", ""source_id"": ""naeb"", ""status"": ""not_checked""}]",true
,Sedum brevifolium,[],unknown,do_not_eat,,[],Unmatched USDA PLANTS record. Default fail-safe guidance is do not eat.,low,"[{""purpose"": ""taxonomy"", ""source_id"": ""usda-plants"", ""status"": ""no_exact_match""}, {""purpose"": ""dataset label provenance"", ""source_id"": ""image_manifest""}, {""purpose"": ""future human review"", ""source_id"": ""naeb"", ""status"": ""not_checked""}]",true
,Sedum caeruleum,[],unknown,do_not_eat,,[],Unmatched USDA PLANTS record. Default fail-safe guidance is do not eat.,low,"[{""purpose"": ""taxonomy"", ""source_id"": ""usda-plants"", ""status"": ""no_exact_match""}, {""purpose"": ""dataset label provenance"", ""source_id"": ""image_manifest""}, {""purpose"": ""future human review"", ""source_id"": ""naeb"", ""status"": ""not_checked""}]",true
,Sedum cespitosum,[],unknown,do_not_eat,,[],Unmatched USDA PLANTS record. Default fail-safe guidance is do not eat.,low,"[{""purpose"": ""taxonomy"", ""source_id"": ""usda-plants"", ""status"": ""no_exact_match""}, {""purpose"": ""dataset label provenance"", ""source_id"": ""image_manifest""}, {""purpose"": ""future human review"", ""source_id"": ""naeb"", ""status"": ""not_checked""}]",true
,Sedum cepaea,[],unknown,do_not_eat,,[],Unmatched USDA PLANTS record. Default fail-safe guidance is do not eat.,low,"[{""purpose"": ""taxonomy"", ""source_id"": ""usda-plants"", ""status"": ""no_exact_match""}, {""purpose"": ""dataset label provenance"", ""source_id"": ""image_manifest""}, {""purpose"": ""future human review"", ""source_id"": ""naeb"", ""status"": ""not_checked""}]",true
,Petrosedum forsterianum,[],unknown,do_not_eat,,[],Unmatched USDA PLANTS record. Default fail-safe guidance is do not eat.,low,"[{""purpose"": ""taxonomy"", ""source_id"": ""usda-plants"", ""status"": ""no_exact_match""}, {""purpose"": ""dataset label provenance"", ""source_id"": ""image_manifest""}, {""purpose"": ""future human review"", ""source_id"": ""naeb"", ""status"": ""not_checked""}]",true
,Sedum hirsutum,[],unknown,do_not_eat,,[],Unmatched USDA PLANTS record. Default fail-safe guidance is do not eat.,low,"[{""purpose"": ""taxonomy"", ""source_id"": ""usda-plants"", ""status"": ""no_exact_match""}, {""purpose"": ""dataset label provenance"", ""source_id"": ""image_manifest""}, {""purpose"": ""future human review"", ""source_id"": ""naeb"", ""status"": ""not_checked""}]",true
,Sedum litoreum,[],unknown,do_not_eat,,[],Unmatched USDA PLANTS record. Default fail-safe guidance is do not eat.,low,"[{""purpose"": ""taxonomy"", ""source_id"": ""usda-plants"", ""status"": ""no_exact_match""}, {""purpose"": ""dataset label provenance"", ""source_id"": ""image_manifest""}, {""purpose"": ""future human review"", ""source_id"": ""naeb"", ""status"": ""not_checked""}]",true
,Sedum multiceps,[],unknown,do_not_eat,,[],Unmatched USDA PLANTS record. Default fail-safe guidance is do not eat.,low,"[{""purpose"": ""taxonomy"", ""source_id"": ""usda-plants"", ""status"": ""no_exact_match""}, {""purpose"": ""dataset label provenance"", ""source_id"": ""image_manifest""}, {""purpose"": ""future human review"", ""source_id"": ""naeb"", ""status"": ""not_checked""}]",true
,Sedum rubens,[],unknown,do_not_eat,,[],Unmatched USDA PLANTS record. Default fail-safe guidance is do not eat.,low,"[{""purpose"": ""taxonomy"", ""source_id"": ""usda-plants"", ""status"": ""no_exact_match""}, {""purpose"": ""dataset label provenance"", ""source_id"": ""image_manifest""}, {""purpose"": ""future human review"", ""source_id"": ""naeb"", ""status"": ""not_checked""}]",true
,Petrosedum sediforme,[],unknown,do_not_eat,,[],Unmatched USDA PLANTS record. Default fail-safe guidance is do not eat.,low,"[{""purpose"": ""taxonomy"", ""source_id"": ""usda-plants"", ""status"": ""no_exact_match""}, {""purpose"": ""dataset label provenance"", ""source_id"": ""image_manifest""}, {""purpose"": ""future human review"", ""source_id"": ""naeb"", ""status"": ""not_checked""}]",true
,Boscia integrifolia,[],unknown,do_not_eat,,[],Unmatched USDA PLANTS record. Default fail-safe guidance is do not eat.,low,"[{""purpose"": ""taxonomy"", ""source_id"": ""usda-plants"", ""status"": ""no_exact_match""}, {""purpose"": ""dataset label provenance"", ""source_id"": ""image_manifest""}, {""purpose"": ""future human review"", ""source_id"": ""naeb"", ""status"": ""not_checked""}]",true
,Fibigia clypeata,[],unknown,do_not_eat,,[],Unmatched USDA PLANTS record. Default fail-safe guidance is do not eat.,low,"[{""purpose"": ""taxonomy"", ""source_id"": ""usda-plants"", ""status"": ""no_exact_match""}, {""purpose"": ""dataset label provenance"", ""source_id"": ""image_manifest""}, {""purpose"": ""future human review"", ""source_id"": ""naeb"", ""status"": ""not_checked""}]",true
,Maerua angolensis,[],unknown,do_not_eat,,[],Unmatched USDA PLANTS record. Default fail-safe guidance is do not eat.,low,"[{""purpose"": ""taxonomy"", ""source_id"": ""usda-plants"", ""status"": ""no_exact_match""}, {""purpose"": ""dataset label provenance"", ""source_id"": ""image_manifest""}, {""purpose"": ""future human review"", ""source_id"": ""naeb"", ""status"": ""not_checked""}]",true
,Mercurialis perennis,[],unknown,do_not_eat,,[],Unmatched USDA PLANTS record. Default fail-safe guidance is do not eat.,low,"[{""purpose"": ""taxonomy"", ""source_id"": ""usda-plants"", ""status"": ""no_exact_match""}, {""purpose"": ""dataset label provenance"", ""source_id"": ""image_manifest""}, {""purpose"": ""future human review"", ""source_id"": ""naeb"", ""status"": ""not_checked""}]",true
,Phyllanthus reticulatus,[],unknown,do_not_eat,,[],Unmatched USDA PLANTS record. Default fail-safe guidance is do not eat.,low,"[{""purpose"": ""taxonomy"", ""source_id"": ""usda-plants"", ""status"": ""no_exact_match""}, {""purpose"": ""dataset label provenance"", ""source_id"": ""image_manifest""}, {""purpose"": ""future human review"", ""source_id"": ""naeb"", ""status"": ""not_checked""}]",true
,Hypericum australe,[],unknown,do_not_eat,,[],Unmatched USDA PLANTS record. Default fail-safe guidance is do not eat.,low,"[{""purpose"": ""taxonomy"", ""source_id"": ""usda-plants"", ""status"": ""no_exact_match""}, {""purpose"": ""dataset label provenance"", ""source_id"": ""image_manifest""}, {""purpose"": ""future human review"", ""source_id"": ""naeb"", ""status"": ""not_checked""}]",true
,Hypericum empetrifolium,[],unknown,do_not_eat,,[],Unmatched USDA PLANTS record. Default fail-safe guidance is do not eat.,low,"[{""purpose"": ""taxonomy"", ""source_id"": ""usda-plants"", ""status"": ""no_exact_match""}, {""purpose"": ""dataset label provenance"", ""source_id"": ""image_manifest""}, {""purpose"": ""future human review"", ""source_id"": ""naeb"", ""status"": ""not_checked""}]",true
,Hypericum hirsutum,[],unknown,do_not_eat,,[],Unmatched USDA PLANTS record. Default fail-safe guidance is do not eat.,low,"[{""purpose"": ""taxonomy"", ""source_id"": ""usda-plants"", ""status"": ""no_exact_match""}, {""purpose"": ""dataset label provenance"", ""source_id"": ""image_manifest""}, {""purpose"": ""future human review"", ""source_id"": ""naeb"", ""status"": ""not_checked""}]",true
,Hypericum linariifolium,[],unknown,do_not_eat,,[],Unmatched USDA PLANTS record. Default fail-safe guidance is do not eat.,low,"[{""purpose"": ""taxonomy"", ""source_id"": ""usda-plants"", ""status"": ""no_exact_match""}, {""purpose"": ""dataset label provenance"", ""source_id"": ""image_manifest""}, {""purpose"": ""future human review"", ""source_id"": ""naeb"", ""status"": ""not_checked""}]",true
,Hypericum montanum,[],unknown,do_not_eat,,[],Unmatched USDA PLANTS record. Default fail-safe guidance is do not eat.,low,"[{""purpose"": ""taxonomy"", ""source_id"": ""usda-plants"", ""status"": ""no_exact_match""}, {""purpose"": ""dataset label provenance"", ""source_id"": ""image_manifest""}, {""purpose"": ""future human review"", ""source_id"": ""naeb"", ""status"": ""not_checked""}]",true
,Hypericum perfoliatum,[],unknown,do_not_eat,,[],Unmatched USDA PLANTS record. Default fail-safe guidance is do not eat.,low,"[{""purpose"": ""taxonomy"", ""source_id"": ""usda-plants"", ""status"": ""no_exact_match""}, {""purpose"": ""dataset label provenance"", ""source_id"": ""image_manifest""}, {""purpose"": ""future human review"", ""source_id"": ""naeb"", ""status"": ""not_checked""}]",true
,Hypericum tetrapterum,[],unknown,do_not_eat,,[],Unmatched USDA PLANTS record. Default fail-safe guidance is do not eat.,low,"[{""purpose"": ""taxonomy"", ""source_id"": ""usda-plants"", ""status"": ""no_exact_match""}, {""purpose"": ""dataset label provenance"", ""source_id"": ""image_manifest""}, {""purpose"": ""future human review"", ""source_id"": ""naeb"", ""status"": ""not_checked""}]",true
,Hypericum tomentosum,[],unknown,do_not_eat,,[],Unmatched USDA PLANTS record. Default fail-safe guidance is do not eat.,low,"[{""purpose"": ""taxonomy"", ""source_id"": ""usda-plants"", ""status"": ""no_exact_match""}, {""purpose"": ""dataset label provenance"", ""source_id"": ""image_manifest""}, {""purpose"": ""future human review"", ""source_id"": ""naeb"", ""status"": ""not_checked""}]",true
,Lamium bifidum,[],unknown,do_not_eat,,[],Unmatched USDA PLANTS record. Default fail-safe guidance is do not eat.,low,"[{""purpose"": ""taxonomy"", ""source_id"": ""usda-plants"", ""status"": ""no_exact_match""}, {""purpose"": ""dataset label provenance"", ""source_id"": ""image_manifest""}, {""purpose"": ""future human review"", ""source_id"": ""naeb"", ""status"": ""not_checked""}]",true
,Lamium flexuosum,[],unknown,do_not_eat,,[],Unmatched USDA PLANTS record. Default fail-safe guidance is do not eat.,low,"[{""purpose"": ""taxonomy"", ""source_id"": ""usda-plants"", ""status"": ""no_exact_match""}, {""purpose"": ""dataset label provenance"", ""source_id"": ""image_manifest""}, {""purpose"": ""future human review"", ""source_id"": ""naeb"", ""status"": ""not_checked""}]",true
,Lamium garganicum,[],unknown,do_not_eat,,[],Unmatched USDA PLANTS record. Default fail-safe guidance is do not eat.,low,"[{""purpose"": ""taxonomy"", ""source_id"": ""usda-plants"", ""status"": ""no_exact_match""}, {""purpose"": ""dataset label provenance"", ""source_id"": ""image_manifest""}, {""purpose"": ""future human review"", ""source_id"": ""naeb"", ""status"": ""not_checked""}]",true
,Lavandula canariensis,[],unknown,do_not_eat,,[],Unmatched USDA PLANTS record. Default fail-safe guidance is do not eat.,low,"[{""purpose"": ""taxonomy"", ""source_id"": ""usda-plants"", ""status"": ""no_exact_match""}, {""purpose"": ""dataset label provenance"", ""source_id"": ""image_manifest""}, {""purpose"": ""future human review"", ""source_id"": ""naeb"", ""status"": ""not_checked""}]",true
,Lavandula minutolii,[],unknown,do_not_eat,,[],Unmatched USDA PLANTS record. Default fail-safe guidance is do not eat.,low,"[{""purpose"": ""taxonomy"", ""source_id"": ""usda-plants"", ""status"": ""no_exact_match""}, {""purpose"": ""dataset label provenance"", ""source_id"": ""image_manifest""}, {""purpose"": ""future human review"", ""source_id"": ""naeb"", ""status"": ""not_checked""}]",true
,Lavandula multifida,[],unknown,do_not_eat,,[],Unmatched USDA PLANTS record. Default fail-safe guidance is do not eat.,low,"[{""purpose"": ""taxonomy"", ""source_id"": ""usda-plants"", ""status"": ""no_exact_match""}, {""purpose"": ""dataset label provenance"", ""source_id"": ""image_manifest""}, {""purpose"": ""future human review"", ""source_id"": ""naeb"", ""status"": ""not_checked""}]",true
,Lupinus cosentinii,[],unknown,do_not_eat,,[],Unmatched USDA PLANTS record. Default fail-safe guidance is do not eat.,low,"[{""purpose"": ""taxonomy"", ""source_id"": ""usda-plants"", ""status"": ""no_exact_match""}, {""purpose"": ""dataset label provenance"", ""source_id"": ""image_manifest""}, {""purpose"": ""future human review"", ""source_id"": ""naeb"", ""status"": ""not_checked""}]",true
,Lupinus gussoneanus,[],unknown,do_not_eat,,[],Unmatched USDA PLANTS record. Default fail-safe guidance is do not eat.,low,"[{""purpose"": ""taxonomy"", ""source_id"": ""usda-plants"", ""status"": ""no_exact_match""}, {""purpose"": ""dataset label provenance"", ""source_id"": ""image_manifest""}, {""purpose"": ""future human review"", ""source_id"": ""naeb"", ""status"": ""not_checked""}]",true
,Trifolium ochroleucon,[],unknown,do_not_eat,,[],Unmatched USDA PLANTS record. Default fail-safe guidance is do not eat.,low,"[{""purpose"": ""taxonomy"", ""source_id"": ""usda-plants"", ""status"": ""no_exact_match""}, {""purpose"": ""dataset label provenance"", ""source_id"": ""image_manifest""}, {""purpose"": ""future human review"", ""source_id"": ""naeb"", ""status"": ""not_checked""}]",true
,Papaver atlanticum,[],unknown,do_not_eat,,[],Unmatched USDA PLANTS record. Default fail-safe guidance is do not eat.,low,"[{""purpose"": ""taxonomy"", ""source_id"": ""usda-plants"", ""status"": ""no_exact_match""}, {""purpose"": ""dataset label provenance"", ""source_id"": ""image_manifest""}, {""purpose"": ""future human review"", ""source_id"": ""naeb"", ""status"": ""not_checked""}]",true
,Papaver rupifragum,[],unknown,do_not_eat,,[],Unmatched USDA PLANTS record. Default fail-safe guidance is do not eat.,low,"[{""purpose"": ""taxonomy"", ""source_id"": ""usda-plants"", ""status"": ""no_exact_match""}, {""purpose"": ""dataset label provenance"", ""source_id"": ""image_manifest""}, {""purpose"": ""future human review"", ""source_id"": ""naeb"", ""status"": ""not_checked""}]",true
,Goniolimon tataricum,[],unknown,do_not_eat,,[],Unmatched USDA PLANTS record. Default fail-safe guidance is do not eat.,low,"[{""purpose"": ""taxonomy"", ""source_id"": ""usda-plants"", ""status"": ""no_exact_match""}, {""purpose"": ""dataset label provenance"", ""source_id"": ""image_manifest""}, {""purpose"": ""future human review"", ""source_id"": ""naeb"", ""status"": ""not_checked""}]",true
,Adonis flammea,[],unknown,do_not_eat,,[],Unmatched USDA PLANTS record. Default fail-safe guidance is do not eat.,low,"[{""purpose"": ""taxonomy"", ""source_id"": ""usda-plants"", ""status"": ""no_exact_match""}, {""purpose"": ""dataset label provenance"", ""source_id"": ""image_manifest""}, {""purpose"": ""future human review"", ""source_id"": ""naeb"", ""status"": ""not_checked""}]",true
,Adonis microcarpa,[],unknown,do_not_eat,,[],Unmatched USDA PLANTS record. Default fail-safe guidance is do not eat.,low,"[{""purpose"": ""taxonomy"", ""source_id"": ""usda-plants"", ""status"": ""no_exact_match""}, {""purpose"": ""dataset label provenance"", ""source_id"": ""image_manifest""}, {""purpose"": ""future human review"", ""source_id"": ""naeb"", ""status"": ""not_checked""}]",true
,Anemone palmata,[],unknown,do_not_eat,,[],Unmatched USDA PLANTS record. Default fail-safe guidance is do not eat.,low,"[{""purpose"": ""taxonomy"", ""source_id"": ""usda-plants"", ""status"": ""no_exact_match""}, {""purpose"": ""dataset label provenance"", ""source_id"": ""image_manifest""}, {""purpose"": ""future human review"", ""source_id"": ""naeb"", ""status"": ""not_checked""}]",true
,Daphne gnidium,[],unknown,do_not_eat,,[],Unmatched USDA PLANTS record. Default fail-safe guidance is do not eat.,low,"[{""purpose"": ""taxonomy"", ""source_id"": ""usda-plants"", ""status"": ""no_exact_match""}, {""purpose"": ""dataset label provenance"", ""source_id"": ""image_manifest""}, {""purpose"": ""future human review"", ""source_id"": ""naeb"", ""status"": ""not_checked""}]",true
,Daphne oleoides,[],unknown,do_not_eat,,[],Unmatched USDA PLANTS record. Default fail-safe guidance is do not eat.,low,"[{""purpose"": ""taxonomy"", ""source_id"": ""usda-plants"", ""status"": ""no_exact_match""}, {""purpose"": ""dataset label provenance"", ""source_id"": ""image_manifest""}, {""purpose"": ""future human review"", ""source_id"": ""naeb"", ""status"": ""not_checked""}]",true
,Daucus muricatus,[],unknown,do_not_eat,,[],Unmatched USDA PLANTS record. Default fail-safe guidance is do not eat.,low,"[{""purpose"": ""taxonomy"", ""source_id"": ""usda-plants"", ""status"": ""no_exact_match""}, {""purpose"": ""dataset label provenance"", ""source_id"": ""image_manifest""}, {""purpose"": ""future human review"", ""source_id"": ""naeb"", ""status"": ""not_checked""}]",true
,Meum athamanticum,[],unknown,do_not_eat,,[],Unmatched USDA PLANTS record. Default fail-safe guidance is do not eat.,low,"[{""purpose"": ""taxonomy"", ""source_id"": ""usda-plants"", ""status"": ""no_exact_match""}, {""purpose"": ""dataset label provenance"", ""source_id"": ""image_manifest""}, {""purpose"": ""future human review"", ""source_id"": ""naeb"", ""status"": ""not_checked""}]",true
,Thapsia garganica,[],unknown,do_not_eat,,[],Unmatched USDA PLANTS record. Default fail-safe guidance is do not eat.,low,"[{""purpose"": ""taxonomy"", ""source_id"": ""usda-plants"", ""status"": ""no_exact_match""}, {""purpose"": ""dataset label provenance"", ""source_id"": ""image_manifest""}, {""purpose"": ""future human review"", ""source_id"": ""naeb"", ""status"": ""not_checked""}]",true
,Thapsia villosa,[],unknown,do_not_eat,,[],Unmatched USDA PLANTS record. Default fail-safe guidance is do not eat.,low,"[{""purpose"": ""taxonomy"", ""source_id"": ""usda-plants"", ""status"": ""no_exact_match""}, {""purpose"": ""dataset label provenance"", ""source_id"": ""image_manifest""}, {""purpose"": ""future human review"", ""source_id"": ""naeb"", ""status"": ""not_checked""}]",true
,Valeriana calcitrapae,[],unknown,do_not_eat,,[],Unmatched USDA PLANTS record. Default fail-safe guidance is do not eat.,low,"[{""purpose"": ""taxonomy"", ""source_id"": ""usda-plants"", ""status"": ""no_exact_match""}, {""purpose"": ""dataset label provenance"", ""source_id"": ""image_manifest""}, {""purpose"": ""future human review"", ""source_id"": ""naeb"", ""status"": ""not_checked""}]",true
,Valeriana cornucopiae,[],unknown,do_not_eat,,[],Unmatched USDA PLANTS record. Default fail-safe guidance is do not eat.,low,"[{""purpose"": ""taxonomy"", ""source_id"": ""usda-plants"", ""status"": ""no_exact_match""}, {""purpose"": ""dataset label provenance"", ""source_id"": ""image_manifest""}, {""purpose"": ""future human review"", ""source_id"": ""naeb"", ""status"": ""not_checked""}]",true
,Pancratium canariense,[],unknown,do_not_eat,,[],Unmatched USDA PLANTS record. Default fail-safe guidance is do not eat.,low,"[{""purpose"": ""taxonomy"", ""source_id"": ""usda-plants"", ""status"": ""no_exact_match""}, {""purpose"": ""dataset label provenance"", ""source_id"": ""image_manifest""}, {""purpose"": ""future human review"", ""source_id"": ""naeb"", ""status"": ""not_checked""}]",true
,Anthericum liliago,[],unknown,do_not_eat,,[],Unmatched USDA PLANTS record. Default fail-safe guidance is do not eat.,low,"[{""purpose"": ""taxonomy"", ""source_id"": ""usda-plants"", ""status"": ""no_exact_match""}, {""purpose"": ""dataset label provenance"", ""source_id"": ""image_manifest""}, {""purpose"": ""future human review"", ""source_id"": ""naeb"", ""status"": ""not_checked""}]",true
,Neotinea maculata,[],unknown,do_not_eat,,[],Unmatched USDA PLANTS record. Default fail-safe guidance is do not eat.,low,"[{""purpose"": ""taxonomy"", ""source_id"": ""usda-plants"", ""status"": ""no_exact_match""}, {""purpose"": ""dataset label provenance"", ""source_id"": ""image_manifest""}, {""purpose"": ""future human review"", ""source_id"": ""naeb"", ""status"": ""not_checked""}]",true
,Ophrys apifera,[],unknown,do_not_eat,,[],Unmatched USDA PLANTS record. Default fail-safe guidance is do not eat.,low,"[{""purpose"": ""taxonomy"", ""source_id"": ""usda-plants"", ""status"": ""no_exact_match""}, {""purpose"": ""dataset label provenance"", ""source_id"": ""image_manifest""}, {""purpose"": ""future human review"", ""source_id"": ""naeb"", ""status"": ""not_checked""}]",true
,Ophrys bombyliflora,[],unknown,do_not_eat,,[],Unmatched USDA PLANTS record. Default fail-safe guidance is do not eat.,low,"[{""purpose"": ""taxonomy"", ""source_id"": ""usda-plants"", ""status"": ""no_exact_match""}, {""purpose"": ""dataset label provenance"", ""source_id"": ""image_manifest""}, {""purpose"": ""future human review"", ""source_id"": ""naeb"", ""status"": ""not_checked""}]",true
,Ophrys fusca,[],unknown,do_not_eat,,[],Unmatched USDA PLANTS record. Default fail-safe guidance is do not eat.,low,"[{""purpose"": ""taxonomy"", ""source_id"": ""usda-plants"", ""status"": ""no_exact_match""}, {""purpose"": ""dataset label provenance"", ""source_id"": ""image_manifest""}, {""purpose"": ""future human review"", ""source_id"": ""naeb"", ""status"": ""not_checked""}]",true
,Ophrys lutea,[],unknown,do_not_eat,,[],Unmatched USDA PLANTS record. Default fail-safe guidance is do not eat.,low,"[{""purpose"": ""taxonomy"", ""source_id"": ""usda-plants"", ""status"": ""no_exact_match""}, {""purpose"": ""dataset label provenance"", ""source_id"": ""image_manifest""}, {""purpose"": ""future human review"", ""source_id"": ""naeb"", ""status"": ""not_checked""}]",true
,Ophrys scolopax,[],unknown,do_not_eat,,[],Unmatched USDA PLANTS record. Default fail-safe guidance is do not eat.,low,"[{""purpose"": ""taxonomy"", ""source_id"": ""usda-plants"", ""status"": ""no_exact_match""}, {""purpose"": ""dataset label provenance"", ""source_id"": ""image_manifest""}, {""purpose"": ""future human review"", ""source_id"": ""naeb"", ""status"": ""not_checked""}]",true
,Ophrys speculum,[],unknown,do_not_eat,,[],Unmatched USDA PLANTS record. Default fail-safe guidance is do not eat.,low,"[{""purpose"": ""taxonomy"", ""source_id"": ""usda-plants"", ""status"": ""no_exact_match""}, {""purpose"": ""dataset label provenance"", ""source_id"": ""image_manifest""}, {""purpose"": ""future human review"", ""source_id"": ""naeb"", ""status"": ""not_checked""}]",true
,Ophrys tenthredinifera,[],unknown,do_not_eat,,[],Unmatched USDA PLANTS record. Default fail-safe guidance is do not eat.,low,"[{""purpose"": ""taxonomy"", ""source_id"": ""usda-plants"", ""status"": ""no_exact_match""}, {""purpose"": ""dataset label provenance"", ""source_id"": ""image_manifest""}, {""purpose"": ""future human review"", ""source_id"": ""naeb"", ""status"": ""not_checked""}]",true
,Groenlandia densa,[],unknown,do_not_eat,,[],Unmatched USDA PLANTS record. Default fail-safe guidance is do not eat.,low,"[{""purpose"": ""taxonomy"", ""source_id"": ""usda-plants"", ""status"": ""no_exact_match""}, {""purpose"": ""dataset label provenance"", ""source_id"": ""image_manifest""}, {""purpose"": ""future human review"", ""source_id"": ""naeb"", ""status"": ""not_checked""}]",true
,Hypericum triquetrifolium,[],unknown,do_not_eat,,[],Unmatched USDA PLANTS record. Default fail-safe guidance is do not eat.,low,"[{""purpose"": ""taxonomy"", ""source_id"": ""usda-plants"", ""status"": ""no_exact_match""}, {""purpose"": ""dataset label provenance"", ""source_id"": ""image_manifest""}, {""purpose"": ""future human review"", ""source_id"": ""naeb"", ""status"": ""not_checked""}]",true
,Thesium humifusum,[],unknown,do_not_eat,,[],Unmatched USDA PLANTS record. Default fail-safe guidance is do not eat.,low,"[{""purpose"": ""taxonomy"", ""source_id"": ""usda-plants"", ""status"": ""no_exact_match""}, {""purpose"": ""dataset label provenance"", ""source_id"": ""image_manifest""}, {""purpose"": ""future human review"", ""source_id"": ""naeb"", ""status"": ""not_checked""}]",true
,Vachellia etbaica,[],unknown,do_not_eat,,[],Unmatched USDA PLANTS record. Default fail-safe guidance is do not eat.,low,"[{""purpose"": ""taxonomy"", ""source_id"": ""usda-plants"", ""status"": ""no_exact_match""}, {""purpose"": ""dataset label provenance"", ""source_id"": ""image_manifest""}, {""purpose"": ""future human review"", ""source_id"": ""naeb"", ""status"": ""not_checked""}]",true
,Valeriana angustifolia,[],unknown,do_not_eat,,[],Unmatched USDA PLANTS record. Default fail-safe guidance is do not eat.,low,"[{""purpose"": ""taxonomy"", ""source_id"": ""usda-plants"", ""status"": ""no_exact_match""}, {""purpose"": ""dataset label provenance"", ""source_id"": ""image_manifest""}, {""purpose"": ""future human review"", ""source_id"": ""naeb"", ""status"": ""not_checked""}]",true
,Valeriana lecoqii,[],unknown,do_not_eat,,[],Unmatched USDA PLANTS record. Default fail-safe guidance is do not eat.,low,"[{""purpose"": ""taxonomy"", ""source_id"": ""usda-plants"", ""status"": ""no_exact_match""}, {""purpose"": ""dataset label provenance"", ""source_id"": ""image_manifest""}, {""purpose"": ""future human review"", ""source_id"": ""naeb"", ""status"": ""not_checked""}]",true
,Sedum anglicum,[],unknown,do_not_eat,,[],Unmatched USDA PLANTS record. Default fail-safe guidance is do not eat.,low,"[{""purpose"": ""taxonomy"", ""source_id"": ""usda-plants"", ""status"": ""no_exact_match""}, {""purpose"": ""dataset label provenance"", ""source_id"": ""image_manifest""}, {""purpose"": ""future human review"", ""source_id"": ""naeb"", ""status"": ""not_checked""}]",true
,Petrosedum rupestre,[],unknown,do_not_eat,,[],Unmatched USDA PLANTS record. Default fail-safe guidance is do not eat.,low,"[{""purpose"": ""taxonomy"", ""source_id"": ""usda-plants"", ""status"": ""no_exact_match""}, {""purpose"": ""dataset label provenance"", ""source_id"": ""image_manifest""}, {""purpose"": ""future human review"", ""source_id"": ""naeb"", ""status"": ""not_checked""}]",true
,Tuberaria lignosa,[],unknown,do_not_eat,,[],Unmatched USDA PLANTS record. Default fail-safe guidance is do not eat.,low,"[{""purpose"": ""taxonomy"", ""source_id"": ""usda-plants"", ""status"": ""no_exact_match""}, {""purpose"": ""dataset label provenance"", ""source_id"": ""image_manifest""}, {""purpose"": ""future human review"", ""source_id"": ""naeb"", ""status"": ""not_checked""}]",true
,Heptapleurum actinophyllum,[],unknown,do_not_eat,,[],Unmatched USDA PLANTS record. Default fail-safe guidance is do not eat.,low,"[{""purpose"": ""taxonomy"", ""source_id"": ""usda-plants"", ""status"": ""no_exact_match""}, {""purpose"": ""dataset label provenance"", ""source_id"": ""image_manifest""}, {""purpose"": ""future human review"", ""source_id"": ""naeb"", ""status"": ""not_checked""}]",true
,Cenchrus setaceus,[],unknown,do_not_eat,,[],Unmatched USDA PLANTS record. Default fail-safe guidance is do not eat.,low,"[{""purpose"": ""taxonomy"", ""source_id"": ""usda-plants"", ""status"": ""no_exact_match""}, {""purpose"": ""dataset label provenance"", ""source_id"": ""image_manifest""}, {""purpose"": ""future human review"", ""source_id"": ""naeb"", ""status"": ""not_checked""}]",true
,Anemone hortensis,[],unknown,do_not_eat,,[],Unmatched USDA PLANTS record. Default fail-safe guidance is do not eat.,low,"[{""purpose"": ""taxonomy"", ""source_id"": ""usda-plants"", ""status"": ""no_exact_match""}, {""purpose"": ""dataset label provenance"", ""source_id"": ""image_manifest""}, {""purpose"": ""future human review"", ""source_id"": ""naeb"", ""status"": ""not_checked""}]",true
,Tradescantia cerinthoides,[],unknown,do_not_eat,,[],Unmatched USDA PLANTS record. Default fail-safe guidance is do not eat.,low,"[{""purpose"": ""taxonomy"", ""source_id"": ""usda-plants"", ""status"": ""no_exact_match""}, {""purpose"": ""dataset label provenance"", ""source_id"": ""image_manifest""}, {""purpose"": ""future human review"", ""source_id"": ""naeb"", ""status"": ""not_checked""}]",true
,Roemeria argemone,[],unknown,do_not_eat,,[],Unmatched USDA PLANTS record. Default fail-safe guidance is do not eat.,low,"[{""purpose"": ""taxonomy"", ""source_id"": ""usda-plants"", ""status"": ""no_exact_match""}, {""purpose"": ""dataset label provenance"", ""source_id"": ""image_manifest""}, {""purpose"": ""future human review"", ""source_id"": ""naeb"", ""status"": ""not_checked""}]",true
,Roemeria sicula,[],unknown,do_not_eat,,[],Unmatched USDA PLANTS record. Default fail-safe guidance is do not eat.,low,"[{""purpose"": ""taxonomy"", ""source_id"": ""usda-plants"", ""status"": ""no_exact_match""}, {""purpose"": ""dataset label provenance"", ""source_id"": ""image_manifest""}, {""purpose"": ""future human review"", ""source_id"": ""naeb"", ""status"": ""not_checked""}]",true
,Aizoon canariense,[],unknown,do_not_eat,,[],Unmatched USDA PLANTS record. Default fail-safe guidance is do not eat.,low,"[{""purpose"": ""taxonomy"", ""source_id"": ""usda-plants"", ""status"": ""no_exact_match""}, {""purpose"": ""dataset label provenance"", ""source_id"": ""image_manifest""}, {""purpose"": ""future human review"", ""source_id"": ""naeb"", ""status"": ""not_checked""}]",true
,Dalbergia melanoxylon,[],unknown,do_not_eat,,[],Unmatched USDA PLANTS record. Default fail-safe guidance is do not eat.,low,"[{""purpose"": ""taxonomy"", ""source_id"": ""usda-plants"", ""status"": ""no_exact_match""}, {""purpose"": ""dataset label provenance"", ""source_id"": ""image_manifest""}, {""purpose"": ""future human review"", ""source_id"": ""naeb"", ""status"": ""not_checked""}]",true
,Barbarea intermedia,[],unknown,do_not_eat,,[],Unmatched USDA PLANTS record. Default fail-safe guidance is do not eat.,low,"[{""purpose"": ""taxonomy"", ""source_id"": ""usda-plants"", ""status"": ""no_exact_match""}, {""purpose"": ""dataset label provenance"", ""source_id"": ""image_manifest""}, {""purpose"": ""future human review"", ""source_id"": ""naeb"", ""status"": ""not_checked""}]",true
,Ranunculus minimus,[],unknown,do_not_eat,,[],Unmatched USDA PLANTS record. Default fail-safe guidance is do not eat.,low,"[{""purpose"": ""taxonomy"", ""source_id"": ""usda-plants"", ""status"": ""no_exact_match""}, {""purpose"": ""dataset label provenance"", ""source_id"": ""image_manifest""}, {""purpose"": ""future human review"", ""source_id"": ""naeb"", ""status"": ""not_checked""}]",true
,Valeriana rubra,[],unknown,do_not_eat,,[],Unmatched USDA PLANTS record. Default fail-safe guidance is do not eat.,low,"[{""purpose"": ""taxonomy"", ""source_id"": ""usda-plants"", ""status"": ""no_exact_match""}, {""purpose"": ""dataset label provenance"", ""source_id"": ""image_manifest""}, {""purpose"": ""future human review"", ""source_id"": ""naeb"", ""status"": ""not_checked""}]",true
,Harpachne schimperi,[],unknown,do_not_eat,,[],Unmatched USDA PLANTS record. Default fail-safe guidance is do not eat.,low,"[{""purpose"": ""taxonomy"", ""source_id"": ""usda-plants"", ""status"": ""no_exact_match""}, {""purpose"": ""dataset label provenance"", ""source_id"": ""image_manifest""}, {""purpose"": ""future human review"", ""source_id"": ""naeb"", ""status"": ""not_checked""}]",true
,Neltuma alba,[],unknown,do_not_eat,,[],Unmatched USDA PLANTS record. Default fail-safe guidance is do not eat.,low,"[{""purpose"": ""taxonomy"", ""source_id"": ""usda-plants"", ""status"": ""no_exact_match""}, {""purpose"": ""dataset label provenance"", ""source_id"": ""image_manifest""}, {""purpose"": ""future human review"", ""source_id"": ""naeb"", ""status"": ""not_checked""}]",true
,Neltuma juliflora,[],unknown,do_not_eat,,[],Unmatched USDA PLANTS record. Default fail-safe guidance is do not eat.,low,"[{""purpose"": ""taxonomy"", ""source_id"": ""usda-plants"", ""status"": ""no_exact_match""}, {""purpose"": ""dataset label provenance"", ""source_id"": ""image_manifest""}, {""purpose"": ""future human review"", ""source_id"": ""naeb"", ""status"": ""not_checked""}]",true
,Crotalaria chrysochlora,[],unknown,do_not_eat,,[],Unmatched USDA PLANTS record. Default fail-safe guidance is do not eat.,low,"[{""purpose"": ""taxonomy"", ""source_id"": ""usda-plants"", ""status"": ""no_exact_match""}, {""purpose"": ""dataset label provenance"", ""source_id"": ""image_manifest""}, {""purpose"": ""future human review"", ""source_id"": ""naeb"", ""status"": ""not_checked""}]",true
,Crotalaria deflersii,[],unknown,do_not_eat,,[],Unmatched USDA PLANTS record. Default fail-safe guidance is do not eat.,low,"[{""purpose"": ""taxonomy"", ""source_id"": ""usda-plants"", ""status"": ""no_exact_match""}, {""purpose"": ""dataset label provenance"", ""source_id"": ""image_manifest""}, {""purpose"": ""future human review"", ""source_id"": ""naeb"", ""status"": ""not_checked""}]",true
,Crotalaria polysperma,[],unknown,do_not_eat,,[],Unmatched USDA PLANTS record. Default fail-safe guidance is do not eat.,low,"[{""purpose"": ""taxonomy"", ""source_id"": ""usda-plants"", ""status"": ""no_exact_match""}, {""purpose"": ""dataset label provenance"", ""source_id"": ""image_manifest""}, {""purpose"": ""future human review"", ""source_id"": ""naeb"", ""status"": ""not_checked""}]",true
,Crotalaria uguenensis,[],unknown,do_not_eat,,[],Unmatched USDA PLANTS record. Default fail-safe guidance is do not eat.,low,"[{""purpose"": ""taxonomy"", ""source_id"": ""usda-plants"", ""status"": ""no_exact_match""}, {""purpose"": ""dataset label provenance"", ""source_id"": ""image_manifest""}, {""purpose"": ""future human review"", ""source_id"": ""naeb"", ""status"": ""not_checked""}]",true
,Vachellia drepanolobium,[],unknown,do_not_eat,,[],Unmatched USDA PLANTS record. Default fail-safe guidance is do not eat.,low,"[{""purpose"": ""taxonomy"", ""source_id"": ""usda-plants"", ""status"": ""no_exact_match""}, {""purpose"": ""dataset label provenance"", ""source_id"": ""image_manifest""}, {""purpose"": ""future human review"", ""source_id"": ""naeb"", ""status"": ""not_checked""}]",true
,Vachellia hockii,[],unknown,do_not_eat,,[],Unmatched USDA PLANTS record. Default fail-safe guidance is do not eat.,low,"[{""purpose"": ""taxonomy"", ""source_id"": ""usda-plants"", ""status"": ""no_exact_match""}, {""purpose"": ""dataset label provenance"", ""source_id"": ""image_manifest""}, {""purpose"": ""future human review"", ""source_id"": ""naeb"", ""status"": ""not_checked""}]",true
,Gomphocarpus integer,[],unknown,do_not_eat,,[],Unmatched USDA PLANTS record. Default fail-safe guidance is do not eat.,low,"[{""purpose"": ""taxonomy"", ""source_id"": ""usda-plants"", ""status"": ""no_exact_match""}, {""purpose"": ""dataset label provenance"", ""source_id"": ""image_manifest""}, {""purpose"": ""future human review"", ""source_id"": ""naeb"", ""status"": ""not_checked""}]",true
,Gymnosporia putterlickioides,[],unknown,do_not_eat,,[],Unmatched USDA PLANTS record. Default fail-safe guidance is do not eat.,low,"[{""purpose"": ""taxonomy"", ""source_id"": ""usda-plants"", ""status"": ""no_exact_match""}, {""purpose"": ""dataset label provenance"", ""source_id"": ""image_manifest""}, {""purpose"": ""future human review"", ""source_id"": ""naeb"", ""status"": ""not_checked""}]",true
,Conostomium longitubum,[],unknown,do_not_eat,,[],Unmatched USDA PLANTS record. Default fail-safe guidance is do not eat.,low,"[{""purpose"": ""taxonomy"", ""source_id"": ""usda-plants"", ""status"": ""no_exact_match""}, {""purpose"": ""dataset label provenance"", ""source_id"": ""image_manifest""}, {""purpose"": ""future human review"", ""source_id"": ""naeb"", ""status"": ""not_checked""}]",true
,Conostomium quadrangulare,[],unknown,do_not_eat,,[],Unmatched USDA PLANTS record. Default fail-safe guidance is do not eat.,low,"[{""purpose"": ""taxonomy"", ""source_id"": ""usda-plants"", ""status"": ""no_exact_match""}, {""purpose"": ""dataset label provenance"", ""source_id"": ""image_manifest""}, {""purpose"": ""future human review"", ""source_id"": ""naeb"", ""status"": ""not_checked""}]",true
,Pelargonium alchemilloides,[],unknown,do_not_eat,,[],Unmatched USDA PLANTS record. Default fail-safe guidance is do not eat.,low,"[{""purpose"": ""taxonomy"", ""source_id"": ""usda-plants"", ""status"": ""no_exact_match""}, {""purpose"": ""dataset label provenance"", ""source_id"": ""image_manifest""}, {""purpose"": ""future human review"", ""source_id"": ""naeb"", ""status"": ""not_checked""}]",true
,Pelargonium quinquelobatum,[],unknown,do_not_eat,,[],Unmatched USDA PLANTS record. Default fail-safe guidance is do not eat.,low,"[{""purpose"": ""taxonomy"", ""source_id"": ""usda-plants"", ""status"": ""no_exact_match""}, {""purpose"": ""dataset label provenance"", ""source_id"": ""image_manifest""}, {""purpose"": ""future human review"", ""source_id"": ""naeb"", ""status"": ""not_checked""}]",true
,Pelargonium glechomoides,[],unknown,do_not_eat,,[],Unmatched USDA PLANTS record. Default fail-safe guidance is do not eat.,low,"[{""purpose"": ""taxonomy"", ""source_id"": ""usda-plants"", ""status"": ""no_exact_match""}, {""purpose"": ""dataset label provenance"", ""source_id"": ""image_manifest""}, {""purpose"": ""future human review"", ""source_id"": ""naeb"", ""status"": ""not_checked""}]",true
,Gynura procumbens,[],unknown,do_not_eat,,[],Unmatched USDA PLANTS record. Default fail-safe guidance is do not eat.,low,"[{""purpose"": ""taxonomy"", ""source_id"": ""usda-plants"", ""status"": ""no_exact_match""}, {""purpose"": ""dataset label provenance"", ""source_id"": ""image_manifest""}, {""purpose"": ""future human review"", ""source_id"": ""naeb"", ""status"": ""not_checked""}]",true
,Aspilia mossambicensis,[],unknown,do_not_eat,,[],Unmatched USDA PLANTS record. Default fail-safe guidance is do not eat.,low,"[{""purpose"": ""taxonomy"", ""source_id"": ""usda-plants"", ""status"": ""no_exact_match""}, {""purpose"": ""dataset label provenance"", ""source_id"": ""image_manifest""}, {""purpose"": ""future human review"", ""source_id"": ""naeb"", ""status"": ""not_checked""}]",true
,Aspilia pluriseta,[],unknown,do_not_eat,,[],Unmatched USDA PLANTS record. Default fail-safe guidance is do not eat.,low,"[{""purpose"": ""taxonomy"", ""source_id"": ""usda-plants"", ""status"": ""no_exact_match""}, {""purpose"": ""dataset label provenance"", ""source_id"": ""image_manifest""}, {""purpose"": ""future human review"", ""source_id"": ""naeb"", ""status"": ""not_checked""}]",true
,Acalypha crenata,[],unknown,do_not_eat,,[],Unmatched USDA PLANTS record. Default fail-safe guidance is do not eat.,low,"[{""purpose"": ""taxonomy"", ""source_id"": ""usda-plants"", ""status"": ""no_exact_match""}, {""purpose"": ""dataset label provenance"", ""source_id"": ""image_manifest""}, {""purpose"": ""future human review"", ""source_id"": ""naeb"", ""status"": ""not_checked""}]",true
,Phyllanthus fischeri,[],unknown,do_not_eat,,[],Unmatched USDA PLANTS record. Default fail-safe guidance is do not eat.,low,"[{""purpose"": ""taxonomy"", ""source_id"": ""usda-plants"", ""status"": ""no_exact_match""}, {""purpose"": ""dataset label provenance"", ""source_id"": ""image_manifest""}, {""purpose"": ""future human review"", ""source_id"": ""naeb"", ""status"": ""not_checked""}]",true
,Phyllanthus suffrutescens,[],unknown,do_not_eat,,[],Unmatched USDA PLANTS record. Default fail-safe guidance is do not eat.,low,"[{""purpose"": ""taxonomy"", ""source_id"": ""usda-plants"", ""status"": ""no_exact_match""}, {""purpose"": ""dataset label provenance"", ""source_id"": ""image_manifest""}, {""purpose"": ""future human review"", ""source_id"": ""naeb"", ""status"": ""not_checked""}]",true
,Hypericum annulatum,[],unknown,do_not_eat,,[],Unmatched USDA PLANTS record. Default fail-safe guidance is do not eat.,low,"[{""purpose"": ""taxonomy"", ""source_id"": ""usda-plants"", ""status"": ""no_exact_match""}, {""purpose"": ""dataset label provenance"", ""source_id"": ""image_manifest""}, {""purpose"": ""future human review"", ""source_id"": ""naeb"", ""status"": ""not_checked""}]",true
,Boscia mossambicensis,[],unknown,do_not_eat,,[],Unmatched USDA PLANTS record. Default fail-safe guidance is do not eat.,low,"[{""purpose"": ""taxonomy"", ""source_id"": ""usda-plants"", ""status"": ""no_exact_match""}, {""purpose"": ""dataset label provenance"", ""source_id"": ""image_manifest""}, {""purpose"": ""future human review"", ""source_id"": ""naeb"", ""status"": ""not_checked""}]",true
,Boscia coriacea,[],unknown,do_not_eat,,[],Unmatched USDA PLANTS record. Default fail-safe guidance is do not eat.,low,"[{""purpose"": ""taxonomy"", ""source_id"": ""usda-plants"", ""status"": ""no_exact_match""}, {""purpose"": ""dataset label provenance"", ""source_id"": ""image_manifest""}, {""purpose"": ""future human review"", ""source_id"": ""naeb"", ""status"": ""not_checked""}]",true
,Aristea abyssinica,[],unknown,do_not_eat,,[],Unmatched USDA PLANTS record. Default fail-safe guidance is do not eat.,low,"[{""purpose"": ""taxonomy"", ""source_id"": ""usda-plants"", ""status"": ""no_exact_match""}, {""purpose"": ""dataset label provenance"", ""source_id"": ""image_manifest""}, {""purpose"": ""future human review"", ""source_id"": ""naeb"", ""status"": ""not_checked""}]",true
,Aristea ecklonii,[],unknown,do_not_eat,,[],Unmatched USDA PLANTS record. Default fail-safe guidance is do not eat.,low,"[{""purpose"": ""taxonomy"", ""source_id"": ""usda-plants"", ""status"": ""no_exact_match""}, {""purpose"": ""dataset label provenance"", ""source_id"": ""image_manifest""}, {""purpose"": ""future human review"", ""source_id"": ""naeb"", ""status"": ""not_checked""}]",true
,Erianthemum dregei,[],unknown,do_not_eat,,[],Unmatched USDA PLANTS record. Default fail-safe guidance is do not eat.,low,"[{""purpose"": ""taxonomy"", ""source_id"": ""usda-plants"", ""status"": ""no_exact_match""}, {""purpose"": ""dataset label provenance"", ""source_id"": ""image_manifest""}, {""purpose"": ""future human review"", ""source_id"": ""naeb"", ""status"": ""not_checked""}]",true
,Lagenaria sphaerica,[],unknown,do_not_eat,,[],Unmatched USDA PLANTS record. Default fail-safe guidance is do not eat.,low,"[{""purpose"": ""taxonomy"", ""source_id"": ""usda-plants"", ""status"": ""no_exact_match""}, {""purpose"": ""dataset label provenance"", ""source_id"": ""image_manifest""}, {""purpose"": ""future human review"", ""source_id"": ""naeb"", ""status"": ""not_checked""}]",true
,Asystasia riparia,[],unknown,do_not_eat,,[],Unmatched USDA PLANTS record. Default fail-safe guidance is do not eat.,low,"[{""purpose"": ""taxonomy"", ""source_id"": ""usda-plants"", ""status"": ""no_exact_match""}, {""purpose"": ""dataset label provenance"", ""source_id"": ""image_manifest""}, {""purpose"": ""future human review"", ""source_id"": ""naeb"", ""status"": ""not_checked""}]",true
,Asystasia charmian,[],unknown,do_not_eat,,[],Unmatched USDA PLANTS record. Default fail-safe guidance is do not eat.,low,"[{""purpose"": ""taxonomy"", ""source_id"": ""usda-plants"", ""status"": ""no_exact_match""}, {""purpose"": ""dataset label provenance"", ""source_id"": ""image_manifest""}, {""purpose"": ""future human review"", ""source_id"": ""naeb"", ""status"": ""not_checked""}]",true
,Zamioculcas zamiifolia,[],unknown,do_not_eat,,[],Unmatched USDA PLANTS record. Default fail-safe guidance is do not eat.,low,"[{""purpose"": ""taxonomy"", ""source_id"": ""usda-plants"", ""status"": ""no_exact_match""}, {""purpose"": ""dataset label provenance"", ""source_id"": ""image_manifest""}, {""purpose"": ""future human review"", ""source_id"": ""naeb"", ""status"": ""not_checked""}]",true
,Kniphofia linearifolia,[],unknown,do_not_eat,,[],Unmatched USDA PLANTS record. Default fail-safe guidance is do not eat.,low,"[{""purpose"": ""taxonomy"", ""source_id"": ""usda-plants"", ""status"": ""no_exact_match""}, {""purpose"": ""dataset label provenance"", ""source_id"": ""image_manifest""}, {""purpose"": ""future human review"", ""source_id"": ""naeb"", ""status"": ""not_checked""}]",true
,Smilax anceps,[],unknown,do_not_eat,,[],Unmatched USDA PLANTS record. Default fail-safe guidance is do not eat.,low,"[{""purpose"": ""taxonomy"", ""source_id"": ""usda-plants"", ""status"": ""no_exact_match""}, {""purpose"": ""dataset label provenance"", ""source_id"": ""image_manifest""}, {""purpose"": ""future human review"", ""source_id"": ""naeb"", ""status"": ""not_checked""}]",true
,Ansellia africana,[],unknown,do_not_eat,,[],Unmatched USDA PLANTS record. Default fail-safe guidance is do not eat.,low,"[{""purpose"": ""taxonomy"", ""source_id"": ""usda-plants"", ""status"": ""no_exact_match""}, {""purpose"": ""dataset label provenance"", ""source_id"": ""image_manifest""}, {""purpose"": ""future human review"", ""source_id"": ""naeb"", ""status"": ""not_checked""}]",true
,Hypericum balearicum,[],unknown,do_not_eat,,[],Unmatched USDA PLANTS record. Default fail-safe guidance is do not eat.,low,"[{""purpose"": ""taxonomy"", ""source_id"": ""usda-plants"", ""status"": ""no_exact_match""}, {""purpose"": ""dataset label provenance"", ""source_id"": ""image_manifest""}, {""purpose"": ""future human review"", ""source_id"": ""naeb"", ""status"": ""not_checked""}]",true
,Ophrys holosericea,[],unknown,do_not_eat,,[],Unmatched USDA PLANTS record. Default fail-safe guidance is do not eat.,low,"[{""purpose"": ""taxonomy"", ""source_id"": ""usda-plants"", ""status"": ""no_exact_match""}, {""purpose"": ""dataset label provenance"", ""source_id"": ""image_manifest""}, {""purpose"": ""future human review"", ""source_id"": ""naeb"", ""status"": ""not_checked""}]",true
,Odontites longiflorus,[],unknown,do_not_eat,,[],Unmatched USDA PLANTS record. Default fail-safe guidance is do not eat.,low,"[{""purpose"": ""taxonomy"", ""source_id"": ""usda-plants"", ""status"": ""no_exact_match""}, {""purpose"": ""dataset label provenance"", ""source_id"": ""image_manifest""}, {""purpose"": ""future human review"", ""source_id"": ""naeb"", ""status"": ""not_checked""}]",true
,Cicerbita plumieri,[],unknown,do_not_eat,,[],Unmatched USDA PLANTS record. Default fail-safe guidance is do not eat.,low,"[{""purpose"": ""taxonomy"", ""source_id"": ""usda-plants"", ""status"": ""no_exact_match""}, {""purpose"": ""dataset label provenance"", ""source_id"": ""image_manifest""}, {""purpose"": ""future human review"", ""source_id"": ""naeb"", ""status"": ""not_checked""}]",true
,Aizoanthemopsis hispanica,[],unknown,do_not_eat,,[],Unmatched USDA PLANTS record. Default fail-safe guidance is do not eat.,low,"[{""purpose"": ""taxonomy"", ""source_id"": ""usda-plants"", ""status"": ""no_exact_match""}, {""purpose"": ""dataset label provenance"", ""source_id"": ""image_manifest""}, {""purpose"": ""future human review"", ""source_id"": ""naeb"", ""status"": ""not_checked""}]",true
,Cereus jamacaru,[],unknown,do_not_eat,,[],Unmatched USDA PLANTS record. Default fail-safe guidance is do not eat.,low,"[{""purpose"": ""taxonomy"", ""source_id"": ""usda-plants"", ""status"": ""no_exact_match""}, {""purpose"": ""dataset label provenance"", ""source_id"": ""image_manifest""}, {""purpose"": ""future human review"", ""source_id"": ""naeb"", ""status"": ""not_checked""}]",true
,Sedum pachyphyllum,[],unknown,do_not_eat,,[],Unmatched USDA PLANTS record. Default fail-safe guidance is do not eat.,low,"[{""purpose"": ""taxonomy"", ""source_id"": ""usda-plants"", ""status"": ""no_exact_match""}, {""purpose"": ""dataset label provenance"", ""source_id"": ""image_manifest""}, {""purpose"": ""future human review"", ""source_id"": ""naeb"", ""status"": ""not_checked""}]",true
,Atocion rupestre,[],unknown,do_not_eat,,[],Unmatched USDA PLANTS record. Default fail-safe guidance is do not eat.,low,"[{""purpose"": ""taxonomy"", ""source_id"": ""usda-plants"", ""status"": ""no_exact_match""}, {""purpose"": ""dataset label provenance"", ""source_id"": ""image_manifest""}, {""purpose"": ""future human review"", ""source_id"": ""naeb"", ""status"": ""not_checked""}]",true
,Patzkea paniculata,[],unknown,do_not_eat,,[],Unmatched USDA PLANTS record. Default fail-safe guidance is do not eat.,low,"[{""purpose"": ""taxonomy"", ""source_id"": ""usda-plants"", ""status"": ""no_exact_match""}, {""purpose"": ""dataset label provenance"", ""source_id"": ""image_manifest""}, {""purpose"": ""future human review"", ""source_id"": ""naeb"", ""status"": ""not_checked""}]",true
,Salvia abrotanoides,[],unknown,do_not_eat,,[],Unmatched USDA PLANTS record. Default fail-safe guidance is do not eat.,low,"[{""purpose"": ""taxonomy"", ""source_id"": ""usda-plants"", ""status"": ""no_exact_match""}, {""purpose"": ""dataset label provenance"", ""source_id"": ""image_manifest""}, {""purpose"": ""future human review"", ""source_id"": ""naeb"", ""status"": ""not_checked""}]",true
,Ophrys x,[],unknown,do_not_eat,,[],Unmatched USDA PLANTS record. Default fail-safe guidance is do not eat.,low,"[{""purpose"": ""taxonomy"", ""source_id"": ""usda-plants"", ""status"": ""no_exact_match""}, {""purpose"": ""dataset label provenance"", ""source_id"": ""image_manifest""}, {""purpose"": ""future human review"", ""source_id"": ""naeb"", ""status"": ""not_checked""}]",true
,Carthamus carduncellus,[],unknown,do_not_eat,,[],Unmatched USDA PLANTS record. Default fail-safe guidance is do not eat.,low,"[{""purpose"": ""taxonomy"", ""source_id"": ""usda-plants"", ""status"": ""no_exact_match""}, {""purpose"": ""dataset label provenance"", ""source_id"": ""image_manifest""}, {""purpose"": ""future human review"", ""source_id"": ""naeb"", ""status"": ""not_checked""}]",true
,Carthamus mitissimus,[],unknown,do_not_eat,,[],Unmatched USDA PLANTS record. Default fail-safe guidance is do not eat.,low,"[{""purpose"": ""taxonomy"", ""source_id"": ""usda-plants"", ""status"": ""no_exact_match""}, {""purpose"": ""dataset label provenance"", ""source_id"": ""image_manifest""}, {""purpose"": ""future human review"", ""source_id"": ""naeb"", ""status"": ""not_checked""}]",true
,Chaerophyllum aureum,[],unknown,do_not_eat,,[],Unmatched USDA PLANTS record. Default fail-safe guidance is do not eat.,low,"[{""purpose"": ""taxonomy"", ""source_id"": ""usda-plants"", ""status"": ""no_exact_match""}, {""purpose"": ""dataset label provenance"", ""source_id"": ""image_manifest""}, {""purpose"": ""future human review"", ""source_id"": ""naeb"", ""status"": ""not_checked""}]",true
,Chaerophyllum hirsutum,[],unknown,do_not_eat,,[],Unmatched USDA PLANTS record. Default fail-safe guidance is do not eat.,low,"[{""purpose"": ""taxonomy"", ""source_id"": ""usda-plants"", ""status"": ""no_exact_match""}, {""purpose"": ""dataset label provenance"", ""source_id"": ""image_manifest""}, {""purpose"": ""future human review"", ""source_id"": ""naeb"", ""status"": ""not_checked""}]",true
,Chaerophyllum villarsii,[],unknown,do_not_eat,,[],Unmatched USDA PLANTS record. Default fail-safe guidance is do not eat.,low,"[{""purpose"": ""taxonomy"", ""source_id"": ""usda-plants"", ""status"": ""no_exact_match""}, {""purpose"": ""dataset label provenance"", ""source_id"": ""image_manifest""}, {""purpose"": ""future human review"", ""source_id"": ""naeb"", ""status"": ""not_checked""}]",true
,Cirsium alsophilum,[],unknown,do_not_eat,,[],Unmatched USDA PLANTS record. Default fail-safe guidance is do not eat.,low,"[{""purpose"": ""taxonomy"", ""source_id"": ""usda-plants"", ""status"": ""no_exact_match""}, {""purpose"": ""dataset label provenance"", ""source_id"": ""image_manifest""}, {""purpose"": ""future human review"", ""source_id"": ""naeb"", ""status"": ""not_checked""}]",true
,Cirsium dissectum,[],unknown,do_not_eat,,[],Unmatched USDA PLANTS record. Default fail-safe guidance is do not eat.,low,"[{""purpose"": ""taxonomy"", ""source_id"": ""usda-plants"", ""status"": ""no_exact_match""}, {""purpose"": ""dataset label provenance"", ""source_id"": ""image_manifest""}, {""purpose"": ""future human review"", ""source_id"": ""naeb"", ""status"": ""not_checked""}]",true
,Lophiolepis eriophora,[],unknown,do_not_eat,,[],Unmatched USDA PLANTS record. Default fail-safe guidance is do not eat.,low,"[{""purpose"": ""taxonomy"", ""source_id"": ""usda-plants"", ""status"": ""no_exact_match""}, {""purpose"": ""dataset label provenance"", ""source_id"": ""image_manifest""}, {""purpose"": ""future human review"", ""source_id"": ""naeb"", ""status"": ""not_checked""}]",true
,Cirsium erisithales,[],unknown,do_not_eat,,[],Unmatched USDA PLANTS record. Default fail-safe guidance is do not eat.,low,"[{""purpose"": ""taxonomy"", ""source_id"": ""usda-plants"", ""status"": ""no_exact_match""}, {""purpose"": ""dataset label provenance"", ""source_id"": ""image_manifest""}, {""purpose"": ""future human review"", ""source_id"": ""naeb"", ""status"": ""not_checked""}]",true
,Lophiolepis ferox,[],unknown,do_not_eat,,[],Unmatched USDA PLANTS record. Default fail-safe guidance is do not eat.,low,"[{""purpose"": ""taxonomy"", ""source_id"": ""usda-plants"", ""status"": ""no_exact_match""}, {""purpose"": ""dataset label provenance"", ""source_id"": ""image_manifest""}, {""purpose"": ""future human review"", ""source_id"": ""naeb"", ""status"": ""not_checked""}]",true
,Cirsium glabrum,[],unknown,do_not_eat,,[],Unmatched USDA PLANTS record. Default fail-safe guidance is do not eat.,low,"[{""purpose"": ""taxonomy"", ""source_id"": ""usda-plants"", ""status"": ""no_exact_match""}, {""purpose"": ""dataset label provenance"", ""source_id"": ""image_manifest""}, {""purpose"": ""future human review"", ""source_id"": ""naeb"", ""status"": ""not_checked""}]",true
,Lophiolepis morisiana,[],unknown,do_not_eat,,[],Unmatched USDA PLANTS record. Default fail-safe guidance is do not eat.,low,"[{""purpose"": ""taxonomy"", ""source_id"": ""usda-plants"", ""status"": ""no_exact_match""}, {""purpose"": ""dataset label provenance"", ""source_id"": ""image_manifest""}, {""purpose"": ""future human review"", ""source_id"": ""naeb"", ""status"": ""not_checked""}]",true
,Cirsium oleraceum,[],unknown,do_not_eat,,[],Unmatched USDA PLANTS record. Default fail-safe guidance is do not eat.,low,"[{""purpose"": ""taxonomy"", ""source_id"": ""usda-plants"", ""status"": ""no_exact_match""}, {""purpose"": ""dataset label provenance"", ""source_id"": ""image_manifest""}, {""purpose"": ""future human review"", ""source_id"": ""naeb"", ""status"": ""not_checked""}]",true
,Cirsium rivulare,[],unknown,do_not_eat,,[],Unmatched USDA PLANTS record. Default fail-safe guidance is do not eat.,low,"[{""purpose"": ""taxonomy"", ""source_id"": ""usda-plants"", ""status"": ""no_exact_match""}, {""purpose"": ""dataset label provenance"", ""source_id"": ""image_manifest""}, {""purpose"": ""future human review"", ""source_id"": ""naeb"", ""status"": ""not_checked""}]",true
,Cirsium tuberosum,[],unknown,do_not_eat,,[],Unmatched USDA PLANTS record. Default fail-safe guidance is do not eat.,low,"[{""purpose"": ""taxonomy"", ""source_id"": ""usda-plants"", ""status"": ""no_exact_match""}, {""purpose"": ""dataset label provenance"", ""source_id"": ""image_manifest""}, {""purpose"": ""future human review"", ""source_id"": ""naeb"", ""status"": ""not_checked""}]",true
,Cymbalaria aequitriloba,[],unknown,do_not_eat,,[],Unmatched USDA PLANTS record. Default fail-safe guidance is do not eat.,low,"[{""purpose"": ""taxonomy"", ""source_id"": ""usda-plants"", ""status"": ""no_exact_match""}, {""purpose"": ""dataset label provenance"", ""source_id"": ""image_manifest""}, {""purpose"": ""future human review"", ""source_id"": ""naeb"", ""status"": ""not_checked""}]",true
,Cymbalaria hepaticifolia,[],unknown,do_not_eat,,[],Unmatched USDA PLANTS record. Default fail-safe guidance is do not eat.,low,"[{""purpose"": ""taxonomy"", ""source_id"": ""usda-plants"", ""status"": ""no_exact_match""}, {""purpose"": ""dataset label provenance"", ""source_id"": ""image_manifest""}, {""purpose"": ""future human review"", ""source_id"": ""naeb"", ""status"": ""not_checked""}]",true
,Cytinus hypocistis,[],unknown,do_not_eat,,[],Unmatched USDA PLANTS record. Default fail-safe guidance is do not eat.,low,"[{""purpose"": ""taxonomy"", ""source_id"": ""usda-plants"", ""status"": ""no_exact_match""}, {""purpose"": ""dataset label provenance"", ""source_id"": ""image_manifest""}, {""purpose"": ""future human review"", ""source_id"": ""naeb"", ""status"": ""not_checked""}]",true
,Cytinus ruber,[],unknown,do_not_eat,,[],Unmatched USDA PLANTS record. Default fail-safe guidance is do not eat.,low,"[{""purpose"": ""taxonomy"", ""source_id"": ""usda-plants"", ""status"": ""no_exact_match""}, {""purpose"": ""dataset label provenance"", ""source_id"": ""image_manifest""}, {""purpose"": ""future human review"", ""source_id"": ""naeb"", ""status"": ""not_checked""}]",true
,Daphne alpina,[],unknown,do_not_eat,,[],Unmatched USDA PLANTS record. Default fail-safe guidance is do not eat.,low,"[{""purpose"": ""taxonomy"", ""source_id"": ""usda-plants"", ""status"": ""no_exact_match""}, {""purpose"": ""dataset label provenance"", ""source_id"": ""image_manifest""}, {""purpose"": ""future human review"", ""source_id"": ""naeb"", ""status"": ""not_checked""}]",true
,Daphne striata,[],unknown,do_not_eat,,[],Unmatched USDA PLANTS record. Default fail-safe guidance is do not eat.,low,"[{""purpose"": ""taxonomy"", ""source_id"": ""usda-plants"", ""status"": ""no_exact_match""}, {""purpose"": ""dataset label provenance"", ""source_id"": ""image_manifest""}, {""purpose"": ""future human review"", ""source_id"": ""naeb"", ""status"": ""not_checked""}]",true
,Cleretum bellidiforme,[],unknown,do_not_eat,,[],Unmatched USDA PLANTS record. Default fail-safe guidance is do not eat.,low,"[{""purpose"": ""taxonomy"", ""source_id"": ""usda-plants"", ""status"": ""no_exact_match""}, {""purpose"": ""dataset label provenance"", ""source_id"": ""image_manifest""}, {""purpose"": ""future human review"", ""source_id"": ""naeb"", ""status"": ""not_checked""}]",true
,Dryopteris villarii,[],unknown,do_not_eat,,[],Unmatched USDA PLANTS record. Default fail-safe guidance is do not eat.,low,"[{""purpose"": ""taxonomy"", ""source_id"": ""usda-plants"", ""status"": ""no_exact_match""}, {""purpose"": ""dataset label provenance"", ""source_id"": ""image_manifest""}, {""purpose"": ""future human review"", ""source_id"": ""naeb"", ""status"": ""not_checked""}]",true
,Epipactis leptochila,[],unknown,do_not_eat,,[],Unmatched USDA PLANTS record. Default fail-safe guidance is do not eat.,low,"[{""purpose"": ""taxonomy"", ""source_id"": ""usda-plants"", ""status"": ""no_exact_match""}, {""purpose"": ""dataset label provenance"", ""source_id"": ""image_manifest""}, {""purpose"": ""future human review"", ""source_id"": ""naeb"", ""status"": ""not_checked""}]",true
,Epipactis microphylla,[],unknown,do_not_eat,,[],Unmatched USDA PLANTS record. Default fail-safe guidance is do not eat.,low,"[{""purpose"": ""taxonomy"", ""source_id"": ""usda-plants"", ""status"": ""no_exact_match""}, {""purpose"": ""dataset label provenance"", ""source_id"": ""image_manifest""}, {""purpose"": ""future human review"", ""source_id"": ""naeb"", ""status"": ""not_checked""}]",true
,Epipactis muelleri,[],unknown,do_not_eat,,[],Unmatched USDA PLANTS record. Default fail-safe guidance is do not eat.,low,"[{""purpose"": ""taxonomy"", ""source_id"": ""usda-plants"", ""status"": ""no_exact_match""}, {""purpose"": ""dataset label provenance"", ""source_id"": ""image_manifest""}, {""purpose"": ""future human review"", ""source_id"": ""naeb"", ""status"": ""not_checked""}]",true
,Epipactis phyllanthes,[],unknown,do_not_eat,,[],Unmatched USDA PLANTS record. Default fail-safe guidance is do not eat.,low,"[{""purpose"": ""taxonomy"", ""source_id"": ""usda-plants"", ""status"": ""no_exact_match""}, {""purpose"": ""dataset label provenance"", ""source_id"": ""image_manifest""}, {""purpose"": ""future human review"", ""source_id"": ""naeb"", ""status"": ""not_checked""}]",true
,Epipactis purpurata,[],unknown,do_not_eat,,[],Unmatched USDA PLANTS record. Default fail-safe guidance is do not eat.,low,"[{""purpose"": ""taxonomy"", ""source_id"": ""usda-plants"", ""status"": ""no_exact_match""}, {""purpose"": ""dataset label provenance"", ""source_id"": ""image_manifest""}, {""purpose"": ""future human review"", ""source_id"": ""naeb"", ""status"": ""not_checked""}]",true
,Valeriana graciliflora,[],unknown,do_not_eat,,[],Unmatched USDA PLANTS record. Default fail-safe guidance is do not eat.,low,"[{""purpose"": ""taxonomy"", ""source_id"": ""usda-plants"", ""status"": ""no_exact_match""}, {""purpose"": ""dataset label provenance"", ""source_id"": ""image_manifest""}, {""purpose"": ""future human review"", ""source_id"": ""naeb"", ""status"": ""not_checked""}]",true
,Fragaria moschata,[],unknown,do_not_eat,,[],Unmatched USDA PLANTS record. Default fail-safe guidance is do not eat.,low,"[{""purpose"": ""taxonomy"", ""source_id"": ""usda-plants"", ""status"": ""no_exact_match""}, {""purpose"": ""dataset label provenance"", ""source_id"": ""image_manifest""}, {""purpose"": ""future human review"", ""source_id"": ""naeb"", ""status"": ""not_checked""}]",true
,Freesia x,[],unknown,do_not_eat,,[],Unmatched USDA PLANTS record. Default fail-safe guidance is do not eat.,low,"[{""purpose"": ""taxonomy"", ""source_id"": ""usda-plants"", ""status"": ""no_exact_match""}, {""purpose"": ""dataset label provenance"", ""source_id"": ""image_manifest""}, {""purpose"": ""future human review"", ""source_id"": ""naeb"", ""status"": ""not_checked""}]",true
,Galega orientalis,[],unknown,do_not_eat,,[],Unmatched USDA PLANTS record. Default fail-safe guidance is do not eat.,low,"[{""purpose"": ""taxonomy"", ""source_id"": ""usda-plants"", ""status"": ""no_exact_match""}, {""purpose"": ""dataset label provenance"", ""source_id"": ""image_manifest""}, {""purpose"": ""future human review"", ""source_id"": ""naeb"", ""status"": ""not_checked""}]",true
,Geropogon hybridus,[],unknown,do_not_eat,,[],Unmatched USDA PLANTS record. Default fail-safe guidance is do not eat.,low,"[{""purpose"": ""taxonomy"", ""source_id"": ""usda-plants"", ""status"": ""no_exact_match""}, {""purpose"": ""dataset label provenance"", ""source_id"": ""image_manifest""}, {""purpose"": ""future human review"", ""source_id"": ""naeb"", ""status"": ""not_checked""}]",true
,Gomphocarpus fruticosus,[],unknown,do_not_eat,,[],Unmatched USDA PLANTS record. Default fail-safe guidance is do not eat.,low,"[{""purpose"": ""taxonomy"", ""source_id"": ""usda-plants"", ""status"": ""no_exact_match""}, {""purpose"": ""dataset label provenance"", ""source_id"": ""image_manifest""}, {""purpose"": ""future human review"", ""source_id"": ""naeb"", ""status"": ""not_checked""}]",true
,Veronica brachysiphon,[],unknown,do_not_eat,,[],Unmatched USDA PLANTS record. Default fail-safe guidance is do not eat.,low,"[{""purpose"": ""taxonomy"", ""source_id"": ""usda-plants"", ""status"": ""no_exact_match""}, {""purpose"": ""dataset label provenance"", ""source_id"": ""image_manifest""}, {""purpose"": ""future human review"", ""source_id"": ""naeb"", ""status"": ""not_checked""}]",true
,Veronica ochracea,[],unknown,do_not_eat,,[],Unmatched USDA PLANTS record. Default fail-safe guidance is do not eat.,low,"[{""purpose"": ""taxonomy"", ""source_id"": ""usda-plants"", ""status"": ""no_exact_match""}, {""purpose"": ""dataset label provenance"", ""source_id"": ""image_manifest""}, {""purpose"": ""future human review"", ""source_id"": ""naeb"", ""status"": ""not_checked""}]",true
,Veronica salicifolia,[],unknown,do_not_eat,,[],Unmatched USDA PLANTS record. Default fail-safe guidance is do not eat.,low,"[{""purpose"": ""taxonomy"", ""source_id"": ""usda-plants"", ""status"": ""no_exact_match""}, {""purpose"": ""dataset label provenance"", ""source_id"": ""image_manifest""}, {""purpose"": ""future human review"", ""source_id"": ""naeb"", ""status"": ""not_checked""}]",true
,Helicodiceros muscivorus,[],unknown,do_not_eat,,[],Unmatched USDA PLANTS record. Default fail-safe guidance is do not eat.,low,"[{""purpose"": ""taxonomy"", ""source_id"": ""usda-plants"", ""status"": ""no_exact_match""}, {""purpose"": ""dataset label provenance"", ""source_id"": ""image_manifest""}, {""purpose"": ""future human review"", ""source_id"": ""naeb"", ""status"": ""not_checked""}]",true
,Hypericum elodes,[],unknown,do_not_eat,,[],Unmatched USDA PLANTS record. Default fail-safe guidance is do not eat.,low,"[{""purpose"": ""taxonomy"", ""source_id"": ""usda-plants"", ""status"": ""no_exact_match""}, {""purpose"": ""dataset label provenance"", ""source_id"": ""image_manifest""}, {""purpose"": ""future human review"", ""source_id"": ""naeb"", ""status"": ""not_checked""}]",true
,Hypericum x,[],unknown,do_not_eat,,[],Unmatched USDA PLANTS record. Default fail-safe guidance is do not eat.,low,"[{""purpose"": ""taxonomy"", ""source_id"": ""usda-plants"", ""status"": ""no_exact_match""}, {""purpose"": ""dataset label provenance"", ""source_id"": ""image_manifest""}, {""purpose"": ""future human review"", ""source_id"": ""naeb"", ""status"": ""not_checked""}]",true
,Hypericum nummularium,[],unknown,do_not_eat,,[],Unmatched USDA PLANTS record. Default fail-safe guidance is do not eat.,low,"[{""purpose"": ""taxonomy"", ""source_id"": ""usda-plants"", ""status"": ""no_exact_match""}, {""purpose"": ""dataset label provenance"", ""source_id"": ""image_manifest""}, {""purpose"": ""future human review"", ""source_id"": ""naeb"", ""status"": ""not_checked""}]",true
,Hypericum richeri,[],unknown,do_not_eat,,[],Unmatched USDA PLANTS record. Default fail-safe guidance is do not eat.,low,"[{""purpose"": ""taxonomy"", ""source_id"": ""usda-plants"", ""status"": ""no_exact_match""}, {""purpose"": ""dataset label provenance"", ""source_id"": ""image_manifest""}, {""purpose"": ""future human review"", ""source_id"": ""naeb"", ""status"": ""not_checked""}]",true
,Dierama pulcherrimum,[],unknown,do_not_eat,,[],Unmatched USDA PLANTS record. Default fail-safe guidance is do not eat.,low,"[{""purpose"": ""taxonomy"", ""source_id"": ""usda-plants"", ""status"": ""no_exact_match""}, {""purpose"": ""dataset label provenance"", ""source_id"": ""image_manifest""}, {""purpose"": ""future human review"", ""source_id"": ""naeb"", ""status"": ""not_checked""}]",true
,Euphrosyne xanthiifolia,[],unknown,do_not_eat,,[],Unmatched USDA PLANTS record. Default fail-safe guidance is do not eat.,low,"[{""purpose"": ""taxonomy"", ""source_id"": ""usda-plants"", ""status"": ""no_exact_match""}, {""purpose"": ""dataset label provenance"", ""source_id"": ""image_manifest""}, {""purpose"": ""future human review"", ""source_id"": ""naeb"", ""status"": ""not_checked""}]",true
,Cicerbita alpina,[],unknown,do_not_eat,,[],Unmatched USDA PLANTS record. Default fail-safe guidance is do not eat.,low,"[{""purpose"": ""taxonomy"", ""source_id"": ""usda-plants"", ""status"": ""no_exact_match""}, {""purpose"": ""dataset label provenance"", ""source_id"": ""image_manifest""}, {""purpose"": ""future human review"", ""source_id"": ""naeb"", ""status"": ""not_checked""}]",true
,Cicerbita macrophylla,[],unknown,do_not_eat,,[],Unmatched USDA PLANTS record. Default fail-safe guidance is do not eat.,low,"[{""purpose"": ""taxonomy"", ""source_id"": ""usda-plants"", ""status"": ""no_exact_match""}, {""purpose"": ""dataset label provenance"", ""source_id"": ""image_manifest""}, {""purpose"": ""future human review"", ""source_id"": ""naeb"", ""status"": ""not_checked""}]",true
,Lactuca viminea,[],unknown,do_not_eat,,[],Unmatched USDA PLANTS record. Default fail-safe guidance is do not eat.,low,"[{""purpose"": ""taxonomy"", ""source_id"": ""usda-plants"", ""status"": ""no_exact_match""}, {""purpose"": ""dataset label provenance"", ""source_id"": ""image_manifest""}, {""purpose"": ""future human review"", ""source_id"": ""naeb"", ""status"": ""not_checked""}]",true
,Lathraea clandestina,[],unknown,do_not_eat,,[],Unmatched USDA PLANTS record. Default fail-safe guidance is do not eat.,low,"[{""purpose"": ""taxonomy"", ""source_id"": ""usda-plants"", ""status"": ""no_exact_match""}, {""purpose"": ""dataset label provenance"", ""source_id"": ""image_manifest""}, {""purpose"": ""future human review"", ""source_id"": ""naeb"", ""status"": ""not_checked""}]",true
,Lathraea squamaria,[],unknown,do_not_eat,,[],Unmatched USDA PLANTS record. Default fail-safe guidance is do not eat.,low,"[{""purpose"": ""taxonomy"", ""source_id"": ""usda-plants"", ""status"": ""no_exact_match""}, {""purpose"": ""dataset label provenance"", ""source_id"": ""image_manifest""}, {""purpose"": ""future human review"", ""source_id"": ""naeb"", ""status"": ""not_checked""}]",true
,Lavandula x,[],unknown,do_not_eat,,[],Unmatched USDA PLANTS record. Default fail-safe guidance is do not eat.,low,"[{""purpose"": ""taxonomy"", ""source_id"": ""usda-plants"", ""status"": ""no_exact_match""}, {""purpose"": ""dataset label provenance"", ""source_id"": ""image_manifest""}, {""purpose"": ""future human review"", ""source_id"": ""naeb"", ""status"": ""not_checked""}]",true
,Lupinus x,[],unknown,do_not_eat,,[],Unmatched USDA PLANTS record. Default fail-safe guidance is do not eat.,low,"[{""purpose"": ""taxonomy"", ""source_id"": ""usda-plants"", ""status"": ""no_exact_match""}, {""purpose"": ""dataset label provenance"", ""source_id"": ""image_manifest""}, {""purpose"": ""future human review"", ""source_id"": ""naeb"", ""status"": ""not_checked""}]",true
,Mercurialis tomentosa,[],unknown,do_not_eat,,[],Unmatched USDA PLANTS record. Default fail-safe guidance is do not eat.,low,"[{""purpose"": ""taxonomy"", ""source_id"": ""usda-plants"", ""status"": ""no_exact_match""}, {""purpose"": ""dataset label provenance"", ""source_id"": ""image_manifest""}, {""purpose"": ""future human review"", ""source_id"": ""naeb"", ""status"": ""not_checked""}]",true
,Moehringia ciliata,[],unknown,do_not_eat,,[],Unmatched USDA PLANTS record. Default fail-safe guidance is do not eat.,low,"[{""purpose"": ""taxonomy"", ""source_id"": ""usda-plants"", ""status"": ""no_exact_match""}, {""purpose"": ""dataset label provenance"", ""source_id"": ""image_manifest""}, {""purpose"": ""future human review"", ""source_id"": ""naeb"", ""status"": ""not_checked""}]",true
,Moehringia muscosa,[],unknown,do_not_eat,,[],Unmatched USDA PLANTS record. Default fail-safe guidance is do not eat.,low,"[{""purpose"": ""taxonomy"", ""source_id"": ""usda-plants"", ""status"": ""no_exact_match""}, {""purpose"": ""dataset label provenance"", ""source_id"": ""image_manifest""}, {""purpose"": ""future human review"", ""source_id"": ""naeb"", ""status"": ""not_checked""}]",true
,Moehringia pentandra,[],unknown,do_not_eat,,[],Unmatched USDA PLANTS record. Default fail-safe guidance is do not eat.,low,"[{""purpose"": ""taxonomy"", ""source_id"": ""usda-plants"", ""status"": ""no_exact_match""}, {""purpose"": ""dataset label provenance"", ""source_id"": ""image_manifest""}, {""purpose"": ""future human review"", ""source_id"": ""naeb"", ""status"": ""not_checked""}]",true
,Neotinea lactea,[],unknown,do_not_eat,,[],Unmatched USDA PLANTS record. Default fail-safe guidance is do not eat.,low,"[{""purpose"": ""taxonomy"", ""source_id"": ""usda-plants"", ""status"": ""no_exact_match""}, {""purpose"": ""dataset label provenance"", ""source_id"": ""image_manifest""}, {""purpose"": ""future human review"", ""source_id"": ""naeb"", ""status"": ""not_checked""}]",true
,Neotinea ustulata,[],unknown,do_not_eat,,[],Unmatched USDA PLANTS record. Default fail-safe guidance is do not eat.,low,"[{""purpose"": ""taxonomy"", ""source_id"": ""usda-plants"", ""status"": ""no_exact_match""}, {""purpose"": ""dataset label provenance"", ""source_id"": ""image_manifest""}, {""purpose"": ""future human review"", ""source_id"": ""naeb"", ""status"": ""not_checked""}]",true
,Noccaea caerulescens,[],unknown,do_not_eat,,[],Unmatched USDA PLANTS record. Default fail-safe guidance is do not eat.,low,"[{""purpose"": ""taxonomy"", ""source_id"": ""usda-plants"", ""status"": ""no_exact_match""}, {""purpose"": ""dataset label provenance"", ""source_id"": ""image_manifest""}, {""purpose"": ""future human review"", ""source_id"": ""naeb"", ""status"": ""not_checked""}]",true
,Noccaea rotundifolia,[],unknown,do_not_eat,,[],Unmatched USDA PLANTS record. Default fail-safe guidance is do not eat.,low,"[{""purpose"": ""taxonomy"", ""source_id"": ""usda-plants"", ""status"": ""no_exact_match""}, {""purpose"": ""dataset label provenance"", ""source_id"": ""image_manifest""}, {""purpose"": ""future human review"", ""source_id"": ""naeb"", ""status"": ""not_checked""}]",true
,Nymphaea candida,[],unknown,do_not_eat,,[],Unmatched USDA PLANTS record. Default fail-safe guidance is do not eat.,low,"[{""purpose"": ""taxonomy"", ""source_id"": ""usda-plants"", ""status"": ""no_exact_match""}, {""purpose"": ""dataset label provenance"", ""source_id"": ""image_manifest""}, {""purpose"": ""future human review"", ""source_id"": ""naeb"", ""status"": ""not_checked""}]",true
,Ophrys sphegodes,[],unknown,do_not_eat,,[],Unmatched USDA PLANTS record. Default fail-safe guidance is do not eat.,low,"[{""purpose"": ""taxonomy"", ""source_id"": ""usda-plants"", ""status"": ""no_exact_match""}, {""purpose"": ""dataset label provenance"", ""source_id"": ""image_manifest""}, {""purpose"": ""future human review"", ""source_id"": ""naeb"", ""status"": ""not_checked""}]",true
,Ophrys bertolonii,[],unknown,do_not_eat,,[],Unmatched USDA PLANTS record. Default fail-safe guidance is do not eat.,low,"[{""purpose"": ""taxonomy"", ""source_id"": ""usda-plants"", ""status"": ""no_exact_match""}, {""purpose"": ""dataset label provenance"", ""source_id"": ""image_manifest""}, {""purpose"": ""future human review"", ""source_id"": ""naeb"", ""status"": ""not_checked""}]",true
,Eriocapitella x,[],unknown,do_not_eat,,[],Unmatched USDA PLANTS record. Default fail-safe guidance is do not eat.,low,"[{""purpose"": ""taxonomy"", ""source_id"": ""usda-plants"", ""status"": ""no_exact_match""}, {""purpose"": ""dataset label provenance"", ""source_id"": ""image_manifest""}, {""purpose"": ""future human review"", ""source_id"": ""naeb"", ""status"": ""not_checked""}]",true
,Pulsatilla alpina,[],unknown,do_not_eat,,[],Unmatched USDA PLANTS record. Default fail-safe guidance is do not eat.,low,"[{""purpose"": ""taxonomy"", ""source_id"": ""usda-plants"", ""status"": ""no_exact_match""}, {""purpose"": ""dataset label provenance"", ""source_id"": ""image_manifest""}, {""purpose"": ""future human review"", ""source_id"": ""naeb"", ""status"": ""not_checked""}]",true
,Pancratium illyricum,[],unknown,do_not_eat,,[],Unmatched USDA PLANTS record. Default fail-safe guidance is do not eat.,low,"[{""purpose"": ""taxonomy"", ""source_id"": ""usda-plants"", ""status"": ""no_exact_match""}, {""purpose"": ""dataset label provenance"", ""source_id"": ""image_manifest""}, {""purpose"": ""future human review"", ""source_id"": ""naeb"", ""status"": ""not_checked""}]",true
,Anemonoides apennina,[],unknown,do_not_eat,,[],Unmatched USDA PLANTS record. Default fail-safe guidance is do not eat.,low,"[{""purpose"": ""taxonomy"", ""source_id"": ""usda-plants"", ""status"": ""no_exact_match""}, {""purpose"": ""dataset label provenance"", ""source_id"": ""image_manifest""}, {""purpose"": ""future human review"", ""source_id"": ""naeb"", ""status"": ""not_checked""}]",true
,Anemonoides baldensis,[],unknown,do_not_eat,,[],Unmatched USDA PLANTS record. Default fail-safe guidance is do not eat.,low,"[{""purpose"": ""taxonomy"", ""source_id"": ""usda-plants"", ""status"": ""no_exact_match""}, {""purpose"": ""dataset label provenance"", ""source_id"": ""image_manifest""}, {""purpose"": ""future human review"", ""source_id"": ""naeb"", ""status"": ""not_checked""}]",true
,Oreomecon alpina,[],unknown,do_not_eat,,[],Unmatched USDA PLANTS record. Default fail-safe guidance is do not eat.,low,"[{""purpose"": ""taxonomy"", ""source_id"": ""usda-plants"", ""status"": ""no_exact_match""}, {""purpose"": ""dataset label provenance"", ""source_id"": ""image_manifest""}, {""purpose"": ""future human review"", ""source_id"": ""naeb"", ""status"": ""not_checked""}]",true
,Oreomecon crocea,[],unknown,do_not_eat,,[],Unmatched USDA PLANTS record. Default fail-safe guidance is do not eat.,low,"[{""purpose"": ""taxonomy"", ""source_id"": ""usda-plants"", ""status"": ""no_exact_match""}, {""purpose"": ""dataset label provenance"", ""source_id"": ""image_manifest""}, {""purpose"": ""future human review"", ""source_id"": ""naeb"", ""status"": ""not_checked""}]",true
,Papaver setiferum,[],unknown,do_not_eat,,[],Unmatched USDA PLANTS record. Default fail-safe guidance is do not eat.,low,"[{""purpose"": ""taxonomy"", ""source_id"": ""usda-plants"", ""status"": ""no_exact_match""}, {""purpose"": ""dataset label provenance"", ""source_id"": ""image_manifest""}, {""purpose"": ""future human review"", ""source_id"": ""naeb"", ""status"": ""not_checked""}]",true
,Pulsatilla halleri,[],unknown,do_not_eat,,[],Unmatched USDA PLANTS record. Default fail-safe guidance is do not eat.,low,"[{""purpose"": ""taxonomy"", ""source_id"": ""usda-plants"", ""status"": ""no_exact_match""}, {""purpose"": ""dataset label provenance"", ""source_id"": ""image_manifest""}, {""purpose"": ""future human review"", ""source_id"": ""naeb"", ""status"": ""not_checked""}]",true
,Pelargonium x,[],unknown,do_not_eat,,[],Unmatched USDA PLANTS record. Default fail-safe guidance is do not eat.,low,"[{""purpose"": ""taxonomy"", ""source_id"": ""usda-plants"", ""status"": ""no_exact_match""}, {""purpose"": ""dataset label provenance"", ""source_id"": ""image_manifest""}, {""purpose"": ""future human review"", ""source_id"": ""naeb"", ""status"": ""not_checked""}]",true
,Pulsatilla montana,[],unknown,do_not_eat,,[],Unmatched USDA PLANTS record. Default fail-safe guidance is do not eat.,low,"[{""purpose"": ""taxonomy"", ""source_id"": ""usda-plants"", ""status"": ""no_exact_match""}, {""purpose"": ""dataset label provenance"", ""source_id"": ""image_manifest""}, {""purpose"": ""future human review"", ""source_id"": ""naeb"", ""status"": ""not_checked""}]",true
,Anemonoides nemorosa,[],unknown,do_not_eat,,[],Unmatched USDA PLANTS record. Default fail-safe guidance is do not eat.,low,"[{""purpose"": ""taxonomy"", ""source_id"": ""usda-plants"", ""status"": ""no_exact_match""}, {""purpose"": ""dataset label provenance"", ""source_id"": ""image_manifest""}, {""purpose"": ""future human review"", ""source_id"": ""naeb"", ""status"": ""not_checked""}]",true
,Pulsatilla rubra,[],unknown,do_not_eat,,[],Unmatched USDA PLANTS record. Default fail-safe guidance is do not eat.,low,"[{""purpose"": ""taxonomy"", ""source_id"": ""usda-plants"", ""status"": ""no_exact_match""}, {""purpose"": ""dataset label provenance"", ""source_id"": ""image_manifest""}, {""purpose"": ""future human review"", ""source_id"": ""naeb"", ""status"": ""not_checked""}]",true
,Phedimus stellatus,[],unknown,do_not_eat,,[],Unmatched USDA PLANTS record. Default fail-safe guidance is do not eat.,low,"[{""purpose"": ""taxonomy"", ""source_id"": ""usda-plants"", ""status"": ""no_exact_match""}, {""purpose"": ""dataset label provenance"", ""source_id"": ""image_manifest""}, {""purpose"": ""future human review"", ""source_id"": ""naeb"", ""status"": ""not_checked""}]",true
,Anemonoides sylvestris,[],unknown,do_not_eat,,[],Unmatched USDA PLANTS record. Default fail-safe guidance is do not eat.,low,"[{""purpose"": ""taxonomy"", ""source_id"": ""usda-plants"", ""status"": ""no_exact_match""}, {""purpose"": ""dataset label provenance"", ""source_id"": ""image_manifest""}, {""purpose"": ""future human review"", ""source_id"": ""naeb"", ""status"": ""not_checked""}]",true
,Anemonoides trifolia,[],unknown,do_not_eat,,[],Unmatched USDA PLANTS record. Default fail-safe guidance is do not eat.,low,"[{""purpose"": ""taxonomy"", ""source_id"": ""usda-plants"", ""status"": ""no_exact_match""}, {""purpose"": ""dataset label provenance"", ""source_id"": ""image_manifest""}, {""purpose"": ""future human review"", ""source_id"": ""naeb"", ""status"": ""not_checked""}]",true
,Pulsatilla vernalis,[],unknown,do_not_eat,,[],Unmatched USDA PLANTS record. Default fail-safe guidance is do not eat.,low,"[{""purpose"": ""taxonomy"", ""source_id"": ""usda-plants"", ""status"": ""no_exact_match""}, {""purpose"": ""dataset label provenance"", ""source_id"": ""image_manifest""}, {""purpose"": ""future human review"", ""source_id"": ""naeb"", ""status"": ""not_checked""}]",true
,Angelica heterocarpa,[],unknown,do_not_eat,,[],Unmatched USDA PLANTS record. Default fail-safe guidance is do not eat.,low,"[{""purpose"": ""taxonomy"", ""source_id"": ""usda-plants"", ""status"": ""no_exact_match""}, {""purpose"": ""dataset label provenance"", ""source_id"": ""image_manifest""}, {""purpose"": ""future human review"", ""source_id"": ""naeb"", ""status"": ""not_checked""}]",true
,Angelica razulii,[],unknown,do_not_eat,,[],Unmatched USDA PLANTS record. Default fail-safe guidance is do not eat.,low,"[{""purpose"": ""taxonomy"", ""source_id"": ""usda-plants"", ""status"": ""no_exact_match""}, {""purpose"": ""dataset label provenance"", ""source_id"": ""image_manifest""}, {""purpose"": ""future human review"", ""source_id"": ""naeb"", ""status"": ""not_checked""}]",true
,Pleurospermum austriacum,[],unknown,do_not_eat,,[],Unmatched USDA PLANTS record. Default fail-safe guidance is do not eat.,low,"[{""purpose"": ""taxonomy"", ""source_id"": ""usda-plants"", ""status"": ""no_exact_match""}, {""purpose"": ""dataset label provenance"", ""source_id"": ""image_manifest""}, {""purpose"": ""future human review"", ""source_id"": ""naeb"", ""status"": ""not_checked""}]",true
,Anthericum ramosum,[],unknown,do_not_eat,,[],Unmatched USDA PLANTS record. Default fail-safe guidance is do not eat.,low,"[{""purpose"": ""taxonomy"", ""source_id"": ""usda-plants"", ""status"": ""no_exact_match""}, {""purpose"": ""dataset label provenance"", ""source_id"": ""image_manifest""}, {""purpose"": ""future human review"", ""source_id"": ""naeb"", ""status"": ""not_checked""}]",true
,Diascia rigescens,[],unknown,do_not_eat,,[],Unmatched USDA PLANTS record. Default fail-safe guidance is do not eat.,low,"[{""purpose"": ""taxonomy"", ""source_id"": ""usda-plants"", ""status"": ""no_exact_match""}, {""purpose"": ""dataset label provenance"", ""source_id"": ""image_manifest""}, {""purpose"": ""future human review"", ""source_id"": ""naeb"", ""status"": ""not_checked""}]",true
,Diascia vigilis,[],unknown,do_not_eat,,[],Unmatched USDA PLANTS record. Default fail-safe guidance is do not eat.,low,"[{""purpose"": ""taxonomy"", ""source_id"": ""usda-plants"", ""status"": ""no_exact_match""}, {""purpose"": ""dataset label provenance"", ""source_id"": ""image_manifest""}, {""purpose"": ""future human review"", ""source_id"": ""naeb"", ""status"": ""not_checked""}]",true
,Sedum alpestre,[],unknown,do_not_eat,,[],Unmatched USDA PLANTS record. Default fail-safe guidance is do not eat.,low,"[{""purpose"": ""taxonomy"", ""source_id"": ""usda-plants"", ""status"": ""no_exact_match""}, {""purpose"": ""dataset label provenance"", ""source_id"": ""image_manifest""}, {""purpose"": ""future human review"", ""source_id"": ""naeb"", ""status"": ""not_checked""}]",true
,Phedimus kamtschaticus,[],unknown,do_not_eat,,[],Unmatched USDA PLANTS record. Default fail-safe guidance is do not eat.,low,"[{""purpose"": ""taxonomy"", ""source_id"": ""usda-plants"", ""status"": ""no_exact_match""}, {""purpose"": ""dataset label provenance"", ""source_id"": ""image_manifest""}, {""purpose"": ""future human review"", ""source_id"": ""naeb"", ""status"": ""not_checked""}]",true
,Petrosedum ochroleucum,[],unknown,do_not_eat,,[],Unmatched USDA PLANTS record. Default fail-safe guidance is do not eat.,low,"[{""purpose"": ""taxonomy"", ""source_id"": ""usda-plants"", ""status"": ""no_exact_match""}, {""purpose"": ""dataset label provenance"", ""source_id"": ""image_manifest""}, {""purpose"": ""future human review"", ""source_id"": ""naeb"", ""status"": ""not_checked""}]",true
,Telekia speciosa,[],unknown,do_not_eat,,[],Unmatched USDA PLANTS record. Default fail-safe guidance is do not eat.,low,"[{""purpose"": ""taxonomy"", ""source_id"": ""usda-plants"", ""status"": ""no_exact_match""}, {""purpose"": ""dataset label provenance"", ""source_id"": ""image_manifest""}, {""purpose"": ""future human review"", ""source_id"": ""naeb"", ""status"": ""not_checked""}]",true
,Thesium alpinum,[],unknown,do_not_eat,,[],Unmatched USDA PLANTS record. Default fail-safe guidance is do not eat.,low,"[{""purpose"": ""taxonomy"", ""source_id"": ""usda-plants"", ""status"": ""no_exact_match""}, {""purpose"": ""dataset label provenance"", ""source_id"": ""image_manifest""}, {""purpose"": ""future human review"", ""source_id"": ""naeb"", ""status"": ""not_checked""}]",true
,Tradescantia x,[],unknown,do_not_eat,,[],Unmatched USDA PLANTS record. Default fail-safe guidance is do not eat.,low,"[{""purpose"": ""taxonomy"", ""source_id"": ""usda-plants"", ""status"": ""no_exact_match""}, {""purpose"": ""dataset label provenance"", ""source_id"": ""image_manifest""}, {""purpose"": ""future human review"", ""source_id"": ""naeb"", ""status"": ""not_checked""}]",true
,Eriocapitella hupehensis,[],unknown,do_not_eat,,[],Unmatched USDA PLANTS record. Default fail-safe guidance is do not eat.,low,"[{""purpose"": ""taxonomy"", ""source_id"": ""usda-plants"", ""status"": ""no_exact_match""}, {""purpose"": ""dataset label provenance"", ""source_id"": ""image_manifest""}, {""purpose"": ""future human review"", ""source_id"": ""naeb"", ""status"": ""not_checked""}]",true
,Eriocapitella vitifolia,[],unknown,do_not_eat,,[],Unmatched USDA PLANTS record. Default fail-safe guidance is do not eat.,low,"[{""purpose"": ""taxonomy"", ""source_id"": ""usda-plants"", ""status"": ""no_exact_match""}, {""purpose"": ""dataset label provenance"", ""source_id"": ""image_manifest""}, {""purpose"": ""future human review"", ""source_id"": ""naeb"", ""status"": ""not_checked""}]",true
,Adenostyles alpina,[],unknown,do_not_eat,,[],Unmatched USDA PLANTS record. Default fail-safe guidance is do not eat.,low,"[{""purpose"": ""taxonomy"", ""source_id"": ""usda-plants"", ""status"": ""no_exact_match""}, {""purpose"": ""dataset label provenance"", ""source_id"": ""image_manifest""}, {""purpose"": ""future human review"", ""source_id"": ""naeb"", ""status"": ""not_checked""}]",true
,Alcea biennis,[],unknown,do_not_eat,,[],Unmatched USDA PLANTS record. Default fail-safe guidance is do not eat.,low,"[{""purpose"": ""taxonomy"", ""source_id"": ""usda-plants"", ""status"": ""no_exact_match""}, {""purpose"": ""dataset label provenance"", ""source_id"": ""image_manifest""}, {""purpose"": ""future human review"", ""source_id"": ""naeb"", ""status"": ""not_checked""}]",true
,Cirsium acaulon,[],unknown,do_not_eat,,[],Unmatched USDA PLANTS record. Default fail-safe guidance is do not eat.,low,"[{""purpose"": ""taxonomy"", ""source_id"": ""usda-plants"", ""status"": ""no_exact_match""}, {""purpose"": ""dataset label provenance"", ""source_id"": ""image_manifest""}, {""purpose"": ""future human review"", ""source_id"": ""naeb"", ""status"": ""not_checked""}]",true
,Fragaria viridis,[],unknown,do_not_eat,,[],Unmatched USDA PLANTS record. Default fail-safe guidance is do not eat.,low,"[{""purpose"": ""taxonomy"", ""source_id"": ""usda-plants"", ""status"": ""no_exact_match""}, {""purpose"": ""dataset label provenance"", ""source_id"": ""image_manifest""}, {""purpose"": ""future human review"", ""source_id"": ""naeb"", ""status"": ""not_checked""}]",true
,Hypericum hyssopifolium,[],unknown,do_not_eat,,[],Unmatched USDA PLANTS record. Default fail-safe guidance is do not eat.,low,"[{""purpose"": ""taxonomy"", ""source_id"": ""usda-plants"", ""status"": ""no_exact_match""}, {""purpose"": ""dataset label provenance"", ""source_id"": ""image_manifest""}, {""purpose"": ""future human review"", ""source_id"": ""naeb"", ""status"": ""not_checked""}]",true
,Lactuca perennis,[],unknown,do_not_eat,,[],Unmatched USDA PLANTS record. Default fail-safe guidance is do not eat.,low,"[{""purpose"": ""taxonomy"", ""source_id"": ""usda-plants"", ""status"": ""no_exact_match""}, {""purpose"": ""dataset label provenance"", ""source_id"": ""image_manifest""}, {""purpose"": ""future human review"", ""source_id"": ""naeb"", ""status"": ""not_checked""}]",true
,Sedum atratum,[],unknown,do_not_eat,,[],Unmatched USDA PLANTS record. Default fail-safe guidance is do not eat.,low,"[{""purpose"": ""taxonomy"", ""source_id"": ""usda-plants"", ""status"": ""no_exact_match""}, {""purpose"": ""dataset label provenance"", ""source_id"": ""image_manifest""}, {""purpose"": ""future human review"", ""source_id"": ""naeb"", ""status"": ""not_checked""}]",true
,Thesium pyrenaicum,[],unknown,do_not_eat,,[],Unmatched USDA PLANTS record. Default fail-safe guidance is do not eat.,low,"[{""purpose"": ""taxonomy"", ""source_id"": ""usda-plants"", ""status"": ""no_exact_match""}, {""purpose"": ""dataset label provenance"", ""source_id"": ""image_manifest""}, {""purpose"": ""future human review"", ""source_id"": ""naeb"", ""status"": ""not_checked""}]",true
,Trinia glauca,[],unknown,do_not_eat,,[],Unmatched USDA PLANTS record. Default fail-safe guidance is do not eat.,low,"[{""purpose"": ""taxonomy"", ""source_id"": ""usda-plants"", ""status"": ""no_exact_match""}, {""purpose"": ""dataset label provenance"", ""source_id"": ""image_manifest""}, {""purpose"": ""future human review"", ""source_id"": ""naeb"", ""status"": ""not_checked""}]",true
,Petrosedum montanum,[],unknown,do_not_eat,,[],Unmatched USDA PLANTS record. Default fail-safe guidance is do not eat.,low,"[{""purpose"": ""taxonomy"", ""source_id"": ""usda-plants"", ""status"": ""no_exact_match""}, {""purpose"": ""dataset label provenance"", ""source_id"": ""image_manifest""}, {""purpose"": ""future human review"", ""source_id"": ""naeb"", ""status"": ""not_checked""}]",true
,Freesia leichtlinii,[],unknown,do_not_eat,,[],Unmatched USDA PLANTS record. Default fail-safe guidance is do not eat.,low,"[{""purpose"": ""taxonomy"", ""source_id"": ""usda-plants"", ""status"": ""no_exact_match""}, {""purpose"": ""dataset label provenance"", ""source_id"": ""image_manifest""}, {""purpose"": ""future human review"", ""source_id"": ""naeb"", ""status"": ""not_checked""}]",true
,Cobaea scandens,[],unknown,do_not_eat,,[],Unmatched USDA PLANTS record. Default fail-safe guidance is do not eat.,low,"[{""purpose"": ""taxonomy"", ""source_id"": ""usda-plants"", ""status"": ""no_exact_match""}, {""purpose"": ""dataset label provenance"", ""source_id"": ""image_manifest""}, {""purpose"": ""future human review"", ""source_id"": ""naeb"", ""status"": ""not_checked""}]",true
,Pulsatilla pratensis,[],unknown,do_not_eat,,[],Unmatched USDA PLANTS record. Default fail-safe guidance is do not eat.,low,"[{""purpose"": ""taxonomy"", ""source_id"": ""usda-plants"", ""status"": ""no_exact_match""}, {""purpose"": ""dataset label provenance"", ""source_id"": ""image_manifest""}, {""purpose"": ""future human review"", ""source_id"": ""naeb"", ""status"": ""not_checked""}]",true
,Neotinea tridentata,[],unknown,do_not_eat,,[],Unmatched USDA PLANTS record. Default fail-safe guidance is do not eat.,low,"[{""purpose"": ""taxonomy"", ""source_id"": ""usda-plants"", ""status"": ""no_exact_match""}, {""purpose"": ""dataset label provenance"", ""source_id"": ""image_manifest""}, {""purpose"": ""future human review"", ""source_id"": ""naeb"", ""status"": ""not_checked""}]",true
,Adenostyles alliariae,[],unknown,do_not_eat,,[],Unmatched USDA PLANTS record. Default fail-safe guidance is do not eat.,low,"[{""purpose"": ""taxonomy"", ""source_id"": ""usda-plants"", ""status"": ""no_exact_match""}, {""purpose"": ""dataset label provenance"", ""source_id"": ""image_manifest""}, {""purpose"": ""future human review"", ""source_id"": ""naeb"", ""status"": ""not_checked""}]",true
,Sedum palmeri,[],unknown,do_not_eat,,[],Unmatched USDA PLANTS record. Default fail-safe guidance is do not eat.,low,"[{""purpose"": ""taxonomy"", ""source_id"": ""usda-plants"", ""status"": ""no_exact_match""}, {""purpose"": ""dataset label provenance"", ""source_id"": ""image_manifest""}, {""purpose"": ""future human review"", ""source_id"": ""naeb"", ""status"": ""not_checked""}]",true
,Hypericum olympicum,[],unknown,do_not_eat,,[],Unmatched USDA PLANTS record. Default fail-safe guidance is do not eat.,low,"[{""purpose"": ""taxonomy"", ""source_id"": ""usda-plants"", ""status"": ""no_exact_match""}, {""purpose"": ""dataset label provenance"", ""source_id"": ""image_manifest""}, {""purpose"": ""future human review"", ""source_id"": ""naeb"", ""status"": ""not_checked""}]",true
,Dryopteris erythrosora,[],unknown,do_not_eat,,[],Unmatched USDA PLANTS record. Default fail-safe guidance is do not eat.,low,"[{""purpose"": ""taxonomy"", ""source_id"": ""usda-plants"", ""status"": ""no_exact_match""}, {""purpose"": ""dataset label provenance"", ""source_id"": ""image_manifest""}, {""purpose"": ""future human review"", ""source_id"": ""naeb"", ""status"": ""not_checked""}]",true
,Adenostyles leucophylla,[],unknown,do_not_eat,,[],Unmatched USDA PLANTS record. Default fail-safe guidance is do not eat.,low,"[{""purpose"": ""taxonomy"", ""source_id"": ""usda-plants"", ""status"": ""no_exact_match""}, {""purpose"": ""dataset label provenance"", ""source_id"": ""image_manifest""}, {""purpose"": ""future human review"", ""source_id"": ""naeb"", ""status"": ""not_checked""}]",true
,Anemonoides blanda,[],unknown,do_not_eat,,[],Unmatched USDA PLANTS record. Default fail-safe guidance is do not eat.,low,"[{""purpose"": ""taxonomy"", ""source_id"": ""usda-plants"", ""status"": ""no_exact_match""}, {""purpose"": ""dataset label provenance"", ""source_id"": ""image_manifest""}, {""purpose"": ""future human review"", ""source_id"": ""naeb"", ""status"": ""not_checked""}]",true
,Salvia yangii,[],unknown,do_not_eat,,[],Unmatched USDA PLANTS record. Default fail-safe guidance is do not eat.,low,"[{""purpose"": ""taxonomy"", ""source_id"": ""usda-plants"", ""status"": ""no_exact_match""}, {""purpose"": ""dataset label provenance"", ""source_id"": ""image_manifest""}, {""purpose"": ""future human review"", ""source_id"": ""naeb"", ""status"": ""not_checked""}]",true
,Nothofagus antarctica,[],unknown,do_not_eat,,[],Unmatched USDA PLANTS record. Default fail-safe guidance is do not eat.,low,"[{""purpose"": ""taxonomy"", ""source_id"": ""usda-plants"", ""status"": ""no_exact_match""}, {""purpose"": ""dataset label provenance"", ""source_id"": ""image_manifest""}, {""purpose"": ""future human review"", ""source_id"": ""naeb"", ""status"": ""not_checked""}]",true
,Neotinea conica,[],unknown,do_not_eat,,[],Unmatched USDA PLANTS record. Default fail-safe guidance is do not eat.,low,"[{""purpose"": ""taxonomy"", ""source_id"": ""usda-plants"", ""status"": ""no_exact_match""}, {""purpose"": ""dataset label provenance"", ""source_id"": ""image_manifest""}, {""purpose"": ""future human review"", ""source_id"": ""naeb"", ""status"": ""not_checked""}]",true
,Alcea setosa,[],unknown,do_not_eat,,[],Unmatched USDA PLANTS record. Default fail-safe guidance is do not eat.,low,"[{""purpose"": ""taxonomy"", ""source_id"": ""usda-plants"", ""status"": ""no_exact_match""}, {""purpose"": ""dataset label provenance"", ""source_id"": ""image_manifest""}, {""purpose"": ""future human review"", ""source_id"": ""naeb"", ""status"": ""not_checked""}]",true
,Daphne sericea,[],unknown,do_not_eat,,[],Unmatched USDA PLANTS record. Default fail-safe guidance is do not eat.,low,"[{""purpose"": ""taxonomy"", ""source_id"": ""usda-plants"", ""status"": ""no_exact_match""}, {""purpose"": ""dataset label provenance"", ""source_id"": ""image_manifest""}, {""purpose"": ""future human review"", ""source_id"": ""naeb"", ""status"": ""not_checked""}]",true
,Lamium orvala,[],unknown,do_not_eat,,[],Unmatched USDA PLANTS record. Default fail-safe guidance is do not eat.,low,"[{""purpose"": ""taxonomy"", ""source_id"": ""usda-plants"", ""status"": ""no_exact_match""}, {""purpose"": ""dataset label provenance"", ""source_id"": ""image_manifest""}, {""purpose"": ""future human review"", ""source_id"": ""naeb"", ""status"": ""not_checked""}]",true
,Paederota bonarota,[],unknown,do_not_eat,,[],Unmatched USDA PLANTS record. Default fail-safe guidance is do not eat.,low,"[{""purpose"": ""taxonomy"", ""source_id"": ""usda-plants"", ""status"": ""no_exact_match""}, {""purpose"": ""dataset label provenance"", ""source_id"": ""image_manifest""}, {""purpose"": ""future human review"", ""source_id"": ""naeb"", ""status"": ""not_checked""}]",true
,Rhodothamnus chamaecistus,[],unknown,do_not_eat,,[],Unmatched USDA PLANTS record. Default fail-safe guidance is do not eat.,low,"[{""purpose"": ""taxonomy"", ""source_id"": ""usda-plants"", ""status"": ""no_exact_match""}, {""purpose"": ""dataset label provenance"", ""source_id"": ""image_manifest""}, {""purpose"": ""future human review"", ""source_id"": ""naeb"", ""status"": ""not_checked""}]",true
,Ophrys lunulata,[],unknown,do_not_eat,,[],Unmatched USDA PLANTS record. Default fail-safe guidance is do not eat.,low,"[{""purpose"": ""taxonomy"", ""source_id"": ""usda-plants"", ""status"": ""no_exact_match""}, {""purpose"": ""dataset label provenance"", ""source_id"": ""image_manifest""}, {""purpose"": ""future human review"", ""source_id"": ""naeb"", ""status"": ""not_checked""}]",true
,Astydamia latifolia,[],unknown,do_not_eat,,[],Unmatched USDA PLANTS record. Default fail-safe guidance is do not eat.,low,"[{""purpose"": ""taxonomy"", ""source_id"": ""usda-plants"", ""status"": ""no_exact_match""}, {""purpose"": ""dataset label provenance"", ""source_id"": ""image_manifest""}, {""purpose"": ""future human review"", ""source_id"": ""naeb"", ""status"": ""not_checked""}]",true
,Lavandula pinnata,[],unknown,do_not_eat,,[],Unmatched USDA PLANTS record. Default fail-safe guidance is do not eat.,low,"[{""purpose"": ""taxonomy"", ""source_id"": ""usda-plants"", ""status"": ""no_exact_match""}, {""purpose"": ""dataset label provenance"", ""source_id"": ""image_manifest""}, {""purpose"": ""future human review"", ""source_id"": ""naeb"", ""status"": ""not_checked""}]",true
,Acacia pravissima,[],unknown,do_not_eat,,[],Unmatched USDA PLANTS record. Default fail-safe guidance is do not eat.,low,"[{""purpose"": ""taxonomy"", ""source_id"": ""usda-plants"", ""status"": ""no_exact_match""}, {""purpose"": ""dataset label provenance"", ""source_id"": ""image_manifest""}, {""purpose"": ""future human review"", ""source_id"": ""naeb"", ""status"": ""not_checked""}]",true
,Adonis pyrenaica,[],unknown,do_not_eat,,[],Unmatched USDA PLANTS record. Default fail-safe guidance is do not eat.,low,"[{""purpose"": ""taxonomy"", ""source_id"": ""usda-plants"", ""status"": ""no_exact_match""}, {""purpose"": ""dataset label provenance"", ""source_id"": ""image_manifest""}, {""purpose"": ""future human review"", ""source_id"": ""naeb"", ""status"": ""not_checked""}]",true
,Barbarea rupicola,[],unknown,do_not_eat,,[],Unmatched USDA PLANTS record. Default fail-safe guidance is do not eat.,low,"[{""purpose"": ""taxonomy"", ""source_id"": ""usda-plants"", ""status"": ""no_exact_match""}, {""purpose"": ""dataset label provenance"", ""source_id"": ""image_manifest""}, {""purpose"": ""future human review"", ""source_id"": ""naeb"", ""status"": ""not_checked""}]",true
,Acacia baileyana,[],unknown,do_not_eat,,[],Unmatched USDA PLANTS record. Default fail-safe guidance is do not eat.,low,"[{""purpose"": ""taxonomy"", ""source_id"": ""usda-plants"", ""status"": ""no_exact_match""}, {""purpose"": ""dataset label provenance"", ""source_id"": ""image_manifest""}, {""purpose"": ""future human review"", ""source_id"": ""naeb"", ""status"": ""not_checked""}]",true
,Bellium bellidioides,[],unknown,do_not_eat,,[],Unmatched USDA PLANTS record. Default fail-safe guidance is do not eat.,low,"[{""purpose"": ""taxonomy"", ""source_id"": ""usda-plants"", ""status"": ""no_exact_match""}, {""purpose"": ""dataset label provenance"", ""source_id"": ""image_manifest""}, {""purpose"": ""future human review"", ""source_id"": ""naeb"", ""status"": ""not_checked""}]",true
,Bocoa prouacensis,[],unknown,do_not_eat,,[],Unmatched USDA PLANTS record. Default fail-safe guidance is do not eat.,low,"[{""purpose"": ""taxonomy"", ""source_id"": ""usda-plants"", ""status"": ""no_exact_match""}, {""purpose"": ""dataset label provenance"", ""source_id"": ""image_manifest""}, {""purpose"": ""future human review"", ""source_id"": ""naeb"", ""status"": ""not_checked""}]",true
,Guatteria anteridifera,[],unknown,do_not_eat,,[],Unmatched USDA PLANTS record. Default fail-safe guidance is do not eat.,low,"[{""purpose"": ""taxonomy"", ""source_id"": ""usda-plants"", ""status"": ""no_exact_match""}, {""purpose"": ""dataset label provenance"", ""source_id"": ""image_manifest""}, {""purpose"": ""future human review"", ""source_id"": ""naeb"", ""status"": ""not_checked""}]",true
,Caraipa densifolia,[],unknown,do_not_eat,,[],Unmatched USDA PLANTS record. Default fail-safe guidance is do not eat.,low,"[{""purpose"": ""taxonomy"", ""source_id"": ""usda-plants"", ""status"": ""no_exact_match""}, {""purpose"": ""dataset label provenance"", ""source_id"": ""image_manifest""}, {""purpose"": ""future human review"", ""source_id"": ""naeb"", ""status"": ""not_checked""}]",true
,Caraipa punctulata,[],unknown,do_not_eat,,[],Unmatched USDA PLANTS record. Default fail-safe guidance is do not eat.,low,"[{""purpose"": ""taxonomy"", ""source_id"": ""usda-plants"", ""status"": ""no_exact_match""}, {""purpose"": ""dataset label provenance"", ""source_id"": ""image_manifest""}, {""purpose"": ""future human review"", ""source_id"": ""naeb"", ""status"": ""not_checked""}]",true
,Vismia cayennensis,[],unknown,do_not_eat,,[],Unmatched USDA PLANTS record. Default fail-safe guidance is do not eat.,low,"[{""purpose"": ""taxonomy"", ""source_id"": ""usda-plants"", ""status"": ""no_exact_match""}, {""purpose"": ""dataset label provenance"", ""source_id"": ""image_manifest""}, {""purpose"": ""future human review"", ""source_id"": ""naeb"", ""status"": ""not_checked""}]",true
,Vismia macrophylla,[],unknown,do_not_eat,,[],Unmatched USDA PLANTS record. Default fail-safe guidance is do not eat.,low,"[{""purpose"": ""taxonomy"", ""source_id"": ""usda-plants"", ""status"": ""no_exact_match""}, {""purpose"": ""dataset label provenance"", ""source_id"": ""image_manifest""}, {""purpose"": ""future human review"", ""source_id"": ""naeb"", ""status"": ""not_checked""}]",true
,Vismia sessilifolia,[],unknown,do_not_eat,,[],Unmatched USDA PLANTS record. Default fail-safe guidance is do not eat.,low,"[{""purpose"": ""taxonomy"", ""source_id"": ""usda-plants"", ""status"": ""no_exact_match""}, {""purpose"": ""dataset label provenance"", ""source_id"": ""image_manifest""}, {""purpose"": ""future human review"", ""source_id"": ""naeb"", ""status"": ""not_checked""}]",true
,Xylopia nitida,[],unknown,do_not_eat,,[],Unmatched USDA PLANTS record. Default fail-safe guidance is do not eat.,low,"[{""purpose"": ""taxonomy"", ""source_id"": ""usda-plants"", ""status"": ""no_exact_match""}, {""purpose"": ""dataset label provenance"", ""source_id"": ""image_manifest""}, {""purpose"": ""future human review"", ""source_id"": ""naeb"", ""status"": ""not_checked""}]",true
,Xylopia sericea,[],unknown,do_not_eat,,[],Unmatched USDA PLANTS record. Default fail-safe guidance is do not eat.,low,"[{""purpose"": ""taxonomy"", ""source_id"": ""usda-plants"", ""status"": ""no_exact_match""}, {""purpose"": ""dataset label provenance"", ""source_id"": ""image_manifest""}, {""purpose"": ""future human review"", ""source_id"": ""naeb"", ""status"": ""not_checked""}]",true
,Pogonophora schomburgkiana,[],unknown,do_not_eat,,[],Unmatched USDA PLANTS record. Default fail-safe guidance is do not eat.,low,"[{""purpose"": ""taxonomy"", ""source_id"": ""usda-plants"", ""status"": ""no_exact_match""}, {""purpose"": ""dataset label provenance"", ""source_id"": ""image_manifest""}, {""purpose"": ""future human review"", ""source_id"": ""naeb"", ""status"": ""not_checked""}]",true
,Sagotia racemosa,[],unknown,do_not_eat,,[],Unmatched USDA PLANTS record. Default fail-safe guidance is do not eat.,low,"[{""purpose"": ""taxonomy"", ""source_id"": ""usda-plants"", ""status"": ""no_exact_match""}, {""purpose"": ""dataset label provenance"", ""source_id"": ""image_manifest""}, {""purpose"": ""future human review"", ""source_id"": ""naeb"", ""status"": ""not_checked""}]",true
,Tabernaemontana undulata,[],unknown,do_not_eat,,[],Unmatched USDA PLANTS record. Default fail-safe guidance is do not eat.,low,"[{""purpose"": ""taxonomy"", ""source_id"": ""usda-plants"", ""status"": ""no_exact_match""}, {""purpose"": ""dataset label provenance"", ""source_id"": ""image_manifest""}, {""purpose"": ""future human review"", ""source_id"": ""naeb"", ""status"": ""not_checked""}]",true
,Guarea gomma,[],unknown,do_not_eat,,[],Unmatched USDA PLANTS record. Default fail-safe guidance is do not eat.,low,"[{""purpose"": ""taxonomy"", ""source_id"": ""usda-plants"", ""status"": ""no_exact_match""}, {""purpose"": ""dataset label provenance"", ""source_id"": ""image_manifest""}, {""purpose"": ""future human review"", ""source_id"": ""naeb"", ""status"": ""not_checked""}]",true
,Anthurium hookeri,[],unknown,do_not_eat,,[],Unmatched USDA PLANTS record. Default fail-safe guidance is do not eat.,low,"[{""purpose"": ""taxonomy"", ""source_id"": ""usda-plants"", ""status"": ""no_exact_match""}, {""purpose"": ""dataset label provenance"", ""source_id"": ""image_manifest""}, {""purpose"": ""future human review"", ""source_id"": ""naeb"", ""status"": ""not_checked""}]",true
,Anthurium jenmanii,[],unknown,do_not_eat,,[],Unmatched USDA PLANTS record. Default fail-safe guidance is do not eat.,low,"[{""purpose"": ""taxonomy"", ""source_id"": ""usda-plants"", ""status"": ""no_exact_match""}, {""purpose"": ""dataset label provenance"", ""source_id"": ""image_manifest""}, {""purpose"": ""future human review"", ""source_id"": ""naeb"", ""status"": ""not_checked""}]",true
,Peperomia quadrangularis,[],unknown,do_not_eat,,[],Unmatched USDA PLANTS record. Default fail-safe guidance is do not eat.,low,"[{""purpose"": ""taxonomy"", ""source_id"": ""usda-plants"", ""status"": ""no_exact_match""}, {""purpose"": ""dataset label provenance"", ""source_id"": ""image_manifest""}, {""purpose"": ""future human review"", ""source_id"": ""naeb"", ""status"": ""not_checked""}]",true
,Declieuxia fruticosa,[],unknown,do_not_eat,,[],Unmatched USDA PLANTS record. Default fail-safe guidance is do not eat.,low,"[{""purpose"": ""taxonomy"", ""source_id"": ""usda-plants"", ""status"": ""no_exact_match""}, {""purpose"": ""dataset label provenance"", ""source_id"": ""image_manifest""}, {""purpose"": ""future human review"", ""source_id"": ""naeb"", ""status"": ""not_checked""}]",true
,Leuenbergeria bleo,[],unknown,do_not_eat,,[],Unmatched USDA PLANTS record. Default fail-safe guidance is do not eat.,low,"[{""purpose"": ""taxonomy"", ""source_id"": ""usda-plants"", ""status"": ""no_exact_match""}, {""purpose"": ""dataset label provenance"", ""source_id"": ""image_manifest""}, {""purpose"": ""future human review"", ""source_id"": ""naeb"", ""status"": ""not_checked""}]",true
,Xylopia crinita,[],unknown,do_not_eat,,[],Unmatched USDA PLANTS record. Default fail-safe guidance is do not eat.,low,"[{""purpose"": ""taxonomy"", ""source_id"": ""usda-plants"", ""status"": ""no_exact_match""}, {""purpose"": ""dataset label provenance"", ""source_id"": ""image_manifest""}, {""purpose"": ""future human review"", ""source_id"": ""naeb"", ""status"": ""not_checked""}]",true
,Aciotis rubricaulis,[],unknown,do_not_eat,,[],Unmatched USDA PLANTS record. Default fail-safe guidance is do not eat.,low,"[{""purpose"": ""taxonomy"", ""source_id"": ""usda-plants"", ""status"": ""no_exact_match""}, {""purpose"": ""dataset label provenance"", ""source_id"": ""image_manifest""}, {""purpose"": ""future human review"", ""source_id"": ""naeb"", ""status"": ""not_checked""}]",true
,Guatteria amplifolia,[],unknown,do_not_eat,,[],Unmatched USDA PLANTS record. Default fail-safe guidance is do not eat.,low,"[{""purpose"": ""taxonomy"", ""source_id"": ""usda-plants"", ""status"": ""no_exact_match""}, {""purpose"": ""dataset label provenance"", ""source_id"": ""image_manifest""}, {""purpose"": ""future human review"", ""source_id"": ""naeb"", ""status"": ""not_checked""}]",true
,Didymopanax decaphyllus,[],unknown,do_not_eat,,[],Unmatched USDA PLANTS record. Default fail-safe guidance is do not eat.,low,"[{""purpose"": ""taxonomy"", ""source_id"": ""usda-plants"", ""status"": ""no_exact_match""}, {""purpose"": ""dataset label provenance"", ""source_id"": ""image_manifest""}, {""purpose"": ""future human review"", ""source_id"": ""naeb"", ""status"": ""not_checked""}]",true
,Aphelandra scabra,[],unknown,do_not_eat,,[],Unmatched USDA PLANTS record. Default fail-safe guidance is do not eat.,low,"[{""purpose"": ""taxonomy"", ""source_id"": ""usda-plants"", ""status"": ""no_exact_match""}, {""purpose"": ""dataset label provenance"", ""source_id"": ""image_manifest""}, {""purpose"": ""future human review"", ""source_id"": ""naeb"", ""status"": ""not_checked""}]",true
,Guatteria citriodora,[],unknown,do_not_eat,,[],Unmatched USDA PLANTS record. Default fail-safe guidance is do not eat.,low,"[{""purpose"": ""taxonomy"", ""source_id"": ""usda-plants"", ""status"": ""no_exact_match""}, {""purpose"": ""dataset label provenance"", ""source_id"": ""image_manifest""}, {""purpose"": ""future human review"", ""source_id"": ""naeb"", ""status"": ""not_checked""}]",true
,Guatteria punctata,[],unknown,do_not_eat,,[],Unmatched USDA PLANTS record. Default fail-safe guidance is do not eat.,low,"[{""purpose"": ""taxonomy"", ""source_id"": ""usda-plants"", ""status"": ""no_exact_match""}, {""purpose"": ""dataset label provenance"", ""source_id"": ""image_manifest""}, {""purpose"": ""future human review"", ""source_id"": ""naeb"", ""status"": ""not_checked""}]",true
,Anthurium crystallinum,[],unknown,do_not_eat,,[],Unmatched USDA PLANTS record. Default fail-safe guidance is do not eat.,low,"[{""purpose"": ""taxonomy"", ""source_id"": ""usda-plants"", ""status"": ""no_exact_match""}, {""purpose"": ""dataset label provenance"", ""source_id"": ""image_manifest""}, {""purpose"": ""future human review"", ""source_id"": ""naeb"", ""status"": ""not_checked""}]",true
,Cryptopus elatus,[],unknown,do_not_eat,,[],Unmatched USDA PLANTS record. Default fail-safe guidance is do not eat.,low,"[{""purpose"": ""taxonomy"", ""source_id"": ""usda-plants"", ""status"": ""no_exact_match""}, {""purpose"": ""dataset label provenance"", ""source_id"": ""image_manifest""}, {""purpose"": ""future human review"", ""source_id"": ""naeb"", ""status"": ""not_checked""}]",true
,Alocasia longiloba,[],unknown,do_not_eat,,[],Unmatched USDA PLANTS record. Default fail-safe guidance is do not eat.,low,"[{""purpose"": ""taxonomy"", ""source_id"": ""usda-plants"", ""status"": ""no_exact_match""}, {""purpose"": ""dataset label provenance"", ""source_id"": ""image_manifest""}, {""purpose"": ""future human review"", ""source_id"": ""naeb"", ""status"": ""not_checked""}]",true
,Faujasia salicifolia,[],unknown,do_not_eat,,[],Unmatched USDA PLANTS record. Default fail-safe guidance is do not eat.,low,"[{""purpose"": ""taxonomy"", ""source_id"": ""usda-plants"", ""status"": ""no_exact_match""}, {""purpose"": ""dataset label provenance"", ""source_id"": ""image_manifest""}, {""purpose"": ""future human review"", ""source_id"": ""naeb"", ""status"": ""not_checked""}]",true
,Fernelia buxifolia,[],unknown,do_not_eat,,[],Unmatched USDA PLANTS record. Default fail-safe guidance is do not eat.,low,"[{""purpose"": ""taxonomy"", ""source_id"": ""usda-plants"", ""status"": ""no_exact_match""}, {""purpose"": ""dataset label provenance"", ""source_id"": ""image_manifest""}, {""purpose"": ""future human review"", ""source_id"": ""naeb"", ""status"": ""not_checked""}]",true
,Fragaria x,[],unknown,do_not_eat,,[],Unmatched USDA PLANTS record. Default fail-safe guidance is do not eat.,low,"[{""purpose"": ""taxonomy"", ""source_id"": ""usda-plants"", ""status"": ""no_exact_match""}, {""purpose"": ""dataset label provenance"", ""source_id"": ""image_manifest""}, {""purpose"": ""future human review"", ""source_id"": ""naeb"", ""status"": ""not_checked""}]",true
,Geniostoma borbonicum,[],unknown,do_not_eat,,[],Unmatched USDA PLANTS record. Default fail-safe guidance is do not eat.,low,"[{""purpose"": ""taxonomy"", ""source_id"": ""usda-plants"", ""status"": ""no_exact_match""}, {""purpose"": ""dataset label provenance"", ""source_id"": ""image_manifest""}, {""purpose"": ""future human review"", ""source_id"": ""naeb"", ""status"": ""not_checked""}]",true
,Hernandia mascarenensis,[],unknown,do_not_eat,,[],Unmatched USDA PLANTS record. Default fail-safe guidance is do not eat.,low,"[{""purpose"": ""taxonomy"", ""source_id"": ""usda-plants"", ""status"": ""no_exact_match""}, {""purpose"": ""dataset label provenance"", ""source_id"": ""image_manifest""}, {""purpose"": ""future human review"", ""source_id"": ""naeb"", ""status"": ""not_checked""}]",true
,Hypericum lanceolatum,[],unknown,do_not_eat,,[],Unmatched USDA PLANTS record. Default fail-safe guidance is do not eat.,low,"[{""purpose"": ""taxonomy"", ""source_id"": ""usda-plants"", ""status"": ""no_exact_match""}, {""purpose"": ""dataset label provenance"", ""source_id"": ""image_manifest""}, {""purpose"": ""future human review"", ""source_id"": ""naeb"", ""status"": ""not_checked""}]",true
,Mussaenda arcuata,[],unknown,do_not_eat,,[],Unmatched USDA PLANTS record. Default fail-safe guidance is do not eat.,low,"[{""purpose"": ""taxonomy"", ""source_id"": ""usda-plants"", ""status"": ""no_exact_match""}, {""purpose"": ""dataset label provenance"", ""source_id"": ""image_manifest""}, {""purpose"": ""future human review"", ""source_id"": ""naeb"", ""status"": ""not_checked""}]",true
,Nephrolepis abrupta,[],unknown,do_not_eat,,[],Unmatched USDA PLANTS record. Default fail-safe guidance is do not eat.,low,"[{""purpose"": ""taxonomy"", ""source_id"": ""usda-plants"", ""status"": ""no_exact_match""}, {""purpose"": ""dataset label provenance"", ""source_id"": ""image_manifest""}, {""purpose"": ""future human review"", ""source_id"": ""naeb"", ""status"": ""not_checked""}]",true
,Acacia heterophylla,[],unknown,do_not_eat,,[],Unmatched USDA PLANTS record. Default fail-safe guidance is do not eat.,low,"[{""purpose"": ""taxonomy"", ""source_id"": ""usda-plants"", ""status"": ""no_exact_match""}, {""purpose"": ""dataset label provenance"", ""source_id"": ""image_manifest""}, {""purpose"": ""future human review"", ""source_id"": ""naeb"", ""status"": ""not_checked""}]",true
,Rhodocactus grandifolius,[],unknown,do_not_eat,,[],Unmatched USDA PLANTS record. Default fail-safe guidance is do not eat.,low,"[{""purpose"": ""taxonomy"", ""source_id"": ""usda-plants"", ""status"": ""no_exact_match""}, {""purpose"": ""dataset label provenance"", ""source_id"": ""image_manifest""}, {""purpose"": ""future human review"", ""source_id"": ""naeb"", ""status"": ""not_checked""}]",true
,Antirhea borbonica,[],unknown,do_not_eat,,[],Unmatched USDA PLANTS record. Default fail-safe guidance is do not eat.,low,"[{""purpose"": ""taxonomy"", ""source_id"": ""usda-plants"", ""status"": ""no_exact_match""}, {""purpose"": ""dataset label provenance"", ""source_id"": ""image_manifest""}, {""purpose"": ""future human review"", ""source_id"": ""naeb"", ""status"": ""not_checked""}]",true
,Phyllanthus niruroides,[],unknown,do_not_eat,,[],Unmatched USDA PLANTS record. Default fail-safe guidance is do not eat.,low,"[{""purpose"": ""taxonomy"", ""source_id"": ""usda-plants"", ""status"": ""no_exact_match""}, {""purpose"": ""dataset label provenance"", ""source_id"": ""image_manifest""}, {""purpose"": ""future human review"", ""source_id"": ""naeb"", ""status"": ""not_checked""}]",true
,Phyllanthus phillyreifolius,[],unknown,do_not_eat,,[],Unmatched USDA PLANTS record. Default fail-safe guidance is do not eat.,low,"[{""purpose"": ""taxonomy"", ""source_id"": ""usda-plants"", ""status"": ""no_exact_match""}, {""purpose"": ""dataset label provenance"", ""source_id"": ""image_manifest""}, {""purpose"": ""future human review"", ""source_id"": ""naeb"", ""status"": ""not_checked""}]",true
,Acalypha integrifolia,[],unknown,do_not_eat,,[],Unmatched USDA PLANTS record. Default fail-safe guidance is do not eat.,low,"[{""purpose"": ""taxonomy"", ""source_id"": ""usda-plants"", ""status"": ""no_exact_match""}, {""purpose"": ""dataset label provenance"", ""source_id"": ""image_manifest""}, {""purpose"": ""future human review"", ""source_id"": ""naeb"", ""status"": ""not_checked""}]",true
,Seriphium passerinoides,[],unknown,do_not_eat,,[],Unmatched USDA PLANTS record. Default fail-safe guidance is do not eat.,low,"[{""purpose"": ""taxonomy"", ""source_id"": ""usda-plants"", ""status"": ""no_exact_match""}, {""purpose"": ""dataset label provenance"", ""source_id"": ""image_manifest""}, {""purpose"": ""future human review"", ""source_id"": ""naeb"", ""status"": ""not_checked""}]",true
,Strongylodon macrobotrys,[],unknown,do_not_eat,,[],Unmatched USDA PLANTS record. Default fail-safe guidance is do not eat.,low,"[{""purpose"": ""taxonomy"", ""source_id"": ""usda-plants"", ""status"": ""no_exact_match""}, {""purpose"": ""dataset label provenance"", ""source_id"": ""image_manifest""}, {""purpose"": ""future human review"", ""source_id"": ""naeb"", ""status"": ""not_checked""}]",true
,Vepris lanceolata,[],unknown,do_not_eat,,[],Unmatched USDA PLANTS record. Default fail-safe guidance is do not eat.,low,"[{""purpose"": ""taxonomy"", ""source_id"": ""usda-plants"", ""status"": ""no_exact_match""}, {""purpose"": ""dataset label provenance"", ""source_id"": ""image_manifest""}, {""purpose"": ""future human review"", ""source_id"": ""naeb"", ""status"": ""not_checked""}]",true
,Zaleya pentandra,[],unknown,do_not_eat,,[],Unmatched USDA PLANTS record. Default fail-safe guidance is do not eat.,low,"[{""purpose"": ""taxonomy"", ""source_id"": ""usda-plants"", ""status"": ""no_exact_match""}, {""purpose"": ""dataset label provenance"", ""source_id"": ""image_manifest""}, {""purpose"": ""future human review"", ""source_id"": ""naeb"", ""status"": ""not_checked""}]",true
,Cereus repandus,[],unknown,do_not_eat,,[],Unmatched USDA PLANTS record. Default fail-safe guidance is do not eat.,low,"[{""purpose"": ""taxonomy"", ""source_id"": ""usda-plants"", ""status"": ""no_exact_match""}, {""purpose"": ""dataset label provenance"", ""source_id"": ""image_manifest""}, {""purpose"": ""future human review"", ""source_id"": ""naeb"", ""status"": ""not_checked""}]",true
,Bismarckia nobilis,[],unknown,do_not_eat,,[],Unmatched USDA PLANTS record. Default fail-safe guidance is do not eat.,low,"[{""purpose"": ""taxonomy"", ""source_id"": ""usda-plants"", ""status"": ""no_exact_match""}, {""purpose"": ""dataset label provenance"", ""source_id"": ""image_manifest""}, {""purpose"": ""future human review"", ""source_id"": ""naeb"", ""status"": ""not_checked""}]",true
,Heptapleurum arboricola,[],unknown,do_not_eat,,[],Unmatched USDA PLANTS record. Default fail-safe guidance is do not eat.,low,"[{""purpose"": ""taxonomy"", ""source_id"": ""usda-plants"", ""status"": ""no_exact_match""}, {""purpose"": ""dataset label provenance"", ""source_id"": ""image_manifest""}, {""purpose"": ""future human review"", ""source_id"": ""naeb"", ""status"": ""not_checked""}]",true
,Aphelandra squarrosa,[],unknown,do_not_eat,,[],Unmatched USDA PLANTS record. Default fail-safe guidance is do not eat.,low,"[{""purpose"": ""taxonomy"", ""source_id"": ""usda-plants"", ""status"": ""no_exact_match""}, {""purpose"": ""dataset label provenance"", ""source_id"": ""image_manifest""}, {""purpose"": ""future human review"", ""source_id"": ""naeb"", ""status"": ""not_checked""}]",true
,Peperomia argyraea,[],unknown,do_not_eat,,[],Unmatched USDA PLANTS record. Default fail-safe guidance is do not eat.,low,"[{""purpose"": ""taxonomy"", ""source_id"": ""usda-plants"", ""status"": ""no_exact_match""}, {""purpose"": ""dataset label provenance"", ""source_id"": ""image_manifest""}, {""purpose"": ""future human review"", ""source_id"": ""naeb"", ""status"": ""not_checked""}]",true
,Peperomia caperata,[],unknown,do_not_eat,,[],Unmatched USDA PLANTS record. Default fail-safe guidance is do not eat.,low,"[{""purpose"": ""taxonomy"", ""source_id"": ""usda-plants"", ""status"": ""no_exact_match""}, {""purpose"": ""dataset label provenance"", ""source_id"": ""image_manifest""}, {""purpose"": ""future human review"", ""source_id"": ""naeb"", ""status"": ""not_checked""}]",true
,Anthurium scherzerianum,[],unknown,do_not_eat,,[],Unmatched USDA PLANTS record. Default fail-safe guidance is do not eat.,low,"[{""purpose"": ""taxonomy"", ""source_id"": ""usda-plants"", ""status"": ""no_exact_match""}, {""purpose"": ""dataset label provenance"", ""source_id"": ""image_manifest""}, {""purpose"": ""future human review"", ""source_id"": ""naeb"", ""status"": ""not_checked""}]",true
,Dendrobium nobile,[],unknown,do_not_eat,,[],Unmatched USDA PLANTS record. Default fail-safe guidance is do not eat.,low,"[{""purpose"": ""taxonomy"", ""source_id"": ""usda-plants"", ""status"": ""no_exact_match""}, {""purpose"": ""dataset label provenance"", ""source_id"": ""image_manifest""}, {""purpose"": ""future human review"", ""source_id"": ""naeb"", ""status"": ""not_checked""}]",true
,Falcataria falcata,[],unknown,do_not_eat,,[],Unmatched USDA PLANTS record. Default fail-safe guidance is do not eat.,low,"[{""purpose"": ""taxonomy"", ""source_id"": ""usda-plants"", ""status"": ""no_exact_match""}, {""purpose"": ""dataset label provenance"", ""source_id"": ""image_manifest""}, {""purpose"": ""future human review"", ""source_id"": ""naeb"", ""status"": ""not_checked""}]",true
,Dendrobium chrysotoxum,[],unknown,do_not_eat,,[],Unmatched USDA PLANTS record. Default fail-safe guidance is do not eat.,low,"[{""purpose"": ""taxonomy"", ""source_id"": ""usda-plants"", ""status"": ""no_exact_match""}, {""purpose"": ""dataset label provenance"", ""source_id"": ""image_manifest""}, {""purpose"": ""future human review"", ""source_id"": ""naeb"", ""status"": ""not_checked""}]",true
,Dendrobium crumenatum,[],unknown,do_not_eat,,[],Unmatched USDA PLANTS record. Default fail-safe guidance is do not eat.,low,"[{""purpose"": ""taxonomy"", ""source_id"": ""usda-plants"", ""status"": ""no_exact_match""}, {""purpose"": ""dataset label provenance"", ""source_id"": ""image_manifest""}, {""purpose"": ""future human review"", ""source_id"": ""naeb"", ""status"": ""not_checked""}]",true
,Dendrobium moschatum,[],unknown,do_not_eat,,[],Unmatched USDA PLANTS record. Default fail-safe guidance is do not eat.,low,"[{""purpose"": ""taxonomy"", ""source_id"": ""usda-plants"", ""status"": ""no_exact_match""}, {""purpose"": ""dataset label provenance"", ""source_id"": ""image_manifest""}, {""purpose"": ""future human review"", ""source_id"": ""naeb"", ""status"": ""not_checked""}]",true
,Fittonia albivenis,[],unknown,do_not_eat,,[],Unmatched USDA PLANTS record. Default fail-safe guidance is do not eat.,low,"[{""purpose"": ""taxonomy"", ""source_id"": ""usda-plants"", ""status"": ""no_exact_match""}, {""purpose"": ""dataset label provenance"", ""source_id"": ""image_manifest""}, {""purpose"": ""future human review"", ""source_id"": ""naeb"", ""status"": ""not_checked""}]",true
,Mussaenda pubescens,[],unknown,do_not_eat,,[],Unmatched USDA PLANTS record. Default fail-safe guidance is do not eat.,low,"[{""purpose"": ""taxonomy"", ""source_id"": ""usda-plants"", ""status"": ""no_exact_match""}, {""purpose"": ""dataset label provenance"", ""source_id"": ""image_manifest""}, {""purpose"": ""future human review"", ""source_id"": ""naeb"", ""status"": ""not_checked""}]",true
,Phyllanthus mimosoides,[],unknown,do_not_eat,,[],Unmatched USDA PLANTS record. Default fail-safe guidance is do not eat.,low,"[{""purpose"": ""taxonomy"", ""source_id"": ""usda-plants"", ""status"": ""no_exact_match""}, {""purpose"": ""dataset label provenance"", ""source_id"": ""image_manifest""}, {""purpose"": ""future human review"", ""source_id"": ""naeb"", ""status"": ""not_checked""}]",true
,Selenicereus anthonyanus,[],unknown,do_not_eat,,[],Unmatched USDA PLANTS record. Default fail-safe guidance is do not eat.,low,"[{""purpose"": ""taxonomy"", ""source_id"": ""usda-plants"", ""status"": ""no_exact_match""}, {""purpose"": ""dataset label provenance"", ""source_id"": ""image_manifest""}, {""purpose"": ""future human review"", ""source_id"": ""naeb"", ""status"": ""not_checked""}]",true
,Anemonastrum canadense,[],unknown,do_not_eat,,[],Unmatched USDA PLANTS record. Default fail-safe guidance is do not eat.,low,"[{""purpose"": ""taxonomy"", ""source_id"": ""usda-plants"", ""status"": ""no_exact_match""}, {""purpose"": ""dataset label provenance"", ""source_id"": ""image_manifest""}, {""purpose"": ""future human review"", ""source_id"": ""naeb"", ""status"": ""not_checked""}]",true
,Oreomecon nudicaulis,[],unknown,do_not_eat,,[],Unmatched USDA PLANTS record. Default fail-safe guidance is do not eat.,low,"[{""purpose"": ""taxonomy"", ""source_id"": ""usda-plants"", ""status"": ""no_exact_match""}, {""purpose"": ""dataset label provenance"", ""source_id"": ""image_manifest""}, {""purpose"": ""future human review"", ""source_id"": ""naeb"", ""status"": ""not_checked""}]",true
,Wyethia sagittata,[],unknown,do_not_eat,,[],Unmatched USDA PLANTS record. Default fail-safe guidance is do not eat.,low,"[{""purpose"": ""taxonomy"", ""source_id"": ""usda-plants"", ""status"": ""no_exact_match""}, {""purpose"": ""dataset label provenance"", ""source_id"": ""image_manifest""}, {""purpose"": ""future human review"", ""source_id"": ""naeb"", ""status"": ""not_checked""}]",true
,Hernandia cordigera,[],unknown,do_not_eat,,[],Unmatched USDA PLANTS record. Default fail-safe guidance is do not eat.,low,"[{""purpose"": ""taxonomy"", ""source_id"": ""usda-plants"", ""status"": ""no_exact_match""}, {""purpose"": ""dataset label provenance"", ""source_id"": ""image_manifest""}, {""purpose"": ""future human review"", ""source_id"": ""naeb"", ""status"": ""not_checked""}]",true
,Acacia simplex,[],unknown,do_not_eat,,[],Unmatched USDA PLANTS record. Default fail-safe guidance is do not eat.,low,"[{""purpose"": ""taxonomy"", ""source_id"": ""usda-plants"", ""status"": ""no_exact_match""}, {""purpose"": ""dataset label provenance"", ""source_id"": ""image_manifest""}, {""purpose"": ""future human review"", ""source_id"": ""naeb"", ""status"": ""not_checked""}]",true
,Dubouzetia confusa,[],unknown,do_not_eat,,[],Unmatched USDA PLANTS record. Default fail-safe guidance is do not eat.,low,"[{""purpose"": ""taxonomy"", ""source_id"": ""usda-plants"", ""status"": ""no_exact_match""}, {""purpose"": ""dataset label provenance"", ""source_id"": ""image_manifest""}, {""purpose"": ""future human review"", ""source_id"": ""naeb"", ""status"": ""not_checked""}]",true
,Dubouzetia campanulata,[],unknown,do_not_eat,,[],Unmatched USDA PLANTS record. Default fail-safe guidance is do not eat.,low,"[{""purpose"": ""taxonomy"", ""source_id"": ""usda-plants"", ""status"": ""no_exact_match""}, {""purpose"": ""dataset label provenance"", ""source_id"": ""image_manifest""}, {""purpose"": ""future human review"", ""source_id"": ""naeb"", ""status"": ""not_checked""}]",true
,Acacia spirorbis,[],unknown,do_not_eat,,[],Unmatched USDA PLANTS record. Default fail-safe guidance is do not eat.,low,"[{""purpose"": ""taxonomy"", ""source_id"": ""usda-plants"", ""status"": ""no_exact_match""}, {""purpose"": ""dataset label provenance"", ""source_id"": ""image_manifest""}, {""purpose"": ""future human review"", ""source_id"": ""naeb"", ""status"": ""not_checked""}]",true
,Atractocarpus platixylon,[],unknown,do_not_eat,,[],Unmatched USDA PLANTS record. Default fail-safe guidance is do not eat.,low,"[{""purpose"": ""taxonomy"", ""source_id"": ""usda-plants"", ""status"": ""no_exact_match""}, {""purpose"": ""dataset label provenance"", ""source_id"": ""image_manifest""}, {""purpose"": ""future human review"", ""source_id"": ""naeb"", ""status"": ""not_checked""}]",true
,Nepenthes vieillardii,[],unknown,do_not_eat,,[],Unmatched USDA PLANTS record. Default fail-safe guidance is do not eat.,low,"[{""purpose"": ""taxonomy"", ""source_id"": ""usda-plants"", ""status"": ""no_exact_match""}, {""purpose"": ""dataset label provenance"", ""source_id"": ""image_manifest""}, {""purpose"": ""future human review"", ""source_id"": ""naeb"", ""status"": ""not_checked""}]",true
,Dendrobium closterium,[],unknown,do_not_eat,,[],Unmatched USDA PLANTS record. Default fail-safe guidance is do not eat.,low,"[{""purpose"": ""taxonomy"", ""source_id"": ""usda-plants"", ""status"": ""no_exact_match""}, {""purpose"": ""dataset label provenance"", ""source_id"": ""image_manifest""}, {""purpose"": ""future human review"", ""source_id"": ""naeb"", ""status"": ""not_checked""}]",true
,Dracophyllum verticillatum,[],unknown,do_not_eat,,[],Unmatched USDA PLANTS record. Default fail-safe guidance is do not eat.,low,"[{""purpose"": ""taxonomy"", ""source_id"": ""usda-plants"", ""status"": ""no_exact_match""}, {""purpose"": ""dataset label provenance"", ""source_id"": ""image_manifest""}, {""purpose"": ""future human review"", ""source_id"": ""naeb"", ""status"": ""not_checked""}]",true
,Schefflera spp.,[],unknown,do_not_eat,,[],Unmatched USDA PLANTS record. Default fail-safe guidance is do not eat.,low,"[{""purpose"": ""taxonomy"", ""source_id"": ""usda-plants"", ""status"": ""no_exact_match""}, {""purpose"": ""dataset label provenance"", ""source_id"": ""image_manifest""}, {""purpose"": ""future human review"", ""source_id"": ""naeb"", ""status"": ""not_checked""}]",true
,Athyrium niponicum,[],unknown,do_not_eat,,[],Unmatched USDA PLANTS record. Default fail-safe guidance is do not eat.,low,"[{""purpose"": ""taxonomy"", ""source_id"": ""usda-plants"", ""status"": ""no_exact_match""}, {""purpose"": ""dataset label provenance"", ""source_id"": ""image_manifest""}, {""purpose"": ""future human review"", ""source_id"": ""naeb"", ""status"": ""not_checked""}]",true
,Lithops fulviceps,[],unknown,do_not_eat,,[],Unmatched USDA PLANTS record. Default fail-safe guidance is do not eat.,low,"[{""purpose"": ""taxonomy"", ""source_id"": ""usda-plants"", ""status"": ""no_exact_match""}, {""purpose"": ""dataset label provenance"", ""source_id"": ""image_manifest""}, {""purpose"": ""future human review"", ""source_id"": ""naeb"", ""status"": ""not_checked""}]",true
,Lithops karasmontana,[],unknown,do_not_eat,,[],Unmatched USDA PLANTS record. Default fail-safe guidance is do not eat.,low,"[{""purpose"": ""taxonomy"", ""source_id"": ""usda-plants"", ""status"": ""no_exact_match""}, {""purpose"": ""dataset label provenance"", ""source_id"": ""image_manifest""}, {""purpose"": ""future human review"", ""source_id"": ""naeb"", ""status"": ""not_checked""}]",true
,Lithops marmorata,[],unknown,do_not_eat,,[],Unmatched USDA PLANTS record. Default fail-safe guidance is do not eat.,low,"[{""purpose"": ""taxonomy"", ""source_id"": ""usda-plants"", ""status"": ""no_exact_match""}, {""purpose"": ""dataset label provenance"", ""source_id"": ""image_manifest""}, {""purpose"": ""future human review"", ""source_id"": ""naeb"", ""status"": ""not_checked""}]",true
,Lithops pseudotruncatella,[],unknown,do_not_eat,,[],Unmatched USDA PLANTS record. Default fail-safe guidance is do not eat.,low,"[{""purpose"": ""taxonomy"", ""source_id"": ""usda-plants"", ""status"": ""no_exact_match""}, {""purpose"": ""dataset label provenance"", ""source_id"": ""image_manifest""}, {""purpose"": ""future human review"", ""source_id"": ""naeb"", ""status"": ""not_checked""}]",true
,Lithops spp.,[],unknown,do_not_eat,,[],Unmatched USDA PLANTS record. Default fail-safe guidance is do not eat.,low,"[{""purpose"": ""taxonomy"", ""source_id"": ""usda-plants"", ""status"": ""no_exact_match""}, {""purpose"": ""dataset label provenance"", ""source_id"": ""image_manifest""}, {""purpose"": ""future human review"", ""source_id"": ""naeb"", ""status"": ""not_checked""}]",true
,Cephalocereus polylophus,[],unknown,do_not_eat,,[],Unmatched USDA PLANTS record. Default fail-safe guidance is do not eat.,low,"[{""purpose"": ""taxonomy"", ""source_id"": ""usda-plants"", ""status"": ""no_exact_match""}, {""purpose"": ""dataset label provenance"", ""source_id"": ""image_manifest""}, {""purpose"": ""future human review"", ""source_id"": ""naeb"", ""status"": ""not_checked""}]",true
,Sedum morganianum,[],unknown,do_not_eat,,[],Unmatched USDA PLANTS record. Default fail-safe guidance is do not eat.,low,"[{""purpose"": ""taxonomy"", ""source_id"": ""usda-plants"", ""status"": ""no_exact_match""}, {""purpose"": ""dataset label provenance"", ""source_id"": ""image_manifest""}, {""purpose"": ""future human review"", ""source_id"": ""naeb"", ""status"": ""not_checked""}]",true
,Dryopteris cycadina,[],unknown,do_not_eat,,[],Unmatched USDA PLANTS record. Default fail-safe guidance is do not eat.,low,"[{""purpose"": ""taxonomy"", ""source_id"": ""usda-plants"", ""status"": ""no_exact_match""}, {""purpose"": ""dataset label provenance"", ""source_id"": ""image_manifest""}, {""purpose"": ""future human review"", ""source_id"": ""naeb"", ""status"": ""not_checked""}]",true
,Dryopteris sieboldii,[],unknown,do_not_eat,,[],Unmatched USDA PLANTS record. Default fail-safe guidance is do not eat.,low,"[{""purpose"": ""taxonomy"", ""source_id"": ""usda-plants"", ""status"": ""no_exact_match""}, {""purpose"": ""dataset label provenance"", ""source_id"": ""image_manifest""}, {""purpose"": ""future human review"", ""source_id"": ""naeb"", ""status"": ""not_checked""}]",true
,Pelargonium crispum,[],unknown,do_not_eat,,[],Unmatched USDA PLANTS record. Default fail-safe guidance is do not eat.,low,"[{""purpose"": ""taxonomy"", ""source_id"": ""usda-plants"", ""status"": ""no_exact_match""}, {""purpose"": ""dataset label provenance"", ""source_id"": ""image_manifest""}, {""purpose"": ""future human review"", ""source_id"": ""naeb"", ""status"": ""not_checked""}]",true
,Loropetalum chinense,[],unknown,do_not_eat,,[],Unmatched USDA PLANTS record. Default fail-safe guidance is do not eat.,low,"[{""purpose"": ""taxonomy"", ""source_id"": ""usda-plants"", ""status"": ""no_exact_match""}, {""purpose"": ""dataset label provenance"", ""source_id"": ""image_manifest""}, {""purpose"": ""future human review"", ""source_id"": ""naeb"", ""status"": ""not_checked""}]",true
,Nothofagus alpina,[],unknown,do_not_eat,,[],Unmatched USDA PLANTS record. Default fail-safe guidance is do not eat.,low,"[{""purpose"": ""taxonomy"", ""source_id"": ""usda-plants"", ""status"": ""no_exact_match""}, {""purpose"": ""dataset label provenance"", ""source_id"": ""image_manifest""}, {""purpose"": ""future human review"", ""source_id"": ""naeb"", ""status"": ""not_checked""}]",true
,Nothofagus pumilio,[],unknown,do_not_eat,,[],Unmatched USDA PLANTS record. Default fail-safe guidance is do not eat.,low,"[{""purpose"": ""taxonomy"", ""source_id"": ""usda-plants"", ""status"": ""no_exact_match""}, {""purpose"": ""dataset label provenance"", ""source_id"": ""image_manifest""}, {""purpose"": ""future human review"", ""source_id"": ""naeb"", ""status"": ""not_checked""}]",true
,Abeliophyllum distichum,[],unknown,do_not_eat,,[],Unmatched USDA PLANTS record. Default fail-safe guidance is do not eat.,low,"[{""purpose"": ""taxonomy"", ""source_id"": ""usda-plants"", ""status"": ""no_exact_match""}, {""purpose"": ""dataset label provenance"", ""source_id"": ""image_manifest""}, {""purpose"": ""future human review"", ""source_id"": ""naeb"", ""status"": ""not_checked""}]",true
,Dendrobium aphyllum,[],unknown,do_not_eat,,[],Unmatched USDA PLANTS record. Default fail-safe guidance is do not eat.,low,"[{""purpose"": ""taxonomy"", ""source_id"": ""usda-plants"", ""status"": ""no_exact_match""}, {""purpose"": ""dataset label provenance"", ""source_id"": ""image_manifest""}, {""purpose"": ""future human review"", ""source_id"": ""naeb"", ""status"": ""not_checked""}]",true
,Dendrobium spp.,[],unknown,do_not_eat,,[],Unmatched USDA PLANTS record. Default fail-safe guidance is do not eat.,low,"[{""purpose"": ""taxonomy"", ""source_id"": ""usda-plants"", ""status"": ""no_exact_match""}, {""purpose"": ""dataset label provenance"", ""source_id"": ""image_manifest""}, {""purpose"": ""future human review"", ""source_id"": ""naeb"", ""status"": ""not_checked""}]",true
,Heteromorpha arborescens,[],unknown,do_not_eat,,[],Unmatched USDA PLANTS record. Default fail-safe guidance is do not eat.,low,"[{""purpose"": ""taxonomy"", ""source_id"": ""usda-plants"", ""status"": ""no_exact_match""}, {""purpose"": ""dataset label provenance"", ""source_id"": ""image_manifest""}, {""purpose"": ""future human review"", ""source_id"": ""naeb"", ""status"": ""not_checked""}]",true
,Lapageria rosea,[],unknown,do_not_eat,,[],Unmatched USDA PLANTS record. Default fail-safe guidance is do not eat.,low,"[{""purpose"": ""taxonomy"", ""source_id"": ""usda-plants"", ""status"": ""no_exact_match""}, {""purpose"": ""dataset label provenance"", ""source_id"": ""image_manifest""}, {""purpose"": ""future human review"", ""source_id"": ""naeb"", ""status"": ""not_checked""}]",true
,Peperomia dolabriformis,[],unknown,do_not_eat,,[],Unmatched USDA PLANTS record. Default fail-safe guidance is do not eat.,low,"[{""purpose"": ""taxonomy"", ""source_id"": ""usda-plants"", ""status"": ""no_exact_match""}, {""purpose"": ""dataset label provenance"", ""source_id"": ""image_manifest""}, {""purpose"": ""future human review"", ""source_id"": ""naeb"", ""status"": ""not_checked""}]",true
,Maurandya barclayana,[],unknown,do_not_eat,,[],Unmatched USDA PLANTS record. Default fail-safe guidance is do not eat.,low,"[{""purpose"": ""taxonomy"", ""source_id"": ""usda-plants"", ""status"": ""no_exact_match""}, {""purpose"": ""dataset label provenance"", ""source_id"": ""image_manifest""}, {""purpose"": ""future human review"", ""source_id"": ""naeb"", ""status"": ""not_checked""}]",true
,Browallia speciosa,[],unknown,do_not_eat,,[],Unmatched USDA PLANTS record. Default fail-safe guidance is do not eat.,low,"[{""purpose"": ""taxonomy"", ""source_id"": ""usda-plants"", ""status"": ""no_exact_match""}, {""purpose"": ""dataset label provenance"", ""source_id"": ""image_manifest""}, {""purpose"": ""future human review"", ""source_id"": ""naeb"", ""status"": ""not_checked""}]",true
,Alocasia cuprea,[],unknown,do_not_eat,,[],Unmatched USDA PLANTS record. Default fail-safe guidance is do not eat.,low,"[{""purpose"": ""taxonomy"", ""source_id"": ""usda-plants"", ""status"": ""no_exact_match""}, {""purpose"": ""dataset label provenance"", ""source_id"": ""image_manifest""}, {""purpose"": ""future human review"", ""source_id"": ""naeb"", ""status"": ""not_checked""}]",true
,Alocasia micholitziana,[],unknown,do_not_eat,,[],Unmatched USDA PLANTS record. Default fail-safe guidance is do not eat.,low,"[{""purpose"": ""taxonomy"", ""source_id"": ""usda-plants"", ""status"": ""no_exact_match""}, {""purpose"": ""dataset label provenance"", ""source_id"": ""image_manifest""}, {""purpose"": ""future human review"", ""source_id"": ""naeb"", ""status"": ""not_checked""}]",true
,Daphne odora,[],unknown,do_not_eat,,[],Unmatched USDA PLANTS record. Default fail-safe guidance is do not eat.,low,"[{""purpose"": ""taxonomy"", ""source_id"": ""usda-plants"", ""status"": ""no_exact_match""}, {""purpose"": ""dataset label provenance"", ""source_id"": ""image_manifest""}, {""purpose"": ""future human review"", ""source_id"": ""naeb"", ""status"": ""not_checked""}]",true
,Alocasia sanderiana,[],unknown,do_not_eat,,[],Unmatched USDA PLANTS record. Default fail-safe guidance is do not eat.,low,"[{""purpose"": ""taxonomy"", ""source_id"": ""usda-plants"", ""status"": ""no_exact_match""}, {""purpose"": ""dataset label provenance"", ""source_id"": ""image_manifest""}, {""purpose"": ""future human review"", ""source_id"": ""naeb"", ""status"": ""not_checked""}]",true
,Daphne tangutica,[],unknown,do_not_eat,,[],Unmatched USDA PLANTS record. Default fail-safe guidance is do not eat.,low,"[{""purpose"": ""taxonomy"", ""source_id"": ""usda-plants"", ""status"": ""no_exact_match""}, {""purpose"": ""dataset label provenance"", ""source_id"": ""image_manifest""}, {""purpose"": ""future human review"", ""source_id"": ""naeb"", ""status"": ""not_checked""}]",true
,Nepenthes spp.,[],unknown,do_not_eat,,[],Unmatched USDA PLANTS record. Default fail-safe guidance is do not eat.,low,"[{""purpose"": ""taxonomy"", ""source_id"": ""usda-plants"", ""status"": ""no_exact_match""}, {""purpose"": ""dataset label provenance"", ""source_id"": ""image_manifest""}, {""purpose"": ""future human review"", ""source_id"": ""naeb"", ""status"": ""not_checked""}]",true
,Pelargonium spp.,[],unknown,do_not_eat,,[],Unmatched USDA PLANTS record. Default fail-safe guidance is do not eat.,low,"[{""purpose"": ""taxonomy"", ""source_id"": ""usda-plants"", ""status"": ""no_exact_match""}, {""purpose"": ""dataset label provenance"", ""source_id"": ""image_manifest""}, {""purpose"": ""future human review"", ""source_id"": ""naeb"", ""status"": ""not_checked""}]",true
,Aphelandra sinclairiana,[],unknown,do_not_eat,,[],Unmatched USDA PLANTS record. Default fail-safe guidance is do not eat.,low,"[{""purpose"": ""taxonomy"", ""source_id"": ""usda-plants"", ""status"": ""no_exact_match""}, {""purpose"": ""dataset label provenance"", ""source_id"": ""image_manifest""}, {""purpose"": ""future human review"", ""source_id"": ""naeb"", ""status"": ""not_checked""}]",true
,Pelargonium grandiflorum,[],unknown,do_not_eat,,[],Unmatched USDA PLANTS record. Default fail-safe guidance is do not eat.,low,"[{""purpose"": ""taxonomy"", ""source_id"": ""usda-plants"", ""status"": ""no_exact_match""}, {""purpose"": ""dataset label provenance"", ""source_id"": ""image_manifest""}, {""purpose"": ""future human review"", ""source_id"": ""naeb"", ""status"": ""not_checked""}]",true
,Hypericum revolutum,[],unknown,do_not_eat,,[],Unmatched USDA PLANTS record. Default fail-safe guidance is do not eat.,low,"[{""purpose"": ""taxonomy"", ""source_id"": ""usda-plants"", ""status"": ""no_exact_match""}, {""purpose"": ""dataset label provenance"", ""source_id"": ""image_manifest""}, {""purpose"": ""future human review"", ""source_id"": ""naeb"", ""status"": ""not_checked""}]",true
,Breynia vitis-idaea,[],unknown,do_not_eat,,[],Unmatched USDA PLANTS record. Default fail-safe guidance is do not eat.,low,"[{""purpose"": ""taxonomy"", ""source_id"": ""usda-plants"", ""status"": ""no_exact_match""}, {""purpose"": ""dataset label provenance"", ""source_id"": ""image_manifest""}, {""purpose"": ""future human review"", ""source_id"": ""naeb"", ""status"": ""not_checked""}]",true
,Freycinetia cumingiana,[],unknown,do_not_eat,,[],Unmatched USDA PLANTS record. Default fail-safe guidance is do not eat.,low,"[{""purpose"": ""taxonomy"", ""source_id"": ""usda-plants"", ""status"": ""no_exact_match""}, {""purpose"": ""dataset label provenance"", ""source_id"": ""image_manifest""}, {""purpose"": ""future human review"", ""source_id"": ""naeb"", ""status"": ""not_checked""}]",true
,Dischidia nummularia,[],unknown,do_not_eat,,[],Unmatched USDA PLANTS record. Default fail-safe guidance is do not eat.,low,"[{""purpose"": ""taxonomy"", ""source_id"": ""usda-plants"", ""status"": ""no_exact_match""}, {""purpose"": ""dataset label provenance"", ""source_id"": ""image_manifest""}, {""purpose"": ""future human review"", ""source_id"": ""naeb"", ""status"": ""not_checked""}]",true
,Heptapleurum heptaphyllum,[],unknown,do_not_eat,,[],Unmatched USDA PLANTS record. Default fail-safe guidance is do not eat.,low,"[{""purpose"": ""taxonomy"", ""source_id"": ""usda-plants"", ""status"": ""no_exact_match""}, {""purpose"": ""dataset label provenance"", ""source_id"": ""image_manifest""}, {""purpose"": ""future human review"", ""source_id"": ""naeb"", ""status"": ""not_checked""}]",true
,Barringtonia acutangula,[],unknown,do_not_eat,,[],Unmatched USDA PLANTS record. Default fail-safe guidance is do not eat.,low,"[{""purpose"": ""taxonomy"", ""source_id"": ""usda-plants"", ""status"": ""no_exact_match""}, {""purpose"": ""dataset label provenance"", ""source_id"": ""image_manifest""}, {""purpose"": ""future human review"", ""source_id"": ""naeb"", ""status"": ""not_checked""}]",true
,Maerua triphylla,[],unknown,do_not_eat,,[],Unmatched USDA PLANTS record. Default fail-safe guidance is do not eat.,low,"[{""purpose"": ""taxonomy"", ""source_id"": ""usda-plants"", ""status"": ""no_exact_match""}, {""purpose"": ""dataset label provenance"", ""source_id"": ""image_manifest""}, {""purpose"": ""future human review"", ""source_id"": ""naeb"", ""status"": ""not_checked""}]",true
,Asystasia mysorensis,[],unknown,do_not_eat,,[],Unmatched USDA PLANTS record. Default fail-safe guidance is do not eat.,low,"[{""purpose"": ""taxonomy"", ""source_id"": ""usda-plants"", ""status"": ""no_exact_match""}, {""purpose"": ""dataset label provenance"", ""source_id"": ""image_manifest""}, {""purpose"": ""future human review"", ""source_id"": ""naeb"", ""status"": ""not_checked""}]",true
,Neltuma glandulosa,[],unknown,do_not_eat,,[],Unmatched USDA PLANTS record. Default fail-safe guidance is do not eat.,low,"[{""purpose"": ""taxonomy"", ""source_id"": ""usda-plants"", ""status"": ""no_exact_match""}, {""purpose"": ""dataset label provenance"", ""source_id"": ""image_manifest""}, {""purpose"": ""future human review"", ""source_id"": ""naeb"", ""status"": ""not_checked""}]",true
,Strombocarpa pubescens,[],unknown,do_not_eat,,[],Unmatched USDA PLANTS record. Default fail-safe guidance is do not eat.,low,"[{""purpose"": ""taxonomy"", ""source_id"": ""usda-plants"", ""status"": ""no_exact_match""}, {""purpose"": ""dataset label provenance"", ""source_id"": ""image_manifest""}, {""purpose"": ""future human review"", ""source_id"": ""naeb"", ""status"": ""not_checked""}]",true
,Aextoxicon punctatum,[],unknown,do_not_eat,,[],Unmatched USDA PLANTS record. Default fail-safe guidance is do not eat.,low,"[{""purpose"": ""taxonomy"", ""source_id"": ""usda-plants"", ""status"": ""no_exact_match""}, {""purpose"": ""dataset label provenance"", ""source_id"": ""image_manifest""}, {""purpose"": ""future human review"", ""source_id"": ""naeb"", ""status"": ""not_checked""}]",true
,Lithops aucampiae,[],unknown,do_not_eat,,[],Unmatched USDA PLANTS record. Default fail-safe guidance is do not eat.,low,"[{""purpose"": ""taxonomy"", ""source_id"": ""usda-plants"", ""status"": ""no_exact_match""}, {""purpose"": ""dataset label provenance"", ""source_id"": ""image_manifest""}, {""purpose"": ""future human review"", ""source_id"": ""naeb"", ""status"": ""not_checked""}]",true
,Lithops olivacea,[],unknown,do_not_eat,,[],Unmatched USDA PLANTS record. Default fail-safe guidance is do not eat.,low,"[{""purpose"": ""taxonomy"", ""source_id"": ""usda-plants"", ""status"": ""no_exact_match""}, {""purpose"": ""dataset label provenance"", ""source_id"": ""image_manifest""}, {""purpose"": ""future human review"", ""source_id"": ""naeb"", ""status"": ""not_checked""}]",true
,Cyrtanthus elatus,[],unknown,do_not_eat,,[],Unmatched USDA PLANTS record. Default fail-safe guidance is do not eat.,low,"[{""purpose"": ""taxonomy"", ""source_id"": ""usda-plants"", ""status"": ""no_exact_match""}, {""purpose"": ""dataset label provenance"", ""source_id"": ""image_manifest""}, {""purpose"": ""future human review"", ""source_id"": ""naeb"", ""status"": ""not_checked""}]",true
,Guatteria aeruginosa,[],unknown,do_not_eat,,[],Unmatched USDA PLANTS record. Default fail-safe guidance is do not eat.,low,"[{""purpose"": ""taxonomy"", ""source_id"": ""usda-plants"", ""status"": ""no_exact_match""}, {""purpose"": ""dataset label provenance"", ""source_id"": ""image_manifest""}, {""purpose"": ""future human review"", ""source_id"": ""naeb"", ""status"": ""not_checked""}]",true
,Dischidia ovata,[],unknown,do_not_eat,,[],Unmatched USDA PLANTS record. Default fail-safe guidance is do not eat.,low,"[{""purpose"": ""taxonomy"", ""source_id"": ""usda-plants"", ""status"": ""no_exact_match""}, {""purpose"": ""dataset label provenance"", ""source_id"": ""image_manifest""}, {""purpose"": ""future human review"", ""source_id"": ""naeb"", ""status"": ""not_checked""}]",true
,Trachelospermum asiaticum,[],unknown,do_not_eat,,[],Unmatched USDA PLANTS record. Default fail-safe guidance is do not eat.,low,"[{""purpose"": ""taxonomy"", ""source_id"": ""usda-plants"", ""status"": ""no_exact_match""}, {""purpose"": ""dataset label provenance"", ""source_id"": ""image_manifest""}, {""purpose"": ""future human review"", ""source_id"": ""naeb"", ""status"": ""not_checked""}]",true
,Alocasia baginda,[],unknown,do_not_eat,,[],Unmatched USDA PLANTS record. Default fail-safe guidance is do not eat.,low,"[{""purpose"": ""taxonomy"", ""source_id"": ""usda-plants"", ""status"": ""no_exact_match""}, {""purpose"": ""dataset label provenance"", ""source_id"": ""image_manifest""}, {""purpose"": ""future human review"", ""source_id"": ""naeb"", ""status"": ""not_checked""}]",true
,Alocasia lauterbachiana,[],unknown,do_not_eat,,[],Unmatched USDA PLANTS record. Default fail-safe guidance is do not eat.,low,"[{""purpose"": ""taxonomy"", ""source_id"": ""usda-plants"", ""status"": ""no_exact_match""}, {""purpose"": ""dataset label provenance"", ""source_id"": ""image_manifest""}, {""purpose"": ""future human review"", ""source_id"": ""naeb"", ""status"": ""not_checked""}]",true
,Alocasia reginula,[],unknown,do_not_eat,,[],Unmatched USDA PLANTS record. Default fail-safe guidance is do not eat.,low,"[{""purpose"": ""taxonomy"", ""source_id"": ""usda-plants"", ""status"": ""no_exact_match""}, {""purpose"": ""dataset label provenance"", ""source_id"": ""image_manifest""}, {""purpose"": ""future human review"", ""source_id"": ""naeb"", ""status"": ""not_checked""}]",true
,Alocasia wentii,[],unknown,do_not_eat,,[],Unmatched USDA PLANTS record. Default fail-safe guidance is do not eat.,low,"[{""purpose"": ""taxonomy"", ""source_id"": ""usda-plants"", ""status"": ""no_exact_match""}, {""purpose"": ""dataset label provenance"", ""source_id"": ""image_manifest""}, {""purpose"": ""future human review"", ""source_id"": ""naeb"", ""status"": ""not_checked""}]",true
,Alocasia zebrina,[],unknown,do_not_eat,,[],Unmatched USDA PLANTS record. Default fail-safe guidance is do not eat.,low,"[{""purpose"": ""taxonomy"", ""source_id"": ""usda-plants"", ""status"": ""no_exact_match""}, {""purpose"": ""dataset label provenance"", ""source_id"": ""image_manifest""}, {""purpose"": ""future human review"", ""source_id"": ""naeb"", ""status"": ""not_checked""}]",true
,Anthurium clarinervium,[],unknown,do_not_eat,,[],Unmatched USDA PLANTS record. Default fail-safe guidance is do not eat.,low,"[{""purpose"": ""taxonomy"", ""source_id"": ""usda-plants"", ""status"": ""no_exact_match""}, {""purpose"": ""dataset label provenance"", ""source_id"": ""image_manifest""}, {""purpose"": ""future human review"", ""source_id"": ""naeb"", ""status"": ""not_checked""}]",true
,Anthurium faustomirandae,[],unknown,do_not_eat,,[],Unmatched USDA PLANTS record. Default fail-safe guidance is do not eat.,low,"[{""purpose"": ""taxonomy"", ""source_id"": ""usda-plants"", ""status"": ""no_exact_match""}, {""purpose"": ""dataset label provenance"", ""source_id"": ""image_manifest""}, {""purpose"": ""future human review"", ""source_id"": ""naeb"", ""status"": ""not_checked""}]",true
,Anthurium salvinii,[],unknown,do_not_eat,,[],Unmatched USDA PLANTS record. Default fail-safe guidance is do not eat.,low,"[{""purpose"": ""taxonomy"", ""source_id"": ""usda-plants"", ""status"": ""no_exact_match""}, {""purpose"": ""dataset label provenance"", ""source_id"": ""image_manifest""}, {""purpose"": ""future human review"", ""source_id"": ""naeb"", ""status"": ""not_checked""}]",true
,Anthurium schlechtendalii,[],unknown,do_not_eat,,[],Unmatched USDA PLANTS record. Default fail-safe guidance is do not eat.,low,"[{""purpose"": ""taxonomy"", ""source_id"": ""usda-plants"", ""status"": ""no_exact_match""}, {""purpose"": ""dataset label provenance"", ""source_id"": ""image_manifest""}, {""purpose"": ""future human review"", ""source_id"": ""naeb"", ""status"": ""not_checked""}]",true
,Anthurium veitchii,[],unknown,do_not_eat,,[],Unmatched USDA PLANTS record. Default fail-safe guidance is do not eat.,low,"[{""purpose"": ""taxonomy"", ""source_id"": ""usda-plants"", ""status"": ""no_exact_match""}, {""purpose"": ""dataset label provenance"", ""source_id"": ""image_manifest""}, {""purpose"": ""future human review"", ""source_id"": ""naeb"", ""status"": ""not_checked""}]",true
,Anthurium warocqueanum,[],unknown,do_not_eat,,[],Unmatched USDA PLANTS record. Default fail-safe guidance is do not eat.,low,"[{""purpose"": ""taxonomy"", ""source_id"": ""usda-plants"", ""status"": ""no_exact_match""}, {""purpose"": ""dataset label provenance"", ""source_id"": ""image_manifest""}, {""purpose"": ""future human review"", ""source_id"": ""naeb"", ""status"": ""not_checked""}]",true
,Wodyetia bifurcata,[],unknown,do_not_eat,,[],Unmatched USDA PLANTS record. Default fail-safe guidance is do not eat.,low,"[{""purpose"": ""taxonomy"", ""source_id"": ""usda-plants"", ""status"": ""no_exact_match""}, {""purpose"": ""dataset label provenance"", ""source_id"": ""image_manifest""}, {""purpose"": ""future human review"", ""source_id"": ""naeb"", ""status"": ""not_checked""}]",true
,Cereus forbesii,[],unknown,do_not_eat,,[],Unmatched USDA PLANTS record. Default fail-safe guidance is do not eat.,low,"[{""purpose"": ""taxonomy"", ""source_id"": ""usda-plants"", ""status"": ""no_exact_match""}, {""purpose"": ""dataset label provenance"", ""source_id"": ""image_manifest""}, {""purpose"": ""future human review"", ""source_id"": ""naeb"", ""status"": ""not_checked""}]",true
,Coryphantha elephantidens,[],unknown,do_not_eat,,[],Unmatched USDA PLANTS record. Default fail-safe guidance is do not eat.,low,"[{""purpose"": ""taxonomy"", ""source_id"": ""usda-plants"", ""status"": ""no_exact_match""}, {""purpose"": ""dataset label provenance"", ""source_id"": ""image_manifest""}, {""purpose"": ""future human review"", ""source_id"": ""naeb"", ""status"": ""not_checked""}]",true
,Pilosocereus chrysostele,[],unknown,do_not_eat,,[],Unmatched USDA PLANTS record. Default fail-safe guidance is do not eat.,low,"[{""purpose"": ""taxonomy"", ""source_id"": ""usda-plants"", ""status"": ""no_exact_match""}, {""purpose"": ""dataset label provenance"", ""source_id"": ""image_manifest""}, {""purpose"": ""future human review"", ""source_id"": ""naeb"", ""status"": ""not_checked""}]",true
,Pilosocereus pachycladus,[],unknown,do_not_eat,,[],Unmatched USDA PLANTS record. Default fail-safe guidance is do not eat.,low,"[{""purpose"": ""taxonomy"", ""source_id"": ""usda-plants"", ""status"": ""no_exact_match""}, {""purpose"": ""dataset label provenance"", ""source_id"": ""image_manifest""}, {""purpose"": ""future human review"", ""source_id"": ""naeb"", ""status"": ""not_checked""}]",true
,Stenocactus multicostatus,[],unknown,do_not_eat,,[],Unmatched USDA PLANTS record. Default fail-safe guidance is do not eat.,low,"[{""purpose"": ""taxonomy"", ""source_id"": ""usda-plants"", ""status"": ""no_exact_match""}, {""purpose"": ""dataset label provenance"", ""source_id"": ""image_manifest""}, {""purpose"": ""future human review"", ""source_id"": ""naeb"", ""status"": ""not_checked""}]",true
,Tephrocactus alexanderi,[],unknown,do_not_eat,,[],Unmatched USDA PLANTS record. Default fail-safe guidance is do not eat.,low,"[{""purpose"": ""taxonomy"", ""source_id"": ""usda-plants"", ""status"": ""no_exact_match""}, {""purpose"": ""dataset label provenance"", ""source_id"": ""image_manifest""}, {""purpose"": ""future human review"", ""source_id"": ""naeb"", ""status"": ""not_checked""}]",true
,Pterocephalus pterocephala,[],unknown,do_not_eat,,[],Unmatched USDA PLANTS record. Default fail-safe guidance is do not eat.,low,"[{""purpose"": ""taxonomy"", ""source_id"": ""usda-plants"", ""status"": ""no_exact_match""}, {""purpose"": ""dataset label provenance"", ""source_id"": ""image_manifest""}, {""purpose"": ""future human review"", ""source_id"": ""naeb"", ""status"": ""not_checked""}]",true
,Maytenus ilicifolia,[],unknown,do_not_eat,,[],Unmatched USDA PLANTS record. Default fail-safe guidance is do not eat.,low,"[{""purpose"": ""taxonomy"", ""source_id"": ""usda-plants"", ""status"": ""no_exact_match""}, {""purpose"": ""dataset label provenance"", ""source_id"": ""image_manifest""}, {""purpose"": ""future human review"", ""source_id"": ""naeb"", ""status"": ""not_checked""}]",true
,Cyanotis somaliensis,[],unknown,do_not_eat,,[],Unmatched USDA PLANTS record. Default fail-safe guidance is do not eat.,low,"[{""purpose"": ""taxonomy"", ""source_id"": ""usda-plants"", ""status"": ""no_exact_match""}, {""purpose"": ""dataset label provenance"", ""source_id"": ""image_manifest""}, {""purpose"": ""future human review"", ""source_id"": ""naeb"", ""status"": ""not_checked""}]",true
,Tradescantia sillamontana,[],unknown,do_not_eat,,[],Unmatched USDA PLANTS record. Default fail-safe guidance is do not eat.,low,"[{""purpose"": ""taxonomy"", ""source_id"": ""usda-plants"", ""status"": ""no_exact_match""}, {""purpose"": ""dataset label provenance"", ""source_id"": ""image_manifest""}, {""purpose"": ""future human review"", ""source_id"": ""naeb"", ""status"": ""not_checked""}]",true
,Leptinella potentillina,[],unknown,do_not_eat,,[],Unmatched USDA PLANTS record. Default fail-safe guidance is do not eat.,low,"[{""purpose"": ""taxonomy"", ""source_id"": ""usda-plants"", ""status"": ""no_exact_match""}, {""purpose"": ""dataset label provenance"", ""source_id"": ""image_manifest""}, {""purpose"": ""future human review"", ""source_id"": ""naeb"", ""status"": ""not_checked""}]",true
,Leucophyta brownii,[],unknown,do_not_eat,,[],Unmatched USDA PLANTS record. Default fail-safe guidance is do not eat.,low,"[{""purpose"": ""taxonomy"", ""source_id"": ""usda-plants"", ""status"": ""no_exact_match""}, {""purpose"": ""dataset label provenance"", ""source_id"": ""image_manifest""}, {""purpose"": ""future human review"", ""source_id"": ""naeb"", ""status"": ""not_checked""}]",true
,Crassothonna capensis,[],unknown,do_not_eat,,[],Unmatched USDA PLANTS record. Default fail-safe guidance is do not eat.,low,"[{""purpose"": ""taxonomy"", ""source_id"": ""usda-plants"", ""status"": ""no_exact_match""}, {""purpose"": ""dataset label provenance"", ""source_id"": ""image_manifest""}, {""purpose"": ""future human review"", ""source_id"": ""naeb"", ""status"": ""not_checked""}]",true
,Tagetes lunulata,[],unknown,do_not_eat,,[],Unmatched USDA PLANTS record. Default fail-safe guidance is do not eat.,low,"[{""purpose"": ""taxonomy"", ""source_id"": ""usda-plants"", ""status"": ""no_exact_match""}, {""purpose"": ""dataset label provenance"", ""source_id"": ""image_manifest""}, {""purpose"": ""future human review"", ""source_id"": ""naeb"", ""status"": ""not_checked""}]",true
,Sedum adolphi,[],unknown,do_not_eat,,[],Unmatched USDA PLANTS record. Default fail-safe guidance is do not eat.,low,"[{""purpose"": ""taxonomy"", ""source_id"": ""usda-plants"", ""status"": ""no_exact_match""}, {""purpose"": ""dataset label provenance"", ""source_id"": ""image_manifest""}, {""purpose"": ""future human review"", ""source_id"": ""naeb"", ""status"": ""not_checked""}]",true
,Sedum allantoides,[],unknown,do_not_eat,,[],Unmatched USDA PLANTS record. Default fail-safe guidance is do not eat.,low,"[{""purpose"": ""taxonomy"", ""source_id"": ""usda-plants"", ""status"": ""no_exact_match""}, {""purpose"": ""dataset label provenance"", ""source_id"": ""image_manifest""}, {""purpose"": ""future human review"", ""source_id"": ""naeb"", ""status"": ""not_checked""}]",true
,Sedum burrito,[],unknown,do_not_eat,,[],Unmatched USDA PLANTS record. Default fail-safe guidance is do not eat.,low,"[{""purpose"": ""taxonomy"", ""source_id"": ""usda-plants"", ""status"": ""no_exact_match""}, {""purpose"": ""dataset label provenance"", ""source_id"": ""image_manifest""}, {""purpose"": ""future human review"", ""source_id"": ""naeb"", ""status"": ""not_checked""}]",true
,Sedum clavatum,[],unknown,do_not_eat,,[],Unmatched USDA PLANTS record. Default fail-safe guidance is do not eat.,low,"[{""purpose"": ""taxonomy"", ""source_id"": ""usda-plants"", ""status"": ""no_exact_match""}, {""purpose"": ""dataset label provenance"", ""source_id"": ""image_manifest""}, {""purpose"": ""future human review"", ""source_id"": ""naeb"", ""status"": ""not_checked""}]",true
,Hylotelephium cyaneum,[],unknown,do_not_eat,,[],Unmatched USDA PLANTS record. Default fail-safe guidance is do not eat.,low,"[{""purpose"": ""taxonomy"", ""source_id"": ""usda-plants"", ""status"": ""no_exact_match""}, {""purpose"": ""dataset label provenance"", ""source_id"": ""image_manifest""}, {""purpose"": ""future human review"", ""source_id"": ""naeb"", ""status"": ""not_checked""}]",true
,Sedum kimnachii,[],unknown,do_not_eat,,[],Unmatched USDA PLANTS record. Default fail-safe guidance is do not eat.,low,"[{""purpose"": ""taxonomy"", ""source_id"": ""usda-plants"", ""status"": ""no_exact_match""}, {""purpose"": ""dataset label provenance"", ""source_id"": ""image_manifest""}, {""purpose"": ""future human review"", ""source_id"": ""naeb"", ""status"": ""not_checked""}]",true
,Sedum furfuraceum,[],unknown,do_not_eat,,[],Unmatched USDA PLANTS record. Default fail-safe guidance is do not eat.,low,"[{""purpose"": ""taxonomy"", ""source_id"": ""usda-plants"", ""status"": ""no_exact_match""}, {""purpose"": ""dataset label provenance"", ""source_id"": ""image_manifest""}, {""purpose"": ""future human review"", ""source_id"": ""naeb"", ""status"": ""not_checked""}]",true
,Sedum hernandezii,[],unknown,do_not_eat,,[],Unmatched USDA PLANTS record. Default fail-safe guidance is do not eat.,low,"[{""purpose"": ""taxonomy"", ""source_id"": ""usda-plants"", ""status"": ""no_exact_match""}, {""purpose"": ""dataset label provenance"", ""source_id"": ""image_manifest""}, {""purpose"": ""future human review"", ""source_id"": ""naeb"", ""status"": ""not_checked""}]",true
,Sedum japonicum,[],unknown,do_not_eat,,[],Unmatched USDA PLANTS record. Default fail-safe guidance is do not eat.,low,"[{""purpose"": ""taxonomy"", ""source_id"": ""usda-plants"", ""status"": ""no_exact_match""}, {""purpose"": ""dataset label provenance"", ""source_id"": ""image_manifest""}, {""purpose"": ""future human review"", ""source_id"": ""naeb"", ""status"": ""not_checked""}]",true
,Sedum makinoi,[],unknown,do_not_eat,,[],Unmatched USDA PLANTS record. Default fail-safe guidance is do not eat.,low,"[{""purpose"": ""taxonomy"", ""source_id"": ""usda-plants"", ""status"": ""no_exact_match""}, {""purpose"": ""dataset label provenance"", ""source_id"": ""image_manifest""}, {""purpose"": ""future human review"", ""source_id"": ""naeb"", ""status"": ""not_checked""}]",true
,Sedum x,[],unknown,do_not_eat,,[],Unmatched USDA PLANTS record. Default fail-safe guidance is do not eat.,low,"[{""purpose"": ""taxonomy"", ""source_id"": ""usda-plants"", ""status"": ""no_exact_match""}, {""purpose"": ""dataset label provenance"", ""source_id"": ""image_manifest""}, {""purpose"": ""future human review"", ""source_id"": ""naeb"", ""status"": ""not_checked""}]",true
,Carex punicea,[],unknown,do_not_eat,,[],Unmatched USDA PLANTS record. Default fail-safe guidance is do not eat.,low,"[{""purpose"": ""taxonomy"", ""source_id"": ""usda-plants"", ""status"": ""no_exact_match""}, {""purpose"": ""dataset label provenance"", ""source_id"": ""image_manifest""}, {""purpose"": ""future human review"", ""source_id"": ""naeb"", ""status"": ""not_checked""}]",true
,Acalypha macrostachya,[],unknown,do_not_eat,,[],Unmatched USDA PLANTS record. Default fail-safe guidance is do not eat.,low,"[{""purpose"": ""taxonomy"", ""source_id"": ""usda-plants"", ""status"": ""no_exact_match""}, {""purpose"": ""dataset label provenance"", ""source_id"": ""image_manifest""}, {""purpose"": ""future human review"", ""source_id"": ""naeb"", ""status"": ""not_checked""}]",true
,Pelargonium echinatum,[],unknown,do_not_eat,,[],Unmatched USDA PLANTS record. Default fail-safe guidance is do not eat.,low,"[{""purpose"": ""taxonomy"", ""source_id"": ""usda-plants"", ""status"": ""no_exact_match""}, {""purpose"": ""dataset label provenance"", ""source_id"": ""image_manifest""}, {""purpose"": ""future human review"", ""source_id"": ""naeb"", ""status"": ""not_checked""}]",true
,Pelargonium sidoides,[],unknown,do_not_eat,,[],Unmatched USDA PLANTS record. Default fail-safe guidance is do not eat.,low,"[{""purpose"": ""taxonomy"", ""source_id"": ""usda-plants"", ""status"": ""no_exact_match""}, {""purpose"": ""dataset label provenance"", ""source_id"": ""image_manifest""}, {""purpose"": ""future human review"", ""source_id"": ""naeb"", ""status"": ""not_checked""}]",true
,Pelargonium tomentosum,[],unknown,do_not_eat,,[],Unmatched USDA PLANTS record. Default fail-safe guidance is do not eat.,low,"[{""purpose"": ""taxonomy"", ""source_id"": ""usda-plants"", ""status"": ""no_exact_match""}, {""purpose"": ""dataset label provenance"", ""source_id"": ""image_manifest""}, {""purpose"": ""future human review"", ""source_id"": ""naeb"", ""status"": ""not_checked""}]",true
,Senegalia brevispica,[],unknown,do_not_eat,,[],Unmatched USDA PLANTS record. Default fail-safe guidance is do not eat.,low,"[{""purpose"": ""taxonomy"", ""source_id"": ""usda-plants"", ""status"": ""no_exact_match""}, {""purpose"": ""dataset label provenance"", ""source_id"": ""image_manifest""}, {""purpose"": ""future human review"", ""source_id"": ""naeb"", ""status"": ""not_checked""}]",true
,Acacia confluens,[],unknown,do_not_eat,,[],Unmatched USDA PLANTS record. Default fail-safe guidance is do not eat.,low,"[{""purpose"": ""taxonomy"", ""source_id"": ""usda-plants"", ""status"": ""no_exact_match""}, {""purpose"": ""dataset label provenance"", ""source_id"": ""image_manifest""}, {""purpose"": ""future human review"", ""source_id"": ""naeb"", ""status"": ""not_checked""}]",true
,Dalbergia retusa,[],unknown,do_not_eat,,[],Unmatched USDA PLANTS record. Default fail-safe guidance is do not eat.,low,"[{""purpose"": ""taxonomy"", ""source_id"": ""usda-plants"", ""status"": ""no_exact_match""}, {""purpose"": ""dataset label provenance"", ""source_id"": ""image_manifest""}, {""purpose"": ""future human review"", ""source_id"": ""naeb"", ""status"": ""not_checked""}]",true
,Neltuma pallida,[],unknown,do_not_eat,,[],Unmatched USDA PLANTS record. Default fail-safe guidance is do not eat.,low,"[{""purpose"": ""taxonomy"", ""source_id"": ""usda-plants"", ""status"": ""no_exact_match""}, {""purpose"": ""dataset label provenance"", ""source_id"": ""image_manifest""}, {""purpose"": ""future human review"", ""source_id"": ""naeb"", ""status"": ""not_checked""}]",true
,Cedrela fissilis,[],unknown,do_not_eat,,[],Unmatched USDA PLANTS record. Default fail-safe guidance is do not eat.,low,"[{""purpose"": ""taxonomy"", ""source_id"": ""usda-plants"", ""status"": ""no_exact_match""}, {""purpose"": ""dataset label provenance"", ""source_id"": ""image_manifest""}, {""purpose"": ""future human review"", ""source_id"": ""naeb"", ""status"": ""not_checked""}]",true
,Nepenthes x,[],unknown,do_not_eat,,[],Unmatched USDA PLANTS record. Default fail-safe guidance is do not eat.,low,"[{""purpose"": ""taxonomy"", ""source_id"": ""usda-plants"", ""status"": ""no_exact_match""}, {""purpose"": ""dataset label provenance"", ""source_id"": ""image_manifest""}, {""purpose"": ""future human review"", ""source_id"": ""naeb"", ""status"": ""not_checked""}]",true
,Nothofagus betuloides,[],unknown,do_not_eat,,[],Unmatched USDA PLANTS record. Default fail-safe guidance is do not eat.,low,"[{""purpose"": ""taxonomy"", ""source_id"": ""usda-plants"", ""status"": ""no_exact_match""}, {""purpose"": ""dataset label provenance"", ""source_id"": ""image_manifest""}, {""purpose"": ""future human review"", ""source_id"": ""naeb"", ""status"": ""not_checked""}]",true
,Nothofagus nitida,[],unknown,do_not_eat,,[],Unmatched USDA PLANTS record. Default fail-safe guidance is do not eat.,low,"[{""purpose"": ""taxonomy"", ""source_id"": ""usda-plants"", ""status"": ""no_exact_match""}, {""purpose"": ""dataset label provenance"", ""source_id"": ""image_manifest""}, {""purpose"": ""future human review"", ""source_id"": ""naeb"", ""status"": ""not_checked""}]",true
,Nymphaea rubra,[],unknown,do_not_eat,,[],Unmatched USDA PLANTS record. Default fail-safe guidance is do not eat.,low,"[{""purpose"": ""taxonomy"", ""source_id"": ""usda-plants"", ""status"": ""no_exact_match""}, {""purpose"": ""dataset label provenance"", ""source_id"": ""image_manifest""}, {""purpose"": ""future human review"", ""source_id"": ""naeb"", ""status"": ""not_checked""}]",true
,Dendrobium anosmum,[],unknown,do_not_eat,,[],Unmatched USDA PLANTS record. Default fail-safe guidance is do not eat.,low,"[{""purpose"": ""taxonomy"", ""source_id"": ""usda-plants"", ""status"": ""no_exact_match""}, {""purpose"": ""dataset label provenance"", ""source_id"": ""image_manifest""}, {""purpose"": ""future human review"", ""source_id"": ""naeb"", ""status"": ""not_checked""}]",true
,Dendrobium kingianum,[],unknown,do_not_eat,,[],Unmatched USDA PLANTS record. Default fail-safe guidance is do not eat.,low,"[{""purpose"": ""taxonomy"", ""source_id"": ""usda-plants"", ""status"": ""no_exact_match""}, {""purpose"": ""dataset label provenance"", ""source_id"": ""image_manifest""}, {""purpose"": ""future human review"", ""source_id"": ""naeb"", ""status"": ""not_checked""}]",true
,Dendrobium munificum,[],unknown,do_not_eat,,[],Unmatched USDA PLANTS record. Default fail-safe guidance is do not eat.,low,"[{""purpose"": ""taxonomy"", ""source_id"": ""usda-plants"", ""status"": ""no_exact_match""}, {""purpose"": ""dataset label provenance"", ""source_id"": ""image_manifest""}, {""purpose"": ""future human review"", ""source_id"": ""naeb"", ""status"": ""not_checked""}]",true
,Dendrobium thyrsiflorum,[],unknown,do_not_eat,,[],Unmatched USDA PLANTS record. Default fail-safe guidance is do not eat.,low,"[{""purpose"": ""taxonomy"", ""source_id"": ""usda-plants"", ""status"": ""no_exact_match""}, {""purpose"": ""dataset label provenance"", ""source_id"": ""image_manifest""}, {""purpose"": ""future human review"", ""source_id"": ""naeb"", ""status"": ""not_checked""}]",true
,Dendrobium victoriae-reginae,[],unknown,do_not_eat,,[],Unmatched USDA PLANTS record. Default fail-safe guidance is do not eat.,low,"[{""purpose"": ""taxonomy"", ""source_id"": ""usda-plants"", ""status"": ""no_exact_match""}, {""purpose"": ""dataset label provenance"", ""source_id"": ""image_manifest""}, {""purpose"": ""future human review"", ""source_id"": ""naeb"", ""status"": ""not_checked""}]",true
,Erycina pusilla,[],unknown,do_not_eat,,[],Unmatched USDA PLANTS record. Default fail-safe guidance is do not eat.,low,"[{""purpose"": ""taxonomy"", ""source_id"": ""usda-plants"", ""status"": ""no_exact_match""}, {""purpose"": ""dataset label provenance"", ""source_id"": ""image_manifest""}, {""purpose"": ""future human review"", ""source_id"": ""naeb"", ""status"": ""not_checked""}]",true
,Peperomia albovittata,[],unknown,do_not_eat,,[],Unmatched USDA PLANTS record. Default fail-safe guidance is do not eat.,low,"[{""purpose"": ""taxonomy"", ""source_id"": ""usda-plants"", ""status"": ""no_exact_match""}, {""purpose"": ""dataset label provenance"", ""source_id"": ""image_manifest""}, {""purpose"": ""future human review"", ""source_id"": ""naeb"", ""status"": ""not_checked""}]",true
,Peperomia clusiifolia,[],unknown,do_not_eat,,[],Unmatched USDA PLANTS record. Default fail-safe guidance is do not eat.,low,"[{""purpose"": ""taxonomy"", ""source_id"": ""usda-plants"", ""status"": ""no_exact_match""}, {""purpose"": ""dataset label provenance"", ""source_id"": ""image_manifest""}, {""purpose"": ""future human review"", ""source_id"": ""naeb"", ""status"": ""not_checked""}]",true
,Peperomia columella,[],unknown,do_not_eat,,[],Unmatched USDA PLANTS record. Default fail-safe guidance is do not eat.,low,"[{""purpose"": ""taxonomy"", ""source_id"": ""usda-plants"", ""status"": ""no_exact_match""}, {""purpose"": ""dataset label provenance"", ""source_id"": ""image_manifest""}, {""purpose"": ""future human review"", ""source_id"": ""naeb"", ""status"": ""not_checked""}]",true
,Peperomia ferreyrae,[],unknown,do_not_eat,,[],Unmatched USDA PLANTS record. Default fail-safe guidance is do not eat.,low,"[{""purpose"": ""taxonomy"", ""source_id"": ""usda-plants"", ""status"": ""no_exact_match""}, {""purpose"": ""dataset label provenance"", ""source_id"": ""image_manifest""}, {""purpose"": ""future human review"", ""source_id"": ""naeb"", ""status"": ""not_checked""}]",true
,Peperomia graveolens,[],unknown,do_not_eat,,[],Unmatched USDA PLANTS record. Default fail-safe guidance is do not eat.,low,"[{""purpose"": ""taxonomy"", ""source_id"": ""usda-plants"", ""status"": ""no_exact_match""}, {""purpose"": ""dataset label provenance"", ""source_id"": ""image_manifest""}, {""purpose"": ""future human review"", ""source_id"": ""naeb"", ""status"": ""not_checked""}]",true
,Peperomia pecuniifolia,[],unknown,do_not_eat,,[],Unmatched USDA PLANTS record. Default fail-safe guidance is do not eat.,low,"[{""purpose"": ""taxonomy"", ""source_id"": ""usda-plants"", ""status"": ""no_exact_match""}, {""purpose"": ""dataset label provenance"", ""source_id"": ""image_manifest""}, {""purpose"": ""future human review"", ""source_id"": ""naeb"", ""status"": ""not_checked""}]",true
,Peperomia polybotrya,[],unknown,do_not_eat,,[],Unmatched USDA PLANTS record. Default fail-safe guidance is do not eat.,low,"[{""purpose"": ""taxonomy"", ""source_id"": ""usda-plants"", ""status"": ""no_exact_match""}, {""purpose"": ""dataset label provenance"", ""source_id"": ""image_manifest""}, {""purpose"": ""future human review"", ""source_id"": ""naeb"", ""status"": ""not_checked""}]",true
,Peperomia prostrata,[],unknown,do_not_eat,,[],Unmatched USDA PLANTS record. Default fail-safe guidance is do not eat.,low,"[{""purpose"": ""taxonomy"", ""source_id"": ""usda-plants"", ""status"": ""no_exact_match""}, {""purpose"": ""dataset label provenance"", ""source_id"": ""image_manifest""}, {""purpose"": ""future human review"", ""source_id"": ""naeb"", ""status"": ""not_checked""}]",true
,Peperomia tetragona,[],unknown,do_not_eat,,[],Unmatched USDA PLANTS record. Default fail-safe guidance is do not eat.,low,"[{""purpose"": ""taxonomy"", ""source_id"": ""usda-plants"", ""status"": ""no_exact_match""}, {""purpose"": ""dataset label provenance"", ""source_id"": ""image_manifest""}, {""purpose"": ""future human review"", ""source_id"": ""naeb"", ""status"": ""not_checked""}]",true
,Peperomia verticillata,[],unknown,do_not_eat,,[],Unmatched USDA PLANTS record. Default fail-safe guidance is do not eat.,low,"[{""purpose"": ""taxonomy"", ""source_id"": ""usda-plants"", ""status"": ""no_exact_match""}, {""purpose"": ""dataset label provenance"", ""source_id"": ""image_manifest""}, {""purpose"": ""future human review"", ""source_id"": ""naeb"", ""status"": ""not_checked""}]",true
,Lomatia ferruginea,[],unknown,do_not_eat,,[],Unmatched USDA PLANTS record. Default fail-safe guidance is do not eat.,low,"[{""purpose"": ""taxonomy"", ""source_id"": ""usda-plants"", ""status"": ""no_exact_match""}, {""purpose"": ""dataset label provenance"", ""source_id"": ""image_manifest""}, {""purpose"": ""future human review"", ""source_id"": ""naeb"", ""status"": ""not_checked""}]",true
,Anemone pavoniana,[],unknown,do_not_eat,,[],Unmatched USDA PLANTS record. Default fail-safe guidance is do not eat.,low,"[{""purpose"": ""taxonomy"", ""source_id"": ""usda-plants"", ""status"": ""no_exact_match""}, {""purpose"": ""dataset label provenance"", ""source_id"": ""image_manifest""}, {""purpose"": ""future human review"", ""source_id"": ""naeb"", ""status"": ""not_checked""}]",true
,Eriocapitella tomentosa,[],unknown,do_not_eat,,[],Unmatched USDA PLANTS record. Default fail-safe guidance is do not eat.,low,"[{""purpose"": ""taxonomy"", ""source_id"": ""usda-plants"", ""status"": ""no_exact_match""}, {""purpose"": ""dataset label provenance"", ""source_id"": ""image_manifest""}, {""purpose"": ""future human review"", ""source_id"": ""naeb"", ""status"": ""not_checked""}]",true
,Eumachia haematocarpa,[],unknown,do_not_eat,,[],Unmatched USDA PLANTS record. Default fail-safe guidance is do not eat.,low,"[{""purpose"": ""taxonomy"", ""source_id"": ""usda-plants"", ""status"": ""no_exact_match""}, {""purpose"": ""dataset label provenance"", ""source_id"": ""image_manifest""}, {""purpose"": ""future human review"", ""source_id"": ""naeb"", ""status"": ""not_checked""}]",true
,Angostura granulosa,[],unknown,do_not_eat,,[],Unmatched USDA PLANTS record. Default fail-safe guidance is do not eat.,low,"[{""purpose"": ""taxonomy"", ""source_id"": ""usda-plants"", ""status"": ""no_exact_match""}, {""purpose"": ""dataset label provenance"", ""source_id"": ""image_manifest""}, {""purpose"": ""future human review"", ""source_id"": ""naeb"", ""status"": ""not_checked""}]",true
,Smilax excelsa,[],unknown,do_not_eat,,[],Unmatched USDA PLANTS record. Default fail-safe guidance is do not eat.,low,"[{""purpose"": ""taxonomy"", ""source_id"": ""usda-plants"", ""status"": ""no_exact_match""}, {""purpose"": ""dataset label provenance"", ""source_id"": ""image_manifest""}, {""purpose"": ""future human review"", ""source_id"": ""naeb"", ""status"": ""not_checked""}]",true
,Coussapoa villosa,[],unknown,do_not_eat,,[],Unmatched USDA PLANTS record. Default fail-safe guidance is do not eat.,low,"[{""purpose"": ""taxonomy"", ""source_id"": ""usda-plants"", ""status"": ""no_exact_match""}, {""purpose"": ""dataset label provenance"", ""source_id"": ""image_manifest""}, {""purpose"": ""future human review"", ""source_id"": ""naeb"", ""status"": ""not_checked""}]",true
,Cyphostemma cyphopetalum,[],unknown,do_not_eat,,[],Unmatched USDA PLANTS record. Default fail-safe guidance is do not eat.,low,"[{""purpose"": ""taxonomy"", ""source_id"": ""usda-plants"", ""status"": ""no_exact_match""}, {""purpose"": ""dataset label provenance"", ""source_id"": ""image_manifest""}, {""purpose"": ""future human review"", ""source_id"": ""naeb"", ""status"": ""not_checked""}]",true
,Cyphostemma juttae,[],unknown,do_not_eat,,[],Unmatched USDA PLANTS record. Default fail-safe guidance is do not eat.,low,"[{""purpose"": ""taxonomy"", ""source_id"": ""usda-plants"", ""status"": ""no_exact_match""}, {""purpose"": ""dataset label provenance"", ""source_id"": ""image_manifest""}, {""purpose"": ""future human review"", ""source_id"": ""naeb"", ""status"": ""not_checked""}]",true
,Cyphostemma serpens,[],unknown,do_not_eat,,[],Unmatched USDA PLANTS record. Default fail-safe guidance is do not eat.,low,"[{""purpose"": ""taxonomy"", ""source_id"": ""usda-plants"", ""status"": ""no_exact_match""}, {""purpose"": ""dataset label provenance"", ""source_id"": ""image_manifest""}, {""purpose"": ""future human review"", ""source_id"": ""naeb"", ""status"": ""not_checked""}]",true
,Nepenthes alata,[],unknown,do_not_eat,,[],Unmatched USDA PLANTS record. Default fail-safe guidance is do not eat.,low,"[{""purpose"": ""taxonomy"", ""source_id"": ""usda-plants"", ""status"": ""no_exact_match""}, {""purpose"": ""dataset label provenance"", ""source_id"": ""image_manifest""}, {""purpose"": ""future human review"", ""source_id"": ""naeb"", ""status"": ""not_checked""}]",true
,Nepenthes truncata,[],unknown,do_not_eat,,[],Unmatched USDA PLANTS record. Default fail-safe guidance is do not eat.,low,"[{""purpose"": ""taxonomy"", ""source_id"": ""usda-plants"", ""status"": ""no_exact_match""}, {""purpose"": ""dataset label provenance"", ""source_id"": ""image_manifest""}, {""purpose"": ""future human review"", ""source_id"": ""naeb"", ""status"": ""not_checked""}]",true
,Lavandula spp.,[],unknown,do_not_eat,,[],Unmatched USDA PLANTS record. Default fail-safe guidance is do not eat.,low,"[{""purpose"": ""taxonomy"", ""source_id"": ""usda-plants"", ""status"": ""no_exact_match""}, {""purpose"": ""dataset label provenance"", ""source_id"": ""image_manifest""}, {""purpose"": ""future human review"", ""source_id"": ""naeb"", ""status"": ""not_checked""}]",true
,Aphelandra aurantiaca,[],unknown,do_not_eat,,[],Unmatched USDA PLANTS record. Default fail-safe guidance is do not eat.,low,"[{""purpose"": ""taxonomy"", ""source_id"": ""usda-plants"", ""status"": ""no_exact_match""}, {""purpose"": ""dataset label provenance"", ""source_id"": ""image_manifest""}, {""purpose"": ""future human review"", ""source_id"": ""naeb"", ""status"": ""not_checked""}]",true
,Guatteria dolichopoda,[],unknown,do_not_eat,,[],Unmatched USDA PLANTS record. Default fail-safe guidance is do not eat.,low,"[{""purpose"": ""taxonomy"", ""source_id"": ""usda-plants"", ""status"": ""no_exact_match""}, {""purpose"": ""dataset label provenance"", ""source_id"": ""image_manifest""}, {""purpose"": ""future human review"", ""source_id"": ""naeb"", ""status"": ""not_checked""}]",true
,Stenanona costaricensis,[],unknown,do_not_eat,,[],Unmatched USDA PLANTS record. Default fail-safe guidance is do not eat.,low,"[{""purpose"": ""taxonomy"", ""source_id"": ""usda-plants"", ""status"": ""no_exact_match""}, {""purpose"": ""dataset label provenance"", ""source_id"": ""image_manifest""}, {""purpose"": ""future human review"", ""source_id"": ""naeb"", ""status"": ""not_checked""}]",true
,Bourreria andrieuxii,[],unknown,do_not_eat,,[],Unmatched USDA PLANTS record. Default fail-safe guidance is do not eat.,low,"[{""purpose"": ""taxonomy"", ""source_id"": ""usda-plants"", ""status"": ""no_exact_match""}, {""purpose"": ""dataset label provenance"", ""source_id"": ""image_manifest""}, {""purpose"": ""future human review"", ""source_id"": ""naeb"", ""status"": ""not_checked""}]",true
,Bourreria costaricensis,[],unknown,do_not_eat,,[],Unmatched USDA PLANTS record. Default fail-safe guidance is do not eat.,low,"[{""purpose"": ""taxonomy"", ""source_id"": ""usda-plants"", ""status"": ""no_exact_match""}, {""purpose"": ""dataset label provenance"", ""source_id"": ""image_manifest""}, {""purpose"": ""future human review"", ""source_id"": ""naeb"", ""status"": ""not_checked""}]",true
,Alibertia edulis,[],unknown,do_not_eat,,[],Unmatched USDA PLANTS record. Default fail-safe guidance is do not eat.,low,"[{""purpose"": ""taxonomy"", ""source_id"": ""usda-plants"", ""status"": ""no_exact_match""}, {""purpose"": ""dataset label provenance"", ""source_id"": ""image_manifest""}, {""purpose"": ""future human review"", ""source_id"": ""naeb"", ""status"": ""not_checked""}]",true
gbif:3802655,Atropa belladonna,[],unknown,do_not_eat,,[],Non-USDA target carried forward for human review. Default fail-safe guidance is do not eat.,low,"[{""purpose"": ""taxonomy"", ""source_id"": ""gbif"", ""taxon_id"": ""gbif:3802655""}, {""purpose"": ""taxonomy"", ""source_id"": ""usda-plants"", ""status"": ""no_exact_match""}, {""purpose"": ""future human review"", ""source_id"": ""naeb"", ""status"": ""not_checked""}]",true
,Anemonastrum narcissiflorum,[],unknown,do_not_eat,,[],Manifest species label requires human taxonomy review. Default fail-safe guidance is do not eat.,low,"[{""purpose"": ""dataset label provenance"", ""source_id"": ""image_manifest""}, {""purpose"": ""taxonomy"", ""source_id"": ""usda-plants"", ""status"": ""needs_review""}, {""purpose"": ""future human review"", ""source_id"": ""naeb"", ""status"": ""not_checked""}]",true
,Anemone multifida,[],unknown,do_not_eat,,[],Manifest species label requires human taxonomy review. Default fail-safe guidance is do not eat.,low,"[{""purpose"": ""dataset label provenance"", ""source_id"": ""image_manifest""}, {""purpose"": ""taxonomy"", ""source_id"": ""usda-plants"", ""status"": ""needs_review""}, {""purpose"": ""future human review"", ""source_id"": ""naeb"", ""status"": ""not_checked""}]",true
,Anemonoides ranunculoides,[],unknown,do_not_eat,,[],Manifest species label requires human taxonomy review. Default fail-safe guidance is do not eat.,low,"[{""purpose"": ""dataset label provenance"", ""source_id"": ""image_manifest""}, {""purpose"": ""taxonomy"", ""source_id"": ""usda-plants"", ""status"": ""needs_review""}, {""purpose"": ""future human review"", ""source_id"": ""naeb"", ""status"": ""not_checked""}]",true
,Cenchrus ciliaris,[],unknown,do_not_eat,,[],Manifest species label requires human taxonomy review. Default fail-safe guidance is do not eat.,low,"[{""purpose"": ""dataset label provenance"", ""source_id"": ""image_manifest""}, {""purpose"": ""taxonomy"", ""source_id"": ""usda-plants"", ""status"": ""needs_review""}, {""purpose"": ""future human review"", ""source_id"": ""naeb"", ""status"": ""not_checked""}]",true
,Cenchrus clandestinus,[],unknown,do_not_eat,,[],Manifest species label requires human taxonomy review. Default fail-safe guidance is do not eat.,low,"[{""purpose"": ""dataset label provenance"", ""source_id"": ""image_manifest""}, {""purpose"": ""taxonomy"", ""source_id"": ""usda-plants"", ""status"": ""needs_review""}, {""purpose"": ""future human review"", ""source_id"": ""naeb"", ""status"": ""not_checked""}]",true
,Cenchrus longisetus,[],unknown,do_not_eat,,[],Manifest species label requires human taxonomy review. Default fail-safe guidance is do not eat.,low,"[{""purpose"": ""dataset label provenance"", ""source_id"": ""image_manifest""}, {""purpose"": ""taxonomy"", ""source_id"": ""usda-plants"", ""status"": ""needs_review""}, {""purpose"": ""future human review"", ""source_id"": ""naeb"", ""status"": ""not_checked""}]",true
,Cenchrus purpureus,[],unknown,do_not_eat,,[],Manifest species label requires human taxonomy review. Default fail-safe guidance is do not eat.,low,"[{""purpose"": ""dataset label provenance"", ""source_id"": ""image_manifest""}, {""purpose"": ""taxonomy"", ""source_id"": ""usda-plants"", ""status"": ""needs_review""}, {""purpose"": ""future human review"", ""source_id"": ""naeb"", ""status"": ""not_checked""}]",true
,Cirsium filipendulum,[],unknown,do_not_eat,,[],Manifest species label requires human taxonomy review. Default fail-safe guidance is do not eat.,low,"[{""purpose"": ""dataset label provenance"", ""source_id"": ""image_manifest""}, {""purpose"": ""taxonomy"", ""source_id"": ""usda-plants"", ""status"": ""needs_review""}, {""purpose"": ""future human review"", ""source_id"": ""naeb"", ""status"": ""not_checked""}]",true
,Cirsium heterophyllum,[],unknown,do_not_eat,,[],Manifest species label requires human taxonomy review. Default fail-safe guidance is do not eat.,low,"[{""purpose"": ""dataset label provenance"", ""source_id"": ""image_manifest""}, {""purpose"": ""taxonomy"", ""source_id"": ""usda-plants"", ""status"": ""needs_review""}, {""purpose"": ""future human review"", ""source_id"": ""naeb"", ""status"": ""not_checked""}]",true
,Cirsium spinosissimum,[],unknown,do_not_eat,,[],Manifest species label requires human taxonomy review. Default fail-safe guidance is do not eat.,low,"[{""purpose"": ""dataset label provenance"", ""source_id"": ""image_manifest""}, {""purpose"": ""taxonomy"", ""source_id"": ""usda-plants"", ""status"": ""needs_review""}, {""purpose"": ""future human review"", ""source_id"": ""naeb"", ""status"": ""not_checked""}]",true
,Didymopanax morototoni,[],unknown,do_not_eat,,[],Manifest species label requires human taxonomy review. Default fail-safe guidance is do not eat.,low,"[{""purpose"": ""dataset label provenance"", ""source_id"": ""image_manifest""}, {""purpose"": ""taxonomy"", ""source_id"": ""usda-plants"", ""status"": ""needs_review""}, {""purpose"": ""future human review"", ""source_id"": ""naeb"", ""status"": ""not_checked""}]",true
,Dryopteris dilatata,[],unknown,do_not_eat,,[],Manifest species label requires human taxonomy review. Default fail-safe guidance is do not eat.,low,"[{""purpose"": ""dataset label provenance"", ""source_id"": ""image_manifest""}, {""purpose"": ""taxonomy"", ""source_id"": ""usda-plants"", ""status"": ""needs_review""}, {""purpose"": ""future human review"", ""source_id"": ""naeb"", ""status"": ""not_checked""}]",true
,Elodea densa,[],unknown,do_not_eat,,[],Manifest species label requires human taxonomy review. Default fail-safe guidance is do not eat.,low,"[{""purpose"": ""dataset label provenance"", ""source_id"": ""image_manifest""}, {""purpose"": ""taxonomy"", ""source_id"": ""usda-plants"", ""status"": ""needs_review""}, {""purpose"": ""future human review"", ""source_id"": ""naeb"", ""status"": ""not_checked""}]",true
,Empetrum rubrum,[],unknown,do_not_eat,,[],Manifest species label requires human taxonomy review. Default fail-safe guidance is do not eat.,low,"[{""purpose"": ""dataset label provenance"", ""source_id"": ""image_manifest""}, {""purpose"": ""taxonomy"", ""source_id"": ""usda-plants"", ""status"": ""needs_review""}, {""purpose"": ""future human review"", ""source_id"": ""naeb"", ""status"": ""not_checked""}]",true
,Epilobium latifolium,[],unknown,do_not_eat,,[],Manifest species label requires human taxonomy review. Default fail-safe guidance is do not eat.,low,"[{""purpose"": ""dataset label provenance"", ""source_id"": ""image_manifest""}, {""purpose"": ""taxonomy"", ""source_id"": ""usda-plants"", ""status"": ""needs_review""}, {""purpose"": ""future human review"", ""source_id"": ""naeb"", ""status"": ""not_checked""}]",true
,Freesia refracta,[],unknown,do_not_eat,,[],Manifest species label requires human taxonomy review. Default fail-safe guidance is do not eat.,low,"[{""purpose"": ""dataset label provenance"", ""source_id"": ""image_manifest""}, {""purpose"": ""taxonomy"", ""source_id"": ""usda-plants"", ""status"": ""needs_review""}, {""purpose"": ""future human review"", ""source_id"": ""naeb"", ""status"": ""not_checked""}]",true
,Gomphocarpus physocarpus,[],unknown,do_not_eat,,[],Manifest species label requires human taxonomy review. Default fail-safe guidance is do not eat.,low,"[{""purpose"": ""dataset label provenance"", ""source_id"": ""image_manifest""}, {""purpose"": ""taxonomy"", ""source_id"": ""usda-plants"", ""status"": ""needs_review""}, {""purpose"": ""future human review"", ""source_id"": ""naeb"", ""status"": ""not_checked""}]",true
,Helminthotheca echioides,[],unknown,do_not_eat,,[],Manifest species label requires human taxonomy review. Default fail-safe guidance is do not eat.,low,"[{""purpose"": ""dataset label provenance"", ""source_id"": ""image_manifest""}, {""purpose"": ""taxonomy"", ""source_id"": ""usda-plants"", ""status"": ""needs_review""}, {""purpose"": ""future human review"", ""source_id"": ""naeb"", ""status"": ""not_checked""}]",true
,Lactuca muralis,[],unknown,do_not_eat,,[],Manifest species label requires human taxonomy review. Default fail-safe guidance is do not eat.,low,"[{""purpose"": ""dataset label provenance"", ""source_id"": ""image_manifest""}, {""purpose"": ""taxonomy"", ""source_id"": ""usda-plants"", ""status"": ""needs_review""}, {""purpose"": ""future human review"", ""source_id"": ""naeb"", ""status"": ""not_checked""}]",true
,Lamium galeobdolon,[],unknown,do_not_eat,,[],Manifest species label requires human taxonomy review. Default fail-safe guidance is do not eat.,low,"[{""purpose"": ""dataset label provenance"", ""source_id"": ""image_manifest""}, {""purpose"": ""taxonomy"", ""source_id"": ""usda-plants"", ""status"": ""needs_review""}, {""purpose"": ""future human review"", ""source_id"": ""naeb"", ""status"": ""not_checked""}]",true
,Lamium hybridum,[],unknown,do_not_eat,,[],Manifest species label requires human taxonomy review. Default fail-safe guidance is do not eat.,low,"[{""purpose"": ""dataset label provenance"", ""source_id"": ""image_manifest""}, {""purpose"": ""taxonomy"", ""source_id"": ""usda-plants"", ""status"": ""needs_review""}, {""purpose"": ""future human review"", ""source_id"": ""naeb"", ""status"": ""not_checked""}]",true
,Maianthemum bifolium,[],unknown,do_not_eat,,[],Manifest species label requires human taxonomy review. Default fail-safe guidance is do not eat.,low,"[{""purpose"": ""dataset label provenance"", ""source_id"": ""image_manifest""}, {""purpose"": ""taxonomy"", ""source_id"": ""usda-plants"", ""status"": ""needs_review""}, {""purpose"": ""future human review"", ""source_id"": ""naeb"", ""status"": ""not_checked""}]",true
,Melilotus albus,[],unknown,do_not_eat,,[],Manifest species label requires human taxonomy review. Default fail-safe guidance is do not eat.,low,"[{""purpose"": ""dataset label provenance"", ""source_id"": ""image_manifest""}, {""purpose"": ""taxonomy"", ""source_id"": ""usda-plants"", ""status"": ""needs_review""}, {""purpose"": ""future human review"", ""source_id"": ""naeb"", ""status"": ""not_checked""}]",true
,Melilotus neapolitanus,[],unknown,do_not_eat,,[],Manifest species label requires human taxonomy review. Default fail-safe guidance is do not eat.,low,"[{""purpose"": ""dataset label provenance"", ""source_id"": ""image_manifest""}, {""purpose"": ""taxonomy"", ""source_id"": ""usda-plants"", ""status"": ""needs_review""}, {""purpose"": ""future human review"", ""source_id"": ""naeb"", ""status"": ""not_checked""}]",true
,Narthecium ossifragum,[],unknown,do_not_eat,,[],Manifest species label requires human taxonomy review. Default fail-safe guidance is do not eat.,low,"[{""purpose"": ""dataset label provenance"", ""source_id"": ""image_manifest""}, {""purpose"": ""taxonomy"", ""source_id"": ""usda-plants"", ""status"": ""needs_review""}, {""purpose"": ""future human review"", ""source_id"": ""naeb"", ""status"": ""not_checked""}]",true
,Oenothera hartwegii,[],unknown,do_not_eat,,[],Manifest species label requires human taxonomy review. Default fail-safe guidance is do not eat.,low,"[{""purpose"": ""dataset label provenance"", ""source_id"": ""image_manifest""}, {""purpose"": ""taxonomy"", ""source_id"": ""usda-plants"", ""status"": ""needs_review""}, {""purpose"": ""future human review"", ""source_id"": ""naeb"", ""status"": ""not_checked""}]",true
,Osmundastrum cinnamomeum,[],unknown,do_not_eat,,[],Manifest species label requires human taxonomy review. Default fail-safe guidance is do not eat.,low,"[{""purpose"": ""dataset label provenance"", ""source_id"": ""image_manifest""}, {""purpose"": ""taxonomy"", ""source_id"": ""usda-plants"", ""status"": ""needs_review""}, {""purpose"": ""future human review"", ""source_id"": ""naeb"", ""status"": ""not_checked""}]",true
,Pongamia pinnata,[],unknown,do_not_eat,,[],Manifest species label requires human taxonomy review. Default fail-safe guidance is do not eat.,low,"[{""purpose"": ""dataset label provenance"", ""source_id"": ""image_manifest""}, {""purpose"": ""taxonomy"", ""source_id"": ""usda-plants"", ""status"": ""needs_review""}, {""purpose"": ""future human review"", ""source_id"": ""naeb"", ""status"": ""not_checked""}]",true
,Potentilla indica,[],unknown,do_not_eat,,[],Manifest species label requires human taxonomy review. Default fail-safe guidance is do not eat.,low,"[{""purpose"": ""dataset label provenance"", ""source_id"": ""image_manifest""}, {""purpose"": ""taxonomy"", ""source_id"": ""usda-plants"", ""status"": ""needs_review""}, {""purpose"": ""future human review"", ""source_id"": ""naeb"", ""status"": ""not_checked""}]",true
,Scilla peruviana,[],unknown,do_not_eat,,[],Manifest species label requires human taxonomy review. Default fail-safe guidance is do not eat.,low,"[{""purpose"": ""dataset label provenance"", ""source_id"": ""image_manifest""}, {""purpose"": ""taxonomy"", ""source_id"": ""usda-plants"", ""status"": ""needs_review""}, {""purpose"": ""future human review"", ""source_id"": ""naeb"", ""status"": ""not_checked""}]",true
,Senecio minimus,[],unknown,do_not_eat,,[],Manifest species label requires human taxonomy review. Default fail-safe guidance is do not eat.,low,"[{""purpose"": ""dataset label provenance"", ""source_id"": ""image_manifest""}, {""purpose"": ""taxonomy"", ""source_id"": ""usda-plants"", ""status"": ""needs_review""}, {""purpose"": ""future human review"", ""source_id"": ""naeb"", ""status"": ""not_checked""}]",true
,Stellaria aquatica,[],unknown,do_not_eat,,[],Manifest species label requires human taxonomy review. Default fail-safe guidance is do not eat.,low,"[{""purpose"": ""dataset label provenance"", ""source_id"": ""image_manifest""}, {""purpose"": ""taxonomy"", ""source_id"": ""usda-plants"", ""status"": ""needs_review""}, {""purpose"": ""future human review"", ""source_id"": ""naeb"", ""status"": ""not_checked""}]",true
,Tagetes tenuifolia,[],unknown,do_not_eat,,[],Manifest species label requires human taxonomy review. Default fail-safe guidance is do not eat.,low,"[{""purpose"": ""dataset label provenance"", ""source_id"": ""image_manifest""}, {""purpose"": ""taxonomy"", ""source_id"": ""usda-plants"", ""status"": ""needs_review""}, {""purpose"": ""future human review"", ""source_id"": ""naeb"", ""status"": ""not_checked""}]",true
,Thelypteris limbosperma,[],unknown,do_not_eat,,[],Manifest species label requires human taxonomy review. Default fail-safe guidance is do not eat.,low,"[{""purpose"": ""dataset label provenance"", ""source_id"": ""image_manifest""}, {""purpose"": ""taxonomy"", ""source_id"": ""usda-plants"", ""status"": ""needs_review""}, {""purpose"": ""future human review"", ""source_id"": ""naeb"", ""status"": ""not_checked""}]",true
,Veronica × andersonii,[],unknown,do_not_eat,,[],Manifest species label requires human taxonomy review. Default fail-safe guidance is do not eat.,low,"[{""purpose"": ""dataset label provenance"", ""source_id"": ""image_manifest""}, {""purpose"": ""taxonomy"", ""source_id"": ""usda-plants"", ""status"": ""needs_review""}, {""purpose"": ""future human review"", ""source_id"": ""naeb"", ""status"": ""not_checked""}]",true
,Viscaria alpina,[],unknown,do_not_eat,,[],Manifest species label requires human taxonomy review. Default fail-safe guidance is do not eat.,low,"[{""purpose"": ""dataset label provenance"", ""source_id"": ""image_manifest""}, {""purpose"": ""taxonomy"", ""source_id"": ""usda-plants"", ""status"": ""needs_review""}, {""purpose"": ""future human review"", ""source_id"": ""naeb"", ""status"": ""not_checked""}]",true
,Viscaria vulgaris,[],unknown,do_not_eat,,[],Manifest species label requires human taxonomy review. Default fail-safe guidance is do not eat.,low,"[{""purpose"": ""dataset label provenance"", ""source_id"": ""image_manifest""}, {""purpose"": ""taxonomy"", ""source_id"": ""usda-plants"", ""status"": ""needs_review""}, {""purpose"": ""future human review"", ""source_id"": ""naeb"", ""status"": ""not_checked""}]",true
