image_id,path,scientific_name,taxon_id
gbif-inat:00000750,images/raw/gbif-inat/acer_rubrum/6130214472_2.jpg,Acer rubrum,usda:ACRU
gbif-inat:00003117,images/raw/gbif-inat/acer_rubrum/6130726654_2.jpg,Acer rubrum,usda:ACRU
gbif-inat:00003124,images/raw/gbif-inat/acer_rubrum/6130749950_1.jpg,Acer rubrum,usda:ACRU
gbif-inat:00003113,images/raw/gbif-inat/acer_rubrum/6130710891_2.jpg,Acer rubrum,usda:ACRU
gbif-inat:00003066,images/raw/gbif-inat/acer_rubrum/6130264007_1.jpg,Acer rubrum,usda:ACRU
gbif-inat:00003095,images/raw/gbif-inat/acer_rubrum/6130631037_2.jpg,Acer rubrum,usda:ACRU
gbif-inat:00003115,images/raw/gbif-inat/acer_rubrum/6130721127_1.jpg,Acer rubrum,usda:ACRU
gbif-inat:00003096,images/raw/gbif-inat/acer_rubrum/6130631037_3.jpg,Acer rubrum,usda:ACRU
gbif-inat:00000748,images/raw/gbif-inat/acer_rubrum/6130159770_2.jpg,Acer rubrum,usda:ACRU
gbif-inat:00003082,images/raw/gbif-inat/acer_rubrum/6130450206_1.jpg,Acer rubrum,usda:ACRU
gbif-inat:00002992,images/raw/gbif-inat/acer_saccharum/6130958610_5.jpg,Acer saccharum,usda:ACSA3
gbif-inat:00003021,images/raw/gbif-inat/acer_saccharum/6133551645_1.jpg,Acer saccharum,usda:ACSA3
gbif-inat:00002993,images/raw/gbif-inat/acer_saccharum/6131079560_1.jpg,Acer saccharum,usda:ACSA3
gbif-inat:00003056,images/raw/gbif-inat/acer_saccharum/6159391395_5.jpg,Acer saccharum,usda:ACSA3
gbif-inat:00003043,images/raw/gbif-inat/acer_saccharum/6159202909_1.jpg,Acer saccharum,usda:ACSA3
gbif-inat:00003029,images/raw/gbif-inat/acer_saccharum/6162792673_1.jpg,Acer saccharum,usda:ACSA3
gbif-inat:00002999,images/raw/gbif-inat/acer_saccharum/6131356538_3.jpg,Acer saccharum,usda:ACSA3
gbif-inat:00003059,images/raw/gbif-inat/acer_saccharum/6159465827_1.jpg,Acer saccharum,usda:ACSA3
gbif-inat:00003014,images/raw/gbif-inat/acer_saccharum/6133215985_3.jpg,Acer saccharum,usda:ACSA3
gbif-inat:00003051,images/raw/gbif-inat/acer_saccharum/6159347339_1.jpg,Acer saccharum,usda:ACSA3
gbif-inat:00004472,images/raw/gbif-inat/achillea_millefolium/6130147086_1.jpg,Achillea millefolium,usda:ACMI2
gbif-inat:00004512,images/raw/gbif-inat/achillea_millefolium/6130568725_1.jpg,Achillea millefolium,usda:ACMI2
gbif-inat:00004517,images/raw/gbif-inat/achillea_millefolium/6130620409_1.jpg,Achillea millefolium,usda:ACMI2
gbif-inat:00001334,images/raw/gbif-inat/achillea_millefolium/5938632129_1.jpg,Achillea millefolium,usda:ACMI2
gbif-inat:00001349,images/raw/gbif-inat/achillea_millefolium/6129991956_1.jpg,Achillea millefolium,usda:ACMI2
gbif-inat:00004496,images/raw/gbif-inat/achillea_millefolium/6130292279_1.jpg,Achillea millefolium,usda:ACMI2
gbif-inat:00004494,images/raw/gbif-inat/achillea_millefolium/6130272873_1.jpg,Achillea millefolium,usda:ACMI2
gbif-inat:00001333,images/raw/gbif-inat/achillea_millefolium/5938581621_1.jpg,Achillea millefolium,usda:ACMI2
gbif-inat:00004505,images/raw/gbif-inat/achillea_millefolium/6130488882_1.jpg,Achillea millefolium,usda:ACMI2
gbif-inat:00001340,images/raw/gbif-inat/achillea_millefolium/6129890583_2.jpg,Achillea millefolium,usda:ACMI2
gbif-inat:00001222,images/raw/gbif-inat/actaea_pachypoda/6185908881_1.jpg,Actaea pachypoda,usda:ACPA
gbif-inat-toxic-round2:00315956,images/raw/gbif-inat-toxic-round2/actaea_pachypoda/6251863733_1.jpg,Actaea pachypoda,usda:ACPA
gbif-inat-toxic-round2:00316265,images/raw/gbif-inat-toxic-round2/actaea_pachypoda/5140609922_1.jpg,Actaea pachypoda,usda:ACPA
gbif-inat-toxic-round2:00316113,images/raw/gbif-inat-toxic-round2/actaea_pachypoda/6321049826_5.jpg,Actaea pachypoda,usda:ACPA
gbif-inat-toxic-round2:00316093,images/raw/gbif-inat-toxic-round2/actaea_pachypoda/6320837875_2.jpg,Actaea pachypoda,usda:ACPA
gbif-inat-toxic-round2:00316074,images/raw/gbif-inat-toxic-round2/actaea_pachypoda/6320585380_2.jpg,Actaea pachypoda,usda:ACPA
gbif-inat-toxic-round2:00315980,images/raw/gbif-inat-toxic-round2/actaea_pachypoda/6253196673_2.jpg,Actaea pachypoda,usda:ACPA
gbif-inat-toxic-round2:00316253,images/raw/gbif-inat-toxic-round2/actaea_pachypoda/5140471923_3.jpg,Actaea pachypoda,usda:ACPA
gbif-inat-toxic-round2:00315882,images/raw/gbif-inat-toxic-round2/actaea_pachypoda/6235018440_1.jpg,Actaea pachypoda,usda:ACPA
gbif-inat:00001220,images/raw/gbif-inat/actaea_pachypoda/6185864569_2.jpg,Actaea pachypoda,usda:ACPA
gbif-inat-toxic-round2:00316174,images/raw/gbif-inat-toxic-round2/actaea_pachypoda/5134228712_1.jpg,Actaea pachypoda,usda:ACPA
gbif-inat-toxic-round2:00316044,images/raw/gbif-inat-toxic-round2/actaea_pachypoda/6274244852_1.jpg,Actaea pachypoda,usda:ACPA
gbif-inat-toxic-round2:00316229,images/raw/gbif-inat-toxic-round2/actaea_pachypoda/5140215021_2.jpg,Actaea pachypoda,usda:ACPA
gbif-inat-toxic-round2:00316095,images/raw/gbif-inat-toxic-round2/actaea_pachypoda/6320846390_2.jpg,Actaea pachypoda,usda:ACPA
gbif-inat-toxic-round2:00316072,images/raw/gbif-inat-toxic-round2/actaea_pachypoda/6320501460_4.jpg,Actaea pachypoda,usda:ACPA
gbif-inat:00004224,images/raw/gbif-inat/actaea_pachypoda/6234573641_2.jpg,Actaea pachypoda,usda:ACPA
gbif-inat-toxic-round2:00315906,images/raw/gbif-inat-toxic-round2/actaea_pachypoda/6235760476_1.jpg,Actaea pachypoda,usda:ACPA
gbif-inat-toxic-round2:00315975,images/raw/gbif-inat-toxic-round2/actaea_pachypoda/6252824404_1.jpg,Actaea pachypoda,usda:ACPA
gbif-inat-toxic-round2:00316167,images/raw/gbif-inat-toxic-round2/actaea_pachypoda/5134019809_2.jpg,Actaea pachypoda,usda:ACPA
gbif-inat-toxic-round2:00315946,images/raw/gbif-inat-toxic-round2/actaea_pachypoda/6251466298_1.jpg,Actaea pachypoda,usda:ACPA
gbif-inat-toxic-round2:00316069,images/raw/gbif-inat-toxic-round2/actaea_pachypoda/6320501460_1.jpg,Actaea pachypoda,usda:ACPA
gbif-inat-toxic-round2:00316159,images/raw/gbif-inat-toxic-round2/actaea_pachypoda/5133791352_3.jpg,Actaea pachypoda,usda:ACPA
gbif-inat-toxic-round2:00316037,images/raw/gbif-inat-toxic-round2/actaea_pachypoda/6274039793_1.jpg,Actaea pachypoda,usda:ACPA
gbif-inat:00004231,images/raw/gbif-inat/actaea_pachypoda/6234762811_2.jpg,Actaea pachypoda,usda:ACPA
gbif-inat-toxic-round2:00315977,images/raw/gbif-inat-toxic-round2/actaea_pachypoda/6252934206_1.jpg,Actaea pachypoda,usda:ACPA
gbif-inat-toxic-round2:00316144,images/raw/gbif-inat-toxic-round2/actaea_pachypoda/5133574545_1.jpg,Actaea pachypoda,usda:ACPA
gbif-inat-toxic-round2:00316223,images/raw/gbif-inat-toxic-round2/actaea_pachypoda/5140169931_1.jpg,Actaea pachypoda,usda:ACPA
gbif-inat:00004192,images/raw/gbif-inat/actaea_pachypoda/6195436418_3.jpg,Actaea pachypoda,usda:ACPA
gbif-inat-toxic-round2:00316261,images/raw/gbif-inat-toxic-round2/actaea_pachypoda/5140527336_1.jpg,Actaea pachypoda,usda:ACPA
gbif-inat:00004219,images/raw/gbif-inat/actaea_pachypoda/6234475006_2.jpg,Actaea pachypoda,usda:ACPA
gbif-inat-toxic-round2:00316161,images/raw/gbif-inat-toxic-round2/actaea_pachypoda/5133866984_1.jpg,Actaea pachypoda,usda:ACPA
gbif-inat-toxic-round2:00315918,images/raw/gbif-inat-toxic-round2/actaea_pachypoda/6235923602_3.jpg,Actaea pachypoda,usda:ACPA
gbif-inat:00004248,images/raw/gbif-inat/actaea_pachypoda/6234942910_1.jpg,Actaea pachypoda,usda:ACPA
gbif-inat-toxic-round2:00315958,images/raw/gbif-inat-toxic-round2/actaea_pachypoda/6251902683_1.jpg,Actaea pachypoda,usda:ACPA
gbif-inat:00004194,images/raw/gbif-inat/actaea_pachypoda/6195602261_1.jpg,Actaea pachypoda,usda:ACPA
gbif-inat-toxic-round2:00315987,images/raw/gbif-inat-toxic-round2/actaea_pachypoda/6273220657_1.jpg,Actaea pachypoda,usda:ACPA
gbif-inat-toxic-round2:00315961,images/raw/gbif-inat-toxic-round2/actaea_pachypoda/6251915161_1.jpg,Actaea pachypoda,usda:ACPA
gbif-inat-toxic-round2:00316130,images/raw/gbif-inat-toxic-round2/actaea_pachypoda/5133189056_1.jpg,Actaea pachypoda,usda:ACPA
gbif-inat-toxic-round2:00315927,images/raw/gbif-inat-toxic-round2/actaea_pachypoda/6236305527_1.jpg,Actaea pachypoda,usda:ACPA
gbif-inat:00004195,images/raw/gbif-inat/actaea_pachypoda/6195602261_2.jpg,Actaea pachypoda,usda:ACPA
gbif-inat:00001223,images/raw/gbif-inat/actaea_pachypoda/6186029317_1.jpg,Actaea pachypoda,usda:ACPA
gbif-inat-toxic-round2:00315962,images/raw/gbif-inat-toxic-round2/actaea_pachypoda/6252353313_1.jpg,Actaea pachypoda,usda:ACPA
gbif-inat-toxic-round2:00316250,images/raw/gbif-inat-toxic-round2/actaea_pachypoda/5140462276_4.jpg,Actaea pachypoda,usda:ACPA
gbif-inat-toxic-round2:00316055,images/raw/gbif-inat-toxic-round2/actaea_pachypoda/6320128974_1.jpg,Actaea pachypoda,usda:ACPA
gbif-inat-toxic-round2:00316012,images/raw/gbif-inat-toxic-round2/actaea_pachypoda/6252354652_1.jpg,Actaea pachypoda,usda:ACPA
gbif-inat-toxic-round2:00316016,images/raw/gbif-inat-toxic-round2/actaea_pachypoda/6273195502_1.jpg,Actaea pachypoda,usda:ACPA
gbif-inat-toxic-round2:00316185,images/raw/gbif-inat-toxic-round2/actaea_pachypoda/5134503223_1.jpg,Actaea pachypoda,usda:ACPA
gbif-inat:00001213,images/raw/gbif-inat/actaea_pachypoda/6184913082_1.jpg,Actaea pachypoda,usda:ACPA
gbif-inat-toxic-round2:00316245,images/raw/gbif-inat-toxic-round2/actaea_pachypoda/5140394055_1.jpg,Actaea pachypoda,usda:ACPA
gbif-inat-toxic-round2:00316091,images/raw/gbif-inat-toxic-round2/actaea_pachypoda/6320811499_4.jpg,Actaea pachypoda,usda:ACPA
gbif-inat:00001256,images/raw/gbif-inat/actaea_rubra/6235071453_1.jpg,Actaea rubra,usda:ACRU2
gbif-inat:00004261,images/raw/gbif-inat/actaea_rubra/6235316713_2.jpg,Actaea rubra,usda:ACRU2
gbif-inat-toxic-round2:00316659,images/raw/gbif-inat-toxic-round2/actaea_rubra/5167522236_2.jpg,Actaea rubra,usda:ACRU2
gbif-inat:00001235,images/raw/gbif-inat/actaea_rubra/6185269334_1.jpg,Actaea rubra,usda:ACRU2
gbif-inat-toxic-round2:00316602,images/raw/gbif-inat-toxic-round2/actaea_rubra/5166803210_1.jpg,Actaea rubra,usda:ACRU2
gbif-inat:00004297,images/raw/gbif-inat/actaea_rubra/6253133342_3.jpg,Actaea rubra,usda:ACRU2
gbif-inat-toxic-round2:00316286,images/raw/gbif-inat-toxic-round2/actaea_rubra/6273525865_2.jpg,Actaea rubra,usda:ACRU2
gbif-inat-toxic-round2:00316499,images/raw/gbif-inat-toxic-round2/actaea_rubra/5167303175_1.jpg,Actaea rubra,usda:ACRU2
gbif-inat-toxic-round2:00316395,images/raw/gbif-inat-toxic-round2/actaea_rubra/6321036026_2.jpg,Actaea rubra,usda:ACRU2
gbif-inat:00004320,images/raw/gbif-inat/actaea_rubra/6273236017_1.jpg,Actaea rubra,usda:ACRU2
gbif-inat-toxic-round2:00316319,images/raw/gbif-inat-toxic-round2/actaea_rubra/6320082101_1.jpg,Actaea rubra,usda:ACRU2
gbif-inat-toxic-round2:00316637,images/raw/gbif-inat-toxic-round2/actaea_rubra/5167366098_2.jpg,Actaea rubra,usda:ACRU2
gbif-inat-toxic-round2:00316655,images/raw/gbif-inat-toxic-round2/actaea_rubra/5167511608_1.jpg,Actaea rubra,usda:ACRU2
gbif-inat:00004290,images/raw/gbif-inat/actaea_rubra/6252508429_2.jpg,Actaea rubra,usda:ACRU2
gbif-inat-toxic-round2:00316468,images/raw/gbif-inat-toxic-round2/actaea_rubra/5141104199_2.jpg,Actaea rubra,usda:ACRU2
gbif-inat-toxic-round2:00316611,images/raw/gbif-inat-toxic-round2/actaea_rubra/5166908774_1.jpg,Actaea rubra,usda:ACRU2
gbif-inat-toxic-round2:00316374,images/raw/gbif-inat-toxic-round2/actaea_rubra/6320664633_2.jpg,Actaea rubra,usda:ACRU2
gbif-inat-toxic-round2:00316660,images/raw/gbif-inat-toxic-round2/actaea_rubra/5167530394_1.jpg,Actaea rubra,usda:ACRU2
gbif-inat:00001242,images/raw/gbif-inat/actaea_rubra/6188486502_1.jpg,Actaea rubra,usda:ACRU2
gbif-inat-toxic-round2:00316358,images/raw/gbif-inat-toxic-round2/actaea_rubra/6320385826_6.jpg,Actaea rubra,usda:ACRU2
gbif-inat-toxic-round2:00316558,images/raw/gbif-inat-toxic-round2/actaea_rubra/5153782130_2.jpg,Actaea rubra,usda:ACRU2
gbif-inat-toxic-round2:00316285,images/raw/gbif-inat-toxic-round2/actaea_rubra/6273525865_1.jpg,Actaea rubra,usda:ACRU2
gbif-inat:00001243,images/raw/gbif-inat/actaea_rubra/6188486502_2.jpg,Actaea rubra,usda:ACRU2
gbif-inat-toxic-round2:00316567,images/raw/gbif-inat-toxic-round2/actaea_rubra/5154144974_2.jpg,Actaea rubra,usda:ACRU2
gbif-inat-toxic-round2:00316516,images/raw/gbif-inat-toxic-round2/actaea_rubra/6130316769_2.jpg,Actaea rubra,usda:ACRU2
gbif-inat:00004293,images/raw/gbif-inat/actaea_rubra/6252791665_1.jpg,Actaea rubra,usda:ACRU2
gbif-inat-toxic-round2:00316584,images/raw/gbif-inat-toxic-round2/actaea_rubra/5154576357_1.jpg,Actaea rubra,usda:ACRU2
gbif-inat-toxic-round2:00316497,images/raw/gbif-inat-toxic-round2/actaea_rubra/5154751798_1.jpg,Actaea rubra,usda:ACRU2
gbif-inat-toxic-round2:00316615,images/raw/gbif-inat-toxic-round2/actaea_rubra/5166995447_1.jpg,Actaea rubra,usda:ACRU2
gbif-inat-toxic-round2:00316393,images/raw/gbif-inat-toxic-round2/actaea_rubra/6321027448_1.jpg,Actaea rubra,usda:ACRU2
gbif-inat-toxic-round2:00316534,images/raw/gbif-inat-toxic-round2/actaea_rubra/5153044973_1.jpg,Actaea rubra,usda:ACRU2
gbif-inat:00004316,images/raw/gbif-inat/actaea_rubra/6253219576_4.jpg,Actaea rubra,usda:ACRU2
gbif-inat-toxic-round2:00316606,images/raw/gbif-inat-toxic-round2/actaea_rubra/5166868874_1.jpg,Actaea rubra,usda:ACRU2
gbif-inat:00004268,images/raw/gbif-inat/actaea_rubra/6236069578_1.jpg,Actaea rubra,usda:ACRU2
gbif-inat-toxic-round2:00316316,images/raw/gbif-inat-toxic-round2/actaea_rubra/6274318957_2.jpg,Actaea rubra,usda:ACRU2
gbif-inat-toxic-round2:00316491,images/raw/gbif-inat-toxic-round2/actaea_rubra/5154221356_1.jpg,Actaea rubra,usda:ACRU2
gbif-inat-toxic-round2:00316406,images/raw/gbif-inat-toxic-round2/actaea_rubra/6321238029_1.jpg,Actaea rubra,usda:ACRU2
gbif-inat-toxic-round2:00316573,images/raw/gbif-inat-toxic-round2/actaea_rubra/5154205669_1.jpg,Actaea rubra,usda:ACRU2
gbif-inat-toxic-round2:00316411,images/raw/gbif-inat-toxic-round2/actaea_rubra/5087123252_2.jpg,Actaea rubra,usda:ACRU2
gbif-inat:00004277,images/raw/gbif-inat/actaea_rubra/6236493992_5.jpg,Actaea rubra,usda:ACRU2
gbif-inat-toxic-round2:00316537,images/raw/gbif-inat-toxic-round2/actaea_rubra/5153441982_1.jpg,Actaea rubra,usda:ACRU2
gbif-inat-toxic-round2:00316543,images/raw/gbif-inat-toxic-round2/actaea_rubra/5153647497_4.jpg,Actaea rubra,usda:ACRU2
gbif-inat:00004267,images/raw/gbif-inat/actaea_rubra/6235844672_2.jpg,Actaea rubra,usda:ACRU2
gbif-inat-toxic-round2:00316281,images/raw/gbif-inat-toxic-round2/actaea_rubra/6273498026_1.jpg,Actaea rubra,usda:ACRU2
gbif-inat-toxic-round2:00316547,images/raw/gbif-inat-toxic-round2/actaea_rubra/5153647497_8.jpg,Actaea rubra,usda:ACRU2
gbif-inat:00004264,images/raw/gbif-inat/actaea_rubra/6235614976_2.jpg,Actaea rubra,usda:ACRU2
gbif-inat-toxic-round2:00316661,images/raw/gbif-inat-toxic-round2/actaea_rubra/5167530394_2.jpg,Actaea rubra,usda:ACRU2
gbif-inat-toxic-round2:00316646,images/raw/gbif-inat-toxic-round2/actaea_rubra/5167479606_1.jpg,Actaea rubra,usda:ACRU2
gbif-inat-toxic-round2:00316336,images/raw/gbif-inat-toxic-round2/actaea_rubra/6320265757_3.jpg,Actaea rubra,usda:ACRU2
gbif-inat-toxic-round2:00316486,images/raw/gbif-inat-toxic-round2/actaea_rubra/5154065517_1.jpg,Actaea rubra,usda:ACRU2
gbif-inat:00000243,images/raw/gbif-inat/allium_canadense/6178318525_1.jpg,Allium canadense,usda:ALCA3
gbif-inat:00001984,images/raw/gbif-inat/allium_canadense/6184850398_1.jpg,Allium canadense,usda:ALCA3
gbif-inat:00002007,images/raw/gbif-inat/allium_canadense/6184905688_1.jpg,Allium canadense,usda:ALCA3
gbif-inat:00001964,images/raw/gbif-inat/allium_canadense/6184769572_3.jpg,Allium canadense,usda:ALCA3
gbif-inat:00002009,images/raw/gbif-inat/allium_canadense/6184905688_3.jpg,Allium canadense,usda:ALCA3
gbif-inat:00001960,images/raw/gbif-inat/allium_canadense/6184759604_1.jpg,Allium canadense,usda:ALCA3
gbif-inat:00001970,images/raw/gbif-inat/allium_canadense/6184813389_1.jpg,Allium canadense,usda:ALCA3
gbif-inat:00001962,images/raw/gbif-inat/allium_canadense/6184769572_1.jpg,Allium canadense,usda:ALCA3
gbif-inat:00000261,images/raw/gbif-inat/allium_canadense/6179187072_1.jpg,Allium canadense,usda:ALCA3
gbif-inat:00001988,images/raw/gbif-inat/allium_canadense/6184855948_3.jpg,Allium canadense,usda:ALCA3
gbif-inat:00000231,images/raw/gbif-inat/allium_tricoccum/6178903959_1.jpg,Allium tricoccum,usda:ALTR3
gbif-inat:00001908,images/raw/gbif-inat/allium_tricoccum/6184756684_1.jpg,Allium tricoccum,usda:ALTR3
gbif-inat:00001892,images/raw/gbif-inat/allium_tricoccum/6179326178_1.jpg,Allium tricoccum,usda:ALTR3
gbif-inat:00001905,images/raw/gbif-inat/allium_tricoccum/6184728292_1.jpg,Allium tricoccum,usda:ALTR3
gbif-inat:00001882,images/raw/gbif-inat/allium_tricoccum/6179109689_1.jpg,Allium tricoccum,usda:ALTR3
gbif-inat:00000234,images/raw/gbif-inat/allium_tricoccum/6178952415_2.jpg,Allium tricoccum,usda:ALTR3
gbif-inat:00001926,images/raw/gbif-inat/allium_tricoccum/6184915208_1.jpg,Allium tricoccum,usda:ALTR3
gbif-inat:00001876,images/raw/gbif-inat/allium_tricoccum/6179028493_1.jpg,Allium tricoccum,usda:ALTR3
gbif-inat:00001890,images/raw/gbif-inat/allium_tricoccum/6179195622_5.jpg,Allium tricoccum,usda:ALTR3
gbif-inat:00001915,images/raw/gbif-inat/allium_tricoccum/6184831733_1.jpg,Allium tricoccum,usda:ALTR3
gbif-inat:00002745,images/raw/gbif-inat/amelanchier_alnifolia/6188535655_1.jpg,Amelanchier alnifolia,usda:AMAL2
gbif-inat:00002756,images/raw/gbif-inat/amelanchier_alnifolia/6188062925_1.jpg,Amelanchier alnifolia,usda:AMAL2
gbif-inat:00002773,images/raw/gbif-inat/amelanchier_alnifolia/6188666032_1.jpg,Amelanchier alnifolia,usda:AMAL2
gbif-inat:00000584,images/raw/gbif-inat/amelanchier_alnifolia/6184889077_4.jpg,Amelanchier alnifolia,usda:AMAL2
gbif-inat:00002738,images/raw/gbif-inat/amelanchier_alnifolia/6188235931_1.jpg,Amelanchier alnifolia,usda:AMAL2
gbif-inat:00002762,images/raw/gbif-inat/amelanchier_alnifolia/6188380297_1.jpg,Amelanchier alnifolia,usda:AMAL2
gbif-inat:00002764,images/raw/gbif-inat/amelanchier_alnifolia/6188402326_1.jpg,Amelanchier alnifolia,usda:AMAL2
gbif-inat:00000598,images/raw/gbif-inat/amelanchier_alnifolia/6184889077_18.jpg,Amelanchier alnifolia,usda:AMAL2
gbif-inat:00000599,images/raw/gbif-inat/amelanchier_alnifolia/6184889077_19.jpg,Amelanchier alnifolia,usda:AMAL2
gbif-inat:00002719,images/raw/gbif-inat/amelanchier_alnifolia/6185565947_2.jpg,Amelanchier alnifolia,usda:AMAL2
gbif-inat:00000275,images/raw/gbif-inat/asimina_triloba/5938246927_2.jpg,Asimina triloba,usda:ASTR
gbif-inat:00002035,images/raw/gbif-inat/asimina_triloba/6133167730_2.jpg,Asimina triloba,usda:ASTR
gbif-inat:00002054,images/raw/gbif-inat/asimina_triloba/6147316685_1.jpg,Asimina triloba,usda:ASTR
gbif-inat:00002067,images/raw/gbif-inat/asimina_triloba/6159146321_2.jpg,Asimina triloba,usda:ASTR
gbif-inat:00002080,images/raw/gbif-inat/asimina_triloba/6159402120_3.jpg,Asimina triloba,usda:ASTR
gbif-inat:00002012,images/raw/gbif-inat/asimina_triloba/6130635444_2.jpg,Asimina triloba,usda:ASTR
gbif-inat:00002032,images/raw/gbif-inat/asimina_triloba/6131430788_3.jpg,Asimina triloba,usda:ASTR
gbif-inat:00002065,images/raw/gbif-inat/asimina_triloba/6147615466_3.jpg,Asimina triloba,usda:ASTR
gbif-inat:00000291,images/raw/gbif-inat/asimina_triloba/6130250599_1.jpg,Asimina triloba,usda:ASTR
gbif-inat:00000285,images/raw/gbif-inat/asimina_triloba/6130063590_1.jpg,Asimina triloba,usda:ASTR
gbif-inat:00000757,images/raw/gbif-inat/betula_papyrifera/6129980305_3.jpg,Betula papyrifera,usda:BEPA
gbif-inat:00003173,images/raw/gbif-inat/betula_papyrifera/6163003544_5.jpg,Betula papyrifera,usda:BEPA
gbif-inat:00003159,images/raw/gbif-inat/betula_papyrifera/6131534913_1.jpg,Betula papyrifera,usda:BEPA
gbif-inat:00003185,images/raw/gbif-inat/betula_papyrifera/6133025067_1.jpg,Betula papyrifera,usda:BEPA
gbif-inat:00000755,images/raw/gbif-inat/betula_papyrifera/6129980305_1.jpg,Betula papyrifera,usda:BEPA
gbif-inat:00003160,images/raw/gbif-inat/betula_papyrifera/6131622905_1.jpg,Betula papyrifera,usda:BEPA
gbif-inat:00003182,images/raw/gbif-inat/betula_papyrifera/6179070185_1.jpg,Betula papyrifera,usda:BEPA
gbif-inat:00003177,images/raw/gbif-inat/betula_papyrifera/6163151734_2.jpg,Betula papyrifera,usda:BEPA
gbif-inat:00003171,images/raw/gbif-inat/betula_papyrifera/6163003544_3.jpg,Betula papyrifera,usda:BEPA
gbif-inat:00000772,images/raw/gbif-inat/betula_papyrifera/6130413351_1.jpg,Betula papyrifera,usda:BEPA
gbif-inat:00003386,images/raw/gbif-inat/carya_ovata/6130168264_1.jpg,Carya ovata,usda:CAOV2
gbif-inat:00003404,images/raw/gbif-inat/carya_ovata/6130489520_1.jpg,Carya ovata,usda:CAOV2
gbif-inat:00000857,images/raw/gbif-inat/carya_ovata/5938248110_1.jpg,Carya ovata,usda:CAOV2
gbif-inat:00003406,images/raw/gbif-inat/carya_ovata/6130524749_1.jpg,Carya ovata,usda:CAOV2
gbif-inat:00003343,images/raw/gbif-inat/carya_ovata/5938479914_2.jpg,Carya ovata,usda:CAOV2
gbif-inat:00003347,images/raw/gbif-inat/carya_ovata/5938494614_1.jpg,Carya ovata,usda:CAOV2
gbif-inat:00003372,images/raw/gbif-inat/carya_ovata/6129975665_1.jpg,Carya ovata,usda:CAOV2
gbif-inat:00003371,images/raw/gbif-inat/carya_ovata/6129949380_1.jpg,Carya ovata,usda:CAOV2
gbif-inat:00003356,images/raw/gbif-inat/carya_ovata/5938687277_3.jpg,Carya ovata,usda:CAOV2
gbif-inat:00000847,images/raw/gbif-inat/carya_ovata/5938166509_1.jpg,Carya ovata,usda:CAOV2
gbif-inat-toxic-round2:00311419,images/raw/gbif-inat-toxic-round2/cicuta_douglasii/4954516636_5.jpg,Cicuta douglasii,usda:CIDO
gbif-inat-toxic-round2:00311154,images/raw/gbif-inat-toxic-round2/cicuta_douglasii/5292989172_2.jpg,Cicuta douglasii,usda:CIDO
gbif-inat-toxic-round2:00311124,images/raw/gbif-inat-toxic-round2/cicuta_douglasii/5889967655_1.jpg,Cicuta douglasii,usda:CIDO
gbif-inat-toxic-round2:00311252,images/raw/gbif-inat-toxic-round2/cicuta_douglasii/4908604003_2.jpg,Cicuta douglasii,usda:CIDO
gbif-inat-toxic-round2:00311189,images/raw/gbif-inat-toxic-round2/cicuta_douglasii/5827428735_1.jpg,Cicuta douglasii,usda:CIDO
gbif-inat-toxic-round2:00311155,images/raw/gbif-inat-toxic-round2/cicuta_douglasii/5292989172_3.jpg,Cicuta douglasii,usda:CIDO
gbif-inat-toxic-round2:00311468,images/raw/gbif-inat-toxic-round2/cicuta_douglasii/4145374095_2.jpg,Cicuta douglasii,usda:CIDO
gbif-inat-toxic-round2:00311379,images/raw/gbif-inat-toxic-round2/cicuta_douglasii/4952395744_6.jpg,Cicuta douglasii,usda:CIDO
gbif-inat-toxic-round2:00311346,images/raw/gbif-inat-toxic-round2/cicuta_douglasii/4946048021_5.jpg,Cicuta douglasii,usda:CIDO
gbif-inat-toxic-round2:00311354,images/raw/gbif-inat-toxic-round2/cicuta_douglasii/4973798011_3.jpg,Cicuta douglasii,usda:CIDO
gbif-inat-toxic-round2:00311194,images/raw/gbif-inat-toxic-round2/cicuta_douglasii/5828557597_1.jpg,Cicuta douglasii,usda:CIDO
gbif-inat-toxic-round2:00311464,images/raw/gbif-inat-toxic-round2/cicuta_douglasii/4138670844_2.jpg,Cicuta douglasii,usda:CIDO
gbif-inat-toxic-round2:00311168,images/raw/gbif-inat-toxic-round2/cicuta_douglasii/5760038330_2.jpg,Cicuta douglasii,usda:CIDO
gbif-inat-toxic-round2:00311333,images/raw/gbif-inat-toxic-round2/cicuta_douglasii/4937214385_1.jpg,Cicuta douglasii,usda:CIDO
gbif-inat:00000083,images/raw/gbif-inat/cicuta_douglasii/5167833876_1.jpg,Cicuta douglasii,usda:CIDO
gbif-inat-toxic-round2:00311090,images/raw/gbif-inat-toxic-round2/cicuta_douglasii/5231946309_9.jpg,Cicuta douglasii,usda:CIDO
gbif-inat-toxic-round2:00311304,images/raw/gbif-inat-toxic-round2/cicuta_douglasii/5036678833_1.jpg,Cicuta douglasii,usda:CIDO
gbif-inat-toxic-round2:00311085,images/raw/gbif-inat-toxic-round2/cicuta_douglasii/5231946309_4.jpg,Cicuta douglasii,usda:CIDO
gbif-inat-toxic-round2:00311115,images/raw/gbif-inat-toxic-round2/cicuta_douglasii/5282350054_1.jpg,Cicuta douglasii,usda:CIDO
gbif-inat-toxic-round2:00311107,images/raw/gbif-inat-toxic-round2/cicuta_douglasii/5238440400_1.jpg,Cicuta douglasii,usda:CIDO
gbif-inat-toxic-round2:00311089,images/raw/gbif-inat-toxic-round2/cicuta_douglasii/5231946309_8.jpg,Cicuta douglasii,usda:CIDO
gbif-inat-toxic-round2:00311146,images/raw/gbif-inat-toxic-round2/cicuta_douglasii/5292596969_4.jpg,Cicuta douglasii,usda:CIDO
gbif-inat-toxic-round2:00311109,images/raw/gbif-inat-toxic-round2/cicuta_douglasii/5238440400_3.jpg,Cicuta douglasii,usda:CIDO
gbif-inat-toxic-round2:00311443,images/raw/gbif-inat-toxic-round2/cicuta_douglasii/4442545727_3.jpg,Cicuta douglasii,usda:CIDO
gbif-inat-toxic-round2:00311429,images/raw/gbif-inat-toxic-round2/cicuta_douglasii/4126764162_1.jpg,Cicuta douglasii,usda:CIDO
gbif-inat-toxic-round2:00311207,images/raw/gbif-inat-toxic-round2/cicuta_douglasii/5892674034_4.jpg,Cicuta douglasii,usda:CIDO
gbif-inat-toxic-round2:00311215,images/raw/gbif-inat-toxic-round2/cicuta_douglasii/5920056211_4.jpg,Cicuta douglasii,usda:CIDO
gbif-inat-toxic-round2:00311197,images/raw/gbif-inat-toxic-round2/cicuta_douglasii/5830368681_2.jpg,Cicuta douglasii,usda:CIDO
gbif-inat-toxic-round2:00311268,images/raw/gbif-inat-toxic-round2/cicuta_douglasii/4910694351_2.jpg,Cicuta douglasii,usda:CIDO
gbif-inat:00001552,images/raw/gbif-inat/cicuta_douglasii/5216304315_4.jpg,Cicuta douglasii,usda:CIDO
gbif-inat-toxic-round2:00311152,images/raw/gbif-inat-toxic-round2/cicuta_douglasii/5292802941_1.jpg,Cicuta douglasii,usda:CIDO
gbif-inat-toxic-round2:00311190,images/raw/gbif-inat-toxic-round2/cicuta_douglasii/5827428735_2.jpg,Cicuta douglasii,usda:CIDO
gbif-inat-toxic-round2:00311086,images/raw/gbif-inat-toxic-round2/cicuta_douglasii/5231946309_5.jpg,Cicuta douglasii,usda:CIDO
gbif-inat-toxic-round2:00311150,images/raw/gbif-inat-toxic-round2/cicuta_douglasii/5292668100_4.jpg,Cicuta douglasii,usda:CIDO
gbif-inat-toxic-round2:00311184,images/raw/gbif-inat-toxic-round2/cicuta_douglasii/6185525307_1.jpg,Cicuta douglasii,usda:CIDO
gbif-inat-toxic-round2:00311355,images/raw/gbif-inat-toxic-round2/cicuta_douglasii/4973798011_4.jpg,Cicuta douglasii,usda:CIDO
gbif-inat-toxic-round2:00311393,images/raw/gbif-inat-toxic-round2/cicuta_douglasii/4973838502_5.jpg,Cicuta douglasii,usda:CIDO
gbif-inat-toxic-round2:00311209,images/raw/gbif-inat-toxic-round2/cicuta_douglasii/5892674034_6.jpg,Cicuta douglasii,usda:CIDO
gbif-inat-toxic-round2:00311453,images/raw/gbif-inat-toxic-round2/cicuta_douglasii/4133638053_3.jpg,Cicuta douglasii,usda:CIDO
gbif-inat-toxic-round2:00311361,images/raw/gbif-inat-toxic-round2/cicuta_douglasii/5134239331_1.jpg,Cicuta douglasii,usda:CIDO
gbif-inat-toxic-round2:00311274,images/raw/gbif-inat-toxic-round2/cicuta_douglasii/4910907110_3.jpg,Cicuta douglasii,usda:CIDO
gbif-inat:00001579,images/raw/gbif-inat/cicuta_douglasii/5230622710_3.jpg,Cicuta douglasii,usda:CIDO
gbif-inat-toxic-round2:00311407,images/raw/gbif-inat-toxic-round2/cicuta_douglasii/4980328277_8.jpg,Cicuta douglasii,usda:CIDO
gbif-inat-toxic-round2:00311347,images/raw/gbif-inat-toxic-round2/cicuta_douglasii/4946048021_6.jpg,Cicuta douglasii,usda:CIDO
gbif-inat-toxic-round2:00311422,images/raw/gbif-inat-toxic-round2/cicuta_douglasii/4978147649_3.jpg,Cicuta douglasii,usda:CIDO
gbif-inat-toxic-round2:00311275,images/raw/gbif-inat-toxic-round2/cicuta_douglasii/4910920715_1.jpg,Cicuta douglasii,usda:CIDO
gbif-inat-toxic-round2:00311455,images/raw/gbif-inat-toxic-round2/cicuta_douglasii/4133775972_2.jpg,Cicuta douglasii,usda:CIDO
gbif-inat-toxic-round2:00311342,images/raw/gbif-inat-toxic-round2/cicuta_douglasii/4946048021_1.jpg,Cicuta douglasii,usda:CIDO
gbif-inat-toxic-round2:00311289,images/raw/gbif-inat-toxic-round2/cicuta_douglasii/4926097570_2.jpg,Cicuta douglasii,usda:CIDO
gbif-inat-toxic-round2:00311312,images/raw/gbif-inat-toxic-round2/cicuta_douglasii/5230288499_1.jpg,Cicuta douglasii,usda:CIDO
gbif-inat-toxic-round2:00310837,images/raw/gbif-inat-toxic-round2/cicuta_maculata/5154352413_1.jpg,Cicuta maculata,usda:CIMA2
gbif-inat-toxic-round2:00310701,images/raw/gbif-inat-toxic-round2/cicuta_maculata/6273854476_1.jpg,Cicuta maculata,usda:CIMA2
gbif-inat:00001461,images/raw/gbif-inat/cicuta_maculata/6195729707_2.jpg,Cicuta maculata,usda:CIMA2
gbif-inat-toxic-round2:00310907,images/raw/gbif-inat-toxic-round2/cicuta_maculata/5154586763_1.jpg,Cicuta maculata,usda:CIMA2
gbif-inat-toxic-round2:00310725,images/raw/gbif-inat-toxic-round2/cicuta_maculata/6320589559_3.jpg,Cicuta maculata,usda:CIMA2
gbif-inat-toxic-round2:00310817,images/raw/gbif-inat-toxic-round2/cicuta_maculata/5153108854_1.jpg,Cicuta maculata,usda:CIMA2
gbif-inat-toxic-round2:00310794,images/raw/gbif-inat-toxic-round2/cicuta_maculata/5140704549_1.jpg,Cicuta maculata,usda:CIMA2
gbif-inat:00001500,images/raw/gbif-inat/cicuta_maculata/6251806776_1.jpg,Cicuta maculata,usda:CIMA2
gbif-inat:00001513,images/raw/gbif-inat/cicuta_maculata/6253078079_3.jpg,Cicuta maculata,usda:CIMA2
gbif-inat-toxic-round2:00310681,images/raw/gbif-inat-toxic-round2/cicuta_maculata/6274043707_2.jpg,Cicuta maculata,usda:CIMA2
gbif-inat-toxic-round2:00311063,images/raw/gbif-inat-toxic-round2/cicuta_maculata/5176543750_1.jpg,Cicuta maculata,usda:CIMA2
gbif-inat-toxic-round2:00310899,images/raw/gbif-inat-toxic-round2/cicuta_maculata/5154293215_2.jpg,Cicuta maculata,usda:CIMA2
gbif-inat-toxic-round2:00311019,images/raw/gbif-inat-toxic-round2/cicuta_maculata/5167990201_2.jpg,Cicuta maculata,usda:CIMA2
gbif-inat-toxic-round2:00310699,images/raw/gbif-inat-toxic-round2/cicuta_maculata/6273676733_1.jpg,Cicuta maculata,usda:CIMA2
gbif-inat-toxic-round2:00310816,images/raw/gbif-inat-toxic-round2/cicuta_maculata/5153039295_4.jpg,Cicuta maculata,usda:CIMA2
gbif-inat-toxic-round2:00310826,images/raw/gbif-inat-toxic-round2/cicuta_maculata/5154109485_2.jpg,Cicuta maculata,usda:CIMA2
gbif-inat-toxic-round2:00311025,images/raw/gbif-inat-toxic-round2/cicuta_maculata/5168026787_1.jpg,Cicuta maculata,usda:CIMA2
gbif-inat-toxic-round2:00310723,images/raw/gbif-inat-toxic-round2/cicuta_maculata/6320589559_1.jpg,Cicuta maculata,usda:CIMA2
gbif-inat-toxic-round2:00310736,images/raw/gbif-inat-toxic-round2/cicuta_maculata/5063163071_1.jpg,Cicuta maculata,usda:CIMA2
gbif-inat-toxic-round2:00310963,images/raw/gbif-inat-toxic-round2/cicuta_maculata/5167130032_3.jpg,Cicuta maculata,usda:CIMA2
gbif-inat-toxic-round2:00310864,images/raw/gbif-inat-toxic-round2/cicuta_maculata/5761100622_3.jpg,Cicuta maculata,usda:CIMA2
gbif-inat:00001467,images/raw/gbif-inat/cicuta_maculata/6195729707_8.jpg,Cicuta maculata,usda:CIMA2
gbif-inat-toxic-round2:00310809,images/raw/gbif-inat-toxic-round2/cicuta_maculata/5141064474_1.jpg,Cicuta maculata,usda:CIMA2
gbif-inat-toxic-round2:00310829,images/raw/gbif-inat-toxic-round2/cicuta_maculata/5154275231_1.jpg,Cicuta maculata,usda:CIMA2
gbif-inat-toxic-round2:00310711,images/raw/gbif-inat-toxic-round2/cicuta_maculata/6320137443_2.jpg,Cicuta maculata,usda:CIMA2
gbif-inat:00000036,images/raw/gbif-inat/cicuta_maculata/6131617085_1.jpg,Cicuta maculata,usda:CIMA2
gbif-inat-toxic-round2:00310939,images/raw/gbif-inat-toxic-round2/cicuta_maculata/5166869443_1.jpg,Cicuta maculata,usda:CIMA2
gbif-inat-toxic-round2:00311040,images/raw/gbif-inat-toxic-round2/cicuta_maculata/5168383224_3.jpg,Cicuta maculata,usda:CIMA2
gbif-inat-toxic-round2:00311073,images/raw/gbif-inat-toxic-round2/cicuta_maculata/5176997827_2.jpg,Cicuta maculata,usda:CIMA2
gbif-inat-toxic-round2:00310750,images/raw/gbif-inat-toxic-round2/cicuta_maculata/5088132415_1.jpg,Cicuta maculata,usda:CIMA2
gbif-inat-toxic-round2:00310757,images/raw/gbif-inat-toxic-round2/cicuta_maculata/5133852537_2.jpg,Cicuta maculata,usda:CIMA2
gbif-inat-toxic-round2:00310995,images/raw/gbif-inat-toxic-round2/cicuta_maculata/5167739008_1.jpg,Cicuta maculata,usda:CIMA2
gbif-inat-toxic-round2:00311041,images/raw/gbif-inat-toxic-round2/cicuta_maculata/5168383843_1.jpg,Cicuta maculata,usda:CIMA2
gbif-inat-toxic-round2:00310961,images/raw/gbif-inat-toxic-round2/cicuta_maculata/5167130032_1.jpg,Cicuta maculata,usda:CIMA2
gbif-inat-toxic-round2:00310808,images/raw/gbif-inat-toxic-round2/cicuta_maculata/5141060998_1.jpg,Cicuta maculata,usda:CIMA2
gbif-inat-toxic-round2:00310789,images/raw/gbif-inat-toxic-round2/cicuta_maculata/5140414639_1.jpg,Cicuta maculata,usda:CIMA2
gbif-inat-toxic-round2:00310771,images/raw/gbif-inat-toxic-round2/cicuta_maculata/5134493101_1.jpg,Cicuta maculata,usda:CIMA2
gbif-inat-toxic-round2:00311010,images/raw/gbif-inat-toxic-round2/cicuta_maculata/5167948574_2.jpg,Cicuta maculata,usda:CIMA2
gbif-inat-toxic-round2:00310824,images/raw/gbif-inat-toxic-round2/cicuta_maculata/5154090782_2.jpg,Cicuta maculata,usda:CIMA2
gbif-inat:00001494,images/raw/gbif-inat/cicuta_maculata/6251482103_1.jpg,Cicuta maculata,usda:CIMA2
gbif-inat:00000057,images/raw/gbif-inat/cicuta_maculata/6185577515_1.jpg,Cicuta maculata,usda:CIMA2
gbif-inat-toxic-round2:00310978,images/raw/gbif-inat-toxic-round2/cicuta_maculata/5167323732_4.jpg,Cicuta maculata,usda:CIMA2
gbif-inat-toxic-round2:00310910,images/raw/gbif-inat-toxic-round2/cicuta_maculata/5154796369_1.jpg,Cicuta maculata,usda:CIMA2
gbif-inat-toxic-round2:00310726,images/raw/gbif-inat-toxic-round2/cicuta_maculata/6320623564_1.jpg,Cicuta maculata,usda:CIMA2
gbif-inat-toxic-round2:00310704,images/raw/gbif-inat-toxic-round2/cicuta_maculata/6273993309_1.jpg,Cicuta maculata,usda:CIMA2
gbif-inat-toxic-round2:00310967,images/raw/gbif-inat-toxic-round2/cicuta_maculata/5167171199_3.jpg,Cicuta maculata,usda:CIMA2
gbif-inat-toxic-round2:00310877,images/raw/gbif-inat-toxic-round2/cicuta_maculata/5153215372_1.jpg,Cicuta maculata,usda:CIMA2
gbif-inat-toxic-round2:00310852,images/raw/gbif-inat-toxic-round2/cicuta_maculata/5168224943_1.jpg,Cicuta maculata,usda:CIMA2
gbif-inat:00001477,images/raw/gbif-inat/cicuta_maculata/6234340089_3.jpg,Cicuta maculata,usda:CIMA2
gbif-inat-toxic-round2:00310703,images/raw/gbif-inat-toxic-round2/cicuta_maculata/6273926731_2.jpg,Cicuta maculata,usda:CIMA2
gbif-inat:00001626,images/raw/gbif-inat/conium_maculatum/6130668013_1.jpg,Conium maculatum,usda:COMA2
gbif-inat-toxic-round2:00311612,images/raw/gbif-inat-toxic-round2/conium_maculatum/6147272340_1.jpg,Conium maculatum,usda:COMA2
gbif-inat-toxic-round2:00311684,images/raw/gbif-inat-toxic-round2/conium_maculatum/6159176196_1.jpg,Conium maculatum,usda:COMA2
gbif-inat-toxic-round2:00311541,images/raw/gbif-inat-toxic-round2/conium_maculatum/6133478890_1.jpg,Conium maculatum,usda:COMA2
gbif-inat-toxic-round2:00311746,images/raw/gbif-inat-toxic-round2/conium_maculatum/6159464946_2.jpg,Conium maculatum,usda:COMA2
gbif-inat-toxic-round2:00311733,images/raw/gbif-inat-toxic-round2/conium_maculatum/6159388566_1.jpg,Conium maculatum,usda:COMA2
gbif-inat-toxic-round2:00311729,images/raw/gbif-inat-toxic-round2/conium_maculatum/6159378800_4.jpg,Conium maculatum,usda:COMA2
gbif-inat-toxic-round2:00311784,images/raw/gbif-inat-toxic-round2/conium_maculatum/6162802233_1.jpg,Conium maculatum,usda:COMA2
gbif-inat-toxic-round2:00311655,images/raw/gbif-inat-toxic-round2/conium_maculatum/6147599151_1.jpg,Conium maculatum,usda:COMA2
gbif-inat-toxic-round2:00311683,images/raw/gbif-inat-toxic-round2/conium_maculatum/6159175070_1.jpg,Conium maculatum,usda:COMA2
gbif-inat-toxic-round2:00311866,images/raw/gbif-inat-toxic-round2/conium_maculatum/6163339150_4.jpg,Conium maculatum,usda:COMA2
gbif-inat:00001608,images/raw/gbif-inat/conium_maculatum/6130403718_1.jpg,Conium maculatum,usda:COMA2
gbif-inat-toxic-round2:00311525,images/raw/gbif-inat-toxic-round2/conium_maculatum/6133306934_1.jpg,Conium maculatum,usda:COMA2
gbif-inat-toxic-round2:00311751,images/raw/gbif-inat-toxic-round2/conium_maculatum/6159533512_1.jpg,Conium maculatum,usda:COMA2
gbif-inat-toxic-round2:00311797,images/raw/gbif-inat-toxic-round2/conium_maculatum/6162872057_2.jpg,Conium maculatum,usda:COMA2
gbif-inat-toxic-round2:00311597,images/raw/gbif-inat-toxic-round2/conium_maculatum/6133128985_2.jpg,Conium maculatum,usda:COMA2
gbif-inat-toxic-round2:00311845,images/raw/gbif-inat-toxic-round2/conium_maculatum/6163124772_1.jpg,Conium maculatum,usda:COMA2
gbif-inat:00001632,images/raw/gbif-inat/conium_maculatum/6130722976_3.jpg,Conium maculatum,usda:COMA2
gbif-inat-toxic-round2:00311523,images/raw/gbif-inat-toxic-round2/conium_maculatum/6133255516_2.jpg,Conium maculatum,usda:COMA2
gbif-inat-toxic-round2:00311566,images/raw/gbif-inat-toxic-round2/conium_maculatum/6147723806_1.jpg,Conium maculatum,usda:COMA2
gbif-inat:00000097,images/raw/gbif-inat/conium_maculatum/5938337099_1.jpg,Conium maculatum,usda:COMA2
gbif-inat-toxic-round2:00311524,images/raw/gbif-inat-toxic-round2/conium_maculatum/6133280462_1.jpg,Conium maculatum,usda:COMA2
gbif-inat-toxic-round2:00311646,images/raw/gbif-inat-toxic-round2/conium_maculatum/6147584994_1.jpg,Conium maculatum,usda:COMA2
gbif-inat-toxic-round2:00311752,images/raw/gbif-inat-toxic-round2/conium_maculatum/6159542740_1.jpg,Conium maculatum,usda:COMA2
gbif-inat-toxic-round2:00311750,images/raw/gbif-inat-toxic-round2/conium_maculatum/6159503251_1.jpg,Conium maculatum,usda:COMA2
gbif-inat:00001640,images/raw/gbif-inat/conium_maculatum/6130845296_1.jpg,Conium maculatum,usda:COMA2
gbif-inat-toxic-round2:00311480,images/raw/gbif-inat-toxic-round2/conium_maculatum/6131197451_2.jpg,Conium maculatum,usda:COMA2
gbif-inat-toxic-round2:00311656,images/raw/gbif-inat-toxic-round2/conium_maculatum/6147650459_1.jpg,Conium maculatum,usda:COMA2
gbif-inat-toxic-round2:00311492,images/raw/gbif-inat-toxic-round2/conium_maculatum/6131533402_1.jpg,Conium maculatum,usda:COMA2
gbif-inat-toxic-round2:00311547,images/raw/gbif-inat-toxic-round2/conium_maculatum/6133565702_2.jpg,Conium maculatum,usda:COMA2
gbif-inat-toxic-round2:00311806,images/raw/gbif-inat-toxic-round2/conium_maculatum/6162906111_1.jpg,Conium maculatum,usda:COMA2
gbif-inat-toxic-round2:00311731,images/raw/gbif-inat-toxic-round2/conium_maculatum/6159388332_1.jpg,Conium maculatum,usda:COMA2
gbif-inat-toxic-round2:00311719,images/raw/gbif-inat-toxic-round2/conium_maculatum/6159314520_1.jpg,Conium maculatum,usda:COMA2
gbif-inat-toxic-round2:00311735,images/raw/gbif-inat-toxic-round2/conium_maculatum/6159392841_1.jpg,Conium maculatum,usda:COMA2
gbif-inat-toxic-round2:00311601,images/raw/gbif-inat-toxic-round2/conium_maculatum/6133242859_4.jpg,Conium maculatum,usda:COMA2
gbif-inat:00001617,images/raw/gbif-inat/conium_maculatum/6130590274_1.jpg,Conium maculatum,usda:COMA2
gbif-inat-toxic-round2:00311482,images/raw/gbif-inat-toxic-round2/conium_maculatum/6131264636_2.jpg,Conium maculatum,usda:COMA2
gbif-inat-toxic-round2:00311620,images/raw/gbif-inat-toxic-round2/conium_maculatum/6147322192_2.jpg,Conium maculatum,usda:COMA2
gbif-inat:00001655,images/raw/gbif-inat/conium_maculatum/6131080489_1.jpg,Conium maculatum,usda:COMA2
gbif-inat-toxic-round2:00311579,images/raw/gbif-inat-toxic-round2/conium_maculatum/6163169922_2.jpg,Conium maculatum,usda:COMA2
gbif-inat-toxic-round2:00311739,images/raw/gbif-inat-toxic-round2/conium_maculatum/6159420339_3.jpg,Conium maculatum,usda:COMA2
gbif-inat:00001660,images/raw/gbif-inat/conium_maculatum/6131103823_1.jpg,Conium maculatum,usda:COMA2
gbif-inat-toxic-round2:00311794,images/raw/gbif-inat-toxic-round2/conium_maculatum/6162860118_2.jpg,Conium maculatum,usda:COMA2
gbif-inat-toxic-round2:00311542,images/raw/gbif-inat-toxic-round2/conium_maculatum/6133485950_1.jpg,Conium maculatum,usda:COMA2
gbif-inat-toxic-round2:00311628,images/raw/gbif-inat-toxic-round2/conium_maculatum/6147395597_1.jpg,Conium maculatum,usda:COMA2
gbif-inat-toxic-round2:00311538,images/raw/gbif-inat-toxic-round2/conium_maculatum/6133469625_1.jpg,Conium maculatum,usda:COMA2
gbif-inat-toxic-round2:00311868,images/raw/gbif-inat-toxic-round2/conium_maculatum/6163380219_1.jpg,Conium maculatum,usda:COMA2
gbif-inat-toxic-round2:00311708,images/raw/gbif-inat-toxic-round2/conium_maculatum/6159269852_2.jpg,Conium maculatum,usda:COMA2
gbif-inat-toxic-round2:00311728,images/raw/gbif-inat-toxic-round2/conium_maculatum/6159378800_3.jpg,Conium maculatum,usda:COMA2
gbif-inat-toxic-round2:00311555,images/raw/gbif-inat-toxic-round2/conium_maculatum/6147333918_1.jpg,Conium maculatum,usda:COMA2
plantnet300k-v2:00155717,images/raw/plantnet300k-v2/daucus_carota/f7e115eb733bf19a2800d3abeb55e3b593342d81.jpg,Daucus carota,usda:DACA6
plantnet300k-v2:00149245,images/raw/plantnet300k-v2/daucus_carota/13ac72547546b4c6e6479dab584a33a83e2d206c.jpg,Daucus carota,usda:DACA6
plantnet300k-v2:00151161,images/raw/plantnet300k-v2/daucus_carota/58aed3327b7ad3ea3b7e454b4717c66922510673.jpg,Daucus carota,usda:DACA6
plantnet300k-v2:00148871,images/raw/plantnet300k-v2/daucus_carota/052670587d3e896b6954f36499dbb49bc0d517ba.jpg,Daucus carota,usda:DACA6
plantnet300k-v2:00154884,images/raw/plantnet300k-v2/daucus_carota/db4a7a452d4e76ef98766af1b8c223643efffbea.jpg,Daucus carota,usda:DACA6
plantnet300k-v2:00294115,images/raw/plantnet300k-v2/daucus_carota/4e7090847af13449adff7b87ac6cfde9896be21f.jpg,Daucus carota,usda:DACA6
plantnet300k-v2:00294409,images/raw/plantnet300k-v2/daucus_carota/a0b5c8fe5c9ebba57a756185cc88d287dc9cf6cf.jpg,Daucus carota,usda:DACA6
plantnet300k-v2:00019141,images/raw/plantnet300k-v2/daucus_carota/52e2de2bd2679452dc4c955e647c31c10160f7a5.jpg,Daucus carota,usda:DACA6
plantnet300k-v2:00153023,images/raw/plantnet300k-v2/daucus_carota/9928df3d18a4b415f14f5b130a55ca127c9dde52.jpg,Daucus carota,usda:DACA6
plantnet300k-v2:00153917,images/raw/plantnet300k-v2/daucus_carota/b9e182aba064372c1d081f6b5e44c74058f9f287.jpg,Daucus carota,usda:DACA6
plantnet300k-v2:00018988,images/raw/plantnet300k-v2/daucus_carota/292b71a3dd74959e8b61673fb428b2d3bd08aacf.jpg,Daucus carota,usda:DACA6
plantnet300k-v2:00155819,images/raw/plantnet300k-v2/daucus_carota/fb3abafe69994a363a3a9f176adce5e74db0ad58.jpg,Daucus carota,usda:DACA6
plantnet300k-v2:00019338,images/raw/plantnet300k-v2/daucus_carota/836799dff739a6a4c8c8d3556b886c3333990ab2.jpg,Daucus carota,usda:DACA6
plantnet300k-v2:00019278,images/raw/plantnet300k-v2/daucus_carota/7108da983ce63334767bb6e1ddb9e97a2dd1e3d6.jpg,Daucus carota,usda:DACA6
plantnet300k-v2:00151031,images/raw/plantnet300k-v2/daucus_carota/5325b1e3ef763af7e8c276251a218cead6616eb9.jpg,Daucus carota,usda:DACA6
plantnet300k-v2:00152136,images/raw/plantnet300k-v2/daucus_carota/7c7caa8ea70c3004fdda75d935241d7c3e6d0b37.jpg,Daucus carota,usda:DACA6
plantnet300k-v2:00149350,images/raw/plantnet300k-v2/daucus_carota/16afeeb8996b05df2ca8c4b2674f9f8f0f6b4598.jpg,Daucus carota,usda:DACA6
plantnet300k-v2:00155332,images/raw/plantnet300k-v2/daucus_carota/ea5dbb30740437b8e9c974405c42ea74a3615950.jpg,Daucus carota,usda:DACA6
plantnet300k-v2:00150647,images/raw/plantnet300k-v2/daucus_carota/454d05ba4817c5c91e0d521220b4deecde4ec163.jpg,Daucus carota,usda:DACA6
plantnet300k-v2:00019609,images/raw/plantnet300k-v2/daucus_carota/d0230e37ef09f605559a343b98620d4b56e6bb29.jpg,Daucus carota,usda:DACA6
plantnet300k-v2:00294699,images/raw/plantnet300k-v2/daucus_carota/f8656ab4393e071129631e4a6c562395373bc55e.jpg,Daucus carota,usda:DACA6
plantnet300k-v2:00155685,images/raw/plantnet300k-v2/daucus_carota/f694ba35c9e29cc3a0b61f35c8ad11e566bf9973.jpg,Daucus carota,usda:DACA6
plantnet300k-v2:00153106,images/raw/plantnet300k-v2/daucus_carota/9c6cbd6593435da171f82cc37fe5d4362afc8435.jpg,Daucus carota,usda:DACA6
plantnet300k-v2:00153587,images/raw/plantnet300k-v2/daucus_carota/adde9cc0516a464c42f81e509cca60c0aa6f9ea4.jpg,Daucus carota,usda:DACA6
plantnet300k-v2:00155428,images/raw/plantnet300k-v2/daucus_carota/ed8ca91cb6f85f273839186c7917a68a6334bc7f.jpg,Daucus carota,usda:DACA6
plantnet300k-v2:00151497,images/raw/plantnet300k-v2/daucus_carota/64a8978820f109047fc32f213fb3e11c952e06e7.jpg,Daucus carota,usda:DACA6
plantnet300k-v2:00149297,images/raw/plantnet300k-v2/daucus_carota/1502b4a3591a2d7456b809a3a08526cf60185387.jpg,Daucus carota,usda:DACA6
plantnet300k-v2:00150722,images/raw/plantnet300k-v2/daucus_carota/4882007f7003e1d37f13d7e56092533f860f2bbe.jpg,Daucus carota,usda:DACA6
plantnet300k-v2:00150437,images/raw/plantnet300k-v2/daucus_carota/3dba5b745611d108c3480ae67d8383a2a74e3621.jpg,Daucus carota,usda:DACA6
plantnet300k-v2:00155440,images/raw/plantnet300k-v2/daucus_carota/ee0ad3848de58173600f4d84da3ed8a3c17d9e8e.jpg,Daucus carota,usda:DACA6
plantnet300k-v2:00154703,images/raw/plantnet300k-v2/daucus_carota/d4d06d95f3c0375e0932b14b379bb7f6c5aa6e19.jpg,Daucus carota,usda:DACA6
plantnet300k-v2:00294512,images/raw/plantnet300k-v2/daucus_carota/c35b62e4f1c72d5cbb21e233c6e8116fbfa7239d.jpg,Daucus carota,usda:DACA6
plantnet300k-v2:00150570,images/raw/plantnet300k-v2/daucus_carota/41ffe479030b9460f0455d67573336c28ffa97f0.jpg,Daucus carota,usda:DACA6
plantnet300k-v2:00153202,images/raw/plantnet300k-v2/daucus_carota/9fb681e29fbe9199d7770b995acb36d363357ad4.jpg,Daucus carota,usda:DACA6
plantnet300k-v2:00151089,images/raw/plantnet300k-v2/daucus_carota/55c0aea16cbd532183c60e1bd30621282b2f5a5f.jpg,Daucus carota,usda:DACA6
plantnet300k-v2:00152772,images/raw/plantnet300k-v2/daucus_carota/911e2a68b3f7fd3f421b3da5e28d169d907e6ba4.jpg,Daucus carota,usda:DACA6
plantnet300k-v2:00149986,images/raw/plantnet300k-v2/daucus_carota/2d443133530a06e87bb18c3ec2f0732092ff85c9.jpg,Daucus carota,usda:DACA6
plantnet300k-v2:00019240,images/raw/plantnet300k-v2/daucus_carota/6845da565ce112a435912fc293660bf260ac211b.jpg,Daucus carota,usda:DACA6
plantnet300k-v2:00294402,images/raw/plantnet300k-v2/daucus_carota/9f99c234c634abe2ba56ad9d5f7385639930e464.jpg,Daucus carota,usda:DACA6
plantnet300k-v2:00152289,images/raw/plantnet300k-v2/daucus_carota/8140806d7d2bdb2ce46c61fb72b28c9b7be25322.jpg,Daucus carota,usda:DACA6
plantnet300k-v2:00152071,images/raw/plantnet300k-v2/daucus_carota/7a3872973edd4d4ee6d3cf61c5957c10eb113361.jpg,Daucus carota,usda:DACA6
plantnet300k-v2:00294667,images/raw/plantnet300k-v2/daucus_carota/ee9f4ca5183c3b68c0596ee92d4ef617f4a13498.jpg,Daucus carota,usda:DACA6
gbif-inat:00001448,images/raw/gbif-inat/daucus_carota/6147474900_3.jpg,Daucus carota,usda:DACA6
plantnet300k-v2:00154090,images/raw/plantnet300k-v2/daucus_carota/c0dbb4a794ea04c93bd1918deb1efb8cbe6faf80.jpg,Daucus carota,usda:DACA6
plantnet300k-v2:00149959,images/raw/plantnet300k-v2/daucus_carota/2c5da0ea92465c0a274f7fe8dc571cbf51526f24.jpg,Daucus carota,usda:DACA6
plantnet300k-v2:00154547,images/raw/plantnet300k-v2/daucus_carota/d02669264699c76fbfe61a985cdc18d74797fd61.jpg,Daucus carota,usda:DACA6
plantnet300k-v2:00154022,images/raw/plantnet300k-v2/daucus_carota/bdea2acc14b771afe38fb97ab06ad4ae7e1d537c.jpg,Daucus carota,usda:DACA6
plantnet300k-v2:00155908,images/raw/plantnet300k-v2/daucus_carota/ff38b8c8bb85913893182acaedb8a2e027a0fe47.jpg,Daucus carota,usda:DACA6
plantnet300k-v2:00149253,images/raw/plantnet300k-v2/daucus_carota/13eaf273bbbeb76c9e08cf6947ebd18cb0c1f47a.jpg,Daucus carota,usda:DACA6
plantnet300k-v2:00019754,images/raw/plantnet300k-v2/daucus_carota/faf6877781d6951fb1699bc1404a06561e30b2a0.jpg,Daucus carota,usda:DACA6
gbif-inat-toxic-round2:00315315,images/raw/gbif-inat-toxic-round2/digitalis_purpurea/6234482978_1.jpg,Digitalis purpurea,usda:DIPU
gbif-inat-toxic-round2:00315452,images/raw/gbif-inat-toxic-round2/digitalis_purpurea/6252745117_2.jpg,Digitalis purpurea,usda:DIPU
gbif-inat-toxic-round2:00315465,images/raw/gbif-inat-toxic-round2/digitalis_purpurea/6252988322_2.jpg,Digitalis purpurea,usda:DIPU
gbif-inat:00004043,images/raw/gbif-inat/digitalis_purpurea/6131026941_1.jpg,Digitalis purpurea,usda:DIPU
gbif-inat-toxic-round2:00315451,images/raw/gbif-inat-toxic-round2/digitalis_purpurea/6252745117_1.jpg,Digitalis purpurea,usda:DIPU
gbif-inat-toxic-round2:00315223,images/raw/gbif-inat-toxic-round2/digitalis_purpurea/6186015231_2.jpg,Digitalis purpurea,usda:DIPU
gbif-inat-toxic-round2:00315271,images/raw/gbif-inat-toxic-round2/digitalis_purpurea/6195480964_1.jpg,Digitalis purpurea,usda:DIPU
gbif-inat:00004107,images/raw/gbif-inat/digitalis_purpurea/6159422274_6.jpg,Digitalis purpurea,usda:DIPU
gbif-inat-toxic-round2:00315247,images/raw/gbif-inat-toxic-round2/digitalis_purpurea/6273217043_1.jpg,Digitalis purpurea,usda:DIPU
gbif-inat-toxic-round2:00315366,images/raw/gbif-inat-toxic-round2/digitalis_purpurea/6235528585_1.jpg,Digitalis purpurea,usda:DIPU
gbif-inat-toxic-round2:00315264,images/raw/gbif-inat-toxic-round2/digitalis_purpurea/6188382060_1.jpg,Digitalis purpurea,usda:DIPU
gbif-inat-toxic-round2:00315425,images/raw/gbif-inat-toxic-round2/digitalis_purpurea/6251621729_1.jpg,Digitalis purpurea,usda:DIPU
gbif-inat-toxic-round2:00315155,images/raw/gbif-inat-toxic-round2/digitalis_purpurea/6179380696_2.jpg,Digitalis purpurea,usda:DIPU
gbif-inat-toxic-round2:00315430,images/raw/gbif-inat-toxic-round2/digitalis_purpurea/6251906626_1.jpg,Digitalis purpurea,usda:DIPU
gbif-inat-toxic-round2:00315365,images/raw/gbif-inat-toxic-round2/digitalis_purpurea/6235503402_4.jpg,Digitalis purpurea,usda:DIPU
gbif-inat-toxic-round2:00315431,images/raw/gbif-inat-toxic-round2/digitalis_purpurea/6251932890_1.jpg,Digitalis purpurea,usda:DIPU
gbif-inat-toxic-round2:00315126,images/raw/gbif-inat-toxic-round2/digitalis_purpurea/6178325300_1.jpg,Digitalis purpurea,usda:DIPU
gbif-inat:00004090,images/raw/gbif-inat/digitalis_purpurea/6147352106_2.jpg,Digitalis purpurea,usda:DIPU
gbif-inat:00004109,images/raw/gbif-inat/digitalis_purpurea/6159422274_8.jpg,Digitalis purpurea,usda:DIPU
gbif-inat-toxic-round2:00315471,images/raw/gbif-inat-toxic-round2/digitalis_purpurea/6253197417_1.jpg,Digitalis purpurea,usda:DIPU
gbif-inat-toxic-round2:00315304,images/raw/gbif-inat-toxic-round2/digitalis_purpurea/6234332602_4.jpg,Digitalis purpurea,usda:DIPU
gbif-inat-toxic-round2:00315283,images/raw/gbif-inat-toxic-round2/digitalis_purpurea/6195760459_1.jpg,Digitalis purpurea,usda:DIPU
gbif-inat-toxic-round2:00315317,images/raw/gbif-inat-toxic-round2/digitalis_purpurea/6234533316_1.jpg,Digitalis purpurea,usda:DIPU
gbif-inat-toxic-round2:00315232,images/raw/gbif-inat-toxic-round2/digitalis_purpurea/6188029316_1.jpg,Digitalis purpurea,usda:DIPU
gbif-inat-toxic-round2:00315179,images/raw/gbif-inat-toxic-round2/digitalis_purpurea/6185132709_1.jpg,Digitalis purpurea,usda:DIPU
gbif-inat-toxic-round2:00315289,images/raw/gbif-inat-toxic-round2/digitalis_purpurea/6234209883_1.jpg,Digitalis purpurea,usda:DIPU
gbif-inat:00004058,images/raw/gbif-inat/digitalis_purpurea/6131303699_3.jpg,Digitalis purpurea,usda:DIPU
gbif-inat-toxic-round2:00315352,images/raw/gbif-inat-toxic-round2/digitalis_purpurea/6235334405_1.jpg,Digitalis purpurea,usda:DIPU
gbif-inat-toxic-round2:00315101,images/raw/gbif-inat-toxic-round2/digitalis_purpurea/6170860924_2.jpg,Digitalis purpurea,usda:DIPU
gbif-inat:00004080,images/raw/gbif-inat/digitalis_purpurea/6133578879_3.jpg,Digitalis purpurea,usda:DIPU
gbif-inat:00004097,images/raw/gbif-inat/digitalis_purpurea/6159139474_1.jpg,Digitalis purpurea,usda:DIPU
gbif-inat-toxic-round2:00315380,images/raw/gbif-inat-toxic-round2/digitalis_purpurea/6235712705_4.jpg,Digitalis purpurea,usda:DIPU
gbif-inat-toxic-round2:00315339,images/raw/gbif-inat-toxic-round2/digitalis_purpurea/6234851286_1.jpg,Digitalis purpurea,usda:DIPU
gbif-inat:00001169,images/raw/gbif-inat/digitalis_purpurea/6130720842_1.jpg,Digitalis purpurea,usda:DIPU
gbif-inat-toxic-round2:00315433,images/raw/gbif-inat-toxic-round2/digitalis_purpurea/6252118314_1.jpg,Digitalis purpurea,usda:DIPU
gbif-inat-toxic-round2:00315214,images/raw/gbif-inat-toxic-round2/digitalis_purpurea/6185920611_1.jpg,Digitalis purpurea,usda:DIPU
gbif-inat-toxic-round2:00315121,images/raw/gbif-inat-toxic-round2/digitalis_purpurea/6185316451_2.jpg,Digitalis purpurea,usda:DIPU
gbif-inat-toxic-round2:00315243,images/raw/gbif-inat-toxic-round2/digitalis_purpurea/6234203362_3.jpg,Digitalis purpurea,usda:DIPU
gbif-inat-toxic-round2:00315148,images/raw/gbif-inat-toxic-round2/digitalis_purpurea/6178983487_3.jpg,Digitalis purpurea,usda:DIPU
gbif-inat-toxic-round2:00315170,images/raw/gbif-inat-toxic-round2/digitalis_purpurea/6184959997_1.jpg,Digitalis purpurea,usda:DIPU
gbif-inat:00004110,images/raw/gbif-inat/digitalis_purpurea/6159435320_1.jpg,Digitalis purpurea,usda:DIPU
gbif-inat-toxic-round2:00315374,images/raw/gbif-inat-toxic-round2/digitalis_purpurea/6235683358_1.jpg,Digitalis purpurea,usda:DIPU
gbif-inat-toxic-round2:00315290,images/raw/gbif-inat-toxic-round2/digitalis_purpurea/6234233370_1.jpg,Digitalis purpurea,usda:DIPU
gbif-inat-toxic-round2:00315209,images/raw/gbif-inat-toxic-round2/digitalis_purpurea/6185848937_3.jpg,Digitalis purpurea,usda:DIPU
gbif-inat-toxic-round2:00315245,images/raw/gbif-inat-toxic-round2/digitalis_purpurea/6235509478_1.jpg,Digitalis purpurea,usda:DIPU
gbif-inat-toxic-round2:00315350,images/raw/gbif-inat-toxic-round2/digitalis_purpurea/6235193464_1.jpg,Digitalis purpurea,usda:DIPU
gbif-inat-toxic-round2:00315166,images/raw/gbif-inat-toxic-round2/digitalis_purpurea/6184840203_1.jpg,Digitalis purpurea,usda:DIPU
gbif-inat-toxic-round2:00315438,images/raw/gbif-inat-toxic-round2/digitalis_purpurea/6252334304_1.jpg,Digitalis purpurea,usda:DIPU
gbif-inat:00004050,images/raw/gbif-inat/digitalis_purpurea/6131173791_2.jpg,Digitalis purpurea,usda:DIPU
gbif-inat-toxic-round2:00315422,images/raw/gbif-inat-toxic-round2/digitalis_purpurea/6251499083_1.jpg,Digitalis purpurea,usda:DIPU
gbif-inat:00004581,images/raw/gbif-inat/echinacea_purpurea/5134245265_1.jpg,Echinacea purpurea,usda:ECPU
gbif-inat:00004547,images/raw/gbif-inat/echinacea_purpurea/6252595987_1.jpg,Echinacea purpurea,usda:ECPU
gbif-inat:00004600,images/raw/gbif-inat/echinacea_purpurea/5141113396_1.jpg,Echinacea purpurea,usda:ECPU
gbif-inat:00001366,images/raw/gbif-inat/echinacea_purpurea/6162772835_1.jpg,Echinacea purpurea,usda:ECPU
gbif-inat:00004572,images/raw/gbif-inat/echinacea_purpurea/6321250422_1.jpg,Echinacea purpurea,usda:ECPU
gbif-inat:00001359,images/raw/gbif-inat/echinacea_purpurea/6130945186_1.jpg,Echinacea purpurea,usda:ECPU
gbif-inat:00004585,images/raw/gbif-inat/echinacea_purpurea/5134506927_1.jpg,Echinacea purpurea,usda:ECPU
gbif-inat:00004568,images/raw/gbif-inat/echinacea_purpurea/6320817076_1.jpg,Echinacea purpurea,usda:ECPU
gbif-inat:00004539,images/raw/gbif-inat/echinacea_purpurea/6235819081_3.jpg,Echinacea purpurea,usda:ECPU
gbif-inat:00004562,images/raw/gbif-inat/echinacea_purpurea/6320378312_5.jpg,Echinacea purpurea,usda:ECPU
gbif-inat:00000806,images/raw/gbif-inat/fagus_grandifolia/5938211531_3.jpg,Fagus grandifolia,usda:FAGR
gbif-inat:00000804,images/raw/gbif-inat/fagus_grandifolia/5938211531_1.jpg,Fagus grandifolia,usda:FAGR
gbif-inat:00003241,images/raw/gbif-inat/fagus_grandifolia/5938430540_3.jpg,Fagus grandifolia,usda:FAGR
gbif-inat:00003222,images/raw/gbif-inat/fagus_grandifolia/5938372788_2.jpg,Fagus grandifolia,usda:FAGR
gbif-inat:00003252,images/raw/gbif-inat/fagus_grandifolia/5938495146_1.jpg,Fagus grandifolia,usda:FAGR
gbif-inat:00003240,images/raw/gbif-inat/fagus_grandifolia/5938430540_2.jpg,Fagus grandifolia,usda:FAGR
gbif-inat:00003230,images/raw/gbif-inat/fagus_grandifolia/5938412890_2.jpg,Fagus grandifolia,usda:FAGR
gbif-inat:00003214,images/raw/gbif-inat/fagus_grandifolia/5938285110_3.jpg,Fagus grandifolia,usda:FAGR
gbif-inat:00000808,images/raw/gbif-inat/fagus_grandifolia/5938218563_1.jpg,Fagus grandifolia,usda:FAGR
gbif-inat:00003212,images/raw/gbif-inat/fagus_grandifolia/5938285110_1.jpg,Fagus grandifolia,usda:FAGR
plantnet300k-v2:00031914,images/raw/plantnet300k-v2/fragaria_virginiana/4f02483270f63cf37e4c6ab50f98271671f6abea.jpg,Fragaria virginiana,usda:FRVI
gbif-inat:00002359,images/raw/gbif-inat/fragaria_virginiana/6185526601_1.jpg,Fragaria virginiana,usda:FRVI
gbif-inat:00000391,images/raw/gbif-inat/fragaria_virginiana/6129826671_1.jpg,Fragaria virginiana,usda:FRVI
gbif-inat:00002339,images/raw/gbif-inat/fragaria_virginiana/6185113832_3.jpg,Fragaria virginiana,usda:FRVI
gbif-inat:00002333,images/raw/gbif-inat/fragaria_virginiana/6184977298_4.jpg,Fragaria virginiana,usda:FRVI
gbif-inat:00002303,images/raw/gbif-inat/fragaria_virginiana/6178762477_1.jpg,Fragaria virginiana,usda:FRVI
gbif-inat:00000397,images/raw/gbif-inat/fragaria_virginiana/6162946599_1.jpg,Fragaria virginiana,usda:FRVI
gbif-inat:00000396,images/raw/gbif-inat/fragaria_virginiana/6159157583_1.jpg,Fragaria virginiana,usda:FRVI
gbif-inat:00002321,images/raw/gbif-inat/fragaria_virginiana/6184813471_1.jpg,Fragaria virginiana,usda:FRVI
gbif-inat:00002332,images/raw/gbif-inat/fragaria_virginiana/6184977298_3.jpg,Fragaria virginiana,usda:FRVI
gbif-inat:00002355,images/raw/gbif-inat/fragaria_virginiana/6185337750_1.jpg,Fragaria virginiana,usda:FRVI
gbif-inat:00002345,images/raw/gbif-inat/fragaria_virginiana/6185271166_2.jpg,Fragaria virginiana,usda:FRVI
gbif-inat:00002320,images/raw/gbif-inat/fragaria_virginiana/6184730589_1.jpg,Fragaria virginiana,usda:FRVI
gbif-inat:00003329,images/raw/gbif-inat/juglans_nigra/6131114069_1.jpg,Juglans nigra,usda:JUNI
gbif-inat:00003336,images/raw/gbif-inat/juglans_nigra/6131265770_2.jpg,Juglans nigra,usda:JUNI
gbif-inat:00003327,images/raw/gbif-inat/juglans_nigra/6131107690_2.jpg,Juglans nigra,usda:JUNI
gbif-inat:00003292,images/raw/gbif-inat/juglans_nigra/6130394735_3.jpg,Juglans nigra,usda:JUNI
gbif-inat:00003331,images/raw/gbif-inat/juglans_nigra/6131144939_2.jpg,Juglans nigra,usda:JUNI
gbif-inat:00000827,images/raw/gbif-inat/juglans_nigra/5938494398_2.jpg,Juglans nigra,usda:JUNI
gbif-inat:00003285,images/raw/gbif-inat/juglans_nigra/6130221704_3.jpg,Juglans nigra,usda:JUNI
gbif-inat:00003299,images/raw/gbif-inat/juglans_nigra/6130587831_1.jpg,Juglans nigra,usda:JUNI
gbif-inat:00003335,images/raw/gbif-inat/juglans_nigra/6131265770_1.jpg,Juglans nigra,usda:JUNI
gbif-inat:00000819,images/raw/gbif-inat/juglans_nigra/5938335984_3.jpg,Juglans nigra,usda:JUNI
gbif-inat:00000956,images/raw/gbif-inat/juniperus_virginiana/5938142975_3.jpg,Juniperus virginiana,usda:JUVI
gbif-inat:00003607,images/raw/gbif-inat/juniperus_virginiana/5938498041_1.jpg,Juniperus virginiana,usda:JUVI
gbif-inat:00000935,images/raw/gbif-inat/juniperus_virginiana/5938065149_1.jpg,Juniperus virginiana,usda:JUVI
gbif-inat:00003591,images/raw/gbif-inat/juniperus_virginiana/5938432090_2.jpg,Juniperus virginiana,usda:JUVI
gbif-inat:00003570,images/raw/gbif-inat/juniperus_virginiana/5938337855_2.jpg,Juniperus virginiana,usda:JUVI
gbif-inat:00003563,images/raw/gbif-inat/juniperus_virginiana/5938288680_2.jpg,Juniperus virginiana,usda:JUVI
gbif-inat:00003614,images/raw/gbif-inat/juniperus_virginiana/5938507135_1.jpg,Juniperus virginiana,usda:JUVI
gbif-inat:00000944,images/raw/gbif-inat/juniperus_virginiana/5938084417_5.jpg,Juniperus virginiana,usda:JUVI
gbif-inat:00003553,images/raw/gbif-inat/juniperus_virginiana/5938203603_1.jpg,Juniperus virginiana,usda:JUVI
gbif-inat:00000960,images/raw/gbif-inat/juniperus_virginiana/5938179224_2.jpg,Juniperus virginiana,usda:JUVI
plantnet300k-v2:00219941,images/raw/plantnet300k-v2/liriodendron_tulipifera/7828f957122b53ccf6fca45c7a7fc228cbe33001.jpg,Liriodendron tulipifera,usda:LITU
plantnet300k-v2:00219000,images/raw/plantnet300k-v2/liriodendron_tulipifera/022924a6ff19495e4a966d79a23c09be628dc103.jpg,Liriodendron tulipifera,usda:LITU
plantnet300k-v2:00221012,images/raw/plantnet300k-v2/liriodendron_tulipifera/fa775bc52cdf638e0adf9b7b8bbfc6dedda51f14.jpg,Liriodendron tulipifera,usda:LITU
plantnet300k-v2:00220892,images/raw/plantnet300k-v2/liriodendron_tulipifera/eb8bba137608c6e50ba77d5d7ae4070b8df41eda.jpg,Liriodendron tulipifera,usda:LITU
plantnet300k-v2:00220716,images/raw/plantnet300k-v2/liriodendron_tulipifera/d604c856f00ed7dc567f403fe65434dd9eef10f4.jpg,Liriodendron tulipifera,usda:LITU
plantnet300k-v2:00220549,images/raw/plantnet300k-v2/liriodendron_tulipifera/c3530a2cba1058cb4996fa4887ab6914faf5df68.jpg,Liriodendron tulipifera,usda:LITU
plantnet300k-v2:00219249,images/raw/plantnet300k-v2/liriodendron_tulipifera/20b07e8dc12ed02218c07f0609d302ee3dca901a.jpg,Liriodendron tulipifera,usda:LITU
plantnet300k-v2:00219371,images/raw/plantnet300k-v2/liriodendron_tulipifera/305cb2d8525e9978a8a4d564387195cee7228812.jpg,Liriodendron tulipifera,usda:LITU
plantnet300k-v2:00220989,images/raw/plantnet300k-v2/liriodendron_tulipifera/f74a8557d04dc008391f10b3fa030b6d354beb58.jpg,Liriodendron tulipifera,usda:LITU
plantnet300k-v2:00219196,images/raw/plantnet300k-v2/liriodendron_tulipifera/1b4b58a8e13121e03721d73cce7bda8762bcd99d.jpg,Liriodendron tulipifera,usda:LITU
plantnet300k-v2:00027986,images/raw/plantnet300k-v2/liriodendron_tulipifera/bcf2c18d92d9885118adaa7a2ff52ac38f7b6d32.jpg,Liriodendron tulipifera,usda:LITU
plantnet300k-v2:00219056,images/raw/plantnet300k-v2/liriodendron_tulipifera/09729d8f0bb3f3ed7f342a65b0485934c3f6a616.jpg,Liriodendron tulipifera,usda:LITU
plantnet300k-v2:00220502,images/raw/plantnet300k-v2/liriodendron_tulipifera/bd3b11a3f91ed2ca25d4bb48be1194311ef758a1.jpg,Liriodendron tulipifera,usda:LITU
plantnet300k-v2:00219128,images/raw/plantnet300k-v2/liriodendron_tulipifera/12f8365d23f6afdbf2868b63c8d8b8c1a662f408.jpg,Liriodendron tulipifera,usda:LITU
plantnet300k-v2:00219244,images/raw/plantnet300k-v2/liriodendron_tulipifera/200d19c8d5888160e8ab4f4494d69665cc62da3b.jpg,Liriodendron tulipifera,usda:LITU
plantnet300k-v2:00220806,images/raw/plantnet300k-v2/liriodendron_tulipifera/e1d7fe921d6d94df46f0d83445587179178917c6.jpg,Liriodendron tulipifera,usda:LITU
plantnet300k-v2:00220424,images/raw/plantnet300k-v2/liriodendron_tulipifera/b22c28923f8f87c07836cbfd27606fa6d2114075.jpg,Liriodendron tulipifera,usda:LITU
plantnet300k-v2:00220076,images/raw/plantnet300k-v2/liriodendron_tulipifera/885f08a599c1a975b52a7f29b77f39cf9f8956f4.jpg,Liriodendron tulipifera,usda:LITU
plantnet300k-v2:00219887,images/raw/plantnet300k-v2/liriodendron_tulipifera/7017793641f538d2fb13fbaf4c7f4b0fdf850faf.jpg,Liriodendron tulipifera,usda:LITU
plantnet300k-v2:00302908,images/raw/plantnet300k-v2/liriodendron_tulipifera/9b84b363b0a787a16c9efcb60d9aa214515e595f.jpg,Liriodendron tulipifera,usda:LITU
gbif-inat:00003649,images/raw/gbif-inat/liriodendron_tulipifera/6130397005_3.jpg,Liriodendron tulipifera,usda:LITU
plantnet300k-v2:00219819,images/raw/plantnet300k-v2/liriodendron_tulipifera/680600d9c20d5faa692db065fc20c9b38d8d1ddd.jpg,Liriodendron tulipifera,usda:LITU
plantnet300k-v2:00219858,images/raw/plantnet300k-v2/liriodendron_tulipifera/6d2a7fe28f0d30831989c23e6ef180f4c50c72c1.jpg,Liriodendron tulipifera,usda:LITU
plantnet300k-v2:00220990,images/raw/plantnet300k-v2/liriodendron_tulipifera/f75c0bc1c96e641b3a47c602d909226183511225.jpg,Liriodendron tulipifera,usda:LITU
plantnet300k-v2:00219381,images/raw/plantnet300k-v2/liriodendron_tulipifera/31a6519cbfa55d912953550958608db548d24d1c.jpg,Liriodendron tulipifera,usda:LITU
plantnet300k-v2:00220273,images/raw/plantnet300k-v2/liriodendron_tulipifera/a296d369f3d920a9a5f8459a61e5cd7568f9342e.jpg,Liriodendron tulipifera,usda:LITU
plantnet300k-v2:00220921,images/raw/plantnet300k-v2/liriodendron_tulipifera/efe5bb7c239eb6448cf8345711a5c3deb2d961be.jpg,Liriodendron tulipifera,usda:LITU
plantnet300k-v2:00220315,images/raw/plantnet300k-v2/liriodendron_tulipifera/a6b6aa8f1ec085be1eb3cb31b807efd504a61bb7.jpg,Liriodendron tulipifera,usda:LITU
gbif-inat:00000970,images/raw/gbif-inat/liriodendron_tulipifera/5938191947_1.jpg,Liriodendron tulipifera,usda:LITU
plantnet300k-v2:00027804,images/raw/plantnet300k-v2/liriodendron_tulipifera/12ec1030e9901681fd39a46d2660fe276f9813ec.jpg,Liriodendron tulipifera,usda:LITU
plantnet300k-v2:00219856,images/raw/plantnet300k-v2/liriodendron_tulipifera/6d081d946cdca6fae70475f4485ab5d149974f79.jpg,Liriodendron tulipifera,usda:LITU
gbif-inat:00003625,images/raw/gbif-inat/liriodendron_tulipifera/6129981773_2.jpg,Liriodendron tulipifera,usda:LITU
plantnet300k-v2:00219616,images/raw/plantnet300k-v2/liriodendron_tulipifera/4f44cb442bdd7510cbf7f3a6d6462a2667fb1b24.jpg,Liriodendron tulipifera,usda:LITU
plantnet300k-v2:00221002,images/raw/plantnet300k-v2/liriodendron_tulipifera/f8e5159fa604ab80cff4d85f4524b6369b43eb50.jpg,Liriodendron tulipifera,usda:LITU
plantnet300k-v2:00219361,images/raw/plantnet300k-v2/liriodendron_tulipifera/2ef88fed8fe8913ad4c7e4cabcb9d8dcf3400917.jpg,Liriodendron tulipifera,usda:LITU
gbif-inat:00003638,images/raw/gbif-inat/liriodendron_tulipifera/6130196290_2.jpg,Liriodendron tulipifera,usda:LITU
plantnet300k-v2:00220378,images/raw/plantnet300k-v2/liriodendron_tulipifera/acd707e3126f463237a0dab70b915f337ea8a748.jpg,Liriodendron tulipifera,usda:LITU
plantnet300k-v2:00219489,images/raw/plantnet300k-v2/liriodendron_tulipifera/40a9fc5fdc48cc2ec8a73a57123bb7f3c0eed6d4.jpg,Liriodendron tulipifera,usda:LITU
plantnet300k-v2:00028038,images/raw/plantnet300k-v2/liriodendron_tulipifera/f9bd44340a8ba1edba33de1f3e13c002e05eba9f.jpg,Liriodendron tulipifera,usda:LITU
plantnet300k-v2:00219269,images/raw/plantnet300k-v2/liriodendron_tulipifera/23c9cb5d73c09fb65e093903499a4d9898ec1258.jpg,Liriodendron tulipifera,usda:LITU
plantnet300k-v2:00220234,images/raw/plantnet300k-v2/liriodendron_tulipifera/9d64eed635c3698036bfa9bb1f6e52304e6ad3c8.jpg,Liriodendron tulipifera,usda:LITU
plantnet300k-v2:00220183,images/raw/plantnet300k-v2/liriodendron_tulipifera/975130a3e65fd58b754082566381f3430951c033.jpg,Liriodendron tulipifera,usda:LITU
plantnet300k-v2:00219676,images/raw/plantnet300k-v2/liriodendron_tulipifera/56461e64ae30fc4896f185dc42114ea5ef639ffa.jpg,Liriodendron tulipifera,usda:LITU
plantnet300k-v2:00219125,images/raw/plantnet300k-v2/liriodendron_tulipifera/124dfb96fa649adecc293fe652789cb2c329951a.jpg,Liriodendron tulipifera,usda:LITU
plantnet300k-v2:00220757,images/raw/plantnet300k-v2/liriodendron_tulipifera/dbb6b8a54c7dd32fbe4d9325ea75abebdda676d6.jpg,Liriodendron tulipifera,usda:LITU
plantnet300k-v2:00219452,images/raw/plantnet300k-v2/liriodendron_tulipifera/3b1df03ac7ffa90bbd048e7eac81c61cc724137d.jpg,Liriodendron tulipifera,usda:LITU
plantnet300k-v2:00302889,images/raw/plantnet300k-v2/liriodendron_tulipifera/83f3341bc640ee463ab2292e7b9fb802c60851ed.jpg,Liriodendron tulipifera,usda:LITU
plantnet300k-v2:00220737,images/raw/plantnet300k-v2/liriodendron_tulipifera/d8fad79b4bc08f94fe9ea1e2e93ae5a235dbc3cf.jpg,Liriodendron tulipifera,usda:LITU
plantnet300k-v2:00027946,images/raw/plantnet300k-v2/liriodendron_tulipifera/8f757f25eb934cf71a56d9ee66dd11e69f5821af.jpg,Liriodendron tulipifera,usda:LITU
plantnet300k-v2:00220540,images/raw/plantnet300k-v2/liriodendron_tulipifera/c1f5bc5ac74e0cc846ed631c0f5ca3b40570fa1e.jpg,Liriodendron tulipifera,usda:LITU
gbif-inat-toxic-round2:00315791,images/raw/gbif-inat-toxic-round2/nerium_oleander/5176361808_1.jpg,Nerium oleander,usda:NEOL
gbif-inat-toxic-round2:00315544,images/raw/gbif-inat-toxic-round2/nerium_oleander/6274175681_1.jpg,Nerium oleander,usda:NEOL
gbif-inat-toxic-round2:00315874,images/raw/gbif-inat-toxic-round2/nerium_oleander/5199025645_1.jpg,Nerium oleander,usda:NEOL
gbif-inat-toxic-round2:00315818,images/raw/gbif-inat-toxic-round2/nerium_oleander/5760160371_2.jpg,Nerium oleander,usda:NEOL
gbif-inat-toxic-round2:00315792,images/raw/gbif-inat-toxic-round2/nerium_oleander/5176586451_1.jpg,Nerium oleander,usda:NEOL
gbif-inat-toxic-round2:00315669,images/raw/gbif-inat-toxic-round2/nerium_oleander/5140473212_1.jpg,Nerium oleander,usda:NEOL
gbif-inat-toxic-round2:00315548,images/raw/gbif-inat-toxic-round2/nerium_oleander/6274175681_5.jpg,Nerium oleander,usda:NEOL
gbif-inat:00004176,images/raw/gbif-inat/nerium_oleander/6195439828_3.jpg,Nerium oleander,usda:NEOL
gbif-inat:00004162,images/raw/gbif-inat/nerium_oleander/6185704588_4.jpg,Nerium oleander,usda:NEOL
gbif-inat-toxic-round2:00315725,images/raw/gbif-inat-toxic-round2/nerium_oleander/5154547895_2.jpg,Nerium oleander,usda:NEOL
gbif-inat:00004158,images/raw/gbif-inat/nerium_oleander/6185616543_1.jpg,Nerium oleander,usda:NEOL
gbif-inat-toxic-round2:00315557,images/raw/gbif-inat-toxic-round2/nerium_oleander/6320919450_2.jpg,Nerium oleander,usda:NEOL
gbif-inat-toxic-round2:00315611,images/raw/gbif-inat-toxic-round2/nerium_oleander/5087212187_2.jpg,Nerium oleander,usda:NEOL
gbif-inat-toxic-round2:00315647,images/raw/gbif-inat-toxic-round2/nerium_oleander/5134052545_5.jpg,Nerium oleander,usda:NEOL
gbif-inat-toxic-round2:00315483,images/raw/gbif-inat-toxic-round2/nerium_oleander/6195852477_1.jpg,Nerium oleander,usda:NEOL
gbif-inat-toxic-round2:00315506,images/raw/gbif-inat-toxic-round2/nerium_oleander/6235350125_1.jpg,Nerium oleander,usda:NEOL
gbif-inat-toxic-round2:00315639,images/raw/gbif-inat-toxic-round2/nerium_oleander/5133362560_2.jpg,Nerium oleander,usda:NEOL
gbif-inat-toxic-round2:00315595,images/raw/gbif-inat-toxic-round2/nerium_oleander/5177122489_1.jpg,Nerium oleander,usda:NEOL
gbif-inat-toxic-round2:00315572,images/raw/gbif-inat-toxic-round2/nerium_oleander/6320373363_1.jpg,Nerium oleander,usda:NEOL
gbif-inat-toxic-round2:00315631,images/raw/gbif-inat-toxic-round2/nerium_oleander/5108434404_1.jpg,Nerium oleander,usda:NEOL
gbif-inat-toxic-round2:00315744,images/raw/gbif-inat-toxic-round2/nerium_oleander/5153192698_3.jpg,Nerium oleander,usda:NEOL
gbif-inat-toxic-round2:00315526,images/raw/gbif-inat-toxic-round2/nerium_oleander/6251460674_2.jpg,Nerium oleander,usda:NEOL
gbif-inat:00004128,images/raw/gbif-inat/nerium_oleander/6171299343_1.jpg,Nerium oleander,usda:NEOL
gbif-inat-toxic-round2:00315573,images/raw/gbif-inat-toxic-round2/nerium_oleander/6320467472_1.jpg,Nerium oleander,usda:NEOL
gbif-inat-toxic-round2:00315862,images/raw/gbif-inat-toxic-round2/nerium_oleander/5198476956_2.jpg,Nerium oleander,usda:NEOL
gbif-inat-toxic-round2:00315583,images/raw/gbif-inat-toxic-round2/nerium_oleander/5008452570_1.jpg,Nerium oleander,usda:NEOL
gbif-inat:00004115,images/raw/gbif-inat/nerium_oleander/6163064455_3.jpg,Nerium oleander,usda:NEOL
gbif-inat-toxic-round2:00315650,images/raw/gbif-inat-toxic-round2/nerium_oleander/5134236790_1.jpg,Nerium oleander,usda:NEOL
gbif-inat-toxic-round2:00315641,images/raw/gbif-inat-toxic-round2/nerium_oleander/5133839715_1.jpg,Nerium oleander,usda:NEOL
gbif-inat-toxic-round2:00315560,images/raw/gbif-inat-toxic-round2/nerium_oleander/6252255249_1.jpg,Nerium oleander,usda:NEOL
gbif-inat-toxic-round2:00315515,images/raw/gbif-inat-toxic-round2/nerium_oleander/6235931312_1.jpg,Nerium oleander,usda:NEOL
gbif-inat-toxic-round2:00315489,images/raw/gbif-inat-toxic-round2/nerium_oleander/6234184808_1.jpg,Nerium oleander,usda:NEOL
gbif-inat-toxic-round2:00315608,images/raw/gbif-inat-toxic-round2/nerium_oleander/5077055261_1.jpg,Nerium oleander,usda:NEOL
gbif-inat-toxic-round2:00315542,images/raw/gbif-inat-toxic-round2/nerium_oleander/6273980063_2.jpg,Nerium oleander,usda:NEOL
gbif-inat-toxic-round2:00315695,images/raw/gbif-inat-toxic-round2/nerium_oleander/5141077424_1.jpg,Nerium oleander,usda:NEOL
gbif-inat-toxic-round2:00315838,images/raw/gbif-inat-toxic-round2/nerium_oleander/5187738870_1.jpg,Nerium oleander,usda:NEOL
gbif-inat-toxic-round2:00315813,images/raw/gbif-inat-toxic-round2/nerium_oleander/5230374652_1.jpg,Nerium oleander,usda:NEOL
gbif-inat-toxic-round2:00315822,images/raw/gbif-inat-toxic-round2/nerium_oleander/5760160371_6.jpg,Nerium oleander,usda:NEOL
gbif-inat-toxic-round2:00315789,images/raw/gbif-inat-toxic-round2/nerium_oleander/5168440382_1.jpg,Nerium oleander,usda:NEOL
gbif-inat:00004180,images/raw/gbif-inat/nerium_oleander/6195734087_1.jpg,Nerium oleander,usda:NEOL
gbif-inat-toxic-round2:00315495,images/raw/gbif-inat-toxic-round2/nerium_oleander/6234817055_2.jpg,Nerium oleander,usda:NEOL
gbif-inat-toxic-round2:00315781,images/raw/gbif-inat-toxic-round2/nerium_oleander/5167985699_1.jpg,Nerium oleander,usda:NEOL
gbif-inat-toxic-round2:00315504,images/raw/gbif-inat-toxic-round2/nerium_oleander/6234984030_1.jpg,Nerium oleander,usda:NEOL
gbif-inat-toxic-round2:00315831,images/raw/gbif-inat-toxic-round2/nerium_oleander/6170822251_2.jpg,Nerium oleander,usda:NEOL
gbif-inat-toxic-round2:00315531,images/raw/gbif-inat-toxic-round2/nerium_oleander/6251911984_1.jpg,Nerium oleander,usda:NEOL
gbif-inat-toxic-round2:00315678,images/raw/gbif-inat-toxic-round2/nerium_oleander/5140731040_2.jpg,Nerium oleander,usda:NEOL
gbif-inat-toxic-round2:00315680,images/raw/gbif-inat-toxic-round2/nerium_oleander/5140731040_4.jpg,Nerium oleander,usda:NEOL
gbif-inat-toxic-round2:00315586,images/raw/gbif-inat-toxic-round2/nerium_oleander/5063099506_3.jpg,Nerium oleander,usda:NEOL
gbif-inat:00004129,images/raw/gbif-inat/nerium_oleander/6178632205_1.jpg,Nerium oleander,usda:NEOL
gbif-inat-toxic-round2:00315736,images/raw/gbif-inat-toxic-round2/nerium_oleander/6178364021_1.jpg,Nerium oleander,usda:NEOL
gbif-inat:00000321,images/raw/gbif-inat/opuntia_humifusa/6130644573_1.jpg,Opuntia humifusa,usda:OPHU
gbif-inat:00002107,images/raw/gbif-inat/opuntia_humifusa/6163074957_5.jpg,Opuntia humifusa,usda:OPHU
gbif-inat:00000309,images/raw/gbif-inat/opuntia_humifusa/6129850926_1.jpg,Opuntia humifusa,usda:OPHU
gbif-inat:00000301,images/raw/gbif-inat/opuntia_humifusa/5938260806_1.jpg,Opuntia humifusa,usda:OPHU
gbif-inat:00000320,images/raw/gbif-inat/opuntia_humifusa/6130460350_1.jpg,Opuntia humifusa,usda:OPHU
gbif-inat:00000307,images/raw/gbif-inat/opuntia_humifusa/5938563465_1.jpg,Opuntia humifusa,usda:OPHU
gbif-inat:00002140,images/raw/gbif-inat/opuntia_humifusa/6178323473_1.jpg,Opuntia humifusa,usda:OPHU
gbif-inat:00000304,images/raw/gbif-inat/opuntia_humifusa/5938266376_1.jpg,Opuntia humifusa,usda:OPHU
gbif-inat:00002133,images/raw/gbif-inat/opuntia_humifusa/6171140613_1.jpg,Opuntia humifusa,usda:OPHU
gbif-inat:00002089,images/raw/gbif-inat/opuntia_humifusa/6162821690_1.jpg,Opuntia humifusa,usda:OPHU
gbif-inat-toxic-round2:00314551,images/raw/gbif-inat-toxic-round2/phytolacca_americana/6184867401_1.jpg,Phytolacca americana,usda:PHAM4
gbif-inat-toxic-round2:00314400,images/raw/gbif-inat-toxic-round2/phytolacca_americana/6171214464_1.jpg,Phytolacca americana,usda:PHAM4
gbif-inat-toxic-round2:00314388,images/raw/gbif-inat-toxic-round2/phytolacca_americana/6170960422_1.jpg,Phytolacca americana,usda:PHAM4
gbif-inat-toxic-round2:00314364,images/raw/gbif-inat-toxic-round2/phytolacca_americana/6163033634_1.jpg,Phytolacca americana,usda:PHAM4
gbif-inat:00003966,images/raw/gbif-inat/phytolacca_americana/6131681991_1.jpg,Phytolacca americana,usda:PHAM4
gbif-inat-toxic-round2:00314506,images/raw/gbif-inat-toxic-round2/phytolacca_americana/6179385385_1.jpg,Phytolacca americana,usda:PHAM4
gbif-inat-toxic-round2:00314340,images/raw/gbif-inat-toxic-round2/phytolacca_americana/6159418522_1.jpg,Phytolacca americana,usda:PHAM4
gbif-inat-toxic-round2:00314410,images/raw/gbif-inat-toxic-round2/phytolacca_americana/6178357168_1.jpg,Phytolacca americana,usda:PHAM4
gbif-inat-toxic-round2:00314581,images/raw/gbif-inat-toxic-round2/phytolacca_americana/6185047834_2.jpg,Phytolacca americana,usda:PHAM4
gbif-inat-toxic-round2:00314580,images/raw/gbif-inat-toxic-round2/phytolacca_americana/6185047834_1.jpg,Phytolacca americana,usda:PHAM4
gbif-inat-toxic-round2:00314641,images/raw/gbif-inat-toxic-round2/phytolacca_americana/6185542356_2.jpg,Phytolacca americana,usda:PHAM4
gbif-inat-toxic-round2:00314528,images/raw/gbif-inat-toxic-round2/phytolacca_americana/6184756656_1.jpg,Phytolacca americana,usda:PHAM4
gbif-inat-toxic-round2:00314517,images/raw/gbif-inat-toxic-round2/phytolacca_americana/6179536481_1.jpg,Phytolacca americana,usda:PHAM4
gbif-inat-toxic-round2:00314343,images/raw/gbif-inat-toxic-round2/phytolacca_americana/6159456075_1.jpg,Phytolacca americana,usda:PHAM4
gbif-inat-toxic-round2:00314565,images/raw/gbif-inat-toxic-round2/phytolacca_americana/6184948286_1.jpg,Phytolacca americana,usda:PHAM4
gbif-inat-toxic-round2:00314527,images/raw/gbif-inat-toxic-round2/phytolacca_americana/6184755334_1.jpg,Phytolacca americana,usda:PHAM4
gbif-inat-toxic-round2:00314349,images/raw/gbif-inat-toxic-round2/phytolacca_americana/6159591216_3.jpg,Phytolacca americana,usda:PHAM4
gbif-inat-toxic-round2:00314300,images/raw/gbif-inat-toxic-round2/phytolacca_americana/6133260388_1.jpg,Phytolacca americana,usda:PHAM4
gbif-inat-toxic-round2:00314394,images/raw/gbif-inat-toxic-round2/phytolacca_americana/6171080465_1.jpg,Phytolacca americana,usda:PHAM4
gbif-inat-toxic-round2:00314397,images/raw/gbif-inat-toxic-round2/phytolacca_americana/6171171352_1.jpg,Phytolacca americana,usda:PHAM4
gbif-inat-toxic-round2:00314368,images/raw/gbif-inat-toxic-round2/phytolacca_americana/6163160054_1.jpg,Phytolacca americana,usda:PHAM4
gbif-inat-toxic-round2:00314493,images/raw/gbif-inat-toxic-round2/phytolacca_americana/6179226219_1.jpg,Phytolacca americana,usda:PHAM4
gbif-inat-toxic-round2:00314365,images/raw/gbif-inat-toxic-round2/phytolacca_americana/6163033634_2.jpg,Phytolacca americana,usda:PHAM4
gbif-inat:00001102,images/raw/gbif-inat/phytolacca_americana/6129824124_3.jpg,Phytolacca americana,usda:PHAM4
gbif-inat-toxic-round2:00314587,images/raw/gbif-inat-toxic-round2/phytolacca_americana/6185062778_1.jpg,Phytolacca americana,usda:PHAM4
gbif-inat-toxic-round2:00314625,images/raw/gbif-inat-toxic-round2/phytolacca_americana/6185418519_2.jpg,Phytolacca americana,usda:PHAM4
gbif-inat-toxic-round2:00314636,images/raw/gbif-inat-toxic-round2/phytolacca_americana/6185477694_1.jpg,Phytolacca americana,usda:PHAM4
gbif-inat-toxic-round2:00314583,images/raw/gbif-inat-toxic-round2/phytolacca_americana/6185057326_2.jpg,Phytolacca americana,usda:PHAM4
gbif-inat:00003904,images/raw/gbif-inat/phytolacca_americana/6130272789_2.jpg,Phytolacca americana,usda:PHAM4
gbif-inat:00003917,images/raw/gbif-inat/phytolacca_americana/6130356910_2.jpg,Phytolacca americana,usda:PHAM4
gbif-inat-toxic-round2:00314377,images/raw/gbif-inat-toxic-round2/phytolacca_americana/6163205939_1.jpg,Phytolacca americana,usda:PHAM4
gbif-inat-toxic-round2:00314575,images/raw/gbif-inat-toxic-round2/phytolacca_americana/6185007341_3.jpg,Phytolacca americana,usda:PHAM4
gbif-inat:00001097,images/raw/gbif-inat/phytolacca_americana/5938650457_1.jpg,Phytolacca americana,usda:PHAM4
gbif-inat-toxic-round2:00314331,images/raw/gbif-inat-toxic-round2/phytolacca_americana/6147523777_1.jpg,Phytolacca americana,usda:PHAM4
gbif-inat-toxic-round2:00314284,images/raw/gbif-inat-toxic-round2/phytolacca_americana/6133105796_1.jpg,Phytolacca americana,usda:PHAM4
gbif-inat-toxic-round2:00314381,images/raw/gbif-inat-toxic-round2/phytolacca_americana/6163285841_1.jpg,Phytolacca americana,usda:PHAM4
gbif-inat-toxic-round2:00314335,images/raw/gbif-inat-toxic-round2/phytolacca_americana/6159162132_2.jpg,Phytolacca americana,usda:PHAM4
gbif-inat-toxic-round2:00314473,images/raw/gbif-inat-toxic-round2/phytolacca_americana/6179022357_3.jpg,Phytolacca americana,usda:PHAM4
gbif-inat-toxic-round2:00314646,images/raw/gbif-inat-toxic-round2/phytolacca_americana/6185592349_1.jpg,Phytolacca americana,usda:PHAM4
gbif-inat-toxic-round2:00314442,images/raw/gbif-inat-toxic-round2/phytolacca_americana/6178711510_1.jpg,Phytolacca americana,usda:PHAM4
gbif-inat-toxic-round2:00314590,images/raw/gbif-inat-toxic-round2/phytolacca_americana/6185109785_1.jpg,Phytolacca americana,usda:PHAM4
gbif-inat-toxic-round2:00314471,images/raw/gbif-inat-toxic-round2/phytolacca_americana/6179022357_1.jpg,Phytolacca americana,usda:PHAM4
gbif-inat-toxic-round2:00314607,images/raw/gbif-inat-toxic-round2/phytolacca_americana/6185284235_3.jpg,Phytolacca americana,usda:PHAM4
gbif-inat-toxic-round2:00314504,images/raw/gbif-inat-toxic-round2/phytolacca_americana/6179368705_1.jpg,Phytolacca americana,usda:PHAM4
gbif-inat:00003903,images/raw/gbif-inat/phytolacca_americana/6130272789_1.jpg,Phytolacca americana,usda:PHAM4
gbif-inat-toxic-round2:00314482,images/raw/gbif-inat-toxic-round2/phytolacca_americana/6179088830_1.jpg,Phytolacca americana,usda:PHAM4
gbif-inat-toxic-round2:00314620,images/raw/gbif-inat-toxic-round2/phytolacca_americana/6185384908_1.jpg,Phytolacca americana,usda:PHAM4
gbif-inat-toxic-round2:00314445,images/raw/gbif-inat-toxic-round2/phytolacca_americana/6178718113_1.jpg,Phytolacca americana,usda:PHAM4
gbif-inat-toxic-round2:00314497,images/raw/gbif-inat-toxic-round2/phytolacca_americana/6179300954_2.jpg,Phytolacca americana,usda:PHAM4
gbif-inat-toxic-round2:00314461,images/raw/gbif-inat-toxic-round2/phytolacca_americana/6178909407_5.jpg,Phytolacca americana,usda:PHAM4
gbif-inat:00003470,images/raw/gbif-inat/pinus_strobus/6129914169_1.jpg,Pinus strobus,usda:PIST
gbif-inat:00003422,images/raw/gbif-inat/pinus_strobus/5938514142_4.jpg,Pinus strobus,usda:PIST
gbif-inat:00003451,images/raw/gbif-inat/pinus_strobus/6129858697_4.jpg,Pinus strobus,usda:PIST
gbif-inat:00003416,images/raw/gbif-inat/pinus_strobus/5938463365_1.jpg,Pinus strobus,usda:PIST
gbif-inat:00003452,images/raw/gbif-inat/pinus_strobus/6129858697_5.jpg,Pinus strobus,usda:PIST
gbif-inat:00003472,images/raw/gbif-inat/pinus_strobus/6129916541_2.jpg,Pinus strobus,usda:PIST
gbif-inat:00003413,images/raw/gbif-inat/pinus_strobus/5938453083_1.jpg,Pinus strobus,usda:PIST
gbif-inat:00003436,images/raw/gbif-inat/pinus_strobus/5938649639_1.jpg,Pinus strobus,usda:PIST
gbif-inat:00003453,images/raw/gbif-inat/pinus_strobus/6129864384_1.jpg,Pinus strobus,usda:PIST
gbif-inat:00000886,images/raw/gbif-inat/pinus_strobus/5938118799_1.jpg,Pinus strobus,usda:PIST
gbif-inat:00001293,images/raw/gbif-inat/plantago_major/6129854722_1.jpg,Plantago major,usda:PLMA2
gbif-inat:00004407,images/raw/gbif-inat/plantago_major/6133088528_3.jpg,Plantago major,usda:PLMA2
gbif-inat:00001319,images/raw/gbif-inat/plantago_major/6130990092_1.jpg,Plantago major,usda:PLMA2
gbif-inat:00004456,images/raw/gbif-inat/plantago_major/6171018128_1.jpg,Plantago major,usda:PLMA2
gbif-inat:00004428,images/raw/gbif-inat/plantago_major/6147201348_1.jpg,Plantago major,usda:PLMA2
gbif-inat:00001312,images/raw/gbif-inat/plantago_major/6130751077_1.jpg,Plantago major,usda:PLMA2
gbif-inat:00001305,images/raw/gbif-inat/plantago_major/6130294199_2.jpg,Plantago major,usda:PLMA2
gbif-inat:00004392,images/raw/gbif-inat/plantago_major/6131095736_1.jpg,Plantago major,usda:PLMA2
gbif-inat:00001311,images/raw/gbif-inat/plantago_major/6130746666_2.jpg,Plantago major,usda:PLMA2
gbif-inat:00004434,images/raw/gbif-inat/plantago_major/6159288997_1.jpg,Plantago major,usda:PLMA2
gbif-inat:00000619,images/raw/gbif-inat/prunus_serotina/5938650597_1.jpg,Prunus serotina,usda:PRSE2
gbif-inat:00002789,images/raw/gbif-inat/prunus_serotina/6130132926_1.jpg,Prunus serotina,usda:PRSE2
gbif-inat:00002809,images/raw/gbif-inat/prunus_serotina/6130388359_1.jpg,Prunus serotina,usda:PRSE2
gbif-inat:00002806,images/raw/gbif-inat/prunus_serotina/6130349149_6.jpg,Prunus serotina,usda:PRSE2
gbif-inat:00002817,images/raw/gbif-inat/prunus_serotina/6130483373_2.jpg,Prunus serotina,usda:PRSE2
gbif-inat:00002825,images/raw/gbif-inat/prunus_serotina/6130625823_1.jpg,Prunus serotina,usda:PRSE2
gbif-inat:00002781,images/raw/gbif-inat/prunus_serotina/6129941276_3.jpg,Prunus serotina,usda:PRSE2
gbif-inat:00002785,images/raw/gbif-inat/prunus_serotina/6130078489_1.jpg,Prunus serotina,usda:PRSE2
gbif-inat:00002826,images/raw/gbif-inat/prunus_serotina/6130634676_1.jpg,Prunus serotina,usda:PRSE2
gbif-inat:00000626,images/raw/gbif-inat/prunus_serotina/6129897326_1.jpg,Prunus serotina,usda:PRSE2
gbif-inat:00002870,images/raw/gbif-inat/quercus_alba/6129959723_5.jpg,Quercus alba,usda:QUAL
gbif-inat:00000650,images/raw/gbif-inat/quercus_alba/5938695197_2.jpg,Quercus alba,usda:QUAL
gbif-inat:00002873,images/raw/gbif-inat/quercus_alba/6129959723_8.jpg,Quercus alba,usda:QUAL
gbif-inat:00002858,images/raw/gbif-inat/quercus_alba/6129918249_1.jpg,Quercus alba,usda:QUAL
gbif-inat:00002890,images/raw/gbif-inat/quercus_alba/6130045719_1.jpg,Quercus alba,usda:QUAL
gbif-inat:00002884,images/raw/gbif-inat/quercus_alba/6130028233_1.jpg,Quercus alba,usda:QUAL
gbif-inat:00002885,images/raw/gbif-inat/quercus_alba/6130030792_1.jpg,Quercus alba,usda:QUAL
gbif-inat:00002912,images/raw/gbif-inat/quercus_alba/6130194566_1.jpg,Quercus alba,usda:QUAL
gbif-inat:00000647,images/raw/gbif-inat/quercus_alba/5938650442_1.jpg,Quercus alba,usda:QUAL
gbif-inat:00002906,images/raw/gbif-inat/quercus_alba/6130162341_1.jpg,Quercus alba,usda:QUAL
gbif-inat:00002985,images/raw/gbif-inat/quercus_rubra/6131378902_1.jpg,Quercus rubra,usda:QURU
gbif-inat:00002925,images/raw/gbif-inat/quercus_rubra/6130130581_4.jpg,Quercus rubra,usda:QURU
gbif-inat:00000674,images/raw/gbif-inat/quercus_rubra/5938631739_1.jpg,Quercus rubra,usda:QURU
gbif-inat:00002979,images/raw/gbif-inat/quercus_rubra/6131262322_1.jpg,Quercus rubra,usda:QURU
gbif-inat:00000664,images/raw/gbif-inat/quercus_rubra/5938149725_1.jpg,Quercus rubra,usda:QURU
gbif-inat:00000685,images/raw/gbif-inat/quercus_rubra/6130001722_2.jpg,Quercus rubra,usda:QURU
gbif-inat:00002960,images/raw/gbif-inat/quercus_rubra/6130814383_1.jpg,Quercus rubra,usda:QURU
gbif-inat:00000673,images/raw/gbif-inat/quercus_rubra/5938487848_1.jpg,Quercus rubra,usda:QURU
gbif-inat:00002931,images/raw/gbif-inat/quercus_rubra/6130162022_1.jpg,Quercus rubra,usda:QURU
gbif-inat:00002944,images/raw/gbif-inat/quercus_rubra/6130571655_2.jpg,Quercus rubra,usda:QURU
gbif-inat:00002398,images/raw/gbif-inat/rubus_allegheniensis/6273417892_2.jpg,Rubus allegheniensis,usda:RUAL
gbif-inat:00002396,images/raw/gbif-inat/rubus_allegheniensis/6253371513_2.jpg,Rubus allegheniensis,usda:RUAL
gbif-inat:00002419,images/raw/gbif-inat/rubus_allegheniensis/6274166388_1.jpg,Rubus allegheniensis,usda:RUAL
gbif-inat:00002375,images/raw/gbif-inat/rubus_allegheniensis/6251912246_1.jpg,Rubus allegheniensis,usda:RUAL
gbif-inat:00002402,images/raw/gbif-inat/rubus_allegheniensis/6274265761_1.jpg,Rubus allegheniensis,usda:RUAL
gbif-inat:00002416,images/raw/gbif-inat/rubus_allegheniensis/6274110956_1.jpg,Rubus allegheniensis,usda:RUAL
gbif-inat:00002420,images/raw/gbif-inat/rubus_allegheniensis/6274166388_2.jpg,Rubus allegheniensis,usda:RUAL
gbif-inat:00000450,images/raw/gbif-inat/rubus_allegheniensis/6235191228_6.jpg,Rubus allegheniensis,usda:RUAL
gbif-inat:00002429,images/raw/gbif-inat/rubus_allegheniensis/6274166388_11.jpg,Rubus allegheniensis,usda:RUAL
gbif-inat:00002369,images/raw/gbif-inat/rubus_allegheniensis/6251783402_1.jpg,Rubus allegheniensis,usda:RUAL
gbif-inat:00002495,images/raw/gbif-inat/rubus_idaeus/6320302692_1.jpg,Rubus idaeus,usda:RUID
gbif-inat:00002450,images/raw/gbif-inat/rubus_idaeus/6252358690_1.jpg,Rubus idaeus,usda:RUID
gbif-inat:00000480,images/raw/gbif-inat/rubus_idaeus/6236119669_1.jpg,Rubus idaeus,usda:RUID
gbif-inat:00002470,images/raw/gbif-inat/rubus_idaeus/6251583098_2.jpg,Rubus idaeus,usda:RUID
gbif-inat:00002477,images/raw/gbif-inat/rubus_idaeus/6273491466_1.jpg,Rubus idaeus,usda:RUID
gbif-inat:00002484,images/raw/gbif-inat/rubus_idaeus/6273603455_2.jpg,Rubus idaeus,usda:RUID
gbif-inat:00002467,images/raw/gbif-inat/rubus_idaeus/6321169709_1.jpg,Rubus idaeus,usda:RUID
gbif-inat:00002457,images/raw/gbif-inat/rubus_idaeus/6252746441_1.jpg,Rubus idaeus,usda:RUID
gbif-inat:00002480,images/raw/gbif-inat/rubus_idaeus/6273565039_1.jpg,Rubus idaeus,usda:RUID
gbif-inat:00000456,images/raw/gbif-inat/rubus_idaeus/6235064736_1.jpg,Rubus idaeus,usda:RUID
gbif-inat:00002689,images/raw/gbif-inat/sambucus_nigra/2856519499_1.jpg,Sambucus nigra,usda:SANIC4
gbif-inat:00002692,images/raw/gbif-inat/sambucus_nigra/2856519499_4.jpg,Sambucus nigra,usda:SANIC4
gbif-inat:00002679,images/raw/gbif-inat/sambucus_nigra/3858289783_1.jpg,Sambucus nigra,usda:SANIC4
gbif-inat:00002644,images/raw/gbif-inat/sambucus_nigra/4405408561_1.jpg,Sambucus nigra,usda:SANIC4
gbif-inat:00000565,images/raw/gbif-inat/sambucus_nigra/4525070053_1.jpg,Sambucus nigra,usda:SANIC4
gbif-inat:00000567,images/raw/gbif-inat/sambucus_nigra/5828109502_1.jpg,Sambucus nigra,usda:SANIC4
gbif-inat:00002669,images/raw/gbif-inat/sambucus_nigra/3902249414_1.jpg,Sambucus nigra,usda:SANIC4
gbif-inat:00000543,images/raw/gbif-inat/sambucus_nigra/5134708327_2.jpg,Sambucus nigra,usda:SANIC4
gbif-inat:00000568,images/raw/gbif-inat/sambucus_nigra/5828109502_2.jpg,Sambucus nigra,usda:SANIC4
gbif-inat:00002710,images/raw/gbif-inat/sambucus_nigra/5837627864_1.jpg,Sambucus nigra,usda:SANIC4
gbif-inat:00004028,images/raw/gbif-inat/solanum_dulcamara/6235541529_2.jpg,Solanum dulcamara,usda:SODU
gbif-inat-toxic-round2:00314716,images/raw/gbif-inat-toxic-round2/solanum_dulcamara/6252360751_1.jpg,Solanum dulcamara,usda:SODU
gbif-inat:00004034,images/raw/gbif-inat/solanum_dulcamara/6235756759_3.jpg,Solanum dulcamara,usda:SODU
gbif-inat-toxic-round2:00314720,images/raw/gbif-inat-toxic-round2/solanum_dulcamara/6252575418_1.jpg,Solanum dulcamara,usda:SODU
gbif-inat-toxic-round2:00315035,images/raw/gbif-inat-toxic-round2/solanum_dulcamara/5140030700_2.jpg,Solanum dulcamara,usda:SODU
gbif-inat-toxic-round2:00314741,images/raw/gbif-inat-toxic-round2/solanum_dulcamara/6273998647_1.jpg,Solanum dulcamara,usda:SODU
gbif-inat-toxic-round2:00314947,images/raw/gbif-inat-toxic-round2/solanum_dulcamara/6321034330_1.jpg,Solanum dulcamara,usda:SODU
gbif-inat:00001125,images/raw/gbif-inat/solanum_dulcamara/6147603929_4.jpg,Solanum dulcamara,usda:SODU
gbif-inat-toxic-round2:00314890,images/raw/gbif-inat-toxic-round2/solanum_dulcamara/6320584585_1.jpg,Solanum dulcamara,usda:SODU
gbif-inat-toxic-round2:00314801,images/raw/gbif-inat-toxic-round2/solanum_dulcamara/6273663958_1.jpg,Solanum dulcamara,usda:SODU
gbif-inat-toxic-round2:00314935,images/raw/gbif-inat-toxic-round2/solanum_dulcamara/6320915034_2.jpg,Solanum dulcamara,usda:SODU
gbif-inat:00003975,images/raw/gbif-inat/solanum_dulcamara/6178869780_2.jpg,Solanum dulcamara,usda:SODU
gbif-inat-toxic-round2:00314902,images/raw/gbif-inat-toxic-round2/solanum_dulcamara/6320667053_6.jpg,Solanum dulcamara,usda:SODU
gbif-inat-toxic-round2:00314937,images/raw/gbif-inat-toxic-round2/solanum_dulcamara/6320936960_2.jpg,Solanum dulcamara,usda:SODU
gbif-inat:00001121,images/raw/gbif-inat/solanum_dulcamara/6147557872_1.jpg,Solanum dulcamara,usda:SODU
gbif-inat-toxic-round2:00314851,images/raw/gbif-inat-toxic-round2/solanum_dulcamara/6274325512_1.jpg,Solanum dulcamara,usda:SODU
gbif-inat-toxic-round2:00314982,images/raw/gbif-inat-toxic-round2/solanum_dulcamara/5063340960_4.jpg,Solanum dulcamara,usda:SODU
gbif-inat-toxic-round2:00314828,images/raw/gbif-inat-toxic-round2/solanum_dulcamara/6274073905_1.jpg,Solanum dulcamara,usda:SODU
gbif-inat-toxic-round2:00314807,images/raw/gbif-inat-toxic-round2/solanum_dulcamara/6273713805_1.jpg,Solanum dulcamara,usda:SODU
gbif-inat-toxic-round2:00314995,images/raw/gbif-inat-toxic-round2/solanum_dulcamara/5076862949_1.jpg,Solanum dulcamara,usda:SODU
gbif-inat-toxic-round2:00314701,images/raw/gbif-inat-toxic-round2/solanum_dulcamara/6251637653_1.jpg,Solanum dulcamara,usda:SODU
gbif-inat-toxic-round2:00314960,images/raw/gbif-inat-toxic-round2/solanum_dulcamara/6321094571_4.jpg,Solanum dulcamara,usda:SODU
gbif-inat-toxic-round2:00315056,images/raw/gbif-inat-toxic-round2/solanum_dulcamara/5140426960_2.jpg,Solanum dulcamara,usda:SODU
gbif-inat-toxic-round2:00314856,images/raw/gbif-inat-toxic-round2/solanum_dulcamara/6320087675_2.jpg,Solanum dulcamara,usda:SODU
gbif-inat-toxic-round2:00314711,images/raw/gbif-inat-toxic-round2/solanum_dulcamara/6252203684_1.jpg,Solanum dulcamara,usda:SODU
gbif-inat:00003989,images/raw/gbif-inat/solanum_dulcamara/6188488506_2.jpg,Solanum dulcamara,usda:SODU
gbif-inat-toxic-round2:00315040,images/raw/gbif-inat-toxic-round2/solanum_dulcamara/5140045903_2.jpg,Solanum dulcamara,usda:SODU
gbif-inat:00001120,images/raw/gbif-inat/solanum_dulcamara/6147167731_1.jpg,Solanum dulcamara,usda:SODU
gbif-inat-toxic-round2:00314770,images/raw/gbif-inat-toxic-round2/solanum_dulcamara/6273325706_2.jpg,Solanum dulcamara,usda:SODU
gbif-inat-toxic-round2:00314959,images/raw/gbif-inat-toxic-round2/solanum_dulcamara/6321094571_3.jpg,Solanum dulcamara,usda:SODU
gbif-inat-toxic-round2:00315065,images/raw/gbif-inat-toxic-round2/solanum_dulcamara/5140474081_3.jpg,Solanum dulcamara,usda:SODU
gbif-inat-toxic-round2:00315038,images/raw/gbif-inat-toxic-round2/solanum_dulcamara/5140030700_5.jpg,Solanum dulcamara,usda:SODU
gbif-inat-toxic-round2:00314925,images/raw/gbif-inat-toxic-round2/solanum_dulcamara/6320809912_1.jpg,Solanum dulcamara,usda:SODU
gbif-inat-toxic-round2:00314961,images/raw/gbif-inat-toxic-round2/solanum_dulcamara/6321104792_1.jpg,Solanum dulcamara,usda:SODU
gbif-inat-toxic-round2:00314832,images/raw/gbif-inat-toxic-round2/solanum_dulcamara/6274087987_2.jpg,Solanum dulcamara,usda:SODU
gbif-inat:00001114,images/raw/gbif-inat/solanum_dulcamara/6131149120_1.jpg,Solanum dulcamara,usda:SODU
gbif-inat-toxic-round2:00314757,images/raw/gbif-inat-toxic-round2/solanum_dulcamara/6273164554_1.jpg,Solanum dulcamara,usda:SODU
gbif-inat-toxic-round2:00314896,images/raw/gbif-inat-toxic-round2/solanum_dulcamara/6320663054_2.jpg,Solanum dulcamara,usda:SODU
gbif-inat-toxic-round2:00315008,images/raw/gbif-inat-toxic-round2/solanum_dulcamara/5167112929_1.jpg,Solanum dulcamara,usda:SODU
gbif-inat:00004020,images/raw/gbif-inat/solanum_dulcamara/6235308593_1.jpg,Solanum dulcamara,usda:SODU
gbif-inat-toxic-round2:00314842,images/raw/gbif-inat-toxic-round2/solanum_dulcamara/6274167048_1.jpg,Solanum dulcamara,usda:SODU
gbif-inat-toxic-round2:00314709,images/raw/gbif-inat-toxic-round2/solanum_dulcamara/6252142121_1.jpg,Solanum dulcamara,usda:SODU
gbif-inat-toxic-round2:00314684,images/raw/gbif-inat-toxic-round2/solanum_dulcamara/6236316126_1.jpg,Solanum dulcamara,usda:SODU
gbif-inat:00004010,images/raw/gbif-inat/solanum_dulcamara/6234742824_1.jpg,Solanum dulcamara,usda:SODU
gbif-inat-toxic-round2:00314826,images/raw/gbif-inat-toxic-round2/solanum_dulcamara/6274068386_1.jpg,Solanum dulcamara,usda:SODU
gbif-inat-toxic-round2:00314955,images/raw/gbif-inat-toxic-round2/solanum_dulcamara/6321057954_1.jpg,Solanum dulcamara,usda:SODU
gbif-inat-toxic-round2:00314726,images/raw/gbif-inat-toxic-round2/solanum_dulcamara/6252623026_6.jpg,Solanum dulcamara,usda:SODU
gbif-inat-toxic-round2:00314882,images/raw/gbif-inat-toxic-round2/solanum_dulcamara/6320499012_1.jpg,Solanum dulcamara,usda:SODU
gbif-inat:00001135,images/raw/gbif-inat/solanum_dulcamara/6171067019_5.jpg,Solanum dulcamara,usda:SODU
gbif-inat-toxic-round2:00314971,images/raw/gbif-inat-toxic-round2/solanum_dulcamara/5007682008_1.jpg,Solanum dulcamara,usda:SODU
gbif-inat:00003762,images/raw/gbif-inat/toxicodendron_diversilobum/6129966355_1.jpg,Toxicodendron diversilobum,usda:TODI
gbif-inat-toxic-round2:00313777,images/raw/gbif-inat-toxic-round2/toxicodendron_diversilobum/6159662099_2.jpg,Toxicodendron diversilobum,usda:TODI
gbif-inat-toxic-round2:00313770,images/raw/gbif-inat-toxic-round2/toxicodendron_diversilobum/6147678526_2.jpg,Toxicodendron diversilobum,usda:TODI
gbif-inat-toxic-round2:00313703,images/raw/gbif-inat-toxic-round2/toxicodendron_diversilobum/6133462132_1.jpg,Toxicodendron diversilobum,usda:TODI
gbif-inat:00001027,images/raw/gbif-inat/toxicodendron_diversilobum/5938297714_2.jpg,Toxicodendron diversilobum,usda:TODI
gbif-inat:00003792,images/raw/gbif-inat/toxicodendron_diversilobum/6130162736_1.jpg,Toxicodendron diversilobum,usda:TODI
gbif-inat-toxic-round2:00313854,images/raw/gbif-inat-toxic-round2/toxicodendron_diversilobum/6147190934_4.jpg,Toxicodendron diversilobum,usda:TODI
gbif-inat-toxic-round2:00313589,images/raw/gbif-inat-toxic-round2/toxicodendron_diversilobum/6131400634_1.jpg,Toxicodendron diversilobum,usda:TODI
gbif-inat-toxic-round2:00313870,images/raw/gbif-inat-toxic-round2/toxicodendron_diversilobum/6147272584_1.jpg,Toxicodendron diversilobum,usda:TODI
gbif-inat:00003784,images/raw/gbif-inat/toxicodendron_diversilobum/6130140988_2.jpg,Toxicodendron diversilobum,usda:TODI
gbif-inat-toxic-round2:00313535,images/raw/gbif-inat-toxic-round2/toxicodendron_diversilobum/6130924011_1.jpg,Toxicodendron diversilobum,usda:TODI
gbif-inat-toxic-round2:00313805,images/raw/gbif-inat-toxic-round2/toxicodendron_diversilobum/6320252076_1.jpg,Toxicodendron diversilobum,usda:TODI
gbif-inat-toxic-round2:00313775,images/raw/gbif-inat-toxic-round2/toxicodendron_diversilobum/6159474136_1.jpg,Toxicodendron diversilobum,usda:TODI
gbif-inat-toxic-round2:00313656,images/raw/gbif-inat-toxic-round2/toxicodendron_diversilobum/6133107147_2.jpg,Toxicodendron diversilobum,usda:TODI
gbif-inat-toxic-round2:00313716,images/raw/gbif-inat-toxic-round2/toxicodendron_diversilobum/6133531466_1.jpg,Toxicodendron diversilobum,usda:TODI
gbif-inat-toxic-round2:00313603,images/raw/gbif-inat-toxic-round2/toxicodendron_diversilobum/6131464686_1.jpg,Toxicodendron diversilobum,usda:TODI
gbif-inat:00003772,images/raw/gbif-inat/toxicodendron_diversilobum/6130063416_1.jpg,Toxicodendron diversilobum,usda:TODI
gbif-inat-toxic-round2:00313496,images/raw/gbif-inat-toxic-round2/toxicodendron_diversilobum/6130691007_1.jpg,Toxicodendron diversilobum,usda:TODI
gbif-inat-toxic-round2:00313587,images/raw/gbif-inat-toxic-round2/toxicodendron_diversilobum/6131382407_1.jpg,Toxicodendron diversilobum,usda:TODI
gbif-inat:00003786,images/raw/gbif-inat/toxicodendron_diversilobum/6130145493_1.jpg,Toxicodendron diversilobum,usda:TODI
gbif-inat-toxic-round2:00313546,images/raw/gbif-inat-toxic-round2/toxicodendron_diversilobum/6131041266_2.jpg,Toxicodendron diversilobum,usda:TODI
gbif-inat-toxic-round2:00313659,images/raw/gbif-inat-toxic-round2/toxicodendron_diversilobum/6133122909_2.jpg,Toxicodendron diversilobum,usda:TODI
gbif-inat:00003780,images/raw/gbif-inat/toxicodendron_diversilobum/6130096053_1.jpg,Toxicodendron diversilobum,usda:TODI
gbif-inat-toxic-round2:00313499,images/raw/gbif-inat-toxic-round2/toxicodendron_diversilobum/6130692602_1.jpg,Toxicodendron diversilobum,usda:TODI
gbif-inat:00001021,images/raw/gbif-inat/toxicodendron_diversilobum/5938036345_1.jpg,Toxicodendron diversilobum,usda:TODI
gbif-inat-toxic-round2:00313808,images/raw/gbif-inat-toxic-round2/toxicodendron_diversilobum/6320419819_1.jpg,Toxicodendron diversilobum,usda:TODI
gbif-inat:00003816,images/raw/gbif-inat/toxicodendron_diversilobum/6130349652_1.jpg,Toxicodendron diversilobum,usda:TODI
gbif-inat-toxic-round2:00313761,images/raw/gbif-inat-toxic-round2/toxicodendron_diversilobum/6147543060_1.jpg,Toxicodendron diversilobum,usda:TODI
gbif-inat-toxic-round2:00313736,images/raw/gbif-inat-toxic-round2/toxicodendron_diversilobum/6133608483_1.jpg,Toxicodendron diversilobum,usda:TODI
gbif-inat-toxic-round2:00313617,images/raw/gbif-inat-toxic-round2/toxicodendron_diversilobum/6131541219_1.jpg,Toxicodendron diversilobum,usda:TODI
gbif-inat-toxic-round2:00313491,images/raw/gbif-inat-toxic-round2/toxicodendron_diversilobum/6130656964_1.jpg,Toxicodendron diversilobum,usda:TODI
gbif-inat-toxic-round2:00313798,images/raw/gbif-inat-toxic-round2/toxicodendron_diversilobum/6252461636_3.jpg,Toxicodendron diversilobum,usda:TODI
gbif-inat-toxic-round2:00313821,images/raw/gbif-inat-toxic-round2/toxicodendron_diversilobum/6320814668_1.jpg,Toxicodendron diversilobum,usda:TODI
gbif-inat:00003766,images/raw/gbif-inat/toxicodendron_diversilobum/6130026156_2.jpg,Toxicodendron diversilobum,usda:TODI
gbif-inat-toxic-round2:00313507,images/raw/gbif-inat-toxic-round2/toxicodendron_diversilobum/6130745705_1.jpg,Toxicodendron diversilobum,usda:TODI
gbif-inat:00003821,images/raw/gbif-inat/toxicodendron_diversilobum/6130383037_1.jpg,Toxicodendron diversilobum,usda:TODI
gbif-inat-toxic-round2:00313477,images/raw/gbif-inat-toxic-round2/toxicodendron_diversilobum/6130443380_1.jpg,Toxicodendron diversilobum,usda:TODI
gbif-inat-toxic-round2:00313638,images/raw/gbif-inat-toxic-round2/toxicodendron_diversilobum/6131662491_1.jpg,Toxicodendron diversilobum,usda:TODI
gbif-inat-toxic-round2:00313655,images/raw/gbif-inat-toxic-round2/toxicodendron_diversilobum/6133107147_1.jpg,Toxicodendron diversilobum,usda:TODI
gbif-inat-toxic-round2:00313735,images/raw/gbif-inat-toxic-round2/toxicodendron_diversilobum/6133600791_2.jpg,Toxicodendron diversilobum,usda:TODI
gbif-inat:00001022,images/raw/gbif-inat/toxicodendron_diversilobum/5938036345_2.jpg,Toxicodendron diversilobum,usda:TODI
gbif-inat-toxic-round2:00313479,images/raw/gbif-inat-toxic-round2/toxicodendron_diversilobum/6130458427_1.jpg,Toxicodendron diversilobum,usda:TODI
gbif-inat-toxic-round2:00313513,images/raw/gbif-inat-toxic-round2/toxicodendron_diversilobum/6130775914_1.jpg,Toxicodendron diversilobum,usda:TODI
gbif-inat-toxic-round2:00313585,images/raw/gbif-inat-toxic-round2/toxicodendron_diversilobum/6131362971_2.jpg,Toxicodendron diversilobum,usda:TODI
gbif-inat-toxic-round2:00313779,images/raw/gbif-inat-toxic-round2/toxicodendron_diversilobum/6162992599_1.jpg,Toxicodendron diversilobum,usda:TODI
gbif-inat-toxic-round2:00313758,images/raw/gbif-inat-toxic-round2/toxicodendron_diversilobum/6147434228_2.jpg,Toxicodendron diversilobum,usda:TODI
gbif-inat-toxic-round2:00313599,images/raw/gbif-inat-toxic-round2/toxicodendron_diversilobum/6131458457_3.jpg,Toxicodendron diversilobum,usda:TODI
gbif-inat-toxic-round2:00313698,images/raw/gbif-inat-toxic-round2/toxicodendron_diversilobum/6133435465_1.jpg,Toxicodendron diversilobum,usda:TODI
gbif-inat-toxic-round2:00313664,images/raw/gbif-inat-toxic-round2/toxicodendron_diversilobum/6133199961_1.jpg,Toxicodendron diversilobum,usda:TODI
gbif-inat-toxic-round2:00313832,images/raw/gbif-inat-toxic-round2/toxicodendron_diversilobum/6133154381_1.jpg,Toxicodendron diversilobum,usda:TODI
gbif-inat-toxic-round2:00313296,images/raw/gbif-inat-toxic-round2/toxicodendron_radicans/6147284569_1.jpg,Toxicodendron radicans,usda:TORA2
gbif-inat-toxic-round2:00313169,images/raw/gbif-inat-toxic-round2/toxicodendron_radicans/6131144523_1.jpg,Toxicodendron radicans,usda:TORA2
gbif-inat-toxic-round2:00313312,images/raw/gbif-inat-toxic-round2/toxicodendron_radicans/6147388464_2.jpg,Toxicodendron radicans,usda:TORA2
gbif-inat-toxic-round2:00313086,images/raw/gbif-inat-toxic-round2/toxicodendron_radicans/6130601144_1.jpg,Toxicodendron radicans,usda:TORA2
gbif-inat-toxic-round2:00313400,images/raw/gbif-inat-toxic-round2/toxicodendron_radicans/6159666794_2.jpg,Toxicodendron radicans,usda:TORA2
gbif-inat-toxic-round2:00313249,images/raw/gbif-inat-toxic-round2/toxicodendron_radicans/6133300517_1.jpg,Toxicodendron radicans,usda:TORA2
gbif-inat-toxic-round2:00313226,images/raw/gbif-inat-toxic-round2/toxicodendron_radicans/6133058043_1.jpg,Toxicodendron radicans,usda:TORA2
gbif-inat:00001020,images/raw/gbif-inat/toxicodendron_radicans/5938496988_1.jpg,Toxicodendron radicans,usda:TORA2
gbif-inat-toxic-round2:00313406,images/raw/gbif-inat-toxic-round2/toxicodendron_radicans/6162801301_2.jpg,Toxicodendron radicans,usda:TORA2
gbif-inat-toxic-round2:00313298,images/raw/gbif-inat-toxic-round2/toxicodendron_radicans/6147284569_3.jpg,Toxicodendron radicans,usda:TORA2
gbif-inat-toxic-round2:00313236,images/raw/gbif-inat-toxic-round2/toxicodendron_radicans/6133180557_1.jpg,Toxicodendron radicans,usda:TORA2
gbif-inat:00003692,images/raw/gbif-inat/toxicodendron_radicans/5938500851_1.jpg,Toxicodendron radicans,usda:TORA2
gbif-inat-toxic-round2:00313391,images/raw/gbif-inat-toxic-round2/toxicodendron_radicans/6159608936_10.jpg,Toxicodendron radicans,usda:TORA2
gbif-inat-toxic-round2:00313304,images/raw/gbif-inat-toxic-round2/toxicodendron_radicans/6147343109_1.jpg,Toxicodendron radicans,usda:TORA2
gbif-inat-toxic-round2:00313109,images/raw/gbif-inat-toxic-round2/toxicodendron_radicans/6130814532_1.jpg,Toxicodendron radicans,usda:TORA2
gbif-inat-toxic-round2:00313137,images/raw/gbif-inat-toxic-round2/toxicodendron_radicans/6131031260_1.jpg,Toxicodendron radicans,usda:TORA2
gbif-inat:00003749,images/raw/gbif-inat/toxicodendron_radicans/6130311412_1.jpg,Toxicodendron radicans,usda:TORA2
gbif-inat-toxic-round2:00313349,images/raw/gbif-inat-toxic-round2/toxicodendron_radicans/6159275863_1.jpg,Toxicodendron radicans,usda:TORA2
gbif-inat-toxic-round2:00313366,images/raw/gbif-inat-toxic-round2/toxicodendron_radicans/6159375410_1.jpg,Toxicodendron radicans,usda:TORA2
gbif-inat-toxic-round2:00313208,images/raw/gbif-inat-toxic-round2/toxicodendron_radicans/6131590894_1.jpg,Toxicodendron radicans,usda:TORA2
gbif-inat-toxic-round2:00313426,images/raw/gbif-inat-toxic-round2/toxicodendron_radicans/6162912867_1.jpg,Toxicodendron radicans,usda:TORA2
gbif-inat:00003694,images/raw/gbif-inat/toxicodendron_radicans/5938519085_2.jpg,Toxicodendron radicans,usda:TORA2
gbif-inat-toxic-round2:00313432,images/raw/gbif-inat-toxic-round2/toxicodendron_radicans/6162929793_4.jpg,Toxicodendron radicans,usda:TORA2
gbif-inat-toxic-round2:00313392,images/raw/gbif-inat-toxic-round2/toxicodendron_radicans/6159623211_1.jpg,Toxicodendron radicans,usda:TORA2
gbif-inat-toxic-round2:00313321,images/raw/gbif-inat-toxic-round2/toxicodendron_radicans/6147525079_2.jpg,Toxicodendron radicans,usda:TORA2
gbif-inat-toxic-round2:00313381,images/raw/gbif-inat-toxic-round2/toxicodendron_radicans/6159570076_1.jpg,Toxicodendron radicans,usda:TORA2
gbif-inat-toxic-round2:00313187,images/raw/gbif-inat-toxic-round2/toxicodendron_radicans/6131370973_1.jpg,Toxicodendron radicans,usda:TORA2
gbif-inat-toxic-round2:00313265,images/raw/gbif-inat-toxic-round2/toxicodendron_radicans/6133593503_1.jpg,Toxicodendron radicans,usda:TORA2
gbif-inat-toxic-round2:00313219,images/raw/gbif-inat-toxic-round2/toxicodendron_radicans/6131654193_4.jpg,Toxicodendron radicans,usda:TORA2
gbif-inat-toxic-round2:00313379,images/raw/gbif-inat-toxic-round2/toxicodendron_radicans/6159554141_1.jpg,Toxicodendron radicans,usda:TORA2
gbif-inat-toxic-round2:00313222,images/raw/gbif-inat-toxic-round2/toxicodendron_radicans/6131690808_1.jpg,Toxicodendron radicans,usda:TORA2
gbif-inat-toxic-round2:00313193,images/raw/gbif-inat-toxic-round2/toxicodendron_radicans/6131457419_2.jpg,Toxicodendron radicans,usda:TORA2
gbif-inat:00000994,images/raw/gbif-inat/toxicodendron_radicans/5938116166_1.jpg,Toxicodendron radicans,usda:TORA2
gbif-inat:00003753,images/raw/gbif-inat/toxicodendron_radicans/6130377892_1.jpg,Toxicodendron radicans,usda:TORA2
gbif-inat-toxic-round2:00313332,images/raw/gbif-inat-toxic-round2/toxicodendron_radicans/6147708765_2.jpg,Toxicodendron radicans,usda:TORA2
gbif-inat-toxic-round2:00313165,images/raw/gbif-inat-toxic-round2/toxicodendron_radicans/6131106501_1.jpg,Toxicodendron radicans,usda:TORA2
gbif-inat:00001003,images/raw/gbif-inat/toxicodendron_radicans/5938212818_1.jpg,Toxicodendron radicans,usda:TORA2
gbif-inat-toxic-round2:00313133,images/raw/gbif-inat-toxic-round2/toxicodendron_radicans/6131029751_5.jpg,Toxicodendron radicans,usda:TORA2
gbif-inat-toxic-round2:00313105,images/raw/gbif-inat-toxic-round2/toxicodendron_radicans/6130762717_1.jpg,Toxicodendron radicans,usda:TORA2
gbif-inat:00003703,images/raw/gbif-inat/toxicodendron_radicans/6129888722_1.jpg,Toxicodendron radicans,usda:TORA2
gbif-inat-toxic-round2:00313397,images/raw/gbif-inat-toxic-round2/toxicodendron_radicans/6159654502_3.jpg,Toxicodendron radicans,usda:TORA2
gbif-inat-toxic-round2:00313403,images/raw/gbif-inat-toxic-round2/toxicodendron_radicans/6162798986_2.jpg,Toxicodendron radicans,usda:TORA2
gbif-inat-toxic-round2:00313372,images/raw/gbif-inat-toxic-round2/toxicodendron_radicans/6159422874_1.jpg,Toxicodendron radicans,usda:TORA2
gbif-inat-toxic-round2:00313247,images/raw/gbif-inat-toxic-round2/toxicodendron_radicans/6133298259_1.jpg,Toxicodendron radicans,usda:TORA2
gbif-inat:00003743,images/raw/gbif-inat/toxicodendron_radicans/6130241356_1.jpg,Toxicodendron radicans,usda:TORA2
gbif-inat-toxic-round2:00313119,images/raw/gbif-inat-toxic-round2/toxicodendron_radicans/6130961728_3.jpg,Toxicodendron radicans,usda:TORA2
gbif-inat-toxic-round2:00313281,images/raw/gbif-inat-toxic-round2/toxicodendron_radicans/6171259716_3.jpg,Toxicodendron radicans,usda:TORA2
gbif-inat:00003744,images/raw/gbif-inat/toxicodendron_radicans/6130247803_1.jpg,Toxicodendron radicans,usda:TORA2
gbif-inat:00003738,images/raw/gbif-inat/toxicodendron_radicans/6130109583_3.jpg,Toxicodendron radicans,usda:TORA2
gbif-inat-toxic-round2:00313473,images/raw/gbif-inat-toxic-round2/toxicodendron_radicans/6170882968_6.jpg,Toxicodendron radicans,usda:TORA2
gbif-inat-toxic-round2:00314063,images/raw/gbif-inat-toxic-round2/toxicodendron_vernix/5063938643_2.jpg,Toxicodendron vernix,usda:TOVE
gbif-inat-toxic-round2:00314047,images/raw/gbif-inat-toxic-round2/toxicodendron_vernix/5063622287_1.jpg,Toxicodendron vernix,usda:TOVE
gbif-inat-toxic-round2:00314253,images/raw/gbif-inat-toxic-round2/toxicodendron_vernix/5892605123_1.jpg,Toxicodendron vernix,usda:TOVE
gbif-inat-toxic-round2:00314195,images/raw/gbif-inat-toxic-round2/toxicodendron_vernix/5168334773_1.jpg,Toxicodendron vernix,usda:TOVE
gbif-inat-toxic-round2:00313975,images/raw/gbif-inat-toxic-round2/toxicodendron_vernix/5063385082_1.jpg,Toxicodendron vernix,usda:TOVE
gbif-inat-toxic-round2:00314246,images/raw/gbif-inat-toxic-round2/toxicodendron_vernix/5187868919_1.jpg,Toxicodendron vernix,usda:TOVE
gbif-inat-toxic-round2:00313917,images/raw/gbif-inat-toxic-round2/toxicodendron_vernix/5063190576_3.jpg,Toxicodendron vernix,usda:TOVE
gbif-inat-toxic-round2:00314259,images/raw/gbif-inat-toxic-round2/toxicodendron_vernix/6129844460_3.jpg,Toxicodendron vernix,usda:TOVE
gbif-inat-toxic-round2:00314018,images/raw/gbif-inat-toxic-round2/toxicodendron_vernix/5063415881_1.jpg,Toxicodendron vernix,usda:TOVE
gbif-inat-toxic-round2:00314267,images/raw/gbif-inat-toxic-round2/toxicodendron_vernix/5177024475_1.jpg,Toxicodendron vernix,usda:TOVE
gbif-inat:00001053,images/raw/gbif-inat/toxicodendron_vernix/5938061473_3.jpg,Toxicodendron vernix,usda:TOVE
gbif-inat-toxic-round2:00314179,images/raw/gbif-inat-toxic-round2/toxicodendron_vernix/5168167270_4.jpg,Toxicodendron vernix,usda:TOVE
gbif-inat:00003883,images/raw/gbif-inat/toxicodendron_vernix/6252069319_1.jpg,Toxicodendron vernix,usda:TOVE
gbif-inat-toxic-round2:00314169,images/raw/gbif-inat-toxic-round2/toxicodendron_vernix/5167877430_1.jpg,Toxicodendron vernix,usda:TOVE
gbif-inat:00003880,images/raw/gbif-inat/toxicodendron_vernix/6251629189_2.jpg,Toxicodendron vernix,usda:TOVE
gbif-inat-toxic-round2:00314190,images/raw/gbif-inat-toxic-round2/toxicodendron_vernix/5168252617_1.jpg,Toxicodendron vernix,usda:TOVE
gbif-inat:00001063,images/raw/gbif-inat/toxicodendron_vernix/6147212426_1.jpg,Toxicodendron vernix,usda:TOVE
gbif-inat-toxic-round2:00314097,images/raw/gbif-inat-toxic-round2/toxicodendron_vernix/5104500623_2.jpg,Toxicodendron vernix,usda:TOVE
gbif-inat-toxic-round2:00314214,images/raw/gbif-inat-toxic-round2/toxicodendron_vernix/5176472082_4.jpg,Toxicodendron vernix,usda:TOVE
gbif-inat-toxic-round2:00314209,images/raw/gbif-inat-toxic-round2/toxicodendron_vernix/5176390866_2.jpg,Toxicodendron vernix,usda:TOVE
gbif-inat-toxic-round2:00314158,images/raw/gbif-inat-toxic-round2/toxicodendron_vernix/5167194066_2.jpg,Toxicodendron vernix,usda:TOVE
gbif-inat-toxic-round2:00314252,images/raw/gbif-inat-toxic-round2/toxicodendron_vernix/5237513733_2.jpg,Toxicodendron vernix,usda:TOVE
gbif-inat-toxic-round2:00314143,images/raw/gbif-inat-toxic-round2/toxicodendron_vernix/5154859483_4.jpg,Toxicodendron vernix,usda:TOVE
gbif-inat-toxic-round2:00313910,images/raw/gbif-inat-toxic-round2/toxicodendron_vernix/5063119238_3.jpg,Toxicodendron vernix,usda:TOVE
gbif-inat-toxic-round2:00313916,images/raw/gbif-inat-toxic-round2/toxicodendron_vernix/5063190576_2.jpg,Toxicodendron vernix,usda:TOVE
gbif-inat:00003859,images/raw/gbif-inat/toxicodendron_vernix/6195782577_3.jpg,Toxicodendron vernix,usda:TOVE
gbif-inat-toxic-round2:00314046,images/raw/gbif-inat-toxic-round2/toxicodendron_vernix/5063793443_1.jpg,Toxicodendron vernix,usda:TOVE
gbif-inat:00001078,images/raw/gbif-inat/toxicodendron_vernix/6179014756_2.jpg,Toxicodendron vernix,usda:TOVE
gbif-inat-toxic-round2:00314264,images/raw/gbif-inat-toxic-round2/toxicodendron_vernix/5176751707_1.jpg,Toxicodendron vernix,usda:TOVE
gbif-inat-toxic-round2:00314104,images/raw/gbif-inat-toxic-round2/toxicodendron_vernix/5133669283_1.jpg,Toxicodendron vernix,usda:TOVE
gbif-inat-toxic-round2:00314239,images/raw/gbif-inat-toxic-round2/toxicodendron_vernix/5177147880_1.jpg,Toxicodendron vernix,usda:TOVE
gbif-inat-toxic-round2:00313905,images/raw/gbif-inat-toxic-round2/toxicodendron_vernix/5037043387_2.jpg,Toxicodendron vernix,usda:TOVE
gbif-inat-toxic-round2:00314107,images/raw/gbif-inat-toxic-round2/toxicodendron_vernix/5133786165_2.jpg,Toxicodendron vernix,usda:TOVE
gbif-inat:00001079,images/raw/gbif-inat/toxicodendron_vernix/6179290070_1.jpg,Toxicodendron vernix,usda:TOVE
gbif-inat-toxic-round2:00314058,images/raw/gbif-inat-toxic-round2/toxicodendron_vernix/5063767037_5.jpg,Toxicodendron vernix,usda:TOVE
gbif-inat-toxic-round2:00313969,images/raw/gbif-inat-toxic-round2/toxicodendron_vernix/5063382959_1.jpg,Toxicodendron vernix,usda:TOVE
gbif-inat-toxic-round2:00314142,images/raw/gbif-inat-toxic-round2/toxicodendron_vernix/5154859483_3.jpg,Toxicodendron vernix,usda:TOVE
gbif-inat-toxic-round2:00314050,images/raw/gbif-inat-toxic-round2/toxicodendron_vernix/5063723059_1.jpg,Toxicodendron vernix,usda:TOVE
gbif-inat:00003846,images/raw/gbif-inat/toxicodendron_vernix/6185711278_1.jpg,Toxicodendron vernix,usda:TOVE
gbif-inat:00001056,images/raw/gbif-inat/toxicodendron_vernix/5938325428_2.jpg,Toxicodendron vernix,usda:TOVE
gbif-inat:00003888,images/raw/gbif-inat/toxicodendron_vernix/6252475181_3.jpg,Toxicodendron vernix,usda:TOVE
gbif-inat-toxic-round2:00314248,images/raw/gbif-inat-toxic-round2/toxicodendron_vernix/5216052664_1.jpg,Toxicodendron vernix,usda:TOVE
gbif-inat-toxic-round2:00314042,images/raw/gbif-inat-toxic-round2/toxicodendron_vernix/5063439165_1.jpg,Toxicodendron vernix,usda:TOVE
gbif-inat-toxic-round2:00314184,images/raw/gbif-inat-toxic-round2/toxicodendron_vernix/5168173342_1.jpg,Toxicodendron vernix,usda:TOVE
gbif-inat-toxic-round2:00314108,images/raw/gbif-inat-toxic-round2/toxicodendron_vernix/5134194110_1.jpg,Toxicodendron vernix,usda:TOVE
gbif-inat-toxic-round2:00314165,images/raw/gbif-inat-toxic-round2/toxicodendron_vernix/5167738764_1.jpg,Toxicodendron vernix,usda:TOVE
gbif-inat-toxic-round2:00313950,images/raw/gbif-inat-toxic-round2/toxicodendron_vernix/5063373925_1.jpg,Toxicodendron vernix,usda:TOVE
gbif-inat-toxic-round2:00313927,images/raw/gbif-inat-toxic-round2/toxicodendron_vernix/5063359086_1.jpg,Toxicodendron vernix,usda:TOVE
gbif-inat:00003845,images/raw/gbif-inat/toxicodendron_vernix/6185526965_4.jpg,Toxicodendron vernix,usda:TOVE
gbif-inat-toxic-round2:00314133,images/raw/gbif-inat-toxic-round2/toxicodendron_vernix/5153772904_3.jpg,Toxicodendron vernix,usda:TOVE
gbif-inat:00003507,images/raw/gbif-inat/tsuga_canadensis/5938670833_1.jpg,Tsuga canadensis,usda:TSCA
gbif-inat:00003524,images/raw/gbif-inat/tsuga_canadensis/6129815020_1.jpg,Tsuga canadensis,usda:TSCA
gbif-inat:00003541,images/raw/gbif-inat/tsuga_canadensis/6129918538_3.jpg,Tsuga canadensis,usda:TSCA
gbif-inat:00003484,images/raw/gbif-inat/tsuga_canadensis/5938368555_1.jpg,Tsuga canadensis,usda:TSCA
gbif-inat:00000919,images/raw/gbif-inat/tsuga_canadensis/5938167074_1.jpg,Tsuga canadensis,usda:TSCA
gbif-inat:00000916,images/raw/gbif-inat/tsuga_canadensis/5938143293_1.jpg,Tsuga canadensis,usda:TSCA
gbif-inat:00003533,images/raw/gbif-inat/tsuga_canadensis/6129860167_1.jpg,Tsuga canadensis,usda:TSCA
gbif-inat:00003483,images/raw/gbif-inat/tsuga_canadensis/5938347076_2.jpg,Tsuga canadensis,usda:TSCA
gbif-inat:00003485,images/raw/gbif-inat/tsuga_canadensis/5938378491_1.jpg,Tsuga canadensis,usda:TSCA
gbif-inat:00003550,images/raw/gbif-inat/tsuga_canadensis/6129928650_5.jpg,Tsuga canadensis,usda:TSCA
gbif-inat:00000362,images/raw/gbif-inat/typha_angustifolia/6130217419_1.jpg,Typha angustifolia,usda:TYAN
gbif-inat:00002254,images/raw/gbif-inat/typha_angustifolia/6320249855_1.jpg,Typha angustifolia,usda:TYAN
gbif-inat:00002240,images/raw/gbif-inat/typha_angustifolia/6251974342_2.jpg,Typha angustifolia,usda:TYAN
gbif-inat:00002260,images/raw/gbif-inat/typha_angustifolia/5037201784_1.jpg,Typha angustifolia,usda:TYAN
gbif-inat:00002234,images/raw/gbif-inat/typha_angustifolia/6236511496_2.jpg,Typha angustifolia,usda:TYAN
gbif-inat:00002290,images/raw/gbif-inat/typha_angustifolia/5104348498_3.jpg,Typha angustifolia,usda:TYAN
gbif-inat:00002276,images/raw/gbif-inat/typha_angustifolia/5063861249_2.jpg,Typha angustifolia,usda:TYAN
gbif-inat:00002283,images/raw/gbif-inat/typha_angustifolia/5076991122_1.jpg,Typha angustifolia,usda:TYAN
gbif-inat:00002232,images/raw/gbif-inat/typha_angustifolia/6235456359_1.jpg,Typha angustifolia,usda:TYAN
gbif-inat:00002251,images/raw/gbif-inat/typha_angustifolia/6253291013_3.jpg,Typha angustifolia,usda:TYAN
gbif-inat:00002178,images/raw/gbif-inat/typha_latifolia/6162995709_2.jpg,Typha latifolia,usda:TYLA
gbif-inat:00002168,images/raw/gbif-inat/typha_latifolia/6147405718_1.jpg,Typha latifolia,usda:TYLA
gbif-inat:00002217,images/raw/gbif-inat/typha_latifolia/6185092034_3.jpg,Typha latifolia,usda:TYLA
gbif-inat:00002195,images/raw/gbif-inat/typha_latifolia/6178755473_2.jpg,Typha latifolia,usda:TYLA
gbif-inat:00002179,images/raw/gbif-inat/typha_latifolia/6162995709_3.jpg,Typha latifolia,usda:TYLA
gbif-inat:00002197,images/raw/gbif-inat/typha_latifolia/6179470722_1.jpg,Typha latifolia,usda:TYLA
gbif-inat:00000358,images/raw/gbif-inat/typha_latifolia/6131159994_1.jpg,Typha latifolia,usda:TYLA
gbif-inat:00000343,images/raw/gbif-inat/typha_latifolia/6130026786_1.jpg,Typha latifolia,usda:TYLA
gbif-inat:00000350,images/raw/gbif-inat/typha_latifolia/6130751243_2.jpg,Typha latifolia,usda:TYLA
gbif-inat:00000353,images/raw/gbif-inat/typha_latifolia/6130951343_1.jpg,Typha latifolia,usda:TYLA
gbif-inat:00004370,images/raw/gbif-inat/urtica_dioica/6235506708_1.jpg,Urtica dioica,usda:URDI
gbif-inat:00004361,images/raw/gbif-inat/urtica_dioica/6235189415_5.jpg,Urtica dioica,usda:URDI
gbif-inat:00004344,images/raw/gbif-inat/urtica_dioica/6234366664_1.jpg,Urtica dioica,usda:URDI
gbif-inat:00004341,images/raw/gbif-inat/urtica_dioica/6234303021_1.jpg,Urtica dioica,usda:URDI
gbif-inat:00004355,images/raw/gbif-inat/urtica_dioica/6234828841_1.jpg,Urtica dioica,usda:URDI
gbif-inat:00004378,images/raw/gbif-inat/urtica_dioica/6235649566_1.jpg,Urtica dioica,usda:URDI
gbif-inat:00004363,images/raw/gbif-inat/urtica_dioica/6235236633_1.jpg,Urtica dioica,usda:URDI
gbif-inat:00004371,images/raw/gbif-inat/urtica_dioica/6235506708_2.jpg,Urtica dioica,usda:URDI
gbif-inat:00004354,images/raw/gbif-inat/urtica_dioica/6234772492_2.jpg,Urtica dioica,usda:URDI
gbif-inat:00004369,images/raw/gbif-inat/urtica_dioica/6235453736_1.jpg,Urtica dioica,usda:URDI
gbif-inat:00002629,images/raw/gbif-inat/vaccinium_angustifolium/6236292223_2.jpg,Vaccinium angustifolium,usda:VAAN
gbif-inat:00002603,images/raw/gbif-inat/vaccinium_angustifolium/6234985461_1.jpg,Vaccinium angustifolium,usda:VAAN
gbif-inat:00002625,images/raw/gbif-inat/vaccinium_angustifolium/6236069600_2.jpg,Vaccinium angustifolium,usda:VAAN
gbif-inat:00002573,images/raw/gbif-inat/vaccinium_angustifolium/6234557044_4.jpg,Vaccinium angustifolium,usda:VAAN
gbif-inat:00002632,images/raw/gbif-inat/vaccinium_angustifolium/6236343481_3.jpg,Vaccinium angustifolium,usda:VAAN
gbif-inat:00002621,images/raw/gbif-inat/vaccinium_angustifolium/6235877919_1.jpg,Vaccinium angustifolium,usda:VAAN
gbif-inat:00002623,images/raw/gbif-inat/vaccinium_angustifolium/6236027442_1.jpg,Vaccinium angustifolium,usda:VAAN
gbif-inat:00000534,images/raw/gbif-inat/vaccinium_angustifolium/6234461521_2.jpg,Vaccinium angustifolium,usda:VAAN
gbif-inat:00000531,images/raw/gbif-inat/vaccinium_angustifolium/6234377873_1.jpg,Vaccinium angustifolium,usda:VAAN
gbif-inat:00002626,images/raw/gbif-inat/vaccinium_angustifolium/6236069600_3.jpg,Vaccinium angustifolium,usda:VAAN
gbif-inat:00002517,images/raw/gbif-inat/vaccinium_corymbosum/6159198539_5.jpg,Vaccinium corymbosum,usda:VACO
gbif-inat:00002537,images/raw/gbif-inat/vaccinium_corymbosum/6159507492_3.jpg,Vaccinium corymbosum,usda:VACO
gbif-inat:00000492,images/raw/gbif-inat/vaccinium_corymbosum/6130978639_2.jpg,Vaccinium corymbosum,usda:VACO
gbif-inat:00002527,images/raw/gbif-inat/vaccinium_corymbosum/6159266794_3.jpg,Vaccinium corymbosum,usda:VACO
gbif-inat:00002553,images/raw/gbif-inat/vaccinium_corymbosum/6162940960_2.jpg,Vaccinium corymbosum,usda:VACO
gbif-inat:00000505,images/raw/gbif-inat/vaccinium_corymbosum/6133139311_4.jpg,Vaccinium corymbosum,usda:VACO
gbif-inat:00002558,images/raw/gbif-inat/vaccinium_corymbosum/6163145736_2.jpg,Vaccinium corymbosum,usda:VACO
gbif-inat:00002520,images/raw/gbif-inat/vaccinium_corymbosum/6159228909_2.jpg,Vaccinium corymbosum,usda:VACO
gbif-inat:00000482,images/raw/gbif-inat/vaccinium_corymbosum/6129909038_1.jpg,Vaccinium corymbosum,usda:VACO
gbif-inat:00002536,images/raw/gbif-inat/vaccinium_corymbosum/6159507492_2.jpg,Vaccinium corymbosum,usda:VACO
gbif-inat-toxic-round2:00312970,images/raw/gbif-inat-toxic-round2/zigadenus_glaberrimus/4952291555_1.jpg,Zigadenus glaberrimus,usda:ZIGL
gbif-inat-toxic-round2:00313061,images/raw/gbif-inat-toxic-round2/zigadenus_glaberrimus/3384711779_5.jpg,Zigadenus glaberrimus,usda:ZIGL
gbif-inat-toxic-round2:00312990,images/raw/gbif-inat-toxic-round2/zigadenus_glaberrimus/3925192234_5.jpg,Zigadenus glaberrimus,usda:ZIGL
gbif-inat-toxic-round2:00313044,images/raw/gbif-inat-toxic-round2/zigadenus_glaberrimus/4993990780_3.jpg,Zigadenus glaberrimus,usda:ZIGL
gbif-inat-toxic-round2:00312746,images/raw/gbif-inat-toxic-round2/zigadenus_glaberrimus/5063920374_2.jpg,Zigadenus glaberrimus,usda:ZIGL
gbif-inat-toxic-round2:00312887,images/raw/gbif-inat-toxic-round2/zigadenus_glaberrimus/4421165869_2.jpg,Zigadenus glaberrimus,usda:ZIGL
gbif-inat-toxic-round2:00312939,images/raw/gbif-inat-toxic-round2/zigadenus_glaberrimus/3881669584_1.jpg,Zigadenus glaberrimus,usda:ZIGL
gbif-inat-toxic-round2:00312977,images/raw/gbif-inat-toxic-round2/zigadenus_glaberrimus/3912388402_1.jpg,Zigadenus glaberrimus,usda:ZIGL
gbif-inat-toxic-round2:00312923,images/raw/gbif-inat-toxic-round2/zigadenus_glaberrimus/3858828274_5.jpg,Zigadenus glaberrimus,usda:ZIGL
gbif-inat-toxic-round2:00312907,images/raw/gbif-inat-toxic-round2/zigadenus_glaberrimus/4436263075_1.jpg,Zigadenus glaberrimus,usda:ZIGL
gbif-inat:00001834,images/raw/gbif-inat/zigadenus_glaberrimus/5760593653_4.jpg,Zigadenus glaberrimus,usda:ZIGL
gbif-inat-toxic-round2:00313016,images/raw/gbif-inat-toxic-round2/zigadenus_glaberrimus/3337803926_1.jpg,Zigadenus glaberrimus,usda:ZIGL
gbif-inat:00000199,images/raw/gbif-inat/zigadenus_glaberrimus/5827942681_1.jpg,Zigadenus glaberrimus,usda:ZIGL
gbif-inat-toxic-round2:00312787,images/raw/gbif-inat-toxic-round2/zigadenus_glaberrimus/4954704839_1.jpg,Zigadenus glaberrimus,usda:ZIGL
gbif-inat-toxic-round2:00312848,images/raw/gbif-inat-toxic-round2/zigadenus_glaberrimus/4177466301_3.jpg,Zigadenus glaberrimus,usda:ZIGL
gbif-inat-toxic-round2:00313075,images/raw/gbif-inat-toxic-round2/zigadenus_glaberrimus/4171733379_1.jpg,Zigadenus glaberrimus,usda:ZIGL
gbif-inat-toxic-round2:00312788,images/raw/gbif-inat-toxic-round2/zigadenus_glaberrimus/4978482165_1.jpg,Zigadenus glaberrimus,usda:ZIGL
gbif-inat:00000192,images/raw/gbif-inat/zigadenus_glaberrimus/5237762826_1.jpg,Zigadenus glaberrimus,usda:ZIGL
gbif-inat-toxic-round2:00312902,images/raw/gbif-inat-toxic-round2/zigadenus_glaberrimus/4430985578_2.jpg,Zigadenus glaberrimus,usda:ZIGL
gbif-inat-toxic-round2:00313012,images/raw/gbif-inat-toxic-round2/zigadenus_glaberrimus/3335168097_4.jpg,Zigadenus glaberrimus,usda:ZIGL
gbif-inat:00000185,images/raw/gbif-inat/zigadenus_glaberrimus/5216134300_2.jpg,Zigadenus glaberrimus,usda:ZIGL
gbif-inat-toxic-round2:00312783,images/raw/gbif-inat-toxic-round2/zigadenus_glaberrimus/4954551427_1.jpg,Zigadenus glaberrimus,usda:ZIGL
gbif-inat:00001814,images/raw/gbif-inat/zigadenus_glaberrimus/5293117530_2.jpg,Zigadenus glaberrimus,usda:ZIGL
gbif-inat:00000182,images/raw/gbif-inat/zigadenus_glaberrimus/6195528678_1.jpg,Zigadenus glaberrimus,usda:ZIGL
gbif-inat-toxic-round2:00313041,images/raw/gbif-inat-toxic-round2/zigadenus_glaberrimus/4162189348_1.jpg,Zigadenus glaberrimus,usda:ZIGL
gbif-inat-toxic-round2:00312984,images/raw/gbif-inat-toxic-round2/zigadenus_glaberrimus/3925049200_1.jpg,Zigadenus glaberrimus,usda:ZIGL
gbif-inat-toxic-round2:00312741,images/raw/gbif-inat-toxic-round2/zigadenus_glaberrimus/4946396453_1.jpg,Zigadenus glaberrimus,usda:ZIGL
gbif-inat-toxic-round2:00312735,images/raw/gbif-inat-toxic-round2/zigadenus_glaberrimus/4936927296_2.jpg,Zigadenus glaberrimus,usda:ZIGL
gbif-inat-toxic-round2:00312916,images/raw/gbif-inat-toxic-round2/zigadenus_glaberrimus/4952895174_1.jpg,Zigadenus glaberrimus,usda:ZIGL
gbif-inat-toxic-round2:00312796,images/raw/gbif-inat-toxic-round2/zigadenus_glaberrimus/4153832097_1.jpg,Zigadenus glaberrimus,usda:ZIGL
gbif-inat-toxic-round2:00312862,images/raw/gbif-inat-toxic-round2/zigadenus_glaberrimus/4413720414_1.jpg,Zigadenus glaberrimus,usda:ZIGL
gbif-inat:00000189,images/raw/gbif-inat/zigadenus_glaberrimus/5231600854_2.jpg,Zigadenus glaberrimus,usda:ZIGL
gbif-inat-toxic-round2:00312892,images/raw/gbif-inat-toxic-round2/zigadenus_glaberrimus/4421165869_7.jpg,Zigadenus glaberrimus,usda:ZIGL
gbif-inat-toxic-round2:00312947,images/raw/gbif-inat-toxic-round2/zigadenus_glaberrimus/3888807098_1.jpg,Zigadenus glaberrimus,usda:ZIGL
gbif-inat-toxic-round2:00312944,images/raw/gbif-inat-toxic-round2/zigadenus_glaberrimus/3902019109_1.jpg,Zigadenus glaberrimus,usda:ZIGL
gbif-inat-toxic-round2:00312832,images/raw/gbif-inat-toxic-round2/zigadenus_glaberrimus/4172316544_1.jpg,Zigadenus glaberrimus,usda:ZIGL
gbif-inat-toxic-round2:00312685,images/raw/gbif-inat-toxic-round2/zigadenus_glaberrimus/6159343400_1.jpg,Zigadenus glaberrimus,usda:ZIGL
gbif-inat:00000193,images/raw/gbif-inat/zigadenus_glaberrimus/5237762826_2.jpg,Zigadenus glaberrimus,usda:ZIGL
gbif-inat:00001869,images/raw/gbif-inat/zigadenus_glaberrimus/5840405755_3.jpg,Zigadenus glaberrimus,usda:ZIGL
gbif-inat-toxic-round2:00312956,images/raw/gbif-inat-toxic-round2/zigadenus_glaberrimus/3902571150_3.jpg,Zigadenus glaberrimus,usda:ZIGL
gbif-inat-toxic-round2:00312708,images/raw/gbif-inat-toxic-round2/zigadenus_glaberrimus/4919358034_2.jpg,Zigadenus glaberrimus,usda:ZIGL
gbif-inat-toxic-round2:00312879,images/raw/gbif-inat-toxic-round2/zigadenus_glaberrimus/4417208644_4.jpg,Zigadenus glaberrimus,usda:ZIGL
gbif-inat-toxic-round2:00312695,images/raw/gbif-inat-toxic-round2/zigadenus_glaberrimus/4907998890_1.jpg,Zigadenus glaberrimus,usda:ZIGL
gbif-inat-toxic-round2:00312853,images/raw/gbif-inat-toxic-round2/zigadenus_glaberrimus/4399924566_3.jpg,Zigadenus glaberrimus,usda:ZIGL
gbif-inat:00001864,images/raw/gbif-inat/zigadenus_glaberrimus/5840032566_2.jpg,Zigadenus glaberrimus,usda:ZIGL
gbif-inat-toxic-round2:00312773,images/raw/gbif-inat-toxic-round2/zigadenus_glaberrimus/4945975291_1.jpg,Zigadenus glaberrimus,usda:ZIGL
gbif-inat-toxic-round2:00312995,images/raw/gbif-inat-toxic-round2/zigadenus_glaberrimus/3985874746_1.jpg,Zigadenus glaberrimus,usda:ZIGL
gbif-inat:00001839,images/raw/gbif-inat/zigadenus_glaberrimus/5828504363_3.jpg,Zigadenus glaberrimus,usda:ZIGL
gbif-inat-toxic-round2:00312991,images/raw/gbif-inat-toxic-round2/zigadenus_glaberrimus/3925192234_6.jpg,Zigadenus glaberrimus,usda:ZIGL
gbif-inat-toxic-round2:00312805,images/raw/gbif-inat-toxic-round2/zigadenus_glaberrimus/4171281580_1.jpg,Zigadenus glaberrimus,usda:ZIGL
gbif-inat-toxic-round2:00312412,images/raw/gbif-inat-toxic-round2/zigadenus_paniculatus/6273255336_1.jpg,Zigadenus paniculatus,usda:ZIPA2
gbif-inat-toxic-round2:00312479,images/raw/gbif-inat-toxic-round2/zigadenus_paniculatus/5087868590_7.jpg,Zigadenus paniculatus,usda:ZIPA2
gbif-inat-toxic-round2:00312549,images/raw/gbif-inat-toxic-round2/zigadenus_paniculatus/5134097995_4.jpg,Zigadenus paniculatus,usda:ZIPA2
gbif-inat-toxic-round2:00312602,images/raw/gbif-inat-toxic-round2/zigadenus_paniculatus/5140131646_3.jpg,Zigadenus paniculatus,usda:ZIPA2
gbif-inat-toxic-round2:00312611,images/raw/gbif-inat-toxic-round2/zigadenus_paniculatus/5140351684_2.jpg,Zigadenus paniculatus,usda:ZIPA2
gbif-inat-toxic-round2:00312312,images/raw/gbif-inat-toxic-round2/zigadenus_paniculatus/6235701590_2.jpg,Zigadenus paniculatus,usda:ZIPA2
gbif-inat-toxic-round2:00312635,images/raw/gbif-inat-toxic-round2/zigadenus_paniculatus/5141103577_3.jpg,Zigadenus paniculatus,usda:ZIPA2
gbif-inat-toxic-round2:00312588,images/raw/gbif-inat-toxic-round2/zigadenus_paniculatus/5140019875_2.jpg,Zigadenus paniculatus,usda:ZIPA2
gbif-inat-toxic-round2:00312426,images/raw/gbif-inat-toxic-round2/zigadenus_paniculatus/6273567780_2.jpg,Zigadenus paniculatus,usda:ZIPA2
gbif-inat-toxic-round2:00312673,images/raw/gbif-inat-toxic-round2/zigadenus_paniculatus/5153910838_2.jpg,Zigadenus paniculatus,usda:ZIPA2
gbif-inat-toxic-round2:00312372,images/raw/gbif-inat-toxic-round2/zigadenus_paniculatus/6273578153_1.jpg,Zigadenus paniculatus,usda:ZIPA2
gbif-inat-toxic-round2:00312308,images/raw/gbif-inat-toxic-round2/zigadenus_paniculatus/6235636680_1.jpg,Zigadenus paniculatus,usda:ZIPA2
gbif-inat-toxic-round2:00312430,images/raw/gbif-inat-toxic-round2/zigadenus_paniculatus/6273705575_3.jpg,Zigadenus paniculatus,usda:ZIPA2
gbif-inat-toxic-round2:00312615,images/raw/gbif-inat-toxic-round2/zigadenus_paniculatus/5140440187_1.jpg,Zigadenus paniculatus,usda:ZIPA2
gbif-inat:00001778,images/raw/gbif-inat/zigadenus_paniculatus/6234185474_1.jpg,Zigadenus paniculatus,usda:ZIPA2
gbif-inat-toxic-round2:00312313,images/raw/gbif-inat-toxic-round2/zigadenus_paniculatus/6235797335_1.jpg,Zigadenus paniculatus,usda:ZIPA2
gbif-inat-toxic-round2:00312354,images/raw/gbif-inat-toxic-round2/zigadenus_paniculatus/6252290957_3.jpg,Zigadenus paniculatus,usda:ZIPA2
gbif-inat-toxic-round2:00312339,images/raw/gbif-inat-toxic-round2/zigadenus_paniculatus/6236526786_2.jpg,Zigadenus paniculatus,usda:ZIPA2
gbif-inat-toxic-round2:00312435,images/raw/gbif-inat-toxic-round2/zigadenus_paniculatus/6273967916_1.jpg,Zigadenus paniculatus,usda:ZIPA2
gbif-inat-toxic-round2:00312279,images/raw/gbif-inat-toxic-round2/zigadenus_paniculatus/6234794168_1.jpg,Zigadenus paniculatus,usda:ZIPA2
gbif-inat:00001733,images/raw/gbif-inat/zigadenus_paniculatus/6188469163_1.jpg,Zigadenus paniculatus,usda:ZIPA2
gbif-inat:00001732,images/raw/gbif-inat/zigadenus_paniculatus/6188253708_1.jpg,Zigadenus paniculatus,usda:ZIPA2
gbif-inat-toxic-round2:00312505,images/raw/gbif-inat-toxic-round2/zigadenus_paniculatus/5104750365_2.jpg,Zigadenus paniculatus,usda:ZIPA2
gbif-inat:00000173,images/raw/gbif-inat/zigadenus_paniculatus/6185730635_1.jpg,Zigadenus paniculatus,usda:ZIPA2
gbif-inat-toxic-round2:00312335,images/raw/gbif-inat-toxic-round2/zigadenus_paniculatus/6236475479_2.jpg,Zigadenus paniculatus,usda:ZIPA2
gbif-inat-toxic-round2:00312552,images/raw/gbif-inat-toxic-round2/zigadenus_paniculatus/5134159620_1.jpg,Zigadenus paniculatus,usda:ZIPA2
gbif-inat-toxic-round2:00312557,images/raw/gbif-inat-toxic-round2/zigadenus_paniculatus/5134250306_2.jpg,Zigadenus paniculatus,usda:ZIPA2
gbif-inat:00001756,images/raw/gbif-inat/zigadenus_paniculatus/6195244431_1.jpg,Zigadenus paniculatus,usda:ZIPA2
gbif-inat-toxic-round2:00312383,images/raw/gbif-inat-toxic-round2/zigadenus_paniculatus/6320060587_2.jpg,Zigadenus paniculatus,usda:ZIPA2
gbif-inat-toxic-round2:00312638,images/raw/gbif-inat-toxic-round2/zigadenus_paniculatus/5141134810_3.jpg,Zigadenus paniculatus,usda:ZIPA2
gbif-inat:00001748,images/raw/gbif-inat/zigadenus_paniculatus/6188049242_2.jpg,Zigadenus paniculatus,usda:ZIPA2
gbif-inat:00000167,images/raw/gbif-inat/zigadenus_paniculatus/6184764524_2.jpg,Zigadenus paniculatus,usda:ZIPA2
gbif-inat-toxic-round2:00312528,images/raw/gbif-inat-toxic-round2/zigadenus_paniculatus/5133774197_4.jpg,Zigadenus paniculatus,usda:ZIPA2
gbif-inat-toxic-round2:00312395,images/raw/gbif-inat-toxic-round2/zigadenus_paniculatus/6320213445_5.jpg,Zigadenus paniculatus,usda:ZIPA2
gbif-inat-toxic-round2:00312450,images/raw/gbif-inat-toxic-round2/zigadenus_paniculatus/6320726578_1.jpg,Zigadenus paniculatus,usda:ZIPA2
gbif-inat-toxic-round2:00312441,images/raw/gbif-inat-toxic-round2/zigadenus_paniculatus/6274227077_1.jpg,Zigadenus paniculatus,usda:ZIPA2
gbif-inat:00000153,images/raw/gbif-inat/zigadenus_paniculatus/6147634245_2.jpg,Zigadenus paniculatus,usda:ZIPA2
gbif-inat-toxic-round2:00312349,images/raw/gbif-inat-toxic-round2/zigadenus_paniculatus/6252200299_2.jpg,Zigadenus paniculatus,usda:ZIPA2
gbif-inat:00001757,images/raw/gbif-inat/zigadenus_paniculatus/6195246619_1.jpg,Zigadenus paniculatus,usda:ZIPA2
gbif-inat-toxic-round2:00312365,images/raw/gbif-inat-toxic-round2/zigadenus_paniculatus/6253225705_1.jpg,Zigadenus paniculatus,usda:ZIPA2
gbif-inat-toxic-round2:00312497,images/raw/gbif-inat-toxic-round2/zigadenus_paniculatus/5104615180_1.jpg,Zigadenus paniculatus,usda:ZIPA2
gbif-inat-toxic-round2:00312659,images/raw/gbif-inat-toxic-round2/zigadenus_paniculatus/5153508876_5.jpg,Zigadenus paniculatus,usda:ZIPA2
gbif-inat-toxic-round2:00312403,images/raw/gbif-inat-toxic-round2/zigadenus_paniculatus/6251899326_1.jpg,Zigadenus paniculatus,usda:ZIPA2
gbif-inat-toxic-round2:00312290,images/raw/gbif-inat-toxic-round2/zigadenus_paniculatus/6235145562_1.jpg,Zigadenus paniculatus,usda:ZIPA2
gbif-inat-toxic-round2:00312571,images/raw/gbif-inat-toxic-round2/zigadenus_paniculatus/5134623695_1.jpg,Zigadenus paniculatus,usda:ZIPA2
gbif-inat-toxic-round2:00312278,images/raw/gbif-inat-toxic-round2/zigadenus_paniculatus/6234740970_3.jpg,Zigadenus paniculatus,usda:ZIPA2
gbif-inat:00001794,images/raw/gbif-inat/zigadenus_paniculatus/6234410874_1.jpg,Zigadenus paniculatus,usda:ZIPA2
gbif-inat-toxic-round2:00312652,images/raw/gbif-inat-toxic-round2/zigadenus_paniculatus/5153322832_1.jpg,Zigadenus paniculatus,usda:ZIPA2
gbif-inat-toxic-round2:00312572,images/raw/gbif-inat-toxic-round2/zigadenus_paniculatus/5134623695_2.jpg,Zigadenus paniculatus,usda:ZIPA2
gbif-inat-toxic-round2:00312314,images/raw/gbif-inat-toxic-round2/zigadenus_paniculatus/6235797335_2.jpg,Zigadenus paniculatus,usda:ZIPA2
gbif-inat-toxic-round2:00312041,images/raw/gbif-inat-toxic-round2/zigadenus_venenosus/5932576746_1.jpg,Zigadenus venenosus,usda:ZIVE
gbif-inat-toxic-round2:00312024,images/raw/gbif-inat-toxic-round2/zigadenus_venenosus/5154387031_1.jpg,Zigadenus venenosus,usda:ZIVE
gbif-inat-toxic-round2:00312105,images/raw/gbif-inat-toxic-round2/zigadenus_venenosus/5167221604_1.jpg,Zigadenus venenosus,usda:ZIVE
gbif-inat-toxic-round2:00312118,images/raw/gbif-inat-toxic-round2/zigadenus_venenosus/5167470922_1.jpg,Zigadenus venenosus,usda:ZIVE
gbif-inat-toxic-round2:00311994,images/raw/gbif-inat-toxic-round2/zigadenus_venenosus/5133797178_1.jpg,Zigadenus venenosus,usda:ZIVE
gbif-inat:00001690,images/raw/gbif-inat/zigadenus_venenosus/6235560509_1.jpg,Zigadenus venenosus,usda:ZIVE
gbif-inat-toxic-round2:00312100,images/raw/gbif-inat-toxic-round2/zigadenus_venenosus/5167174167_1.jpg,Zigadenus venenosus,usda:ZIVE
gbif-inat-toxic-round2:00312225,images/raw/gbif-inat-toxic-round2/zigadenus_venenosus/5760667332_1.jpg,Zigadenus venenosus,usda:ZIVE
gbif-inat-toxic-round2:00311956,images/raw/gbif-inat-toxic-round2/zigadenus_venenosus/6320305589_1.jpg,Zigadenus venenosus,usda:ZIVE
gbif-inat-toxic-round2:00311896,images/raw/gbif-inat-toxic-round2/zigadenus_venenosus/6273463015_2.jpg,Zigadenus venenosus,usda:ZIVE
gbif-inat-toxic-round2:00312240,images/raw/gbif-inat-toxic-round2/zigadenus_venenosus/5889809341_1.jpg,Zigadenus venenosus,usda:ZIVE
gbif-inat-toxic-round2:00312109,images/raw/gbif-inat-toxic-round2/zigadenus_venenosus/5167337721_3.jpg,Zigadenus venenosus,usda:ZIVE
gbif-inat-toxic-round2:00311932,images/raw/gbif-inat-toxic-round2/zigadenus_venenosus/6274139095_1.jpg,Zigadenus venenosus,usda:ZIVE
gbif-inat-toxic-round2:00312059,images/raw/gbif-inat-toxic-round2/zigadenus_venenosus/5153410118_2.jpg,Zigadenus venenosus,usda:ZIVE
gbif-inat:00001716,images/raw/gbif-inat/zigadenus_venenosus/6273665103_4.jpg,Zigadenus venenosus,usda:ZIVE
gbif-inat:00001702,images/raw/gbif-inat/zigadenus_venenosus/6252802465_2.jpg,Zigadenus venenosus,usda:ZIVE
gbif-inat-toxic-round2:00312076,images/raw/gbif-inat-toxic-round2/zigadenus_venenosus/5154843343_1.jpg,Zigadenus venenosus,usda:ZIVE
gbif-inat-toxic-round2:00312114,images/raw/gbif-inat-toxic-round2/zigadenus_venenosus/5167426308_1.jpg,Zigadenus venenosus,usda:ZIVE
gbif-inat-toxic-round2:00311965,images/raw/gbif-inat-toxic-round2/zigadenus_venenosus/6320520519_2.jpg,Zigadenus venenosus,usda:ZIVE
gbif-inat-toxic-round2:00312211,images/raw/gbif-inat-toxic-round2/zigadenus_venenosus/5282103474_5.jpg,Zigadenus venenosus,usda:ZIVE
gbif-inat-toxic-round2:00311933,images/raw/gbif-inat-toxic-round2/zigadenus_venenosus/6274139095_2.jpg,Zigadenus venenosus,usda:ZIVE
gbif-inat-toxic-round2:00311976,images/raw/gbif-inat-toxic-round2/zigadenus_venenosus/6320707967_2.jpg,Zigadenus venenosus,usda:ZIVE
gbif-inat-toxic-round2:00312195,images/raw/gbif-inat-toxic-round2/zigadenus_venenosus/5205860024_1.jpg,Zigadenus venenosus,usda:ZIVE
gbif-inat-toxic-round2:00312228,images/raw/gbif-inat-toxic-round2/zigadenus_venenosus/5761030442_1.jpg,Zigadenus venenosus,usda:ZIVE
gbif-inat-toxic-round2:00312170,images/raw/gbif-inat-toxic-round2/zigadenus_venenosus/5177086393_2.jpg,Zigadenus venenosus,usda:ZIVE
gbif-inat-toxic-round2:00312232,images/raw/gbif-inat-toxic-round2/zigadenus_venenosus/5761074385_2.jpg,Zigadenus venenosus,usda:ZIVE
gbif-inat-toxic-round2:00312065,images/raw/gbif-inat-toxic-round2/zigadenus_venenosus/5153726220_2.jpg,Zigadenus venenosus,usda:ZIVE
gbif-inat-toxic-round2:00311964,images/raw/gbif-inat-toxic-round2/zigadenus_venenosus/6320520519_1.jpg,Zigadenus venenosus,usda:ZIVE
gbif-inat:00000130,images/raw/gbif-inat/zigadenus_venenosus/6185928095_1.jpg,Zigadenus venenosus,usda:ZIVE
gbif-inat:00000128,images/raw/gbif-inat/zigadenus_venenosus/6185712342_1.jpg,Zigadenus venenosus,usda:ZIVE
gbif-inat-toxic-round2:00311947,images/raw/gbif-inat-toxic-round2/zigadenus_venenosus/6320129719_1.jpg,Zigadenus venenosus,usda:ZIVE
gbif-inat-toxic-round2:00311996,images/raw/gbif-inat-toxic-round2/zigadenus_venenosus/5133836928_1.jpg,Zigadenus venenosus,usda:ZIVE
gbif-inat-toxic-round2:00311942,images/raw/gbif-inat-toxic-round2/zigadenus_venenosus/6274199404_2.jpg,Zigadenus venenosus,usda:ZIVE
gbif-inat-toxic-round2:00312044,images/raw/gbif-inat-toxic-round2/zigadenus_venenosus/5935436746_2.jpg,Zigadenus venenosus,usda:ZIVE
gbif-inat-toxic-round2:00312258,images/raw/gbif-inat-toxic-round2/zigadenus_venenosus/6130541467_3.jpg,Zigadenus venenosus,usda:ZIVE
gbif-inat-toxic-round2:00312112,images/raw/gbif-inat-toxic-round2/zigadenus_venenosus/5167339681_1.jpg,Zigadenus venenosus,usda:ZIVE
gbif-inat-toxic-round2:00311960,images/raw/gbif-inat-toxic-round2/zigadenus_venenosus/6320359311_2.jpg,Zigadenus venenosus,usda:ZIVE
gbif-inat-toxic-round2:00311959,images/raw/gbif-inat-toxic-round2/zigadenus_venenosus/6320359311_1.jpg,Zigadenus venenosus,usda:ZIVE
gbif-inat-toxic-round2:00312015,images/raw/gbif-inat-toxic-round2/zigadenus_venenosus/5140527492_2.jpg,Zigadenus venenosus,usda:ZIVE
gbif-inat-toxic-round2:00311977,images/raw/gbif-inat-toxic-round2/zigadenus_venenosus/6320707967_3.jpg,Zigadenus venenosus,usda:ZIVE
gbif-inat-toxic-round2:00312272,images/raw/gbif-inat-toxic-round2/zigadenus_venenosus/6178533466_3.jpg,Zigadenus venenosus,usda:ZIVE
gbif-inat-toxic-round2:00311905,images/raw/gbif-inat-toxic-round2/zigadenus_venenosus/6273570088_2.jpg,Zigadenus venenosus,usda:ZIVE
gbif-inat-toxic-round2:00312175,images/raw/gbif-inat-toxic-round2/zigadenus_venenosus/5187538632_4.jpg,Zigadenus venenosus,usda:ZIVE
gbif-inat-toxic-round2:00312132,images/raw/gbif-inat-toxic-round2/zigadenus_venenosus/5167756129_6.jpg,Zigadenus venenosus,usda:ZIVE
gbif-inat-toxic-round2:00312276,images/raw/gbif-inat-toxic-round2/zigadenus_venenosus/6178870567_2.jpg,Zigadenus venenosus,usda:ZIVE
gbif-inat:00001707,images/raw/gbif-inat/zigadenus_venenosus/6253338913_2.jpg,Zigadenus venenosus,usda:ZIVE
gbif-inat-toxic-round2:00312034,images/raw/gbif-inat-toxic-round2/zigadenus_venenosus/5292876861_1.jpg,Zigadenus venenosus,usda:ZIVE
gbif-inat-toxic-round2:00312004,images/raw/gbif-inat-toxic-round2/zigadenus_venenosus/5140021190_2.jpg,Zigadenus venenosus,usda:ZIVE
gbif-inat-toxic-round2:00312003,images/raw/gbif-inat-toxic-round2/zigadenus_venenosus/5140021190_1.jpg,Zigadenus venenosus,usda:ZIVE
gbif-inat-toxic-round2:00312060,images/raw/gbif-inat-toxic-round2/zigadenus_venenosus/5153514751_1.jpg,Zigadenus venenosus,usda:ZIVE
