image_id,path,scientific_name,taxon_id
gbif-inat:00000729,images/raw/gbif-inat/acer_rubrum/5938370672_2.jpg,Acer rubrum,usda:ACRU
gbif-inat:00003083,images/raw/gbif-inat/acer_rubrum/6130480344_1.jpg,Acer rubrum,usda:ACRU
gbif-inat:00003118,images/raw/gbif-inat/acer_rubrum/6130726654_3.jpg,Acer rubrum,usda:ACRU
gbif-inat:00003107,images/raw/gbif-inat/acer_rubrum/6130696702_1.jpg,Acer rubrum,usda:ACRU
gbif-inat:00000741,images/raw/gbif-inat/acer_rubrum/6130010071_2.jpg,Acer rubrum,usda:ACRU
gbif-inat:00000747,images/raw/gbif-inat/acer_rubrum/6130159770_1.jpg,Acer rubrum,usda:ACRU
gbif-inat:00003093,images/raw/gbif-inat/acer_rubrum/6130627432_1.jpg,Acer rubrum,usda:ACRU
gbif-inat:00003120,images/raw/gbif-inat/acer_rubrum/6130740529_1.jpg,Acer rubrum,usda:ACRU
gbif-inat:00003076,images/raw/gbif-inat/acer_rubrum/6130372323_1.jpg,Acer rubrum,usda:ACRU
gbif-inat:00000743,images/raw/gbif-inat/acer_rubrum/6130029085_1.jpg,Acer rubrum,usda:ACRU
gbif-inat:00003089,images/raw/gbif-inat/acer_rubrum/6130591676_4.jpg,Acer rubrum,usda:ACRU
gbif-inat:00003086,images/raw/gbif-inat/acer_rubrum/6130591676_1.jpg,Acer rubrum,usda:ACRU
gbif-inat:00000735,images/raw/gbif-inat/acer_rubrum/6129814203_1.jpg,Acer rubrum,usda:ACRU
gbif-inat:00003068,images/raw/gbif-inat/acer_rubrum/6130267557_2.jpg,Acer rubrum,usda:ACRU
gbif-inat:00003073,images/raw/gbif-inat/acer_rubrum/6130330636_1.jpg,Acer rubrum,usda:ACRU
gbif-inat:00003088,images/raw/gbif-inat/acer_rubrum/6130591676_3.jpg,Acer rubrum,usda:ACRU
gbif-inat:00003126,images/raw/gbif-inat/acer_rubrum/6130802763_1.jpg,Acer rubrum,usda:ACRU
gbif-inat:00003072,images/raw/gbif-inat/acer_rubrum/6130320830_1.jpg,Acer rubrum,usda:ACRU
gbif-inat:00000746,images/raw/gbif-inat/acer_rubrum/6130120135_1.jpg,Acer rubrum,usda:ACRU
gbif-inat:00003128,images/raw/gbif-inat/acer_rubrum/6130818012_1.jpg,Acer rubrum,usda:ACRU
gbif-inat:00003100,images/raw/gbif-inat/acer_rubrum/6130638803_2.jpg,Acer rubrum,usda:ACRU
gbif-inat:00003098,images/raw/gbif-inat/acer_rubrum/6130635456_1.jpg,Acer rubrum,usda:ACRU
gbif-inat:00003070,images/raw/gbif-inat/acer_rubrum/6130267557_4.jpg,Acer rubrum,usda:ACRU
gbif-inat:00003129,images/raw/gbif-inat/acer_rubrum/6130818012_2.jpg,Acer rubrum,usda:ACRU
gbif-inat:00003101,images/raw/gbif-inat/acer_rubrum/6130638803_3.jpg,Acer rubrum,usda:ACRU
gbif-inat:00003081,images/raw/gbif-inat/acer_rubrum/6130445293_2.jpg,Acer rubrum,usda:ACRU
gbif-inat:00003090,images/raw/gbif-inat/acer_rubrum/6130607190_1.jpg,Acer rubrum,usda:ACRU
gbif-inat:00000724,images/raw/gbif-inat/acer_rubrum/5938359968_1.jpg,Acer rubrum,usda:ACRU
gbif-inat:00000737,images/raw/gbif-inat/acer_rubrum/6129836118_1.jpg,Acer rubrum,usda:ACRU
gbif-inat:00003102,images/raw/gbif-inat/acer_rubrum/6130638803_4.jpg,Acer rubrum,usda:ACRU
gbif-inat:00003104,images/raw/gbif-inat/acer_rubrum/6130672429_2.jpg,Acer rubrum,usda:ACRU
gbif-inat:00003085,images/raw/gbif-inat/acer_rubrum/6130578718_1.jpg,Acer rubrum,usda:ACRU
gbif-inat:00003127,images/raw/gbif-inat/acer_rubrum/6130802763_2.jpg,Acer rubrum,usda:ACRU
gbif-inat:00000733,images/raw/gbif-inat/acer_rubrum/5938590227_1.jpg,Acer rubrum,usda:ACRU
gbif-inat:00003112,images/raw/gbif-inat/acer_rubrum/6130710891_1.jpg,Acer rubrum,usda:ACRU
gbif-inat:00000728,images/raw/gbif-inat/acer_rubrum/5938370672_1.jpg,Acer rubrum,usda:ACRU
gbif-inat:00003116,images/raw/gbif-inat/acer_rubrum/6130726654_1.jpg,Acer rubrum,usda:ACRU
gbif-inat:00000749,images/raw/gbif-inat/acer_rubrum/6130214472_1.jpg,Acer rubrum,usda:ACRU
gbif-inat:00003079,images/raw/gbif-inat/acer_rubrum/6130424504_1.jpg,Acer rubrum,usda:ACRU
gbif-inat:00003122,images/raw/gbif-inat/acer_rubrum/6130740529_3.jpg,Acer rubrum,usda:ACRU
gbif-inat:00003110,images/raw/gbif-inat/acer_rubrum/6130696702_4.jpg,Acer rubrum,usda:ACRU
gbif-inat:00000726,images/raw/gbif-inat/acer_rubrum/5938359968_3.jpg,Acer rubrum,usda:ACRU
gbif-inat:00003063,images/raw/gbif-inat/acer_rubrum/6130227392_1.jpg,Acer rubrum,usda:ACRU
gbif-inat:00000740,images/raw/gbif-inat/acer_rubrum/6130010071_1.jpg,Acer rubrum,usda:ACRU
gbif-inat:00003067,images/raw/gbif-inat/acer_rubrum/6130267557_1.jpg,Acer rubrum,usda:ACRU
gbif-inat:00003091,images/raw/gbif-inat/acer_rubrum/6130607190_2.jpg,Acer rubrum,usda:ACRU
gbif-inat:00003108,images/raw/gbif-inat/acer_rubrum/6130696702_2.jpg,Acer rubrum,usda:ACRU
gbif-inat:00003097,images/raw/gbif-inat/acer_rubrum/6130631037_4.jpg,Acer rubrum,usda:ACRU
gbif-inat:00000742,images/raw/gbif-inat/acer_rubrum/6130010071_3.jpg,Acer rubrum,usda:ACRU
gbif-inat:00003103,images/raw/gbif-inat/acer_rubrum/6130672429_1.jpg,Acer rubrum,usda:ACRU
gbif-inat:00000723,images/raw/gbif-inat/acer_rubrum/5938354643_1.jpg,Acer rubrum,usda:ACRU
gbif-inat:00003064,images/raw/gbif-inat/acer_rubrum/6130227924_1.jpg,Acer rubrum,usda:ACRU
gbif-inat:00000731,images/raw/gbif-inat/acer_rubrum/5938489572_2.jpg,Acer rubrum,usda:ACRU
gbif-inat:00003106,images/raw/gbif-inat/acer_rubrum/6130672429_4.jpg,Acer rubrum,usda:ACRU
gbif-inat:00003084,images/raw/gbif-inat/acer_rubrum/6130482112_1.jpg,Acer rubrum,usda:ACRU
gbif-inat:00003130,images/raw/gbif-inat/acer_rubrum/6130849088_1.jpg,Acer rubrum,usda:ACRU
gbif-inat:00003062,images/raw/gbif-inat/acer_rubrum/6130222861_1.jpg,Acer rubrum,usda:ACRU
gbif-inat:00003105,images/raw/gbif-inat/acer_rubrum/6130672429_3.jpg,Acer rubrum,usda:ACRU
gbif-inat:00003069,images/raw/gbif-inat/acer_rubrum/6130267557_3.jpg,Acer rubrum,usda:ACRU
gbif-inat:00000734,images/raw/gbif-inat/acer_rubrum/5938630077_1.jpg,Acer rubrum,usda:ACRU
gbif-inat:00000736,images/raw/gbif-inat/acer_rubrum/6129830500_1.jpg,Acer rubrum,usda:ACRU
gbif-inat:00003077,images/raw/gbif-inat/acer_rubrum/6130413578_1.jpg,Acer rubrum,usda:ACRU
gbif-inat:00000721,images/raw/gbif-inat/acer_rubrum/5938098737_1.jpg,Acer rubrum,usda:ACRU
gbif-inat:00000725,images/raw/gbif-inat/acer_rubrum/5938359968_2.jpg,Acer rubrum,usda:ACRU
gbif-inat:00003074,images/raw/gbif-inat/acer_rubrum/6130341938_1.jpg,Acer rubrum,usda:ACRU
gbif-inat:00000730,images/raw/gbif-inat/acer_rubrum/5938489572_1.jpg,Acer rubrum,usda:ACRU
gbif-inat:00000744,images/raw/gbif-inat/acer_rubrum/6130066901_1.jpg,Acer rubrum,usda:ACRU
gbif-inat:00003087,images/raw/gbif-inat/acer_rubrum/6130591676_2.jpg,Acer rubrum,usda:ACRU
gbif-inat:00000738,images/raw/gbif-inat/acer_rubrum/6129939818_1.jpg,Acer rubrum,usda:ACRU
gbif-inat:00003065,images/raw/gbif-inat/acer_rubrum/6130250083_1.jpg,Acer rubrum,usda:ACRU
gbif-inat:00003036,images/raw/gbif-inat/acer_saccharum/6147415937_1.jpg,Acer saccharum,usda:ACSA3
gbif-inat:00003018,images/raw/gbif-inat/acer_saccharum/6133537647_1.jpg,Acer saccharum,usda:ACSA3
gbif-inat:00003016,images/raw/gbif-inat/acer_saccharum/6133434179_1.jpg,Acer saccharum,usda:ACSA3
gbif-inat:00000697,images/raw/gbif-inat/acer_saccharum/6130009345_1.jpg,Acer saccharum,usda:ACSA3
gbif-inat:00002995,images/raw/gbif-inat/acer_saccharum/6131299617_2.jpg,Acer saccharum,usda:ACSA3
gbif-inat:00003013,images/raw/gbif-inat/acer_saccharum/6133215985_2.jpg,Acer saccharum,usda:ACSA3
gbif-inat:00003042,images/raw/gbif-inat/acer_saccharum/6147566728_3.jpg,Acer saccharum,usda:ACSA3
gbif-inat:00000703,images/raw/gbif-inat/acer_saccharum/6130193286_5.jpg,Acer saccharum,usda:ACSA3
gbif-inat:00003034,images/raw/gbif-inat/acer_saccharum/6147404526_3.jpg,Acer saccharum,usda:ACSA3
gbif-inat:00003009,images/raw/gbif-inat/acer_saccharum/6133171397_1.jpg,Acer saccharum,usda:ACSA3
gbif-inat:00000691,images/raw/gbif-inat/acer_saccharum/6129845271_1.jpg,Acer saccharum,usda:ACSA3
gbif-inat:00003004,images/raw/gbif-inat/acer_saccharum/6131412310_1.jpg,Acer saccharum,usda:ACSA3
gbif-inat:00002998,images/raw/gbif-inat/acer_saccharum/6131356538_2.jpg,Acer saccharum,usda:ACSA3
gbif-inat:00003000,images/raw/gbif-inat/acer_saccharum/6131356538_4.jpg,Acer saccharum,usda:ACSA3
gbif-inat:00003037,images/raw/gbif-inat/acer_saccharum/6147415937_2.jpg,Acer saccharum,usda:ACSA3
gbif-inat:00003048,images/raw/gbif-inat/acer_saccharum/6159267404_1.jpg,Acer saccharum,usda:ACSA3
gbif-inat:00000714,images/raw/gbif-inat/acer_saccharum/6130821250_3.jpg,Acer saccharum,usda:ACSA3
gbif-inat:00000716,images/raw/gbif-inat/acer_saccharum/6130933134_2.jpg,Acer saccharum,usda:ACSA3
gbif-inat:00003060,images/raw/gbif-inat/acer_saccharum/6159565746_1.jpg,Acer saccharum,usda:ACSA3
gbif-inat:00003028,images/raw/gbif-inat/acer_saccharum/6147493388_5.jpg,Acer saccharum,usda:ACSA3
gbif-inat:00003046,images/raw/gbif-inat/acer_saccharum/6159257374_2.jpg,Acer saccharum,usda:ACSA3
gbif-inat:00003005,images/raw/gbif-inat/acer_saccharum/6131682381_1.jpg,Acer saccharum,usda:ACSA3
gbif-inat:00003027,images/raw/gbif-inat/acer_saccharum/6147493388_4.jpg,Acer saccharum,usda:ACSA3
gbif-inat:00003023,images/raw/gbif-inat/acer_saccharum/6147461487_1.jpg,Acer saccharum,usda:ACSA3
gbif-inat:00003002,images/raw/gbif-inat/acer_saccharum/6131385204_1.jpg,Acer saccharum,usda:ACSA3
gbif-inat:00000692,images/raw/gbif-inat/acer_saccharum/6129845271_2.jpg,Acer saccharum,usda:ACSA3
gbif-inat:00003041,images/raw/gbif-inat/acer_saccharum/6147566728_2.jpg,Acer saccharum,usda:ACSA3
gbif-inat:00003049,images/raw/gbif-inat/acer_saccharum/6159267404_2.jpg,Acer saccharum,usda:ACSA3
gbif-inat:00003038,images/raw/gbif-inat/acer_saccharum/6147415937_3.jpg,Acer saccharum,usda:ACSA3
gbif-inat:00000696,images/raw/gbif-inat/acer_saccharum/6129966669_1.jpg,Acer saccharum,usda:ACSA3
gbif-inat:00000715,images/raw/gbif-inat/acer_saccharum/6130933134_1.jpg,Acer saccharum,usda:ACSA3
gbif-inat:00000706,images/raw/gbif-inat/acer_saccharum/6130396833_1.jpg,Acer saccharum,usda:ACSA3
gbif-inat:00003035,images/raw/gbif-inat/acer_saccharum/6147404526_4.jpg,Acer saccharum,usda:ACSA3
gbif-inat:00000705,images/raw/gbif-inat/acer_saccharum/6130356816_1.jpg,Acer saccharum,usda:ACSA3
gbif-inat:00002996,images/raw/gbif-inat/acer_saccharum/6131299617_3.jpg,Acer saccharum,usda:ACSA3
gbif-inat:00003045,images/raw/gbif-inat/acer_saccharum/6159257374_1.jpg,Acer saccharum,usda:ACSA3
gbif-inat:00000694,images/raw/gbif-inat/acer_saccharum/6129939417_2.jpg,Acer saccharum,usda:ACSA3
gbif-inat:00003026,images/raw/gbif-inat/acer_saccharum/6147493388_3.jpg,Acer saccharum,usda:ACSA3
gbif-inat:00000701,images/raw/gbif-inat/acer_saccharum/6130193286_3.jpg,Acer saccharum,usda:ACSA3
gbif-inat:00000709,images/raw/gbif-inat/acer_saccharum/6130516242_3.jpg,Acer saccharum,usda:ACSA3
gbif-inat:00003006,images/raw/gbif-inat/acer_saccharum/6133168827_1.jpg,Acer saccharum,usda:ACSA3
gbif-inat:00000711,images/raw/gbif-inat/acer_saccharum/6130611842_1.jpg,Acer saccharum,usda:ACSA3
gbif-inat:00002994,images/raw/gbif-inat/acer_saccharum/6131299617_1.jpg,Acer saccharum,usda:ACSA3
gbif-inat:00000700,images/raw/gbif-inat/acer_saccharum/6130193286_2.jpg,Acer saccharum,usda:ACSA3
gbif-inat:00003010,images/raw/gbif-inat/acer_saccharum/6133171397_2.jpg,Acer saccharum,usda:ACSA3
gbif-inat:00003011,images/raw/gbif-inat/acer_saccharum/6133171397_3.jpg,Acer saccharum,usda:ACSA3
gbif-inat:00003001,images/raw/gbif-inat/acer_saccharum/6131356538_5.jpg,Acer saccharum,usda:ACSA3
gbif-inat:00000720,images/raw/gbif-inat/acer_saccharum/6130958610_3.jpg,Acer saccharum,usda:ACSA3
gbif-inat:00003032,images/raw/gbif-inat/acer_saccharum/6147404526_1.jpg,Acer saccharum,usda:ACSA3
gbif-inat:00000707,images/raw/gbif-inat/acer_saccharum/6130516242_1.jpg,Acer saccharum,usda:ACSA3
gbif-inat:00003024,images/raw/gbif-inat/acer_saccharum/6147493388_1.jpg,Acer saccharum,usda:ACSA3
gbif-inat:00000713,images/raw/gbif-inat/acer_saccharum/6130821250_2.jpg,Acer saccharum,usda:ACSA3
gbif-inat:00003022,images/raw/gbif-inat/acer_saccharum/6147269279_1.jpg,Acer saccharum,usda:ACSA3
gbif-inat:00003025,images/raw/gbif-inat/acer_saccharum/6147493388_2.jpg,Acer saccharum,usda:ACSA3
gbif-inat:00000695,images/raw/gbif-inat/acer_saccharum/6129944438_1.jpg,Acer saccharum,usda:ACSA3
gbif-inat:00000702,images/raw/gbif-inat/acer_saccharum/6130193286_4.jpg,Acer saccharum,usda:ACSA3
gbif-inat:00003039,images/raw/gbif-inat/acer_saccharum/6147464621_1.jpg,Acer saccharum,usda:ACSA3
gbif-inat:00003057,images/raw/gbif-inat/acer_saccharum/6159391395_6.jpg,Acer saccharum,usda:ACSA3
gbif-inat:00003015,images/raw/gbif-inat/acer_saccharum/6133215985_4.jpg,Acer saccharum,usda:ACSA3
gbif-inat:00003047,images/raw/gbif-inat/acer_saccharum/6159257374_3.jpg,Acer saccharum,usda:ACSA3
gbif-inat:00003052,images/raw/gbif-inat/acer_saccharum/6159391395_1.jpg,Acer saccharum,usda:ACSA3
gbif-inat:00003058,images/raw/gbif-inat/acer_saccharum/6159415560_1.jpg,Acer saccharum,usda:ACSA3
gbif-inat:00002997,images/raw/gbif-inat/acer_saccharum/6131356538_1.jpg,Acer saccharum,usda:ACSA3
gbif-inat:00000712,images/raw/gbif-inat/acer_saccharum/6130821250_1.jpg,Acer saccharum,usda:ACSA3
gbif-inat:00003007,images/raw/gbif-inat/acer_saccharum/6133168827_2.jpg,Acer saccharum,usda:ACSA3
gbif-inat:00003031,images/raw/gbif-inat/acer_saccharum/6195471685_1.jpg,Acer saccharum,usda:ACSA3
gbif-inat:00003040,images/raw/gbif-inat/acer_saccharum/6147566728_1.jpg,Acer saccharum,usda:ACSA3
gbif-inat:00003008,images/raw/gbif-inat/acer_saccharum/6133168827_3.jpg,Acer saccharum,usda:ACSA3
gbif-inat:00003055,images/raw/gbif-inat/acer_saccharum/6159391395_4.jpg,Acer saccharum,usda:ACSA3
gbif-inat:00003003,images/raw/gbif-inat/acer_saccharum/6131385204_2.jpg,Acer saccharum,usda:ACSA3
gbif-inat:00001347,images/raw/gbif-inat/achillea_millefolium/6129960251_1.jpg,Achillea millefolium,usda:ACMI2
gbif-inat:00004476,images/raw/gbif-inat/achillea_millefolium/6130162002_1.jpg,Achillea millefolium,usda:ACMI2
gbif-inat:00004470,images/raw/gbif-inat/achillea_millefolium/6130116980_1.jpg,Achillea millefolium,usda:ACMI2
gbif-inat:00001344,images/raw/gbif-inat/achillea_millefolium/6129946438_1.jpg,Achillea millefolium,usda:ACMI2
gbif-inat:00001348,images/raw/gbif-inat/achillea_millefolium/6129984271_1.jpg,Achillea millefolium,usda:ACMI2
gbif-inat:00004498,images/raw/gbif-inat/achillea_millefolium/6130392722_1.jpg,Achillea millefolium,usda:ACMI2
gbif-inat:00001343,images/raw/gbif-inat/achillea_millefolium/6129906375_1.jpg,Achillea millefolium,usda:ACMI2
gbif-inat:00004518,images/raw/gbif-inat/achillea_millefolium/6130642556_1.jpg,Achillea millefolium,usda:ACMI2
gbif-inat:00004479,images/raw/gbif-inat/achillea_millefolium/6130169912_3.jpg,Achillea millefolium,usda:ACMI2
gbif-inat:00004503,images/raw/gbif-inat/achillea_millefolium/6130474856_1.jpg,Achillea millefolium,usda:ACMI2
gbif-inat:00004464,images/raw/gbif-inat/achillea_millefolium/6130035398_1.jpg,Achillea millefolium,usda:ACMI2
gbif-inat:00004469,images/raw/gbif-inat/achillea_millefolium/6130105789_1.jpg,Achillea millefolium,usda:ACMI2
gbif-inat:00004510,images/raw/gbif-inat/achillea_millefolium/6130540187_1.jpg,Achillea millefolium,usda:ACMI2
gbif-inat:00001328,images/raw/gbif-inat/achillea_millefolium/5938229334_1.jpg,Achillea millefolium,usda:ACMI2
gbif-inat:00004474,images/raw/gbif-inat/achillea_millefolium/6130152229_1.jpg,Achillea millefolium,usda:ACMI2
gbif-inat:00004501,images/raw/gbif-inat/achillea_millefolium/6130436635_1.jpg,Achillea millefolium,usda:ACMI2
gbif-inat:00004527,images/raw/gbif-inat/achillea_millefolium/6130666622_1.jpg,Achillea millefolium,usda:ACMI2
gbif-inat:00004511,images/raw/gbif-inat/achillea_millefolium/6130545614_1.jpg,Achillea millefolium,usda:ACMI2
gbif-inat:00001345,images/raw/gbif-inat/achillea_millefolium/6129957802_1.jpg,Achillea millefolium,usda:ACMI2
gbif-inat:00004484,images/raw/gbif-inat/achillea_millefolium/6130188059_1.jpg,Achillea millefolium,usda:ACMI2
gbif-inat:00001335,images/raw/gbif-inat/achillea_millefolium/5938676249_1.jpg,Achillea millefolium,usda:ACMI2
gbif-inat:00004492,images/raw/gbif-inat/achillea_millefolium/6130230581_2.jpg,Achillea millefolium,usda:ACMI2
gbif-inat:00004526,images/raw/gbif-inat/achillea_millefolium/6130664803_4.jpg,Achillea millefolium,usda:ACMI2
gbif-inat:00004514,images/raw/gbif-inat/achillea_millefolium/6130598532_1.jpg,Achillea millefolium,usda:ACMI2
gbif-inat:00004463,images/raw/gbif-inat/achillea_millefolium/6130031932_1.jpg,Achillea millefolium,usda:ACMI2
gbif-inat:00004529,images/raw/gbif-inat/achillea_millefolium/6130666622_3.jpg,Achillea millefolium,usda:ACMI2
gbif-inat:00004483,images/raw/gbif-inat/achillea_millefolium/6130186632_2.jpg,Achillea millefolium,usda:ACMI2
gbif-inat:00004507,images/raw/gbif-inat/achillea_millefolium/6130516583_2.jpg,Achillea millefolium,usda:ACMI2
gbif-inat:00001331,images/raw/gbif-inat/achillea_millefolium/5938363373_1.jpg,Achillea millefolium,usda:ACMI2
gbif-inat:00004519,images/raw/gbif-inat/achillea_millefolium/6130651544_1.jpg,Achillea millefolium,usda:ACMI2
gbif-inat:00004473,images/raw/gbif-inat/achillea_millefolium/6130147086_2.jpg,Achillea millefolium,usda:ACMI2
gbif-inat:00004468,images/raw/gbif-inat/achillea_millefolium/6130082483_1.jpg,Achillea millefolium,usda:ACMI2
gbif-inat:00004509,images/raw/gbif-inat/achillea_millefolium/6130535533_1.jpg,Achillea millefolium,usda:ACMI2
gbif-inat:00004477,images/raw/gbif-inat/achillea_millefolium/6130169912_1.jpg,Achillea millefolium,usda:ACMI2
gbif-inat:00004491,images/raw/gbif-inat/achillea_millefolium/6130230581_1.jpg,Achillea millefolium,usda:ACMI2
gbif-inat:00004478,images/raw/gbif-inat/achillea_millefolium/6130169912_2.jpg,Achillea millefolium,usda:ACMI2
gbif-inat:00004500,images/raw/gbif-inat/achillea_millefolium/6130393232_1.jpg,Achillea millefolium,usda:ACMI2
gbif-inat:00001342,images/raw/gbif-inat/achillea_millefolium/6129903267_1.jpg,Achillea millefolium,usda:ACMI2
gbif-inat:00004522,images/raw/gbif-inat/achillea_millefolium/6130652565_1.jpg,Achillea millefolium,usda:ACMI2
gbif-inat:00004524,images/raw/gbif-inat/achillea_millefolium/6130664803_2.jpg,Achillea millefolium,usda:ACMI2
gbif-inat:00001337,images/raw/gbif-inat/achillea_millefolium/6129831974_2.jpg,Achillea millefolium,usda:ACMI2
gbif-inat:00001339,images/raw/gbif-inat/achillea_millefolium/6129890583_1.jpg,Achillea millefolium,usda:ACMI2
gbif-inat:00004515,images/raw/gbif-inat/achillea_millefolium/6130598532_2.jpg,Achillea millefolium,usda:ACMI2
gbif-inat:00004465,images/raw/gbif-inat/achillea_millefolium/6130047439_1.jpg,Achillea millefolium,usda:ACMI2
gbif-inat:00001325,images/raw/gbif-inat/achillea_millefolium/5938227360_1.jpg,Achillea millefolium,usda:ACMI2
gbif-inat:00001338,images/raw/gbif-inat/achillea_millefolium/6129861763_1.jpg,Achillea millefolium,usda:ACMI2
gbif-inat:00004466,images/raw/gbif-inat/achillea_millefolium/6130047914_1.jpg,Achillea millefolium,usda:ACMI2
gbif-inat:00001346,images/raw/gbif-inat/achillea_millefolium/6129957802_2.jpg,Achillea millefolium,usda:ACMI2
gbif-inat:00004528,images/raw/gbif-inat/achillea_millefolium/6130666622_2.jpg,Achillea millefolium,usda:ACMI2
gbif-inat:00004471,images/raw/gbif-inat/achillea_millefolium/6130137400_1.jpg,Achillea millefolium,usda:ACMI2
gbif-inat:00004513,images/raw/gbif-inat/achillea_millefolium/6130578134_1.jpg,Achillea millefolium,usda:ACMI2
gbif-inat:00004486,images/raw/gbif-inat/achillea_millefolium/6130188059_3.jpg,Achillea millefolium,usda:ACMI2
gbif-inat:00004490,images/raw/gbif-inat/achillea_millefolium/6130213021_3.jpg,Achillea millefolium,usda:ACMI2
gbif-inat:00001330,images/raw/gbif-inat/achillea_millefolium/5938284704_2.jpg,Achillea millefolium,usda:ACMI2
gbif-inat:00001336,images/raw/gbif-inat/achillea_millefolium/6129831974_1.jpg,Achillea millefolium,usda:ACMI2
gbif-inat:00004506,images/raw/gbif-inat/achillea_millefolium/6130516583_1.jpg,Achillea millefolium,usda:ACMI2
gbif-inat:00001322,images/raw/gbif-inat/achillea_millefolium/5938102797_2.jpg,Achillea millefolium,usda:ACMI2
gbif-inat:00004475,images/raw/gbif-inat/achillea_millefolium/6130155847_1.jpg,Achillea millefolium,usda:ACMI2
gbif-inat:00004482,images/raw/gbif-inat/achillea_millefolium/6130186632_1.jpg,Achillea millefolium,usda:ACMI2
gbif-inat:00004504,images/raw/gbif-inat/achillea_millefolium/6130485137_1.jpg,Achillea millefolium,usda:ACMI2
gbif-inat:00001341,images/raw/gbif-inat/achillea_millefolium/6129902149_1.jpg,Achillea millefolium,usda:ACMI2
gbif-inat:00004520,images/raw/gbif-inat/achillea_millefolium/6130651544_2.jpg,Achillea millefolium,usda:ACMI2
gbif-inat:00004495,images/raw/gbif-inat/achillea_millefolium/6130283464_1.jpg,Achillea millefolium,usda:ACMI2
gbif-inat:00001326,images/raw/gbif-inat/achillea_millefolium/5938227360_2.jpg,Achillea millefolium,usda:ACMI2
gbif-inat:00004489,images/raw/gbif-inat/achillea_millefolium/6130213021_2.jpg,Achillea millefolium,usda:ACMI2
gbif-inat:00001332,images/raw/gbif-inat/achillea_millefolium/5938423172_1.jpg,Achillea millefolium,usda:ACMI2
gbif-inat:00004525,images/raw/gbif-inat/achillea_millefolium/6130664803_3.jpg,Achillea millefolium,usda:ACMI2
gbif-inat:00004497,images/raw/gbif-inat/achillea_millefolium/6130320551_1.jpg,Achillea millefolium,usda:ACMI2
gbif-inat:00004481,images/raw/gbif-inat/achillea_millefolium/6130183046_1.jpg,Achillea millefolium,usda:ACMI2
gbif-inat:00004502,images/raw/gbif-inat/achillea_millefolium/6130456621_1.jpg,Achillea millefolium,usda:ACMI2
gbif-inat-toxic-round2:00316047,images/raw/gbif-inat-toxic-round2/actaea_pachypoda/6320072925_1.jpg,Actaea pachypoda,usda:ACPA
gbif-inat-toxic-round2:00316256,images/raw/gbif-inat-toxic-round2/actaea_pachypoda/5140478711_2.jpg,Actaea pachypoda,usda:ACPA
gbif-inat:00004229,images/raw/gbif-inat/actaea_pachypoda/6234710679_1.jpg,Actaea pachypoda,usda:ACPA
gbif-inat-toxic-round2:00316139,images/raw/gbif-inat-toxic-round2/actaea_pachypoda/5133361847_2.jpg,Actaea pachypoda,usda:ACPA
gbif-inat-toxic-round2:00315952,images/raw/gbif-inat-toxic-round2/actaea_pachypoda/6251749338_2.jpg,Actaea pachypoda,usda:ACPA
gbif-inat-toxic-round2:00315914,images/raw/gbif-inat-toxic-round2/actaea_pachypoda/6235814531_1.jpg,Actaea pachypoda,usda:ACPA
gbif-inat-toxic-round2:00316238,images/raw/gbif-inat-toxic-round2/actaea_pachypoda/5140289050_2.jpg,Actaea pachypoda,usda:ACPA
gbif-inat-toxic-round2:00316106,images/raw/gbif-inat-toxic-round2/actaea_pachypoda/6320993551_7.jpg,Actaea pachypoda,usda:ACPA
gbif-inat-toxic-round2:00316034,images/raw/gbif-inat-toxic-round2/actaea_pachypoda/6273909932_2.jpg,Actaea pachypoda,usda:ACPA
gbif-inat-toxic-round2:00316108,images/raw/gbif-inat-toxic-round2/actaea_pachypoda/6321040001_1.jpg,Actaea pachypoda,usda:ACPA
gbif-inat-toxic-round2:00315997,images/raw/gbif-inat-toxic-round2/actaea_pachypoda/6273653825_1.jpg,Actaea pachypoda,usda:ACPA
gbif-inat-toxic-round2:00315954,images/raw/gbif-inat-toxic-round2/actaea_pachypoda/6251749338_4.jpg,Actaea pachypoda,usda:ACPA
gbif-inat-toxic-round2:00315891,images/raw/gbif-inat-toxic-round2/actaea_pachypoda/6235187735_3.jpg,Actaea pachypoda,usda:ACPA
gbif-inat-toxic-round2:00315920,images/raw/gbif-inat-toxic-round2/actaea_pachypoda/6236110253_1.jpg,Actaea pachypoda,usda:ACPA
gbif-inat-toxic-round2:00316050,images/raw/gbif-inat-toxic-round2/actaea_pachypoda/6320086481_3.jpg,Actaea pachypoda,usda:ACPA
gbif-inat-toxic-round2:00316067,images/raw/gbif-inat-toxic-round2/actaea_pachypoda/6320485969_1.jpg,Actaea pachypoda,usda:ACPA
gbif-inat:00004234,images/raw/gbif-inat/actaea_pachypoda/6234790433_1.jpg,Actaea pachypoda,usda:ACPA
gbif-inat-toxic-round2:00316157,images/raw/gbif-inat-toxic-round2/actaea_pachypoda/5133791352_1.jpg,Actaea pachypoda,usda:ACPA
gbif-inat-toxic-round2:00316026,images/raw/gbif-inat-toxic-round2/actaea_pachypoda/6273575034_1.jpg,Actaea pachypoda,usda:ACPA
gbif-inat-toxic-round2:00315989,images/raw/gbif-inat-toxic-round2/actaea_pachypoda/6273222935_2.jpg,Actaea pachypoda,usda:ACPA
gbif-inat-toxic-round2:00316077,images/raw/gbif-inat-toxic-round2/actaea_pachypoda/6320668850_3.jpg,Actaea pachypoda,usda:ACPA
gbif-inat-toxic-round2:00316208,images/raw/gbif-inat-toxic-round2/actaea_pachypoda/5140023293_2.jpg,Actaea pachypoda,usda:ACPA
gbif-inat-toxic-round2:00316115,images/raw/gbif-inat-toxic-round2/actaea_pachypoda/6321216981_1.jpg,Actaea pachypoda,usda:ACPA
gbif-inat:00001209,images/raw/gbif-inat/actaea_pachypoda/6163013663_9.jpg,Actaea pachypoda,usda:ACPA
gbif-inat:00004207,images/raw/gbif-inat/actaea_pachypoda/6234223116_3.jpg,Actaea pachypoda,usda:ACPA
gbif-inat-toxic-round2:00316181,images/raw/gbif-inat-toxic-round2/actaea_pachypoda/5134435831_1.jpg,Actaea pachypoda,usda:ACPA
gbif-inat-toxic-round2:00315992,images/raw/gbif-inat-toxic-round2/actaea_pachypoda/6273238028_1.jpg,Actaea pachypoda,usda:ACPA
gbif-inat-toxic-round2:00316178,images/raw/gbif-inat-toxic-round2/actaea_pachypoda/5134275538_2.jpg,Actaea pachypoda,usda:ACPA
gbif-inat:00001216,images/raw/gbif-inat/actaea_pachypoda/6185166258_2.jpg,Actaea pachypoda,usda:ACPA
gbif-inat-toxic-round2:00316169,images/raw/gbif-inat-toxic-round2/actaea_pachypoda/5134067988_1.jpg,Actaea pachypoda,usda:ACPA
gbif-inat-toxic-round2:00315986,images/raw/gbif-inat-toxic-round2/actaea_pachypoda/6253299636_1.jpg,Actaea pachypoda,usda:ACPA
gbif-inat-toxic-round2:00315960,images/raw/gbif-inat-toxic-round2/actaea_pachypoda/6251915023_1.jpg,Actaea pachypoda,usda:ACPA
gbif-inat-toxic-round2:00315993,images/raw/gbif-inat-toxic-round2/actaea_pachypoda/6273238028_2.jpg,Actaea pachypoda,usda:ACPA
gbif-inat-toxic-round2:00315967,images/raw/gbif-inat-toxic-round2/actaea_pachypoda/6252443238_1.jpg,Actaea pachypoda,usda:ACPA
gbif-inat:00004200,images/raw/gbif-inat/actaea_pachypoda/6195923317_1.jpg,Actaea pachypoda,usda:ACPA
gbif-inat-toxic-round2:00316082,images/raw/gbif-inat-toxic-round2/actaea_pachypoda/6320774762_1.jpg,Actaea pachypoda,usda:ACPA
gbif-inat:00004208,images/raw/gbif-inat/actaea_pachypoda/6234223116_4.jpg,Actaea pachypoda,usda:ACPA
gbif-inat-toxic-round2:00315904,images/raw/gbif-inat-toxic-round2/actaea_pachypoda/6235727075_3.jpg,Actaea pachypoda,usda:ACPA
gbif-inat-toxic-round2:00315909,images/raw/gbif-inat-toxic-round2/actaea_pachypoda/6235767230_2.jpg,Actaea pachypoda,usda:ACPA
gbif-inat-toxic-round2:00316068,images/raw/gbif-inat-toxic-round2/actaea_pachypoda/6320485969_2.jpg,Actaea pachypoda,usda:ACPA
gbif-inat-toxic-round2:00316122,images/raw/gbif-inat-toxic-round2/actaea_pachypoda/5088200786_1.jpg,Actaea pachypoda,usda:ACPA
gbif-inat-toxic-round2:00316155,images/raw/gbif-inat-toxic-round2/actaea_pachypoda/5133753191_1.jpg,Actaea pachypoda,usda:ACPA
gbif-inat-toxic-round2:00316275,images/raw/gbif-inat-toxic-round2/actaea_pachypoda/5140814187_1.jpg,Actaea pachypoda,usda:ACPA
gbif-inat-toxic-round2:00315886,images/raw/gbif-inat-toxic-round2/actaea_pachypoda/6235099623_1.jpg,Actaea pachypoda,usda:ACPA
gbif-inat:00004185,images/raw/gbif-inat/actaea_pachypoda/6188413551_2.jpg,Actaea pachypoda,usda:ACPA
gbif-inat:00001205,images/raw/gbif-inat/actaea_pachypoda/6163013663_5.jpg,Actaea pachypoda,usda:ACPA
gbif-inat-toxic-round2:00315926,images/raw/gbif-inat-toxic-round2/actaea_pachypoda/6236275809_1.jpg,Actaea pachypoda,usda:ACPA
gbif-inat-toxic-round2:00316255,images/raw/gbif-inat-toxic-round2/actaea_pachypoda/5140478711_1.jpg,Actaea pachypoda,usda:ACPA
gbif-inat-toxic-round2:00316141,images/raw/gbif-inat-toxic-round2/actaea_pachypoda/5133431556_1.jpg,Actaea pachypoda,usda:ACPA
gbif-inat-toxic-round2:00316039,images/raw/gbif-inat-toxic-round2/actaea_pachypoda/6274039793_3.jpg,Actaea pachypoda,usda:ACPA
gbif-inat-toxic-round2:00316102,images/raw/gbif-inat-toxic-round2/actaea_pachypoda/6320993551_3.jpg,Actaea pachypoda,usda:ACPA
gbif-inat:00004212,images/raw/gbif-inat/actaea_pachypoda/6234290356_1.jpg,Actaea pachypoda,usda:ACPA
gbif-inat-toxic-round2:00316170,images/raw/gbif-inat-toxic-round2/actaea_pachypoda/5134078362_1.jpg,Actaea pachypoda,usda:ACPA
gbif-inat-toxic-round2:00316100,images/raw/gbif-inat-toxic-round2/actaea_pachypoda/6320993551_1.jpg,Actaea pachypoda,usda:ACPA
gbif-inat-toxic-round2:00316193,images/raw/gbif-inat-toxic-round2/actaea_pachypoda/5134687145_1.jpg,Actaea pachypoda,usda:ACPA
gbif-inat-toxic-round2:00316024,images/raw/gbif-inat-toxic-round2/actaea_pachypoda/6273503553_1.jpg,Actaea pachypoda,usda:ACPA
gbif-inat-toxic-round2:00316053,images/raw/gbif-inat-toxic-round2/actaea_pachypoda/6320118778_2.jpg,Actaea pachypoda,usda:ACPA
gbif-inat-toxic-round2:00315998,images/raw/gbif-inat-toxic-round2/actaea_pachypoda/6273977942_1.jpg,Actaea pachypoda,usda:ACPA
gbif-inat-toxic-round2:00315966,images/raw/gbif-inat-toxic-round2/actaea_pachypoda/6252412629_1.jpg,Actaea pachypoda,usda:ACPA
gbif-inat:00004184,images/raw/gbif-inat/actaea_pachypoda/6188413551_1.jpg,Actaea pachypoda,usda:ACPA
gbif-inat:00004216,images/raw/gbif-inat/actaea_pachypoda/6234440478_1.jpg,Actaea pachypoda,usda:ACPA
gbif-inat-toxic-round2:00315899,images/raw/gbif-inat-toxic-round2/actaea_pachypoda/6235405393_2.jpg,Actaea pachypoda,usda:ACPA
gbif-inat-toxic-round2:00316029,images/raw/gbif-inat-toxic-round2/actaea_pachypoda/6273658721_2.jpg,Actaea pachypoda,usda:ACPA
gbif-inat-toxic-round2:00315928,images/raw/gbif-inat-toxic-round2/actaea_pachypoda/6236313619_1.jpg,Actaea pachypoda,usda:ACPA
gbif-inat:00001210,images/raw/gbif-inat/actaea_pachypoda/6163013663_10.jpg,Actaea pachypoda,usda:ACPA
gbif-inat-toxic-round2:00316062,images/raw/gbif-inat-toxic-round2/actaea_pachypoda/6320324668_3.jpg,Actaea pachypoda,usda:ACPA
gbif-inat-toxic-round2:00316006,images/raw/gbif-inat-toxic-round2/actaea_pachypoda/6251873563_1.jpg,Actaea pachypoda,usda:ACPA
gbif-inat-toxic-round2:00316000,images/raw/gbif-inat-toxic-round2/actaea_pachypoda/6273982732_2.jpg,Actaea pachypoda,usda:ACPA
gbif-inat-toxic-round2:00316214,images/raw/gbif-inat-toxic-round2/actaea_pachypoda/5140097627_1.jpg,Actaea pachypoda,usda:ACPA
gbif-inat-toxic-round2:00316110,images/raw/gbif-inat-toxic-round2/actaea_pachypoda/6321049826_2.jpg,Actaea pachypoda,usda:ACPA
gbif-inat-toxic-round2:00315901,images/raw/gbif-inat-toxic-round2/actaea_pachypoda/6235546553_1.jpg,Actaea pachypoda,usda:ACPA
gbif-inat-toxic-round2:00316237,images/raw/gbif-inat-toxic-round2/actaea_pachypoda/5140289050_1.jpg,Actaea pachypoda,usda:ACPA
gbif-inat-toxic-round2:00316015,images/raw/gbif-inat-toxic-round2/actaea_pachypoda/6273175175_3.jpg,Actaea pachypoda,usda:ACPA
gbif-inat-toxic-round2:00316003,images/raw/gbif-inat-toxic-round2/actaea_pachypoda/6274292772_1.jpg,Actaea pachypoda,usda:ACPA
gbif-inat-toxic-round2:00316048,images/raw/gbif-inat-toxic-round2/actaea_pachypoda/6320086481_1.jpg,Actaea pachypoda,usda:ACPA
gbif-inat-toxic-round2:00316051,images/raw/gbif-inat-toxic-round2/actaea_pachypoda/6320086481_4.jpg,Actaea pachypoda,usda:ACPA
gbif-inat-toxic-round2:00316171,images/raw/gbif-inat-toxic-round2/actaea_pachypoda/5134101105_1.jpg,Actaea pachypoda,usda:ACPA
gbif-inat-toxic-round2:00315963,images/raw/gbif-inat-toxic-round2/actaea_pachypoda/6252353313_2.jpg,Actaea pachypoda,usda:ACPA
gbif-inat-toxic-round2:00316221,images/raw/gbif-inat-toxic-round2/actaea_pachypoda/5140140491_1.jpg,Actaea pachypoda,usda:ACPA
gbif-inat:00004250,images/raw/gbif-inat/actaea_pachypoda/6234975393_2.jpg,Actaea pachypoda,usda:ACPA
gbif-inat-toxic-round2:00316042,images/raw/gbif-inat-toxic-round2/actaea_pachypoda/6274198989_1.jpg,Actaea pachypoda,usda:ACPA
gbif-inat-toxic-round2:00316252,images/raw/gbif-inat-toxic-round2/actaea_pachypoda/5140471923_2.jpg,Actaea pachypoda,usda:ACPA
gbif-inat-toxic-round2:00316209,images/raw/gbif-inat-toxic-round2/actaea_pachypoda/5140025137_1.jpg,Actaea pachypoda,usda:ACPA
gbif-inat-toxic-round2:00316060,images/raw/gbif-inat-toxic-round2/actaea_pachypoda/6320324668_1.jpg,Actaea pachypoda,usda:ACPA
gbif-inat-toxic-round2:00316112,images/raw/gbif-inat-toxic-round2/actaea_pachypoda/6321049826_4.jpg,Actaea pachypoda,usda:ACPA
gbif-inat-toxic-round2:00316073,images/raw/gbif-inat-toxic-round2/actaea_pachypoda/6320585380_1.jpg,Actaea pachypoda,usda:ACPA
gbif-inat:00001208,images/raw/gbif-inat/actaea_pachypoda/6163013663_8.jpg,Actaea pachypoda,usda:ACPA
gbif-inat-toxic-round2:00316109,images/raw/gbif-inat-toxic-round2/actaea_pachypoda/6321049826_1.jpg,Actaea pachypoda,usda:ACPA
gbif-inat-toxic-round2:00316111,images/raw/gbif-inat-toxic-round2/actaea_pachypoda/6321049826_3.jpg,Actaea pachypoda,usda:ACPA
gbif-inat-toxic-round2:00315944,images/raw/gbif-inat-toxic-round2/actaea_pachypoda/6236517742_1.jpg,Actaea pachypoda,usda:ACPA
gbif-inat-toxic-round2:00316129,images/raw/gbif-inat-toxic-round2/actaea_pachypoda/5133152988_2.jpg,Actaea pachypoda,usda:ACPA
gbif-inat-toxic-round2:00316104,images/raw/gbif-inat-toxic-round2/actaea_pachypoda/6320993551_5.jpg,Actaea pachypoda,usda:ACPA
gbif-inat-toxic-round2:00316056,images/raw/gbif-inat-toxic-round2/actaea_pachypoda/6320128974_2.jpg,Actaea pachypoda,usda:ACPA
gbif-inat-toxic-round2:00316173,images/raw/gbif-inat-toxic-round2/actaea_pachypoda/5134152277_1.jpg,Actaea pachypoda,usda:ACPA
gbif-inat:00004247,images/raw/gbif-inat/actaea_pachypoda/6234936440_3.jpg,Actaea pachypoda,usda:ACPA
gbif-inat:00001227,images/raw/gbif-inat/actaea_pachypoda/6188652391_1.jpg,Actaea pachypoda,usda:ACPA
gbif-inat:00004223,images/raw/gbif-inat/actaea_pachypoda/6234573641_1.jpg,Actaea pachypoda,usda:ACPA
gbif-inat:00004236,images/raw/gbif-inat/actaea_pachypoda/6234869165_1.jpg,Actaea pachypoda,usda:ACPA
gbif-inat-toxic-round2:00316187,images/raw/gbif-inat-toxic-round2/actaea_pachypoda/5134634611_1.jpg,Actaea pachypoda,usda:ACPA
gbif-inat:00001218,images/raw/gbif-inat/actaea_pachypoda/6185642093_1.jpg,Actaea pachypoda,usda:ACPA
gbif-inat-toxic-round2:00316075,images/raw/gbif-inat-toxic-round2/actaea_pachypoda/6320668850_1.jpg,Actaea pachypoda,usda:ACPA
gbif-inat-toxic-round2:00315897,images/raw/gbif-inat-toxic-round2/actaea_pachypoda/6235394956_1.jpg,Actaea pachypoda,usda:ACPA
gbif-inat-toxic-round2:00316172,images/raw/gbif-inat-toxic-round2/actaea_pachypoda/5134127961_1.jpg,Actaea pachypoda,usda:ACPA
gbif-inat:00004204,images/raw/gbif-inat/actaea_pachypoda/6196049475_1.jpg,Actaea pachypoda,usda:ACPA
gbif-inat-toxic-round2:00316018,images/raw/gbif-inat-toxic-round2/actaea_pachypoda/6273242036_1.jpg,Actaea pachypoda,usda:ACPA
gbif-inat-toxic-round2:00316162,images/raw/gbif-inat-toxic-round2/actaea_pachypoda/5133873858_1.jpg,Actaea pachypoda,usda:ACPA
gbif-inat:00004233,images/raw/gbif-inat/actaea_pachypoda/6234781415_1.jpg,Actaea pachypoda,usda:ACPA
gbif-inat-toxic-round2:00316182,images/raw/gbif-inat-toxic-round2/actaea_pachypoda/5134448963_1.jpg,Actaea pachypoda,usda:ACPA
gbif-inat-toxic-round2:00316231,images/raw/gbif-inat-toxic-round2/actaea_pachypoda/5140216393_1.jpg,Actaea pachypoda,usda:ACPA
gbif-inat-toxic-round2:00316009,images/raw/gbif-inat-toxic-round2/actaea_pachypoda/6251988693_1.jpg,Actaea pachypoda,usda:ACPA
gbif-inat-toxic-round2:00315935,images/raw/gbif-inat-toxic-round2/actaea_pachypoda/6236437632_1.jpg,Actaea pachypoda,usda:ACPA
gbif-inat:00001214,images/raw/gbif-inat/actaea_pachypoda/6184913082_2.jpg,Actaea pachypoda,usda:ACPA
gbif-inat:00004183,images/raw/gbif-inat/actaea_pachypoda/6188392053_1.jpg,Actaea pachypoda,usda:ACPA
gbif-inat:00001229,images/raw/gbif-inat/actaea_pachypoda/6188066554_1.jpg,Actaea pachypoda,usda:ACPA
gbif-inat-toxic-round2:00316194,images/raw/gbif-inat-toxic-round2/actaea_pachypoda/5134687145_2.jpg,Actaea pachypoda,usda:ACPA
gbif-inat-toxic-round2:00316263,images/raw/gbif-inat-toxic-round2/actaea_pachypoda/5140559485_1.jpg,Actaea pachypoda,usda:ACPA
gbif-inat-toxic-round2:00316030,images/raw/gbif-inat-toxic-round2/actaea_pachypoda/6273658721_3.jpg,Actaea pachypoda,usda:ACPA
gbif-inat:00001215,images/raw/gbif-inat/actaea_pachypoda/6185166258_1.jpg,Actaea pachypoda,usda:ACPA
gbif-inat-toxic-round2:00316052,images/raw/gbif-inat-toxic-round2/actaea_pachypoda/6320118778_1.jpg,Actaea pachypoda,usda:ACPA
gbif-inat-toxic-round2:00316241,images/raw/gbif-inat-toxic-round2/actaea_pachypoda/5140349208_1.jpg,Actaea pachypoda,usda:ACPA
gbif-inat-toxic-round2:00315988,images/raw/gbif-inat-toxic-round2/actaea_pachypoda/6273222935_1.jpg,Actaea pachypoda,usda:ACPA
gbif-inat:00004246,images/raw/gbif-inat/actaea_pachypoda/6234936440_2.jpg,Actaea pachypoda,usda:ACPA
gbif-inat-toxic-round2:00316175,images/raw/gbif-inat-toxic-round2/actaea_pachypoda/5134228712_2.jpg,Actaea pachypoda,usda:ACPA
gbif-inat-toxic-round2:00316070,images/raw/gbif-inat-toxic-round2/actaea_pachypoda/6320501460_2.jpg,Actaea pachypoda,usda:ACPA
gbif-inat-toxic-round2:00315942,images/raw/gbif-inat-toxic-round2/actaea_pachypoda/6236497938_1.jpg,Actaea pachypoda,usda:ACPA
gbif-inat-toxic-round2:00316259,images/raw/gbif-inat-toxic-round2/actaea_pachypoda/5140478711_5.jpg,Actaea pachypoda,usda:ACPA
gbif-inat-toxic-round2:00316164,images/raw/gbif-inat-toxic-round2/actaea_pachypoda/5133873858_3.jpg,Actaea pachypoda,usda:ACPA
gbif-inat:00004190,images/raw/gbif-inat/actaea_pachypoda/6195436418_1.jpg,Actaea pachypoda,usda:ACPA
gbif-inat-toxic-round2:00316152,images/raw/gbif-inat-toxic-round2/actaea_pachypoda/5133678361_1.jpg,Actaea pachypoda,usda:ACPA
gbif-inat-toxic-round2:00316001,images/raw/gbif-inat-toxic-round2/actaea_pachypoda/6273982732_3.jpg,Actaea pachypoda,usda:ACPA
gbif-inat-toxic-round2:00316278,images/raw/gbif-inat-toxic-round2/actaea_pachypoda/5140815191_3.jpg,Actaea pachypoda,usda:ACPA
gbif-inat-toxic-round2:00316196,images/raw/gbif-inat-toxic-round2/actaea_pachypoda/5134701475_2.jpg,Actaea pachypoda,usda:ACPA
gbif-inat-toxic-round2:00315889,images/raw/gbif-inat-toxic-round2/actaea_pachypoda/6235187735_1.jpg,Actaea pachypoda,usda:ACPA
gbif-inat-toxic-round2:00316027,images/raw/gbif-inat-toxic-round2/actaea_pachypoda/6273655367_1.jpg,Actaea pachypoda,usda:ACPA
gbif-inat-toxic-round2:00316022,images/raw/gbif-inat-toxic-round2/actaea_pachypoda/6273369466_2.jpg,Actaea pachypoda,usda:ACPA
gbif-inat-toxic-round2:00316098,images/raw/gbif-inat-toxic-round2/actaea_pachypoda/6320950473_2.jpg,Actaea pachypoda,usda:ACPA
gbif-inat-toxic-round2:00316096,images/raw/gbif-inat-toxic-round2/actaea_pachypoda/6320846390_3.jpg,Actaea pachypoda,usda:ACPA
gbif-inat-toxic-round2:00315929,images/raw/gbif-inat-toxic-round2/actaea_pachypoda/6236324414_1.jpg,Actaea pachypoda,usda:ACPA
gbif-inat-toxic-round2:00316120,images/raw/gbif-inat-toxic-round2/actaea_pachypoda/6321253024_2.jpg,Actaea pachypoda,usda:ACPA
gbif-inat-toxic-round2:00316145,images/raw/gbif-inat-toxic-round2/actaea_pachypoda/5133574545_2.jpg,Actaea pachypoda,usda:ACPA
gbif-inat-toxic-round2:00315916,images/raw/gbif-inat-toxic-round2/actaea_pachypoda/6235923602_1.jpg,Actaea pachypoda,usda:ACPA
gbif-inat-toxic-round2:00316217,images/raw/gbif-inat-toxic-round2/actaea_pachypoda/5140126715_3.jpg,Actaea pachypoda,usda:ACPA
gbif-inat-toxic-round2:00316158,images/raw/gbif-inat-toxic-round2/actaea_pachypoda/5133791352_2.jpg,Actaea pachypoda,usda:ACPA
gbif-inat-toxic-round2:00316274,images/raw/gbif-inat-toxic-round2/actaea_pachypoda/5140757202_1.jpg,Actaea pachypoda,usda:ACPA
gbif-inat-toxic-round2:00316177,images/raw/gbif-inat-toxic-round2/actaea_pachypoda/5134275538_1.jpg,Actaea pachypoda,usda:ACPA
gbif-inat-toxic-round2:00316065,images/raw/gbif-inat-toxic-round2/actaea_pachypoda/6320478819_1.jpg,Actaea pachypoda,usda:ACPA
gbif-inat-toxic-round2:00316267,images/raw/gbif-inat-toxic-round2/actaea_pachypoda/5140702363_1.jpg,Actaea pachypoda,usda:ACPA
gbif-inat-toxic-round2:00315959,images/raw/gbif-inat-toxic-round2/actaea_pachypoda/6251902683_2.jpg,Actaea pachypoda,usda:ACPA
gbif-inat:00004209,images/raw/gbif-inat/actaea_pachypoda/6234223116_5.jpg,Actaea pachypoda,usda:ACPA
gbif-inat:00001221,images/raw/gbif-inat/actaea_pachypoda/6185864569_3.jpg,Actaea pachypoda,usda:ACPA
gbif-inat-toxic-round2:00316040,images/raw/gbif-inat-toxic-round2/actaea_pachypoda/6274039793_4.jpg,Actaea pachypoda,usda:ACPA
gbif-inat-toxic-round2:00316204,images/raw/gbif-inat-toxic-round2/actaea_pachypoda/5134806092_1.jpg,Actaea pachypoda,usda:ACPA
gbif-inat-toxic-round2:00315991,images/raw/gbif-inat-toxic-round2/actaea_pachypoda/6273222935_4.jpg,Actaea pachypoda,usda:ACPA
gbif-inat-toxic-round2:00316119,images/raw/gbif-inat-toxic-round2/actaea_pachypoda/6321253024_1.jpg,Actaea pachypoda,usda:ACPA
gbif-inat:00001203,images/raw/gbif-inat/actaea_pachypoda/6163013663_3.jpg,Actaea pachypoda,usda:ACPA
gbif-inat-toxic-round2:00316063,images/raw/gbif-inat-toxic-round2/actaea_pachypoda/6320431592_1.jpg,Actaea pachypoda,usda:ACPA
gbif-inat-toxic-round2:00315955,images/raw/gbif-inat-toxic-round2/actaea_pachypoda/6251749338_5.jpg,Actaea pachypoda,usda:ACPA
gbif-inat:00004199,images/raw/gbif-inat/actaea_pachypoda/6195842760_1.jpg,Actaea pachypoda,usda:ACPA
gbif-inat-toxic-round2:00316224,images/raw/gbif-inat-toxic-round2/actaea_pachypoda/5140184838_1.jpg,Actaea pachypoda,usda:ACPA
gbif-inat-toxic-round2:00316071,images/raw/gbif-inat-toxic-round2/actaea_pachypoda/6320501460_3.jpg,Actaea pachypoda,usda:ACPA
gbif-inat-toxic-round2:00316215,images/raw/gbif-inat-toxic-round2/actaea_pachypoda/5140126715_1.jpg,Actaea pachypoda,usda:ACPA
gbif-inat-toxic-round2:00315912,images/raw/gbif-inat-toxic-round2/actaea_pachypoda/6235804549_2.jpg,Actaea pachypoda,usda:ACPA
gbif-inat-toxic-round2:00316103,images/raw/gbif-inat-toxic-round2/actaea_pachypoda/6320993551_4.jpg,Actaea pachypoda,usda:ACPA
gbif-inat-toxic-round2:00316031,images/raw/gbif-inat-toxic-round2/actaea_pachypoda/6273878105_1.jpg,Actaea pachypoda,usda:ACPA
gbif-inat-toxic-round2:00316186,images/raw/gbif-inat-toxic-round2/actaea_pachypoda/5134505806_1.jpg,Actaea pachypoda,usda:ACPA
gbif-inat:00004215,images/raw/gbif-inat/actaea_pachypoda/6234321404_1.jpg,Actaea pachypoda,usda:ACPA
gbif-inat-toxic-round2:00316066,images/raw/gbif-inat-toxic-round2/actaea_pachypoda/6320481978_1.jpg,Actaea pachypoda,usda:ACPA
gbif-inat-toxic-round2:00316116,images/raw/gbif-inat-toxic-round2/actaea_pachypoda/6321216981_2.jpg,Actaea pachypoda,usda:ACPA
gbif-inat-toxic-round2:00316202,images/raw/gbif-inat-toxic-round2/actaea_pachypoda/5134803958_3.jpg,Actaea pachypoda,usda:ACPA
gbif-inat-toxic-round2:00315982,images/raw/gbif-inat-toxic-round2/actaea_pachypoda/6253217321_1.jpg,Actaea pachypoda,usda:ACPA
gbif-inat-toxic-round2:00316014,images/raw/gbif-inat-toxic-round2/actaea_pachypoda/6273175175_2.jpg,Actaea pachypoda,usda:ACPA
gbif-inat-toxic-round2:00316127,images/raw/gbif-inat-toxic-round2/actaea_pachypoda/5133129901_3.jpg,Actaea pachypoda,usda:ACPA
gbif-inat-toxic-round2:00315969,images/raw/gbif-inat-toxic-round2/actaea_pachypoda/6252443238_3.jpg,Actaea pachypoda,usda:ACPA
gbif-inat-toxic-round2:00316087,images/raw/gbif-inat-toxic-round2/actaea_pachypoda/6320774762_6.jpg,Actaea pachypoda,usda:ACPA
gbif-inat-toxic-round2:00315930,images/raw/gbif-inat-toxic-round2/actaea_pachypoda/6236324414_2.jpg,Actaea pachypoda,usda:ACPA
gbif-inat-toxic-round2:00316010,images/raw/gbif-inat-toxic-round2/actaea_pachypoda/6251988693_2.jpg,Actaea pachypoda,usda:ACPA
gbif-inat-toxic-round2:00315879,images/raw/gbif-inat-toxic-round2/actaea_pachypoda/6234975393_3.jpg,Actaea pachypoda,usda:ACPA
gbif-inat-toxic-round2:00316225,images/raw/gbif-inat-toxic-round2/actaea_pachypoda/5140190436_1.jpg,Actaea pachypoda,usda:ACPA
gbif-inat-toxic-round2:00316262,images/raw/gbif-inat-toxic-round2/actaea_pachypoda/5140527626_1.jpg,Actaea pachypoda,usda:ACPA
gbif-inat-toxic-round2:00316081,images/raw/gbif-inat-toxic-round2/actaea_pachypoda/6320718053_1.jpg,Actaea pachypoda,usda:ACPA
gbif-inat-toxic-round2:00316076,images/raw/gbif-inat-toxic-round2/actaea_pachypoda/6320668850_2.jpg,Actaea pachypoda,usda:ACPA
gbif-inat-toxic-round2:00316020,images/raw/gbif-inat-toxic-round2/actaea_pachypoda/6273313128_1.jpg,Actaea pachypoda,usda:ACPA
gbif-inat:00004232,images/raw/gbif-inat/actaea_pachypoda/6234776798_1.jpg,Actaea pachypoda,usda:ACPA
gbif-inat-toxic-round2:00316216,images/raw/gbif-inat-toxic-round2/actaea_pachypoda/5140126715_2.jpg,Actaea pachypoda,usda:ACPA
gbif-inat-toxic-round2:00316276,images/raw/gbif-inat-toxic-round2/actaea_pachypoda/5140815191_1.jpg,Actaea pachypoda,usda:ACPA
gbif-inat-toxic-round2:00316226,images/raw/gbif-inat-toxic-round2/actaea_pachypoda/5140196042_1.jpg,Actaea pachypoda,usda:ACPA
gbif-inat-toxic-round2:00316079,images/raw/gbif-inat-toxic-round2/actaea_pachypoda/6320716416_1.jpg,Actaea pachypoda,usda:ACPA
gbif-inat-toxic-round2:00315985,images/raw/gbif-inat-toxic-round2/actaea_pachypoda/6253265512_2.jpg,Actaea pachypoda,usda:ACPA
gbif-inat-toxic-round2:00316254,images/raw/gbif-inat-toxic-round2/actaea_pachypoda/5140471923_4.jpg,Actaea pachypoda,usda:ACPA
gbif-inat:00004220,images/raw/gbif-inat/actaea_pachypoda/6234486765_1.jpg,Actaea pachypoda,usda:ACPA
gbif-inat-toxic-round2:00315905,images/raw/gbif-inat-toxic-round2/actaea_pachypoda/6235755040_1.jpg,Actaea pachypoda,usda:ACPA
gbif-inat-toxic-round2:00315973,images/raw/gbif-inat-toxic-round2/actaea_pachypoda/6252510608_4.jpg,Actaea pachypoda,usda:ACPA
gbif-inat-toxic-round2:00316220,images/raw/gbif-inat-toxic-round2/actaea_pachypoda/5140133664_1.jpg,Actaea pachypoda,usda:ACPA
gbif-inat-toxic-round2:00316002,images/raw/gbif-inat-toxic-round2/actaea_pachypoda/6273982732_4.jpg,Actaea pachypoda,usda:ACPA
gbif-inat-toxic-round2:00316154,images/raw/gbif-inat-toxic-round2/actaea_pachypoda/5133680562_2.jpg,Actaea pachypoda,usda:ACPA
gbif-inat-toxic-round2:00316190,images/raw/gbif-inat-toxic-round2/actaea_pachypoda/5134635472_1.jpg,Actaea pachypoda,usda:ACPA
gbif-inat:00004218,images/raw/gbif-inat/actaea_pachypoda/6234475006_1.jpg,Actaea pachypoda,usda:ACPA
gbif-inat-toxic-round2:00316236,images/raw/gbif-inat-toxic-round2/actaea_pachypoda/5140269697_1.jpg,Actaea pachypoda,usda:ACPA
gbif-inat-toxic-round2:00315884,images/raw/gbif-inat-toxic-round2/actaea_pachypoda/6235068768_1.jpg,Actaea pachypoda,usda:ACPA
gbif-inat:00004230,images/raw/gbif-inat/actaea_pachypoda/6234762811_1.jpg,Actaea pachypoda,usda:ACPA
gbif-inat-toxic-round2:00315984,images/raw/gbif-inat-toxic-round2/actaea_pachypoda/6253265512_1.jpg,Actaea pachypoda,usda:ACPA
gbif-inat-toxic-round2:00316233,images/raw/gbif-inat-toxic-round2/actaea_pachypoda/5140242920_1.jpg,Actaea pachypoda,usda:ACPA
gbif-inat-toxic-round2:00315937,images/raw/gbif-inat-toxic-round2/actaea_pachypoda/6236437632_3.jpg,Actaea pachypoda,usda:ACPA
gbif-inat-toxic-round2:00316045,images/raw/gbif-inat-toxic-round2/actaea_pachypoda/6274244852_2.jpg,Actaea pachypoda,usda:ACPA
gbif-inat-toxic-round2:00315903,images/raw/gbif-inat-toxic-round2/actaea_pachypoda/6235727075_2.jpg,Actaea pachypoda,usda:ACPA
gbif-inat-toxic-round2:00316007,images/raw/gbif-inat-toxic-round2/actaea_pachypoda/6251890380_1.jpg,Actaea pachypoda,usda:ACPA
gbif-inat-toxic-round2:00316094,images/raw/gbif-inat-toxic-round2/actaea_pachypoda/6320846390_1.jpg,Actaea pachypoda,usda:ACPA
gbif-inat-toxic-round2:00316240,images/raw/gbif-inat-toxic-round2/actaea_pachypoda/5140310583_2.jpg,Actaea pachypoda,usda:ACPA
gbif-inat:00001206,images/raw/gbif-inat/actaea_pachypoda/6163013663_6.jpg,Actaea pachypoda,usda:ACPA
gbif-inat-toxic-round2:00315931,images/raw/gbif-inat-toxic-round2/actaea_pachypoda/6236334416_1.jpg,Actaea pachypoda,usda:ACPA
gbif-inat-toxic-round2:00316028,images/raw/gbif-inat-toxic-round2/actaea_pachypoda/6273658721_1.jpg,Actaea pachypoda,usda:ACPA
gbif-inat-toxic-round2:00316246,images/raw/gbif-inat-toxic-round2/actaea_pachypoda/5140453085_1.jpg,Actaea pachypoda,usda:ACPA
gbif-inat:00004211,images/raw/gbif-inat/actaea_pachypoda/6234228768_2.jpg,Actaea pachypoda,usda:ACPA
gbif-inat-toxic-round2:00316054,images/raw/gbif-inat-toxic-round2/actaea_pachypoda/6320118778_3.jpg,Actaea pachypoda,usda:ACPA
gbif-inat-toxic-round2:00315938,images/raw/gbif-inat-toxic-round2/actaea_pachypoda/6236455614_1.jpg,Actaea pachypoda,usda:ACPA
gbif-inat-toxic-round2:00316203,images/raw/gbif-inat-toxic-round2/actaea_pachypoda/5134803958_4.jpg,Actaea pachypoda,usda:ACPA
gbif-inat-toxic-round2:00316165,images/raw/gbif-inat-toxic-round2/actaea_pachypoda/5133873858_4.jpg,Actaea pachypoda,usda:ACPA
gbif-inat-toxic-round2:00315964,images/raw/gbif-inat-toxic-round2/actaea_pachypoda/6252384890_1.jpg,Actaea pachypoda,usda:ACPA
gbif-inat-toxic-round2:00316168,images/raw/gbif-inat-toxic-round2/actaea_pachypoda/5134062185_1.jpg,Actaea pachypoda,usda:ACPA
gbif-inat-toxic-round2:00316083,images/raw/gbif-inat-toxic-round2/actaea_pachypoda/6320774762_2.jpg,Actaea pachypoda,usda:ACPA
gbif-inat-toxic-round2:00316205,images/raw/gbif-inat-toxic-round2/actaea_pachypoda/5134842187_1.jpg,Actaea pachypoda,usda:ACPA
gbif-inat-toxic-round2:00316133,images/raw/gbif-inat-toxic-round2/actaea_pachypoda/5133239175_1.jpg,Actaea pachypoda,usda:ACPA
gbif-inat-toxic-round2:00315888,images/raw/gbif-inat-toxic-round2/actaea_pachypoda/6235153690_1.jpg,Actaea pachypoda,usda:ACPA
gbif-inat-toxic-round2:00316057,images/raw/gbif-inat-toxic-round2/actaea_pachypoda/6320128974_3.jpg,Actaea pachypoda,usda:ACPA
gbif-inat:00004226,images/raw/gbif-inat/actaea_pachypoda/6234647621_1.jpg,Actaea pachypoda,usda:ACPA
gbif-inat-toxic-round2:00316033,images/raw/gbif-inat-toxic-round2/actaea_pachypoda/6273909932_1.jpg,Actaea pachypoda,usda:ACPA
gbif-inat:00001207,images/raw/gbif-inat/actaea_pachypoda/6163013663_7.jpg,Actaea pachypoda,usda:ACPA
gbif-inat-toxic-round2:00316135,images/raw/gbif-inat-toxic-round2/actaea_pachypoda/5133239175_3.jpg,Actaea pachypoda,usda:ACPA
gbif-inat-toxic-round2:00316023,images/raw/gbif-inat-toxic-round2/actaea_pachypoda/6273382487_1.jpg,Actaea pachypoda,usda:ACPA
gbif-inat-toxic-round2:00316004,images/raw/gbif-inat-toxic-round2/actaea_pachypoda/6251619128_1.jpg,Actaea pachypoda,usda:ACPA
gbif-inat-toxic-round2:00316021,images/raw/gbif-inat-toxic-round2/actaea_pachypoda/6273369466_1.jpg,Actaea pachypoda,usda:ACPA
gbif-inat:00004240,images/raw/gbif-inat/actaea_pachypoda/6234909063_1.jpg,Actaea pachypoda,usda:ACPA
gbif-inat-toxic-round2:00315881,images/raw/gbif-inat-toxic-round2/actaea_pachypoda/6235001605_2.jpg,Actaea pachypoda,usda:ACPA
gbif-inat-toxic-round2:00316036,images/raw/gbif-inat-toxic-round2/actaea_pachypoda/6273915905_1.jpg,Actaea pachypoda,usda:ACPA
gbif-inat-toxic-round2:00316273,images/raw/gbif-inat-toxic-round2/actaea_pachypoda/5140753362_2.jpg,Actaea pachypoda,usda:ACPA
gbif-inat-toxic-round2:00316248,images/raw/gbif-inat-toxic-round2/actaea_pachypoda/5140462276_2.jpg,Actaea pachypoda,usda:ACPA
gbif-inat-toxic-round2:00315945,images/raw/gbif-inat-toxic-round2/actaea_pachypoda/6236517742_2.jpg,Actaea pachypoda,usda:ACPA
gbif-inat-toxic-round2:00316088,images/raw/gbif-inat-toxic-round2/actaea_pachypoda/6320811499_1.jpg,Actaea pachypoda,usda:ACPA
gbif-inat:00004243,images/raw/gbif-inat/actaea_pachypoda/6234909063_4.jpg,Actaea pachypoda,usda:ACPA
gbif-inat-toxic-round2:00316243,images/raw/gbif-inat-toxic-round2/actaea_pachypoda/5140366590_1.jpg,Actaea pachypoda,usda:ACPA
gbif-inat-toxic-round2:00316011,images/raw/gbif-inat-toxic-round2/actaea_pachypoda/6252081275_1.jpg,Actaea pachypoda,usda:ACPA
gbif-inat-toxic-round2:00316142,images/raw/gbif-inat-toxic-round2/actaea_pachypoda/5133431556_2.jpg,Actaea pachypoda,usda:ACPA
gbif-inat-toxic-round2:00316151,images/raw/gbif-inat-toxic-round2/actaea_pachypoda/5133655377_2.jpg,Actaea pachypoda,usda:ACPA
gbif-inat:00004202,images/raw/gbif-inat/actaea_pachypoda/6195963956_2.jpg,Actaea pachypoda,usda:ACPA
gbif-inat-toxic-round2:00316184,images/raw/gbif-inat-toxic-round2/actaea_pachypoda/5134463214_2.jpg,Actaea pachypoda,usda:ACPA
gbif-inat:00004242,images/raw/gbif-inat/actaea_pachypoda/6234909063_3.jpg,Actaea pachypoda,usda:ACPA
gbif-inat-toxic-round2:00315979,images/raw/gbif-inat-toxic-round2/actaea_pachypoda/6253196673_1.jpg,Actaea pachypoda,usda:ACPA
gbif-inat:00004198,images/raw/gbif-inat/actaea_pachypoda/6195817017_1.jpg,Actaea pachypoda,usda:ACPA
gbif-inat-toxic-round2:00316230,images/raw/gbif-inat-toxic-round2/actaea_pachypoda/5140215021_3.jpg,Actaea pachypoda,usda:ACPA
gbif-inat-toxic-round2:00316059,images/raw/gbif-inat-toxic-round2/actaea_pachypoda/6320266769_1.jpg,Actaea pachypoda,usda:ACPA
gbif-inat:00004241,images/raw/gbif-inat/actaea_pachypoda/6234909063_2.jpg,Actaea pachypoda,usda:ACPA
gbif-inat-toxic-round2:00316188,images/raw/gbif-inat-toxic-round2/actaea_pachypoda/5134634611_2.jpg,Actaea pachypoda,usda:ACPA
gbif-inat-toxic-round2:00316235,images/raw/gbif-inat-toxic-round2/actaea_pachypoda/5140242920_3.jpg,Actaea pachypoda,usda:ACPA
gbif-inat-toxic-round2:00316183,images/raw/gbif-inat-toxic-round2/actaea_pachypoda/5134463214_1.jpg,Actaea pachypoda,usda:ACPA
gbif-inat-toxic-round2:00316197,images/raw/gbif-inat-toxic-round2/actaea_pachypoda/5134701475_3.jpg,Actaea pachypoda,usda:ACPA
gbif-inat-toxic-round2:00315896,images/raw/gbif-inat-toxic-round2/actaea_pachypoda/6235326167_1.jpg,Actaea pachypoda,usda:ACPA
gbif-inat-toxic-round2:00316046,images/raw/gbif-inat-toxic-round2/actaea_pachypoda/6274244852_3.jpg,Actaea pachypoda,usda:ACPA
gbif-inat-toxic-round2:00315925,images/raw/gbif-inat-toxic-round2/actaea_pachypoda/6236211698_2.jpg,Actaea pachypoda,usda:ACPA
gbif-inat-toxic-round2:00316206,images/raw/gbif-inat-toxic-round2/actaea_pachypoda/5134874871_1.jpg,Actaea pachypoda,usda:ACPA
gbif-inat-toxic-round2:00316192,images/raw/gbif-inat-toxic-round2/actaea_pachypoda/5134666862_2.jpg,Actaea pachypoda,usda:ACPA
gbif-inat-toxic-round2:00315936,images/raw/gbif-inat-toxic-round2/actaea_pachypoda/6236437632_2.jpg,Actaea pachypoda,usda:ACPA
gbif-inat-toxic-round2:00316035,images/raw/gbif-inat-toxic-round2/actaea_pachypoda/6273909932_3.jpg,Actaea pachypoda,usda:ACPA
gbif-inat:00004221,images/raw/gbif-inat/actaea_pachypoda/6234558881_1.jpg,Actaea pachypoda,usda:ACPA
gbif-inat-toxic-round2:00315949,images/raw/gbif-inat-toxic-round2/actaea_pachypoda/6251515309_1.jpg,Actaea pachypoda,usda:ACPA
gbif-inat-toxic-round2:00315951,images/raw/gbif-inat-toxic-round2/actaea_pachypoda/6251749338_1.jpg,Actaea pachypoda,usda:ACPA
gbif-inat-toxic-round2:00316251,images/raw/gbif-inat-toxic-round2/actaea_pachypoda/5140471923_1.jpg,Actaea pachypoda,usda:ACPA
gbif-inat-toxic-round2:00315883,images/raw/gbif-inat-toxic-round2/actaea_pachypoda/6235018440_2.jpg,Actaea pachypoda,usda:ACPA
gbif-inat:00001225,images/raw/gbif-inat/actaea_pachypoda/6186029317_3.jpg,Actaea pachypoda,usda:ACPA
gbif-inat-toxic-round2:00315972,images/raw/gbif-inat-toxic-round2/actaea_pachypoda/6252510608_3.jpg,Actaea pachypoda,usda:ACPA
gbif-inat-toxic-round2:00315932,images/raw/gbif-inat-toxic-round2/actaea_pachypoda/6236334416_2.jpg,Actaea pachypoda,usda:ACPA
gbif-inat:00001230,images/raw/gbif-inat/actaea_pachypoda/6188066554_2.jpg,Actaea pachypoda,usda:ACPA
gbif-inat-toxic-round2:00316269,images/raw/gbif-inat-toxic-round2/actaea_pachypoda/5140702363_3.jpg,Actaea pachypoda,usda:ACPA
gbif-inat:00004182,images/raw/gbif-inat/actaea_pachypoda/6188340898_1.jpg,Actaea pachypoda,usda:ACPA
gbif-inat-toxic-round2:00315880,images/raw/gbif-inat-toxic-round2/actaea_pachypoda/6235001605_1.jpg,Actaea pachypoda,usda:ACPA
gbif-inat-toxic-round2:00316005,images/raw/gbif-inat-toxic-round2/actaea_pachypoda/6251619128_2.jpg,Actaea pachypoda,usda:ACPA
gbif-inat-toxic-round2:00316198,images/raw/gbif-inat-toxic-round2/actaea_pachypoda/5134708013_1.jpg,Actaea pachypoda,usda:ACPA
gbif-inat:00001201,images/raw/gbif-inat/actaea_pachypoda/6163013663_1.jpg,Actaea pachypoda,usda:ACPA
gbif-inat-toxic-round2:00315922,images/raw/gbif-inat-toxic-round2/actaea_pachypoda/6236130834_2.jpg,Actaea pachypoda,usda:ACPA
gbif-inat-toxic-round2:00316249,images/raw/gbif-inat-toxic-round2/actaea_pachypoda/5140462276_3.jpg,Actaea pachypoda,usda:ACPA
gbif-inat:00001219,images/raw/gbif-inat/actaea_pachypoda/6185864569_1.jpg,Actaea pachypoda,usda:ACPA
gbif-inat-toxic-round2:00316038,images/raw/gbif-inat-toxic-round2/actaea_pachypoda/6274039793_2.jpg,Actaea pachypoda,usda:ACPA
gbif-inat-toxic-round2:00315965,images/raw/gbif-inat-toxic-round2/actaea_pachypoda/6252384890_2.jpg,Actaea pachypoda,usda:ACPA
gbif-inat-toxic-round2:00316132,images/raw/gbif-inat-toxic-round2/actaea_pachypoda/5133189056_3.jpg,Actaea pachypoda,usda:ACPA
gbif-inat-toxic-round2:00316227,images/raw/gbif-inat-toxic-round2/actaea_pachypoda/5140196042_2.jpg,Actaea pachypoda,usda:ACPA
gbif-inat-toxic-round2:00316128,images/raw/gbif-inat-toxic-round2/actaea_pachypoda/5133152988_1.jpg,Actaea pachypoda,usda:ACPA
gbif-inat-toxic-round2:00316195,images/raw/gbif-inat-toxic-round2/actaea_pachypoda/5134701475_1.jpg,Actaea pachypoda,usda:ACPA
gbif-inat-toxic-round2:00315994,images/raw/gbif-inat-toxic-round2/actaea_pachypoda/6273512032_1.jpg,Actaea pachypoda,usda:ACPA
gbif-inat-toxic-round2:00316213,images/raw/gbif-inat-toxic-round2/actaea_pachypoda/5140096782_1.jpg,Actaea pachypoda,usda:ACPA
gbif-inat-toxic-round2:00315885,images/raw/gbif-inat-toxic-round2/actaea_pachypoda/6235068768_2.jpg,Actaea pachypoda,usda:ACPA
gbif-inat-toxic-round2:00315933,images/raw/gbif-inat-toxic-round2/actaea_pachypoda/6236338532_1.jpg,Actaea pachypoda,usda:ACPA
gbif-inat:00004210,images/raw/gbif-inat/actaea_pachypoda/6234228768_1.jpg,Actaea pachypoda,usda:ACPA
gbif-inat-toxic-round2:00316176,images/raw/gbif-inat-toxic-round2/actaea_pachypoda/5134264595_1.jpg,Actaea pachypoda,usda:ACPA
gbif-inat-toxic-round2:00316032,images/raw/gbif-inat-toxic-round2/actaea_pachypoda/6273878105_2.jpg,Actaea pachypoda,usda:ACPA
gbif-inat-toxic-round2:00316277,images/raw/gbif-inat-toxic-round2/actaea_pachypoda/5140815191_2.jpg,Actaea pachypoda,usda:ACPA
gbif-inat-toxic-round2:00315978,images/raw/gbif-inat-toxic-round2/actaea_pachypoda/6253059125_1.jpg,Actaea pachypoda,usda:ACPA
gbif-inat-toxic-round2:00315890,images/raw/gbif-inat-toxic-round2/actaea_pachypoda/6235187735_2.jpg,Actaea pachypoda,usda:ACPA
gbif-inat-toxic-round2:00316212,images/raw/gbif-inat-toxic-round2/actaea_pachypoda/5140051437_1.jpg,Actaea pachypoda,usda:ACPA
gbif-inat:00004191,images/raw/gbif-inat/actaea_pachypoda/6195436418_2.jpg,Actaea pachypoda,usda:ACPA
gbif-inat-toxic-round2:00316242,images/raw/gbif-inat-toxic-round2/actaea_pachypoda/5140349208_2.jpg,Actaea pachypoda,usda:ACPA
gbif-inat-toxic-round2:00316114,images/raw/gbif-inat-toxic-round2/actaea_pachypoda/6321049826_6.jpg,Actaea pachypoda,usda:ACPA
gbif-inat:00004225,images/raw/gbif-inat/actaea_pachypoda/6234573641_3.jpg,Actaea pachypoda,usda:ACPA
gbif-inat-toxic-round2:00316025,images/raw/gbif-inat-toxic-round2/actaea_pachypoda/6273503553_2.jpg,Actaea pachypoda,usda:ACPA
gbif-inat-toxic-round2:00315934,images/raw/gbif-inat-toxic-round2/actaea_pachypoda/6236413584_1.jpg,Actaea pachypoda,usda:ACPA
gbif-inat-toxic-round2:00316061,images/raw/gbif-inat-toxic-round2/actaea_pachypoda/6320324668_2.jpg,Actaea pachypoda,usda:ACPA
gbif-inat-toxic-round2:00316019,images/raw/gbif-inat-toxic-round2/actaea_pachypoda/6273242036_2.jpg,Actaea pachypoda,usda:ACPA
gbif-inat-toxic-round2:00316189,images/raw/gbif-inat-toxic-round2/actaea_pachypoda/5134634611_3.jpg,Actaea pachypoda,usda:ACPA
gbif-inat-toxic-round2:00315894,images/raw/gbif-inat-toxic-round2/actaea_pachypoda/6235267918_2.jpg,Actaea pachypoda,usda:ACPA
gbif-inat-toxic-round2:00316136,images/raw/gbif-inat-toxic-round2/actaea_pachypoda/5133333532_1.jpg,Actaea pachypoda,usda:ACPA
gbif-inat-toxic-round2:00316150,images/raw/gbif-inat-toxic-round2/actaea_pachypoda/5133655377_1.jpg,Actaea pachypoda,usda:ACPA
gbif-inat-toxic-round2:00316105,images/raw/gbif-inat-toxic-round2/actaea_pachypoda/6320993551_6.jpg,Actaea pachypoda,usda:ACPA
gbif-inat-toxic-round2:00316049,images/raw/gbif-inat-toxic-round2/actaea_pachypoda/6320086481_2.jpg,Actaea pachypoda,usda:ACPA
gbif-inat-toxic-round2:00316085,images/raw/gbif-inat-toxic-round2/actaea_pachypoda/6320774762_4.jpg,Actaea pachypoda,usda:ACPA
gbif-inat-toxic-round2:00315948,images/raw/gbif-inat-toxic-round2/actaea_pachypoda/6251513939_1.jpg,Actaea pachypoda,usda:ACPA
gbif-inat:00001217,images/raw/gbif-inat/actaea_pachypoda/6185386402_1.jpg,Actaea pachypoda,usda:ACPA
gbif-inat-toxic-round2:00316008,images/raw/gbif-inat-toxic-round2/actaea_pachypoda/6251890380_2.jpg,Actaea pachypoda,usda:ACPA
gbif-inat:00004228,images/raw/gbif-inat/actaea_pachypoda/6234653346_1.jpg,Actaea pachypoda,usda:ACPA
gbif-inat-toxic-round2:00315970,images/raw/gbif-inat-toxic-round2/actaea_pachypoda/6252510608_1.jpg,Actaea pachypoda,usda:ACPA
gbif-inat-toxic-round2:00316140,images/raw/gbif-inat-toxic-round2/actaea_pachypoda/5133361847_3.jpg,Actaea pachypoda,usda:ACPA
gbif-inat-toxic-round2:00316210,images/raw/gbif-inat-toxic-round2/actaea_pachypoda/5140025137_2.jpg,Actaea pachypoda,usda:ACPA
gbif-inat-toxic-round2:00316200,images/raw/gbif-inat-toxic-round2/actaea_pachypoda/5134803958_1.jpg,Actaea pachypoda,usda:ACPA
gbif-inat-toxic-round2:00316138,images/raw/gbif-inat-toxic-round2/actaea_pachypoda/5133361847_1.jpg,Actaea pachypoda,usda:ACPA
gbif-inat-toxic-round2:00316099,images/raw/gbif-inat-toxic-round2/actaea_pachypoda/6320951368_1.jpg,Actaea pachypoda,usda:ACPA
gbif-inat-toxic-round2:00316058,images/raw/gbif-inat-toxic-round2/actaea_pachypoda/6320140756_1.jpg,Actaea pachypoda,usda:ACPA
gbif-inat-toxic-round2:00315911,images/raw/gbif-inat-toxic-round2/actaea_pachypoda/6235804549_1.jpg,Actaea pachypoda,usda:ACPA
gbif-inat-toxic-round2:00316084,images/raw/gbif-inat-toxic-round2/actaea_pachypoda/6320774762_3.jpg,Actaea pachypoda,usda:ACPA
gbif-inat:00004181,images/raw/gbif-inat/actaea_pachypoda/6188304781_1.jpg,Actaea pachypoda,usda:ACPA
gbif-inat-toxic-round2:00316089,images/raw/gbif-inat-toxic-round2/actaea_pachypoda/6320811499_2.jpg,Actaea pachypoda,usda:ACPA
gbif-inat-toxic-round2:00315900,images/raw/gbif-inat-toxic-round2/actaea_pachypoda/6235459009_1.jpg,Actaea pachypoda,usda:ACPA
gbif-inat:00001211,images/raw/gbif-inat/actaea_pachypoda/6163013663_11.jpg,Actaea pachypoda,usda:ACPA
gbif-inat-toxic-round2:00315995,images/raw/gbif-inat-toxic-round2/actaea_pachypoda/6273649797_1.jpg,Actaea pachypoda,usda:ACPA
gbif-inat:00004187,images/raw/gbif-inat/actaea_pachypoda/6195274220_1.jpg,Actaea pachypoda,usda:ACPA
gbif-inat-toxic-round2:00315924,images/raw/gbif-inat-toxic-round2/actaea_pachypoda/6236211698_1.jpg,Actaea pachypoda,usda:ACPA
gbif-inat:00001202,images/raw/gbif-inat/actaea_pachypoda/6163013663_2.jpg,Actaea pachypoda,usda:ACPA
gbif-inat-toxic-round2:00315895,images/raw/gbif-inat-toxic-round2/actaea_pachypoda/6235267918_3.jpg,Actaea pachypoda,usda:ACPA
gbif-inat:00004239,images/raw/gbif-inat/actaea_pachypoda/6234893898_2.jpg,Actaea pachypoda,usda:ACPA
gbif-inat-toxic-round2:00316207,images/raw/gbif-inat-toxic-round2/actaea_pachypoda/5140023293_1.jpg,Actaea pachypoda,usda:ACPA
gbif-inat-toxic-round2:00316124,images/raw/gbif-inat-toxic-round2/actaea_pachypoda/5920298185_1.jpg,Actaea pachypoda,usda:ACPA
gbif-inat-toxic-round2:00316147,images/raw/gbif-inat-toxic-round2/actaea_pachypoda/5133612207_1.jpg,Actaea pachypoda,usda:ACPA
gbif-inat:00004206,images/raw/gbif-inat/actaea_pachypoda/6234223116_2.jpg,Actaea pachypoda,usda:ACPA
gbif-inat:00004245,images/raw/gbif-inat/actaea_pachypoda/6234936440_1.jpg,Actaea pachypoda,usda:ACPA
gbif-inat-toxic-round2:00316234,images/raw/gbif-inat-toxic-round2/actaea_pachypoda/5140242920_2.jpg,Actaea pachypoda,usda:ACPA
gbif-inat-toxic-round2:00316143,images/raw/gbif-inat-toxic-round2/actaea_pachypoda/5133446502_1.jpg,Actaea pachypoda,usda:ACPA
gbif-inat-toxic-round2:00316247,images/raw/gbif-inat-toxic-round2/actaea_pachypoda/5140462276_1.jpg,Actaea pachypoda,usda:ACPA
gbif-inat-toxic-round2:00315941,images/raw/gbif-inat-toxic-round2/actaea_pachypoda/6236491742_1.jpg,Actaea pachypoda,usda:ACPA
gbif-inat-toxic-round2:00316137,images/raw/gbif-inat-toxic-round2/actaea_pachypoda/5133333532_2.jpg,Actaea pachypoda,usda:ACPA
gbif-inat-toxic-round2:00315908,images/raw/gbif-inat-toxic-round2/actaea_pachypoda/6235767230_1.jpg,Actaea pachypoda,usda:ACPA
gbif-inat-toxic-round2:00316270,images/raw/gbif-inat-toxic-round2/actaea_pachypoda/5140702363_4.jpg,Actaea pachypoda,usda:ACPA
gbif-inat-toxic-round2:00316156,images/raw/gbif-inat-toxic-round2/actaea_pachypoda/5133753191_2.jpg,Actaea pachypoda,usda:ACPA
gbif-inat:00001228,images/raw/gbif-inat/actaea_pachypoda/6188652391_2.jpg,Actaea pachypoda,usda:ACPA
gbif-inat-toxic-round2:00315887,images/raw/gbif-inat-toxic-round2/actaea_pachypoda/6235123402_1.jpg,Actaea pachypoda,usda:ACPA
gbif-inat-toxic-round2:00316608,images/raw/gbif-inat-toxic-round2/actaea_rubra/5166872835_2.jpg,Actaea rubra,usda:ACRU2
gbif-inat-toxic-round2:00316613,images/raw/gbif-inat-toxic-round2/actaea_rubra/5166965228_2.jpg,Actaea rubra,usda:ACRU2
gbif-inat-toxic-round2:00316595,images/raw/gbif-inat-toxic-round2/actaea_rubra/5154944577_1.jpg,Actaea rubra,usda:ACRU2
gbif-inat-toxic-round2:00316605,images/raw/gbif-inat-toxic-round2/actaea_rubra/5166843765_2.jpg,Actaea rubra,usda:ACRU2
gbif-inat-toxic-round2:00316641,images/raw/gbif-inat-toxic-round2/actaea_rubra/5167407347_1.jpg,Actaea rubra,usda:ACRU2
gbif-inat-toxic-round2:00316318,images/raw/gbif-inat-toxic-round2/actaea_rubra/6274318957_4.jpg,Actaea rubra,usda:ACRU2
gbif-inat-toxic-round2:00316399,images/raw/gbif-inat-toxic-round2/actaea_rubra/6321064369_1.jpg,Actaea rubra,usda:ACRU2
gbif-inat-toxic-round2:00316297,images/raw/gbif-inat-toxic-round2/actaea_rubra/6273795493_1.jpg,Actaea rubra,usda:ACRU2
gbif-inat-toxic-round2:00316544,images/raw/gbif-inat-toxic-round2/actaea_rubra/5153647497_5.jpg,Actaea rubra,usda:ACRU2
gbif-inat-toxic-round2:00316582,images/raw/gbif-inat-toxic-round2/actaea_rubra/5154440966_4.jpg,Actaea rubra,usda:ACRU2
gbif-inat-toxic-round2:00316280,images/raw/gbif-inat-toxic-round2/actaea_rubra/6273492806_1.jpg,Actaea rubra,usda:ACRU2
gbif-inat-toxic-round2:00316539,images/raw/gbif-inat-toxic-round2/actaea_rubra/5153631420_1.jpg,Actaea rubra,usda:ACRU2
gbif-inat-toxic-round2:00316303,images/raw/gbif-inat-toxic-round2/actaea_rubra/6273976879_1.jpg,Actaea rubra,usda:ACRU2
gbif-inat-toxic-round2:00316452,images/raw/gbif-inat-toxic-round2/actaea_rubra/5140037662_1.jpg,Actaea rubra,usda:ACRU2
gbif-inat-toxic-round2:00316638,images/raw/gbif-inat-toxic-round2/actaea_rubra/5167366098_3.jpg,Actaea rubra,usda:ACRU2
gbif-inat-toxic-round2:00316431,images/raw/gbif-inat-toxic-round2/actaea_rubra/5088040855_1.jpg,Actaea rubra,usda:ACRU2
gbif-inat-toxic-round2:00316329,images/raw/gbif-inat-toxic-round2/actaea_rubra/6320169714_2.jpg,Actaea rubra,usda:ACRU2
gbif-inat:00004319,images/raw/gbif-inat/actaea_rubra/6253271340_3.jpg,Actaea rubra,usda:ACRU2
gbif-inat-toxic-round2:00316310,images/raw/gbif-inat-toxic-round2/actaea_rubra/6274116471_1.jpg,Actaea rubra,usda:ACRU2
gbif-inat-toxic-round2:00316342,images/raw/gbif-inat-toxic-round2/actaea_rubra/6320299010_3.jpg,Actaea rubra,usda:ACRU2
gbif-inat-toxic-round2:00316377,images/raw/gbif-inat-toxic-round2/actaea_rubra/6320742854_2.jpg,Actaea rubra,usda:ACRU2
gbif-inat-toxic-round2:00316421,images/raw/gbif-inat-toxic-round2/actaea_rubra/5087627949_2.jpg,Actaea rubra,usda:ACRU2
gbif-inat-toxic-round2:00316643,images/raw/gbif-inat-toxic-round2/actaea_rubra/5167431458_2.jpg,Actaea rubra,usda:ACRU2
gbif-inat-toxic-round2:00316404,images/raw/gbif-inat-toxic-round2/actaea_rubra/6321237712_2.jpg,Actaea rubra,usda:ACRU2
gbif-inat-toxic-round2:00316583,images/raw/gbif-inat-toxic-round2/actaea_rubra/5154539535_1.jpg,Actaea rubra,usda:ACRU2
gbif-inat-toxic-round2:00316385,images/raw/gbif-inat-toxic-round2/actaea_rubra/6320957452_2.jpg,Actaea rubra,usda:ACRU2
gbif-inat-toxic-round2:00316548,images/raw/gbif-inat-toxic-round2/actaea_rubra/5153685096_1.jpg,Actaea rubra,usda:ACRU2
gbif-inat-toxic-round2:00316313,images/raw/gbif-inat-toxic-round2/actaea_rubra/6274314591_1.jpg,Actaea rubra,usda:ACRU2
gbif-inat-toxic-round2:00316442,images/raw/gbif-inat-toxic-round2/actaea_rubra/5134567493_1.jpg,Actaea rubra,usda:ACRU2
gbif-inat-toxic-round2:00316322,images/raw/gbif-inat-toxic-round2/actaea_rubra/6320091111_2.jpg,Actaea rubra,usda:ACRU2
gbif-inat-toxic-round2:00316413,images/raw/gbif-inat-toxic-round2/actaea_rubra/5087375816_1.jpg,Actaea rubra,usda:ACRU2
gbif-inat-toxic-round2:00316587,images/raw/gbif-inat-toxic-round2/actaea_rubra/5154595716_1.jpg,Actaea rubra,usda:ACRU2
gbif-inat-toxic-round2:00316677,images/raw/gbif-inat-toxic-round2/actaea_rubra/5167716368_3.jpg,Actaea rubra,usda:ACRU2
gbif-inat-toxic-round2:00316562,images/raw/gbif-inat-toxic-round2/actaea_rubra/5153946847_1.jpg,Actaea rubra,usda:ACRU2
gbif-inat-toxic-round2:00316341,images/raw/gbif-inat-toxic-round2/actaea_rubra/6320299010_2.jpg,Actaea rubra,usda:ACRU2
gbif-inat:00004257,images/raw/gbif-inat/actaea_rubra/6235301231_2.jpg,Actaea rubra,usda:ACRU2
gbif-inat-toxic-round2:00316308,images/raw/gbif-inat-toxic-round2/actaea_rubra/6274055823_1.jpg,Actaea rubra,usda:ACRU2
gbif-inat-toxic-round2:00316288,images/raw/gbif-inat-toxic-round2/actaea_rubra/6273610431_2.jpg,Actaea rubra,usda:ACRU2
gbif-inat-toxic-round2:00316290,images/raw/gbif-inat-toxic-round2/actaea_rubra/6273630095_1.jpg,Actaea rubra,usda:ACRU2
gbif-inat:00004285,images/raw/gbif-inat/actaea_rubra/6251630563_1.jpg,Actaea rubra,usda:ACRU2
gbif-inat-toxic-round2:00316603,images/raw/gbif-inat-toxic-round2/actaea_rubra/5166803210_2.jpg,Actaea rubra,usda:ACRU2
gbif-inat-toxic-round2:00316397,images/raw/gbif-inat-toxic-round2/actaea_rubra/6321053945_1.jpg,Actaea rubra,usda:ACRU2
gbif-inat-toxic-round2:00316460,images/raw/gbif-inat-toxic-round2/actaea_rubra/5140803691_1.jpg,Actaea rubra,usda:ACRU2
gbif-inat-toxic-round2:00316623,images/raw/gbif-inat-toxic-round2/actaea_rubra/5167191349_2.jpg,Actaea rubra,usda:ACRU2
gbif-inat-toxic-round2:00316439,images/raw/gbif-inat-toxic-round2/actaea_rubra/5104546541_4.jpg,Actaea rubra,usda:ACRU2
gbif-inat-toxic-round2:00316467,images/raw/gbif-inat-toxic-round2/actaea_rubra/5141104199_1.jpg,Actaea rubra,usda:ACRU2
gbif-inat-toxic-round2:00316598,images/raw/gbif-inat-toxic-round2/actaea_rubra/5154958922_1.jpg,Actaea rubra,usda:ACRU2
gbif-inat-toxic-round2:00316447,images/raw/gbif-inat-toxic-round2/actaea_rubra/5134786256_2.jpg,Actaea rubra,usda:ACRU2
gbif-inat-toxic-round2:00316480,images/raw/gbif-inat-toxic-round2/actaea_rubra/5153877338_1.jpg,Actaea rubra,usda:ACRU2
gbif-inat-toxic-round2:00316533,images/raw/gbif-inat-toxic-round2/actaea_rubra/6185958265_1.jpg,Actaea rubra,usda:ACRU2
gbif-inat-toxic-round2:00316312,images/raw/gbif-inat-toxic-round2/actaea_rubra/6274310630_1.jpg,Actaea rubra,usda:ACRU2
gbif-inat-toxic-round2:00316296,images/raw/gbif-inat-toxic-round2/actaea_rubra/6273720623_1.jpg,Actaea rubra,usda:ACRU2
gbif-inat-toxic-round2:00316512,images/raw/gbif-inat-toxic-round2/actaea_rubra/6130137275_3.jpg,Actaea rubra,usda:ACRU2
gbif-inat:00004252,images/raw/gbif-inat/actaea_rubra/6235214813_6.jpg,Actaea rubra,usda:ACRU2
gbif-inat-toxic-round2:00316529,images/raw/gbif-inat-toxic-round2/actaea_rubra/6131219069_2.jpg,Actaea rubra,usda:ACRU2
gbif-inat:00004295,images/raw/gbif-inat/actaea_rubra/6253133342_1.jpg,Actaea rubra,usda:ACRU2
gbif-inat-toxic-round2:00316654,images/raw/gbif-inat-toxic-round2/actaea_rubra/5167488043_2.jpg,Actaea rubra,usda:ACRU2
gbif-inat-toxic-round2:00316412,images/raw/gbif-inat-toxic-round2/actaea_rubra/5087124279_1.jpg,Actaea rubra,usda:ACRU2
gbif-inat:00004286,images/raw/gbif-inat/actaea_rubra/6252210359_1.jpg,Actaea rubra,usda:ACRU2
gbif-inat-toxic-round2:00316466,images/raw/gbif-inat-toxic-round2/actaea_rubra/5141085294_1.jpg,Actaea rubra,usda:ACRU2
gbif-inat-toxic-round2:00316359,images/raw/gbif-inat-toxic-round2/actaea_rubra/6320388574_1.jpg,Actaea rubra,usda:ACRU2
gbif-inat-toxic-round2:00316507,images/raw/gbif-inat-toxic-round2/actaea_rubra/6130061494_2.jpg,Actaea rubra,usda:ACRU2
gbif-inat-toxic-round2:00316391,images/raw/gbif-inat-toxic-round2/actaea_rubra/6320997937_2.jpg,Actaea rubra,usda:ACRU2
gbif-inat:00004278,images/raw/gbif-inat/actaea_rubra/6251513046_1.jpg,Actaea rubra,usda:ACRU2
gbif-inat:00001233,images/raw/gbif-inat/actaea_rubra/6178887370_1.jpg,Actaea rubra,usda:ACRU2
gbif-inat:00004262,images/raw/gbif-inat/actaea_rubra/6235603993_1.jpg,Actaea rubra,usda:ACRU2
gbif-inat-toxic-round2:00316422,images/raw/gbif-inat-toxic-round2/actaea_rubra/5087683975_1.jpg,Actaea rubra,usda:ACRU2
gbif-inat-toxic-round2:00316666,images/raw/gbif-inat-toxic-round2/actaea_rubra/5167584091_1.jpg,Actaea rubra,usda:ACRU2
gbif-inat:00004306,images/raw/gbif-inat/actaea_rubra/6251561735_1.jpg,Actaea rubra,usda:ACRU2
gbif-inat:00001251,images/raw/gbif-inat/actaea_rubra/6234867587_3.jpg,Actaea rubra,usda:ACRU2
gbif-inat:00004276,images/raw/gbif-inat/actaea_rubra/6236493992_4.jpg,Actaea rubra,usda:ACRU2
gbif-inat-toxic-round2:00316502,images/raw/gbif-inat-toxic-round2/actaea_rubra/5168368895_2.jpg,Actaea rubra,usda:ACRU2
gbif-inat-toxic-round2:00316566,images/raw/gbif-inat-toxic-round2/actaea_rubra/5154144974_1.jpg,Actaea rubra,usda:ACRU2
gbif-inat:00004282,images/raw/gbif-inat/actaea_rubra/6251588112_1.jpg,Actaea rubra,usda:ACRU2
gbif-inat-toxic-round2:00316493,images/raw/gbif-inat-toxic-round2/actaea_rubra/5154221356_3.jpg,Actaea rubra,usda:ACRU2
gbif-inat:00001246,images/raw/gbif-inat/actaea_rubra/6195496607_2.jpg,Actaea rubra,usda:ACRU2
gbif-inat-toxic-round2:00316665,images/raw/gbif-inat-toxic-round2/actaea_rubra/5167582340_1.jpg,Actaea rubra,usda:ACRU2
gbif-inat-toxic-round2:00316657,images/raw/gbif-inat-toxic-round2/actaea_rubra/5167511608_3.jpg,Actaea rubra,usda:ACRU2
gbif-inat-toxic-round2:00316478,images/raw/gbif-inat-toxic-round2/actaea_rubra/5153282312_4.jpg,Actaea rubra,usda:ACRU2
gbif-inat-toxic-round2:00316653,images/raw/gbif-inat-toxic-round2/actaea_rubra/5167488043_1.jpg,Actaea rubra,usda:ACRU2
gbif-inat-toxic-round2:00316670,images/raw/gbif-inat-toxic-round2/actaea_rubra/5167617153_2.jpg,Actaea rubra,usda:ACRU2
gbif-inat-toxic-round2:00316470,images/raw/gbif-inat-toxic-round2/actaea_rubra/5153052000_1.jpg,Actaea rubra,usda:ACRU2
gbif-inat-toxic-round2:00316538,images/raw/gbif-inat-toxic-round2/actaea_rubra/5153441982_2.jpg,Actaea rubra,usda:ACRU2
gbif-inat-toxic-round2:00316383,images/raw/gbif-inat-toxic-round2/actaea_rubra/6320948335_2.jpg,Actaea rubra,usda:ACRU2
gbif-inat-toxic-round2:00316415,images/raw/gbif-inat-toxic-round2/actaea_rubra/5087375816_3.jpg,Actaea rubra,usda:ACRU2
gbif-inat:00004309,images/raw/gbif-inat/actaea_rubra/6252097084_3.jpg,Actaea rubra,usda:ACRU2
gbif-inat-toxic-round2:00316379,images/raw/gbif-inat-toxic-round2/actaea_rubra/6320889665_1.jpg,Actaea rubra,usda:ACRU2
gbif-inat-toxic-round2:00316402,images/raw/gbif-inat-toxic-round2/actaea_rubra/6321198553_1.jpg,Actaea rubra,usda:ACRU2
gbif-inat-toxic-round2:00316610,images/raw/gbif-inat-toxic-round2/actaea_rubra/5166903431_1.jpg,Actaea rubra,usda:ACRU2
gbif-inat-toxic-round2:00316400,images/raw/gbif-inat-toxic-round2/actaea_rubra/6321174665_1.jpg,Actaea rubra,usda:ACRU2
gbif-inat-toxic-round2:00316408,images/raw/gbif-inat-toxic-round2/actaea_rubra/5076974789_1.jpg,Actaea rubra,usda:ACRU2
gbif-inat-toxic-round2:00316307,images/raw/gbif-inat-toxic-round2/actaea_rubra/6274007813_2.jpg,Actaea rubra,usda:ACRU2
gbif-inat-toxic-round2:00316635,images/raw/gbif-inat-toxic-round2/actaea_rubra/5167325621_3.jpg,Actaea rubra,usda:ACRU2
gbif-inat-toxic-round2:00316504,images/raw/gbif-inat-toxic-round2/actaea_rubra/5759647491_1.jpg,Actaea rubra,usda:ACRU2
gbif-inat-toxic-round2:00316581,images/raw/gbif-inat-toxic-round2/actaea_rubra/5154440966_3.jpg,Actaea rubra,usda:ACRU2
gbif-inat-toxic-round2:00316506,images/raw/gbif-inat-toxic-round2/actaea_rubra/6130061494_1.jpg,Actaea rubra,usda:ACRU2
gbif-inat-toxic-round2:00316350,images/raw/gbif-inat-toxic-round2/actaea_rubra/6320339898_1.jpg,Actaea rubra,usda:ACRU2
gbif-inat-toxic-round2:00316417,images/raw/gbif-inat-toxic-round2/actaea_rubra/5087566332_1.jpg,Actaea rubra,usda:ACRU2
gbif-inat-toxic-round2:00316330,images/raw/gbif-inat-toxic-round2/actaea_rubra/6320169714_3.jpg,Actaea rubra,usda:ACRU2
gbif-inat:00004253,images/raw/gbif-inat/actaea_rubra/6235214813_7.jpg,Actaea rubra,usda:ACRU2
gbif-inat-toxic-round2:00316487,images/raw/gbif-inat-toxic-round2/actaea_rubra/5154065517_2.jpg,Actaea rubra,usda:ACRU2
gbif-inat-toxic-round2:00316463,images/raw/gbif-inat-toxic-round2/actaea_rubra/5140969932_2.jpg,Actaea rubra,usda:ACRU2
gbif-inat-toxic-round2:00316449,images/raw/gbif-inat-toxic-round2/actaea_rubra/5134786256_4.jpg,Actaea rubra,usda:ACRU2
gbif-inat-toxic-round2:00316443,images/raw/gbif-inat-toxic-round2/actaea_rubra/5134567493_2.jpg,Actaea rubra,usda:ACRU2
gbif-inat-toxic-round2:00316678,images/raw/gbif-inat-toxic-round2/actaea_rubra/5167716368_4.jpg,Actaea rubra,usda:ACRU2
gbif-inat-toxic-round2:00316540,images/raw/gbif-inat-toxic-round2/actaea_rubra/5153647497_1.jpg,Actaea rubra,usda:ACRU2
gbif-inat-toxic-round2:00316469,images/raw/gbif-inat-toxic-round2/actaea_rubra/5141141231_1.jpg,Actaea rubra,usda:ACRU2
gbif-inat-toxic-round2:00316361,images/raw/gbif-inat-toxic-round2/actaea_rubra/6320425998_1.jpg,Actaea rubra,usda:ACRU2
gbif-inat-toxic-round2:00316357,images/raw/gbif-inat-toxic-round2/actaea_rubra/6320385826_5.jpg,Actaea rubra,usda:ACRU2
gbif-inat-toxic-round2:00316585,images/raw/gbif-inat-toxic-round2/actaea_rubra/5154576357_2.jpg,Actaea rubra,usda:ACRU2
gbif-inat-toxic-round2:00316489,images/raw/gbif-inat-toxic-round2/actaea_rubra/5154065517_4.jpg,Actaea rubra,usda:ACRU2
gbif-inat:00001232,images/raw/gbif-inat/actaea_rubra/6178335563_1.jpg,Actaea rubra,usda:ACRU2
gbif-inat:00004289,images/raw/gbif-inat/actaea_rubra/6252508429_1.jpg,Actaea rubra,usda:ACRU2
gbif-inat-toxic-round2:00316492,images/raw/gbif-inat-toxic-round2/actaea_rubra/5154221356_2.jpg,Actaea rubra,usda:ACRU2
gbif-inat-toxic-round2:00316651,images/raw/gbif-inat-toxic-round2/actaea_rubra/5167479606_6.jpg,Actaea rubra,usda:ACRU2
gbif-inat-toxic-round2:00316284,images/raw/gbif-inat-toxic-round2/actaea_rubra/6273511376_2.jpg,Actaea rubra,usda:ACRU2
gbif-inat-toxic-round2:00316622,images/raw/gbif-inat-toxic-round2/actaea_rubra/5167191349_1.jpg,Actaea rubra,usda:ACRU2
gbif-inat-toxic-round2:00316414,images/raw/gbif-inat-toxic-round2/actaea_rubra/5087375816_2.jpg,Actaea rubra,usda:ACRU2
gbif-inat-toxic-round2:00316673,images/raw/gbif-inat-toxic-round2/actaea_rubra/5167652268_1.jpg,Actaea rubra,usda:ACRU2
gbif-inat-toxic-round2:00316640,images/raw/gbif-inat-toxic-round2/actaea_rubra/5167401861_1.jpg,Actaea rubra,usda:ACRU2
gbif-inat-toxic-round2:00316631,images/raw/gbif-inat-toxic-round2/actaea_rubra/5167299686_2.jpg,Actaea rubra,usda:ACRU2
gbif-inat-toxic-round2:00316283,images/raw/gbif-inat-toxic-round2/actaea_rubra/6273511376_1.jpg,Actaea rubra,usda:ACRU2
gbif-inat-toxic-round2:00316344,images/raw/gbif-inat-toxic-round2/actaea_rubra/6320307377_1.jpg,Actaea rubra,usda:ACRU2
gbif-inat-toxic-round2:00316580,images/raw/gbif-inat-toxic-round2/actaea_rubra/5154440966_2.jpg,Actaea rubra,usda:ACRU2
gbif-inat:00004310,images/raw/gbif-inat/actaea_rubra/6252461999_1.jpg,Actaea rubra,usda:ACRU2
gbif-inat-toxic-round2:00316321,images/raw/gbif-inat-toxic-round2/actaea_rubra/6320091111_1.jpg,Actaea rubra,usda:ACRU2
gbif-inat-toxic-round2:00316409,images/raw/gbif-inat-toxic-round2/actaea_rubra/5076974789_2.jpg,Actaea rubra,usda:ACRU2
gbif-inat-toxic-round2:00316561,images/raw/gbif-inat-toxic-round2/actaea_rubra/5153930193_1.jpg,Actaea rubra,usda:ACRU2
gbif-inat:00004298,images/raw/gbif-inat/actaea_rubra/6253220035_1.jpg,Actaea rubra,usda:ACRU2
gbif-inat-toxic-round2:00316458,images/raw/gbif-inat-toxic-round2/actaea_rubra/5140650518_1.jpg,Actaea rubra,usda:ACRU2
gbif-inat-toxic-round2:00316347,images/raw/gbif-inat-toxic-round2/actaea_rubra/6320323091_3.jpg,Actaea rubra,usda:ACRU2
gbif-inat-toxic-round2:00316335,images/raw/gbif-inat-toxic-round2/actaea_rubra/6320265757_2.jpg,Actaea rubra,usda:ACRU2
gbif-inat-toxic-round2:00316398,images/raw/gbif-inat-toxic-round2/actaea_rubra/6321053945_2.jpg,Actaea rubra,usda:ACRU2
gbif-inat:00004251,images/raw/gbif-inat/actaea_rubra/6235214813_5.jpg,Actaea rubra,usda:ACRU2
gbif-inat-toxic-round2:00316568,images/raw/gbif-inat-toxic-round2/actaea_rubra/5154175294_1.jpg,Actaea rubra,usda:ACRU2
gbif-inat:00001247,images/raw/gbif-inat/actaea_rubra/6234392215_1.jpg,Actaea rubra,usda:ACRU2
gbif-inat-toxic-round2:00316356,images/raw/gbif-inat-toxic-round2/actaea_rubra/6320385826_4.jpg,Actaea rubra,usda:ACRU2
gbif-inat-toxic-round2:00316362,images/raw/gbif-inat-toxic-round2/actaea_rubra/6320425998_2.jpg,Actaea rubra,usda:ACRU2
gbif-inat-toxic-round2:00316626,images/raw/gbif-inat-toxic-round2/actaea_rubra/5167264012_1.jpg,Actaea rubra,usda:ACRU2
gbif-inat-toxic-round2:00316527,images/raw/gbif-inat-toxic-round2/actaea_rubra/6131158498_1.jpg,Actaea rubra,usda:ACRU2
gbif-inat-toxic-round2:00316501,images/raw/gbif-inat-toxic-round2/actaea_rubra/5168368895_1.jpg,Actaea rubra,usda:ACRU2
gbif-inat-toxic-round2:00316317,images/raw/gbif-inat-toxic-round2/actaea_rubra/6274318957_3.jpg,Actaea rubra,usda:ACRU2
gbif-inat-toxic-round2:00316520,images/raw/gbif-inat-toxic-round2/actaea_rubra/6130889500_2.jpg,Actaea rubra,usda:ACRU2
gbif-inat:00004274,images/raw/gbif-inat/actaea_rubra/6236493992_2.jpg,Actaea rubra,usda:ACRU2
gbif-inat-toxic-round2:00316326,images/raw/gbif-inat-toxic-round2/actaea_rubra/6320145383_1.jpg,Actaea rubra,usda:ACRU2
gbif-inat-toxic-round2:00316373,images/raw/gbif-inat-toxic-round2/actaea_rubra/6320664633_1.jpg,Actaea rubra,usda:ACRU2
gbif-inat-toxic-round2:00316647,images/raw/gbif-inat-toxic-round2/actaea_rubra/5167479606_2.jpg,Actaea rubra,usda:ACRU2
gbif-inat-toxic-round2:00316349,images/raw/gbif-inat-toxic-round2/actaea_rubra/6320326422_2.jpg,Actaea rubra,usda:ACRU2
gbif-inat-toxic-round2:00316625,images/raw/gbif-inat-toxic-round2/actaea_rubra/5167259549_2.jpg,Actaea rubra,usda:ACRU2
gbif-inat-toxic-round2:00316410,images/raw/gbif-inat-toxic-round2/actaea_rubra/5087123252_1.jpg,Actaea rubra,usda:ACRU2
gbif-inat-toxic-round2:00316387,images/raw/gbif-inat-toxic-round2/actaea_rubra/6320957452_4.jpg,Actaea rubra,usda:ACRU2
gbif-inat-toxic-round2:00316479,images/raw/gbif-inat-toxic-round2/actaea_rubra/5153282312_5.jpg,Actaea rubra,usda:ACRU2
gbif-inat-toxic-round2:00316351,images/raw/gbif-inat-toxic-round2/actaea_rubra/6320362060_1.jpg,Actaea rubra,usda:ACRU2
gbif-inat-toxic-round2:00316448,images/raw/gbif-inat-toxic-round2/actaea_rubra/5134786256_3.jpg,Actaea rubra,usda:ACRU2
gbif-inat-toxic-round2:00316381,images/raw/gbif-inat-toxic-round2/actaea_rubra/6320890932_2.jpg,Actaea rubra,usda:ACRU2
gbif-inat:00001234,images/raw/gbif-inat/actaea_rubra/6179392806_1.jpg,Actaea rubra,usda:ACRU2
gbif-inat-toxic-round2:00316457,images/raw/gbif-inat-toxic-round2/actaea_rubra/5140617157_1.jpg,Actaea rubra,usda:ACRU2
gbif-inat:00004263,images/raw/gbif-inat/actaea_rubra/6235614976_1.jpg,Actaea rubra,usda:ACRU2
gbif-inat-toxic-round2:00316663,images/raw/gbif-inat-toxic-round2/actaea_rubra/5167551258_2.jpg,Actaea rubra,usda:ACRU2
gbif-inat-toxic-round2:00316407,images/raw/gbif-inat-toxic-round2/actaea_rubra/6321243872_1.jpg,Actaea rubra,usda:ACRU2
gbif-inat-toxic-round2:00316591,images/raw/gbif-inat-toxic-round2/actaea_rubra/5154859882_1.jpg,Actaea rubra,usda:ACRU2
gbif-inat-toxic-round2:00316549,images/raw/gbif-inat-toxic-round2/actaea_rubra/5153685096_2.jpg,Actaea rubra,usda:ACRU2
gbif-inat-toxic-round2:00316456,images/raw/gbif-inat-toxic-round2/actaea_rubra/5140306207_2.jpg,Actaea rubra,usda:ACRU2
gbif-inat-toxic-round2:00316551,images/raw/gbif-inat-toxic-round2/actaea_rubra/5153685096_4.jpg,Actaea rubra,usda:ACRU2
gbif-inat-toxic-round2:00316630,images/raw/gbif-inat-toxic-round2/actaea_rubra/5167299686_1.jpg,Actaea rubra,usda:ACRU2
gbif-inat-toxic-round2:00316676,images/raw/gbif-inat-toxic-round2/actaea_rubra/5167716368_2.jpg,Actaea rubra,usda:ACRU2
gbif-inat-toxic-round2:00316542,images/raw/gbif-inat-toxic-round2/actaea_rubra/5153647497_3.jpg,Actaea rubra,usda:ACRU2
gbif-inat-toxic-round2:00316440,images/raw/gbif-inat-toxic-round2/actaea_rubra/5108508803_1.jpg,Actaea rubra,usda:ACRU2
gbif-inat-toxic-round2:00316642,images/raw/gbif-inat-toxic-round2/actaea_rubra/5167431458_1.jpg,Actaea rubra,usda:ACRU2
gbif-inat-toxic-round2:00316619,images/raw/gbif-inat-toxic-round2/actaea_rubra/5167031599_3.jpg,Actaea rubra,usda:ACRU2
gbif-inat:00001244,images/raw/gbif-inat/actaea_rubra/6188486502_3.jpg,Actaea rubra,usda:ACRU2
gbif-inat-toxic-round2:00316524,images/raw/gbif-inat-toxic-round2/actaea_rubra/6130889500_6.jpg,Actaea rubra,usda:ACRU2
gbif-inat-toxic-round2:00316471,images/raw/gbif-inat-toxic-round2/actaea_rubra/5153052000_2.jpg,Actaea rubra,usda:ACRU2
gbif-inat-toxic-round2:00316488,images/raw/gbif-inat-toxic-round2/actaea_rubra/5154065517_3.jpg,Actaea rubra,usda:ACRU2
gbif-inat-toxic-round2:00316517,images/raw/gbif-inat-toxic-round2/actaea_rubra/6130574750_1.jpg,Actaea rubra,usda:ACRU2
gbif-inat-toxic-round2:00316624,images/raw/gbif-inat-toxic-round2/actaea_rubra/5167259549_1.jpg,Actaea rubra,usda:ACRU2
gbif-inat:00001254,images/raw/gbif-inat/actaea_rubra/6235068721_3.jpg,Actaea rubra,usda:ACRU2
gbif-inat-toxic-round2:00316617,images/raw/gbif-inat-toxic-round2/actaea_rubra/5167031599_1.jpg,Actaea rubra,usda:ACRU2
gbif-inat-toxic-round2:00316652,images/raw/gbif-inat-toxic-round2/actaea_rubra/5167479606_7.jpg,Actaea rubra,usda:ACRU2
gbif-inat-toxic-round2:00316337,images/raw/gbif-inat-toxic-round2/actaea_rubra/6320295781_1.jpg,Actaea rubra,usda:ACRU2
gbif-inat-toxic-round2:00316309,images/raw/gbif-inat-toxic-round2/actaea_rubra/6274072779_1.jpg,Actaea rubra,usda:ACRU2
gbif-inat-toxic-round2:00316292,images/raw/gbif-inat-toxic-round2/actaea_rubra/6273636422_2.jpg,Actaea rubra,usda:ACRU2
gbif-inat-toxic-round2:00316299,images/raw/gbif-inat-toxic-round2/actaea_rubra/6273952337_1.jpg,Actaea rubra,usda:ACRU2
gbif-inat-toxic-round2:00316546,images/raw/gbif-inat-toxic-round2/actaea_rubra/5153647497_7.jpg,Actaea rubra,usda:ACRU2
gbif-inat:00004269,images/raw/gbif-inat/actaea_rubra/6236069578_2.jpg,Actaea rubra,usda:ACRU2
gbif-inat-toxic-round2:00316607,images/raw/gbif-inat-toxic-round2/actaea_rubra/5166872835_1.jpg,Actaea rubra,usda:ACRU2
gbif-inat-toxic-round2:00316513,images/raw/gbif-inat-toxic-round2/actaea_rubra/6130137275_4.jpg,Actaea rubra,usda:ACRU2
gbif-inat-toxic-round2:00316436,images/raw/gbif-inat-toxic-round2/actaea_rubra/5104546541_1.jpg,Actaea rubra,usda:ACRU2
gbif-inat:00004292,images/raw/gbif-inat/actaea_rubra/6252508429_4.jpg,Actaea rubra,usda:ACRU2
gbif-inat-toxic-round2:00316589,images/raw/gbif-inat-toxic-round2/actaea_rubra/5154847590_1.jpg,Actaea rubra,usda:ACRU2
gbif-inat-toxic-round2:00316482,images/raw/gbif-inat-toxic-round2/actaea_rubra/5153877338_3.jpg,Actaea rubra,usda:ACRU2
gbif-inat-toxic-round2:00316425,images/raw/gbif-inat-toxic-round2/actaea_rubra/5087742205_1.jpg,Actaea rubra,usda:ACRU2
gbif-inat-toxic-round2:00316464,images/raw/gbif-inat-toxic-round2/actaea_rubra/5140969932_3.jpg,Actaea rubra,usda:ACRU2
gbif-inat-toxic-round2:00316510,images/raw/gbif-inat-toxic-round2/actaea_rubra/6130137275_1.jpg,Actaea rubra,usda:ACRU2
gbif-inat-toxic-round2:00316628,images/raw/gbif-inat-toxic-round2/actaea_rubra/5167286995_1.jpg,Actaea rubra,usda:ACRU2
gbif-inat-toxic-round2:00316586,images/raw/gbif-inat-toxic-round2/actaea_rubra/5154576357_3.jpg,Actaea rubra,usda:ACRU2
gbif-inat-toxic-round2:00316503,images/raw/gbif-inat-toxic-round2/actaea_rubra/5206056471_1.jpg,Actaea rubra,usda:ACRU2
gbif-inat-toxic-round2:00316508,images/raw/gbif-inat-toxic-round2/actaea_rubra/6130077616_1.jpg,Actaea rubra,usda:ACRU2
gbif-inat-toxic-round2:00316459,images/raw/gbif-inat-toxic-round2/actaea_rubra/5140719722_1.jpg,Actaea rubra,usda:ACRU2
gbif-inat-toxic-round2:00316371,images/raw/gbif-inat-toxic-round2/actaea_rubra/6320635096_2.jpg,Actaea rubra,usda:ACRU2
gbif-inat-toxic-round2:00316528,images/raw/gbif-inat-toxic-round2/actaea_rubra/6131219069_1.jpg,Actaea rubra,usda:ACRU2
gbif-inat-toxic-round2:00316505,images/raw/gbif-inat-toxic-round2/actaea_rubra/5759647491_2.jpg,Actaea rubra,usda:ACRU2
gbif-inat-toxic-round2:00316301,images/raw/gbif-inat-toxic-round2/actaea_rubra/6273952337_3.jpg,Actaea rubra,usda:ACRU2
gbif-inat:00004308,images/raw/gbif-inat/actaea_rubra/6252097084_2.jpg,Actaea rubra,usda:ACRU2
gbif-inat-toxic-round2:00316477,images/raw/gbif-inat-toxic-round2/actaea_rubra/5153282312_3.jpg,Actaea rubra,usda:ACRU2
gbif-inat-toxic-round2:00316475,images/raw/gbif-inat-toxic-round2/actaea_rubra/5153282312_1.jpg,Actaea rubra,usda:ACRU2
gbif-inat-toxic-round2:00316287,images/raw/gbif-inat-toxic-round2/actaea_rubra/6273610431_1.jpg,Actaea rubra,usda:ACRU2
gbif-inat-toxic-round2:00316532,images/raw/gbif-inat-toxic-round2/actaea_rubra/6163354495_2.jpg,Actaea rubra,usda:ACRU2
gbif-inat:00004256,images/raw/gbif-inat/actaea_rubra/6235301231_1.jpg,Actaea rubra,usda:ACRU2
gbif-inat-toxic-round2:00316599,images/raw/gbif-inat-toxic-round2/actaea_rubra/5166771276_1.jpg,Actaea rubra,usda:ACRU2
gbif-inat-toxic-round2:00316427,images/raw/gbif-inat-toxic-round2/actaea_rubra/5087767997_1.jpg,Actaea rubra,usda:ACRU2
gbif-inat:00004266,images/raw/gbif-inat/actaea_rubra/6235844672_1.jpg,Actaea rubra,usda:ACRU2
gbif-inat-toxic-round2:00316569,images/raw/gbif-inat-toxic-round2/actaea_rubra/5154197303_1.jpg,Actaea rubra,usda:ACRU2
gbif-inat:00004281,images/raw/gbif-inat/actaea_rubra/6251587516_2.jpg,Actaea rubra,usda:ACRU2
gbif-inat-toxic-round2:00316384,images/raw/gbif-inat-toxic-round2/actaea_rubra/6320957452_1.jpg,Actaea rubra,usda:ACRU2
gbif-inat-toxic-round2:00316370,images/raw/gbif-inat-toxic-round2/actaea_rubra/6320635096_1.jpg,Actaea rubra,usda:ACRU2
gbif-inat-toxic-round2:00316462,images/raw/gbif-inat-toxic-round2/actaea_rubra/5140969932_1.jpg,Actaea rubra,usda:ACRU2
gbif-inat-toxic-round2:00316597,images/raw/gbif-inat-toxic-round2/actaea_rubra/5154944577_3.jpg,Actaea rubra,usda:ACRU2
gbif-inat:00001253,images/raw/gbif-inat/actaea_rubra/6235068721_2.jpg,Actaea rubra,usda:ACRU2
gbif-inat-toxic-round2:00316556,images/raw/gbif-inat-toxic-round2/actaea_rubra/5153777294_1.jpg,Actaea rubra,usda:ACRU2
gbif-inat-toxic-round2:00316667,images/raw/gbif-inat-toxic-round2/actaea_rubra/5167604009_1.jpg,Actaea rubra,usda:ACRU2
gbif-inat-toxic-round2:00316472,images/raw/gbif-inat-toxic-round2/actaea_rubra/5153052000_3.jpg,Actaea rubra,usda:ACRU2
gbif-inat-toxic-round2:00316293,images/raw/gbif-inat-toxic-round2/actaea_rubra/6273636422_3.jpg,Actaea rubra,usda:ACRU2
gbif-inat-toxic-round2:00316553,images/raw/gbif-inat-toxic-round2/actaea_rubra/5153685096_6.jpg,Actaea rubra,usda:ACRU2
gbif-inat-toxic-round2:00316557,images/raw/gbif-inat-toxic-round2/actaea_rubra/5153782130_1.jpg,Actaea rubra,usda:ACRU2
gbif-inat-toxic-round2:00316515,images/raw/gbif-inat-toxic-round2/actaea_rubra/6130316769_1.jpg,Actaea rubra,usda:ACRU2
gbif-inat:00001249,images/raw/gbif-inat/actaea_rubra/6234867587_1.jpg,Actaea rubra,usda:ACRU2
gbif-inat-toxic-round2:00316295,images/raw/gbif-inat-toxic-round2/actaea_rubra/6273699543_1.jpg,Actaea rubra,usda:ACRU2
gbif-inat-toxic-round2:00316304,images/raw/gbif-inat-toxic-round2/actaea_rubra/6273976879_2.jpg,Actaea rubra,usda:ACRU2
gbif-inat:00004260,images/raw/gbif-inat/actaea_rubra/6235316713_1.jpg,Actaea rubra,usda:ACRU2
gbif-inat-toxic-round2:00316612,images/raw/gbif-inat-toxic-round2/actaea_rubra/5166965228_1.jpg,Actaea rubra,usda:ACRU2
gbif-inat:00001248,images/raw/gbif-inat/actaea_rubra/6234714296_1.jpg,Actaea rubra,usda:ACRU2
gbif-inat-toxic-round2:00316372,images/raw/gbif-inat-toxic-round2/actaea_rubra/6320659892_1.jpg,Actaea rubra,usda:ACRU2
gbif-inat:00004318,images/raw/gbif-inat/actaea_rubra/6253271340_2.jpg,Actaea rubra,usda:ACRU2
gbif-inat-toxic-round2:00316649,images/raw/gbif-inat-toxic-round2/actaea_rubra/5167479606_4.jpg,Actaea rubra,usda:ACRU2
gbif-inat-toxic-round2:00316403,images/raw/gbif-inat-toxic-round2/actaea_rubra/6321237712_1.jpg,Actaea rubra,usda:ACRU2
gbif-inat:00001237,images/raw/gbif-inat/actaea_rubra/6187916772_1.jpg,Actaea rubra,usda:ACRU2
gbif-inat:00004280,images/raw/gbif-inat/actaea_rubra/6251587516_1.jpg,Actaea rubra,usda:ACRU2
gbif-inat-toxic-round2:00316433,images/raw/gbif-inat-toxic-round2/actaea_rubra/5104452498_1.jpg,Actaea rubra,usda:ACRU2
gbif-inat-toxic-round2:00316594,images/raw/gbif-inat-toxic-round2/actaea_rubra/5154939819_1.jpg,Actaea rubra,usda:ACRU2
gbif-inat-toxic-round2:00316519,images/raw/gbif-inat-toxic-round2/actaea_rubra/6130889500_1.jpg,Actaea rubra,usda:ACRU2
gbif-inat-toxic-round2:00316552,images/raw/gbif-inat-toxic-round2/actaea_rubra/5153685096_5.jpg,Actaea rubra,usda:ACRU2
gbif-inat:00004254,images/raw/gbif-inat/actaea_rubra/6235214813_8.jpg,Actaea rubra,usda:ACRU2
gbif-inat-toxic-round2:00316526,images/raw/gbif-inat-toxic-round2/actaea_rubra/6130889500_8.jpg,Actaea rubra,usda:ACRU2
gbif-inat-toxic-round2:00316634,images/raw/gbif-inat-toxic-round2/actaea_rubra/5167325621_2.jpg,Actaea rubra,usda:ACRU2
gbif-inat:00001239,images/raw/gbif-inat/actaea_rubra/6187916772_3.jpg,Actaea rubra,usda:ACRU2
gbif-inat-toxic-round2:00316428,images/raw/gbif-inat-toxic-round2/actaea_rubra/5087767997_2.jpg,Actaea rubra,usda:ACRU2
gbif-inat-toxic-round2:00316609,images/raw/gbif-inat-toxic-round2/actaea_rubra/5166872835_3.jpg,Actaea rubra,usda:ACRU2
gbif-inat-toxic-round2:00316570,images/raw/gbif-inat-toxic-round2/actaea_rubra/5154197303_2.jpg,Actaea rubra,usda:ACRU2
gbif-inat-toxic-round2:00316333,images/raw/gbif-inat-toxic-round2/actaea_rubra/6320257078_2.jpg,Actaea rubra,usda:ACRU2
gbif-inat-toxic-round2:00316604,images/raw/gbif-inat-toxic-round2/actaea_rubra/5166843765_1.jpg,Actaea rubra,usda:ACRU2
gbif-inat-toxic-round2:00316327,images/raw/gbif-inat-toxic-round2/actaea_rubra/6320145383_2.jpg,Actaea rubra,usda:ACRU2
gbif-inat:00004303,images/raw/gbif-inat/actaea_rubra/6253297593_4.jpg,Actaea rubra,usda:ACRU2
gbif-inat-toxic-round2:00316522,images/raw/gbif-inat-toxic-round2/actaea_rubra/6130889500_4.jpg,Actaea rubra,usda:ACRU2
gbif-inat:00001240,images/raw/gbif-inat/actaea_rubra/6188240029_1.jpg,Actaea rubra,usda:ACRU2
gbif-inat-toxic-round2:00316675,images/raw/gbif-inat-toxic-round2/actaea_rubra/5167716368_1.jpg,Actaea rubra,usda:ACRU2
gbif-inat-toxic-round2:00316444,images/raw/gbif-inat-toxic-round2/actaea_rubra/5134652998_1.jpg,Actaea rubra,usda:ACRU2
gbif-inat:00004304,images/raw/gbif-inat/actaea_rubra/6274103413_1.jpg,Actaea rubra,usda:ACRU2
gbif-inat-toxic-round2:00316282,images/raw/gbif-inat-toxic-round2/actaea_rubra/6273498026_2.jpg,Actaea rubra,usda:ACRU2
gbif-inat-toxic-round2:00316360,images/raw/gbif-inat-toxic-round2/actaea_rubra/6320388574_2.jpg,Actaea rubra,usda:ACRU2
gbif-inat-toxic-round2:00316636,images/raw/gbif-inat-toxic-round2/actaea_rubra/5167366098_1.jpg,Actaea rubra,usda:ACRU2
gbif-inat-toxic-round2:00316541,images/raw/gbif-inat-toxic-round2/actaea_rubra/5153647497_2.jpg,Actaea rubra,usda:ACRU2
gbif-inat-toxic-round2:00316572,images/raw/gbif-inat-toxic-round2/actaea_rubra/5154197303_4.jpg,Actaea rubra,usda:ACRU2
gbif-inat-toxic-round2:00316346,images/raw/gbif-inat-toxic-round2/actaea_rubra/6320323091_2.jpg,Actaea rubra,usda:ACRU2
gbif-inat-toxic-round2:00316521,images/raw/gbif-inat-toxic-round2/actaea_rubra/6130889500_3.jpg,Actaea rubra,usda:ACRU2
gbif-inat-toxic-round2:00316664,images/raw/gbif-inat-toxic-round2/actaea_rubra/5167551258_3.jpg,Actaea rubra,usda:ACRU2
gbif-inat-toxic-round2:00316375,images/raw/gbif-inat-toxic-round2/actaea_rubra/6320664633_3.jpg,Actaea rubra,usda:ACRU2
gbif-inat-toxic-round2:00316445,images/raw/gbif-inat-toxic-round2/actaea_rubra/5134652998_2.jpg,Actaea rubra,usda:ACRU2
gbif-inat-toxic-round2:00316484,images/raw/gbif-inat-toxic-round2/actaea_rubra/5153877338_5.jpg,Actaea rubra,usda:ACRU2
gbif-inat-toxic-round2:00316618,images/raw/gbif-inat-toxic-round2/actaea_rubra/5167031599_2.jpg,Actaea rubra,usda:ACRU2
gbif-inat:00004313,images/raw/gbif-inat/actaea_rubra/6253219576_1.jpg,Actaea rubra,usda:ACRU2
gbif-inat-toxic-round2:00316355,images/raw/gbif-inat-toxic-round2/actaea_rubra/6320385826_3.jpg,Actaea rubra,usda:ACRU2
gbif-inat-toxic-round2:00316671,images/raw/gbif-inat-toxic-round2/actaea_rubra/5167617153_3.jpg,Actaea rubra,usda:ACRU2
gbif-inat-toxic-round2:00316476,images/raw/gbif-inat-toxic-round2/actaea_rubra/5153282312_2.jpg,Actaea rubra,usda:ACRU2
gbif-inat-toxic-round2:00316298,images/raw/gbif-inat-toxic-round2/actaea_rubra/6273950611_1.jpg,Actaea rubra,usda:ACRU2
gbif-inat-toxic-round2:00316430,images/raw/gbif-inat-toxic-round2/actaea_rubra/5087843323_1.jpg,Actaea rubra,usda:ACRU2
gbif-inat-toxic-round2:00316289,images/raw/gbif-inat-toxic-round2/actaea_rubra/6273610431_3.jpg,Actaea rubra,usda:ACRU2
gbif-inat:00004265,images/raw/gbif-inat/actaea_rubra/6235614976_3.jpg,Actaea rubra,usda:ACRU2
gbif-inat-toxic-round2:00316311,images/raw/gbif-inat-toxic-round2/actaea_rubra/6274267375_1.jpg,Actaea rubra,usda:ACRU2
gbif-inat:00004317,images/raw/gbif-inat/actaea_rubra/6253271340_1.jpg,Actaea rubra,usda:ACRU2
gbif-inat:00004275,images/raw/gbif-inat/actaea_rubra/6236493992_3.jpg,Actaea rubra,usda:ACRU2
gbif-inat-toxic-round2:00316390,images/raw/gbif-inat-toxic-round2/actaea_rubra/6320997937_1.jpg,Actaea rubra,usda:ACRU2
gbif-inat-toxic-round2:00316474,images/raw/gbif-inat-toxic-round2/actaea_rubra/5153197071_1.jpg,Actaea rubra,usda:ACRU2
gbif-inat-toxic-round2:00316324,images/raw/gbif-inat-toxic-round2/actaea_rubra/6320128784_1.jpg,Actaea rubra,usda:ACRU2
gbif-inat-toxic-round2:00316453,images/raw/gbif-inat-toxic-round2/actaea_rubra/5140037662_2.jpg,Actaea rubra,usda:ACRU2
gbif-inat-toxic-round2:00316621,images/raw/gbif-inat-toxic-round2/actaea_rubra/5167088456_1.jpg,Actaea rubra,usda:ACRU2
gbif-inat-toxic-round2:00316554,images/raw/gbif-inat-toxic-round2/actaea_rubra/5153685096_7.jpg,Actaea rubra,usda:ACRU2
gbif-inat-toxic-round2:00316531,images/raw/gbif-inat-toxic-round2/actaea_rubra/6163354495_1.jpg,Actaea rubra,usda:ACRU2
gbif-inat-toxic-round2:00316328,images/raw/gbif-inat-toxic-round2/actaea_rubra/6320169714_1.jpg,Actaea rubra,usda:ACRU2
gbif-inat-toxic-round2:00316601,images/raw/gbif-inat-toxic-round2/actaea_rubra/5166795962_1.jpg,Actaea rubra,usda:ACRU2
gbif-inat-toxic-round2:00316306,images/raw/gbif-inat-toxic-round2/actaea_rubra/6274007813_1.jpg,Actaea rubra,usda:ACRU2
gbif-inat-toxic-round2:00316674,images/raw/gbif-inat-toxic-round2/actaea_rubra/5167652268_2.jpg,Actaea rubra,usda:ACRU2
gbif-inat-toxic-round2:00316498,images/raw/gbif-inat-toxic-round2/actaea_rubra/5154751798_2.jpg,Actaea rubra,usda:ACRU2
gbif-inat:00001231,images/raw/gbif-inat/actaea_rubra/6130790500_1.jpg,Actaea rubra,usda:ACRU2
gbif-inat-toxic-round2:00316465,images/raw/gbif-inat-toxic-round2/actaea_rubra/5140969932_4.jpg,Actaea rubra,usda:ACRU2
gbif-inat-toxic-round2:00316590,images/raw/gbif-inat-toxic-round2/actaea_rubra/5154847590_2.jpg,Actaea rubra,usda:ACRU2
gbif-inat-toxic-round2:00316461,images/raw/gbif-inat-toxic-round2/actaea_rubra/5140965692_1.jpg,Actaea rubra,usda:ACRU2
gbif-inat-toxic-round2:00316394,images/raw/gbif-inat-toxic-round2/actaea_rubra/6321036026_1.jpg,Actaea rubra,usda:ACRU2
gbif-inat-toxic-round2:00316432,images/raw/gbif-inat-toxic-round2/actaea_rubra/5088065584_1.jpg,Actaea rubra,usda:ACRU2
gbif-inat:00004294,images/raw/gbif-inat/actaea_rubra/6252791665_2.jpg,Actaea rubra,usda:ACRU2
gbif-inat-toxic-round2:00316645,images/raw/gbif-inat-toxic-round2/actaea_rubra/5167442359_1.jpg,Actaea rubra,usda:ACRU2
gbif-inat-toxic-round2:00316616,images/raw/gbif-inat-toxic-round2/actaea_rubra/5166995447_2.jpg,Actaea rubra,usda:ACRU2
gbif-inat-toxic-round2:00316339,images/raw/gbif-inat-toxic-round2/actaea_rubra/6320295781_3.jpg,Actaea rubra,usda:ACRU2
gbif-inat-toxic-round2:00316435,images/raw/gbif-inat-toxic-round2/actaea_rubra/5104452498_3.jpg,Actaea rubra,usda:ACRU2
gbif-inat-toxic-round2:00316559,images/raw/gbif-inat-toxic-round2/actaea_rubra/5153840458_1.jpg,Actaea rubra,usda:ACRU2
gbif-inat-toxic-round2:00316396,images/raw/gbif-inat-toxic-round2/actaea_rubra/6321036026_3.jpg,Actaea rubra,usda:ACRU2
gbif-inat-toxic-round2:00316530,images/raw/gbif-inat-toxic-round2/actaea_rubra/6131664488_1.jpg,Actaea rubra,usda:ACRU2
gbif-inat:00004312,images/raw/gbif-inat/actaea_rubra/6252461999_3.jpg,Actaea rubra,usda:ACRU2
gbif-inat-toxic-round2:00316419,images/raw/gbif-inat-toxic-round2/actaea_rubra/5087566332_3.jpg,Actaea rubra,usda:ACRU2
gbif-inat-toxic-round2:00316366,images/raw/gbif-inat-toxic-round2/actaea_rubra/6320612987_2.jpg,Actaea rubra,usda:ACRU2
gbif-inat-toxic-round2:00316632,images/raw/gbif-inat-toxic-round2/actaea_rubra/5167325525_1.jpg,Actaea rubra,usda:ACRU2
gbif-inat:00001241,images/raw/gbif-inat/actaea_rubra/6188269931_1.jpg,Actaea rubra,usda:ACRU2
gbif-inat-toxic-round2:00316353,images/raw/gbif-inat-toxic-round2/actaea_rubra/6320385826_1.jpg,Actaea rubra,usda:ACRU2
gbif-inat:00001255,images/raw/gbif-inat/actaea_rubra/6235068721_4.jpg,Actaea rubra,usda:ACRU2
gbif-inat-toxic-round2:00316644,images/raw/gbif-inat-toxic-round2/actaea_rubra/5167431458_3.jpg,Actaea rubra,usda:ACRU2
gbif-inat-toxic-round2:00316648,images/raw/gbif-inat-toxic-round2/actaea_rubra/5167479606_3.jpg,Actaea rubra,usda:ACRU2
gbif-inat-toxic-round2:00316340,images/raw/gbif-inat-toxic-round2/actaea_rubra/6320299010_1.jpg,Actaea rubra,usda:ACRU2
gbif-inat-toxic-round2:00316424,images/raw/gbif-inat-toxic-round2/actaea_rubra/5087683975_3.jpg,Actaea rubra,usda:ACRU2
gbif-inat-toxic-round2:00316332,images/raw/gbif-inat-toxic-round2/actaea_rubra/6320257078_1.jpg,Actaea rubra,usda:ACRU2
gbif-inat-toxic-round2:00316600,images/raw/gbif-inat-toxic-round2/actaea_rubra/5166771276_2.jpg,Actaea rubra,usda:ACRU2
gbif-inat-toxic-round2:00316434,images/raw/gbif-inat-toxic-round2/actaea_rubra/5104452498_2.jpg,Actaea rubra,usda:ACRU2
gbif-inat-toxic-round2:00316352,images/raw/gbif-inat-toxic-round2/actaea_rubra/6320362060_2.jpg,Actaea rubra,usda:ACRU2
gbif-inat-toxic-round2:00316388,images/raw/gbif-inat-toxic-round2/actaea_rubra/6320958055_1.jpg,Actaea rubra,usda:ACRU2
gbif-inat:00004300,images/raw/gbif-inat/actaea_rubra/6253297593_1.jpg,Actaea rubra,usda:ACRU2
gbif-inat:00001245,images/raw/gbif-inat/actaea_rubra/6195496607_1.jpg,Actaea rubra,usda:ACRU2
gbif-inat-toxic-round2:00316483,images/raw/gbif-inat-toxic-round2/actaea_rubra/5153877338_4.jpg,Actaea rubra,usda:ACRU2
gbif-inat-toxic-round2:00316367,images/raw/gbif-inat-toxic-round2/actaea_rubra/6320612987_3.jpg,Actaea rubra,usda:ACRU2
gbif-inat:00004271,images/raw/gbif-inat/actaea_rubra/6236237408_2.jpg,Actaea rubra,usda:ACRU2
gbif-inat:00001238,images/raw/gbif-inat/actaea_rubra/6187916772_2.jpg,Actaea rubra,usda:ACRU2
gbif-inat-toxic-round2:00316279,images/raw/gbif-inat-toxic-round2/actaea_rubra/6273236017_2.jpg,Actaea rubra,usda:ACRU2
gbif-inat-toxic-round2:00316662,images/raw/gbif-inat-toxic-round2/actaea_rubra/5167551258_1.jpg,Actaea rubra,usda:ACRU2
gbif-inat-toxic-round2:00316302,images/raw/gbif-inat-toxic-round2/actaea_rubra/6273952337_4.jpg,Actaea rubra,usda:ACRU2
gbif-inat-toxic-round2:00316579,images/raw/gbif-inat-toxic-round2/actaea_rubra/5154440966_1.jpg,Actaea rubra,usda:ACRU2
gbif-inat:00004315,images/raw/gbif-inat/actaea_rubra/6253219576_3.jpg,Actaea rubra,usda:ACRU2
gbif-inat-toxic-round2:00316485,images/raw/gbif-inat-toxic-round2/actaea_rubra/5153877338_6.jpg,Actaea rubra,usda:ACRU2
gbif-inat-toxic-round2:00316405,images/raw/gbif-inat-toxic-round2/actaea_rubra/6321237712_3.jpg,Actaea rubra,usda:ACRU2
gbif-inat-toxic-round2:00316668,images/raw/gbif-inat-toxic-round2/actaea_rubra/5167604009_2.jpg,Actaea rubra,usda:ACRU2
gbif-inat-toxic-round2:00316575,images/raw/gbif-inat-toxic-round2/actaea_rubra/5154296956_2.jpg,Actaea rubra,usda:ACRU2
gbif-inat-toxic-round2:00316656,images/raw/gbif-inat-toxic-round2/actaea_rubra/5167511608_2.jpg,Actaea rubra,usda:ACRU2
gbif-inat-toxic-round2:00316614,images/raw/gbif-inat-toxic-round2/actaea_rubra/5166965228_3.jpg,Actaea rubra,usda:ACRU2
gbif-inat-toxic-round2:00316354,images/raw/gbif-inat-toxic-round2/actaea_rubra/6320385826_2.jpg,Actaea rubra,usda:ACRU2
gbif-inat-toxic-round2:00316560,images/raw/gbif-inat-toxic-round2/actaea_rubra/5153840458_2.jpg,Actaea rubra,usda:ACRU2
gbif-inat-toxic-round2:00316658,images/raw/gbif-inat-toxic-round2/actaea_rubra/5167522236_1.jpg,Actaea rubra,usda:ACRU2
gbif-inat:00004296,images/raw/gbif-inat/actaea_rubra/6253133342_2.jpg,Actaea rubra,usda:ACRU2
gbif-inat:00001259,images/raw/gbif-inat/actaea_rubra/6235214813_3.jpg,Actaea rubra,usda:ACRU2
gbif-inat-toxic-round2:00316438,images/raw/gbif-inat-toxic-round2/actaea_rubra/5104546541_3.jpg,Actaea rubra,usda:ACRU2
gbif-inat-toxic-round2:00316577,images/raw/gbif-inat-toxic-round2/actaea_rubra/5154409250_1.jpg,Actaea rubra,usda:ACRU2
gbif-inat:00004273,images/raw/gbif-inat/actaea_rubra/6236493992_1.jpg,Actaea rubra,usda:ACRU2
gbif-inat-toxic-round2:00316555,images/raw/gbif-inat-toxic-round2/actaea_rubra/5153685096_8.jpg,Actaea rubra,usda:ACRU2
gbif-inat-toxic-round2:00316574,images/raw/gbif-inat-toxic-round2/actaea_rubra/5154296956_1.jpg,Actaea rubra,usda:ACRU2
gbif-inat:00000252,images/raw/gbif-inat/allium_canadense/6178851994_1.jpg,Allium canadense,usda:ALCA3
gbif-inat:00001990,images/raw/gbif-inat/allium_canadense/6184867703_1.jpg,Allium canadense,usda:ALCA3
gbif-inat:00001941,images/raw/gbif-inat/allium_canadense/6179376959_1.jpg,Allium canadense,usda:ALCA3
gbif-inat:00001974,images/raw/gbif-inat/allium_canadense/6184826516_2.jpg,Allium canadense,usda:ALCA3
gbif-inat:00000242,images/raw/gbif-inat/allium_canadense/6171088562_2.jpg,Allium canadense,usda:ALCA3
gbif-inat:00002002,images/raw/gbif-inat/allium_canadense/6184888614_1.jpg,Allium canadense,usda:ALCA3
gbif-inat:00000258,images/raw/gbif-inat/allium_canadense/6179104343_1.jpg,Allium canadense,usda:ALCA3
gbif-inat:00001950,images/raw/gbif-inat/allium_canadense/6184733442_2.jpg,Allium canadense,usda:ALCA3
gbif-inat:00001961,images/raw/gbif-inat/allium_canadense/6184759604_2.jpg,Allium canadense,usda:ALCA3
gbif-inat:00001945,images/raw/gbif-inat/allium_canadense/6179464941_2.jpg,Allium canadense,usda:ALCA3
gbif-inat:00002006,images/raw/gbif-inat/allium_canadense/6184902924_1.jpg,Allium canadense,usda:ALCA3
gbif-inat:00001995,images/raw/gbif-inat/allium_canadense/6184868776_5.jpg,Allium canadense,usda:ALCA3
gbif-inat:00001963,images/raw/gbif-inat/allium_canadense/6184769572_2.jpg,Allium canadense,usda:ALCA3
gbif-inat:00001959,images/raw/gbif-inat/allium_canadense/6184757319_1.jpg,Allium canadense,usda:ALCA3
gbif-inat:00002005,images/raw/gbif-inat/allium_canadense/6184896697_2.jpg,Allium canadense,usda:ALCA3
gbif-inat:00001942,images/raw/gbif-inat/allium_canadense/6179376959_2.jpg,Allium canadense,usda:ALCA3
gbif-inat:00002000,images/raw/gbif-inat/allium_canadense/6184880505_1.jpg,Allium canadense,usda:ALCA3
gbif-inat:00000262,images/raw/gbif-inat/allium_canadense/6179187072_2.jpg,Allium canadense,usda:ALCA3
gbif-inat:00001977,images/raw/gbif-inat/allium_canadense/6184826642_1.jpg,Allium canadense,usda:ALCA3
gbif-inat:00000244,images/raw/gbif-inat/allium_canadense/6178430746_1.jpg,Allium canadense,usda:ALCA3
gbif-inat:00001994,images/raw/gbif-inat/allium_canadense/6184868776_4.jpg,Allium canadense,usda:ALCA3
gbif-inat:00001998,images/raw/gbif-inat/allium_canadense/6184877978_2.jpg,Allium canadense,usda:ALCA3
gbif-inat:00000260,images/raw/gbif-inat/allium_canadense/6179104343_3.jpg,Allium canadense,usda:ALCA3
gbif-inat:00001997,images/raw/gbif-inat/allium_canadense/6184877978_1.jpg,Allium canadense,usda:ALCA3
gbif-inat:00001989,images/raw/gbif-inat/allium_canadense/6184866842_1.jpg,Allium canadense,usda:ALCA3
gbif-inat:00001979,images/raw/gbif-inat/allium_canadense/6184826893_2.jpg,Allium canadense,usda:ALCA3
gbif-inat:00000256,images/raw/gbif-inat/allium_canadense/6179058142_1.jpg,Allium canadense,usda:ALCA3
gbif-inat:00001971,images/raw/gbif-inat/allium_canadense/6184813389_2.jpg,Allium canadense,usda:ALCA3
gbif-inat:00001949,images/raw/gbif-inat/allium_canadense/6184733442_1.jpg,Allium canadense,usda:ALCA3
gbif-inat:00001968,images/raw/gbif-inat/allium_canadense/6184801420_1.jpg,Allium canadense,usda:ALCA3
gbif-inat:00001958,images/raw/gbif-inat/allium_canadense/6184750133_3.jpg,Allium canadense,usda:ALCA3
gbif-inat:00000251,images/raw/gbif-inat/allium_canadense/6178806238_2.jpg,Allium canadense,usda:ALCA3
gbif-inat:00001973,images/raw/gbif-inat/allium_canadense/6184826516_1.jpg,Allium canadense,usda:ALCA3
gbif-inat:00000250,images/raw/gbif-inat/allium_canadense/6178806238_1.jpg,Allium canadense,usda:ALCA3
gbif-inat:00000268,images/raw/gbif-inat/allium_canadense/6179353732_1.jpg,Allium canadense,usda:ALCA3
gbif-inat:00001954,images/raw/gbif-inat/allium_canadense/6184744085_1.jpg,Allium canadense,usda:ALCA3
gbif-inat:00001976,images/raw/gbif-inat/allium_canadense/6184826516_4.jpg,Allium canadense,usda:ALCA3
gbif-inat:00001969,images/raw/gbif-inat/allium_canadense/6184801420_2.jpg,Allium canadense,usda:ALCA3
gbif-inat:00001955,images/raw/gbif-inat/allium_canadense/6184744085_2.jpg,Allium canadense,usda:ALCA3
gbif-inat:00000257,images/raw/gbif-inat/allium_canadense/6179058142_2.jpg,Allium canadense,usda:ALCA3
gbif-inat:00000253,images/raw/gbif-inat/allium_canadense/6178851994_2.jpg,Allium canadense,usda:ALCA3
gbif-inat:00001965,images/raw/gbif-inat/allium_canadense/6184786518_1.jpg,Allium canadense,usda:ALCA3
gbif-inat:00001985,images/raw/gbif-inat/allium_canadense/6184850398_2.jpg,Allium canadense,usda:ALCA3
gbif-inat:00001957,images/raw/gbif-inat/allium_canadense/6184750133_2.jpg,Allium canadense,usda:ALCA3
gbif-inat:00001983,images/raw/gbif-inat/allium_canadense/6184828995_1.jpg,Allium canadense,usda:ALCA3
gbif-inat:00001992,images/raw/gbif-inat/allium_canadense/6184868776_2.jpg,Allium canadense,usda:ALCA3
gbif-inat:00001952,images/raw/gbif-inat/allium_canadense/6184733442_4.jpg,Allium canadense,usda:ALCA3
gbif-inat:00001999,images/raw/gbif-inat/allium_canadense/6184877978_3.jpg,Allium canadense,usda:ALCA3
gbif-inat:00001975,images/raw/gbif-inat/allium_canadense/6184826516_3.jpg,Allium canadense,usda:ALCA3
gbif-inat:00002003,images/raw/gbif-inat/allium_canadense/6184892098_1.jpg,Allium canadense,usda:ALCA3
gbif-inat:00002010,images/raw/gbif-inat/allium_canadense/6184905688_4.jpg,Allium canadense,usda:ALCA3
gbif-inat:00001966,images/raw/gbif-inat/allium_canadense/6184789781_1.jpg,Allium canadense,usda:ALCA3
gbif-inat:00001946,images/raw/gbif-inat/allium_canadense/6184717098_1.jpg,Allium canadense,usda:ALCA3
gbif-inat:00000241,images/raw/gbif-inat/allium_canadense/6171088562_1.jpg,Allium canadense,usda:ALCA3
gbif-inat:00000263,images/raw/gbif-inat/allium_canadense/6179225421_1.jpg,Allium canadense,usda:ALCA3
gbif-inat:00000266,images/raw/gbif-inat/allium_canadense/6179335632_1.jpg,Allium canadense,usda:ALCA3
gbif-inat:00001980,images/raw/gbif-inat/allium_canadense/6184827862_1.jpg,Allium canadense,usda:ALCA3
gbif-inat:00000246,images/raw/gbif-inat/allium_canadense/6178430746_3.jpg,Allium canadense,usda:ALCA3
gbif-inat:00000247,images/raw/gbif-inat/allium_canadense/6178598851_1.jpg,Allium canadense,usda:ALCA3
gbif-inat:00001982,images/raw/gbif-inat/allium_canadense/6184828761_2.jpg,Allium canadense,usda:ALCA3
gbif-inat:00000270,images/raw/gbif-inat/allium_canadense/6179370538_2.jpg,Allium canadense,usda:ALCA3
gbif-inat:00001996,images/raw/gbif-inat/allium_canadense/6184868776_6.jpg,Allium canadense,usda:ALCA3
gbif-inat:00002008,images/raw/gbif-inat/allium_canadense/6184905688_2.jpg,Allium canadense,usda:ALCA3
gbif-inat:00001993,images/raw/gbif-inat/allium_canadense/6184868776_3.jpg,Allium canadense,usda:ALCA3
gbif-inat:00000269,images/raw/gbif-inat/allium_canadense/6179370538_1.jpg,Allium canadense,usda:ALCA3
gbif-inat:00001967,images/raw/gbif-inat/allium_canadense/6184794137_1.jpg,Allium canadense,usda:ALCA3
gbif-inat:00000249,images/raw/gbif-inat/allium_canadense/6178761525_1.jpg,Allium canadense,usda:ALCA3
gbif-inat:00000248,images/raw/gbif-inat/allium_canadense/6178684847_1.jpg,Allium canadense,usda:ALCA3
gbif-inat:00000255,images/raw/gbif-inat/allium_canadense/6179008343_1.jpg,Allium canadense,usda:ALCA3
gbif-inat:00001991,images/raw/gbif-inat/allium_canadense/6184868776_1.jpg,Allium canadense,usda:ALCA3
gbif-inat:00001894,images/raw/gbif-inat/allium_tricoccum/6179326178_3.jpg,Allium tricoccum,usda:ALTR3
gbif-inat:00001877,images/raw/gbif-inat/allium_tricoccum/6179030682_1.jpg,Allium tricoccum,usda:ALTR3
gbif-inat:00001878,images/raw/gbif-inat/allium_tricoccum/6179044486_1.jpg,Allium tricoccum,usda:ALTR3
gbif-inat:00001893,images/raw/gbif-inat/allium_tricoccum/6179326178_2.jpg,Allium tricoccum,usda:ALTR3
gbif-inat:00001921,images/raw/gbif-inat/allium_tricoccum/6184888732_1.jpg,Allium tricoccum,usda:ALTR3
gbif-inat:00000220,images/raw/gbif-inat/allium_tricoccum/6170854297_1.jpg,Allium tricoccum,usda:ALTR3
gbif-inat:00001937,images/raw/gbif-inat/allium_tricoccum/6184969027_4.jpg,Allium tricoccum,usda:ALTR3
gbif-inat:00000219,images/raw/gbif-inat/allium_tricoccum/6234354317_1.jpg,Allium tricoccum,usda:ALTR3
gbif-inat:00001871,images/raw/gbif-inat/allium_tricoccum/6179011520_3.jpg,Allium tricoccum,usda:ALTR3
gbif-inat:00001907,images/raw/gbif-inat/allium_tricoccum/6184750898_1.jpg,Allium tricoccum,usda:ALTR3
gbif-inat:00000240,images/raw/gbif-inat/allium_tricoccum/6179011520_2.jpg,Allium tricoccum,usda:ALTR3
gbif-inat:00001879,images/raw/gbif-inat/allium_tricoccum/6179044948_1.jpg,Allium tricoccum,usda:ALTR3
gbif-inat:00000216,images/raw/gbif-inat/allium_tricoccum/6178653992_2.jpg,Allium tricoccum,usda:ALTR3
gbif-inat:00001934,images/raw/gbif-inat/allium_tricoccum/6184969027_1.jpg,Allium tricoccum,usda:ALTR3
gbif-inat:00001887,images/raw/gbif-inat/allium_tricoccum/6179195622_2.jpg,Allium tricoccum,usda:ALTR3
gbif-inat:00001927,images/raw/gbif-inat/allium_tricoccum/6184915208_2.jpg,Allium tricoccum,usda:ALTR3
gbif-inat:00001925,images/raw/gbif-inat/allium_tricoccum/6184904757_3.jpg,Allium tricoccum,usda:ALTR3
gbif-inat:00000225,images/raw/gbif-inat/allium_tricoccum/6178508836_1.jpg,Allium tricoccum,usda:ALTR3
gbif-inat:00001922,images/raw/gbif-inat/allium_tricoccum/6184894628_1.jpg,Allium tricoccum,usda:ALTR3
gbif-inat:00001916,images/raw/gbif-inat/allium_tricoccum/6184840687_1.jpg,Allium tricoccum,usda:ALTR3
gbif-inat:00001889,images/raw/gbif-inat/allium_tricoccum/6179195622_4.jpg,Allium tricoccum,usda:ALTR3
gbif-inat:00001938,images/raw/gbif-inat/allium_tricoccum/6184969027_5.jpg,Allium tricoccum,usda:ALTR3
gbif-inat:00001873,images/raw/gbif-inat/allium_tricoccum/6179011520_5.jpg,Allium tricoccum,usda:ALTR3
gbif-inat:00000227,images/raw/gbif-inat/allium_tricoccum/6178637000_2.jpg,Allium tricoccum,usda:ALTR3
gbif-inat:00000215,images/raw/gbif-inat/allium_tricoccum/6178653992_1.jpg,Allium tricoccum,usda:ALTR3
gbif-inat:00001909,images/raw/gbif-inat/allium_tricoccum/6184765138_1.jpg,Allium tricoccum,usda:ALTR3
gbif-inat:00001939,images/raw/gbif-inat/allium_tricoccum/6184969027_6.jpg,Allium tricoccum,usda:ALTR3
gbif-inat:00000232,images/raw/gbif-inat/allium_tricoccum/6178903959_2.jpg,Allium tricoccum,usda:ALTR3
gbif-inat:00001885,images/raw/gbif-inat/allium_tricoccum/6179126852_2.jpg,Allium tricoccum,usda:ALTR3
gbif-inat:00001872,images/raw/gbif-inat/allium_tricoccum/6179011520_4.jpg,Allium tricoccum,usda:ALTR3
gbif-inat:00001881,images/raw/gbif-inat/allium_tricoccum/6179097641_1.jpg,Allium tricoccum,usda:ALTR3
gbif-inat:00000212,images/raw/gbif-inat/allium_tricoccum/6147611606_2.jpg,Allium tricoccum,usda:ALTR3
gbif-inat:00001932,images/raw/gbif-inat/allium_tricoccum/6184951549_1.jpg,Allium tricoccum,usda:ALTR3
gbif-inat:00000226,images/raw/gbif-inat/allium_tricoccum/6178637000_1.jpg,Allium tricoccum,usda:ALTR3
gbif-inat:00001902,images/raw/gbif-inat/allium_tricoccum/6179497393_1.jpg,Allium tricoccum,usda:ALTR3
gbif-inat:00000217,images/raw/gbif-inat/allium_tricoccum/6178835924_1.jpg,Allium tricoccum,usda:ALTR3
gbif-inat:00000223,images/raw/gbif-inat/allium_tricoccum/6178451125_1.jpg,Allium tricoccum,usda:ALTR3
gbif-inat:00001900,images/raw/gbif-inat/allium_tricoccum/6179480461_3.jpg,Allium tricoccum,usda:ALTR3
gbif-inat:00000224,images/raw/gbif-inat/allium_tricoccum/6178452181_1.jpg,Allium tricoccum,usda:ALTR3
gbif-inat:00001903,images/raw/gbif-inat/allium_tricoccum/6179497393_2.jpg,Allium tricoccum,usda:ALTR3
gbif-inat:00000235,images/raw/gbif-inat/allium_tricoccum/6178952415_3.jpg,Allium tricoccum,usda:ALTR3
gbif-inat:00001919,images/raw/gbif-inat/allium_tricoccum/6184866634_2.jpg,Allium tricoccum,usda:ALTR3
gbif-inat:00001928,images/raw/gbif-inat/allium_tricoccum/6184929423_1.jpg,Allium tricoccum,usda:ALTR3
gbif-inat:00001897,images/raw/gbif-inat/allium_tricoccum/6179419953_1.jpg,Allium tricoccum,usda:ALTR3
gbif-inat:00000238,images/raw/gbif-inat/allium_tricoccum/6178993081_2.jpg,Allium tricoccum,usda:ALTR3
gbif-inat:00001914,images/raw/gbif-inat/allium_tricoccum/6184827068_1.jpg,Allium tricoccum,usda:ALTR3
gbif-inat:00000230,images/raw/gbif-inat/allium_tricoccum/6178878624_1.jpg,Allium tricoccum,usda:ALTR3
gbif-inat:00000213,images/raw/gbif-inat/allium_tricoccum/6147611606_3.jpg,Allium tricoccum,usda:ALTR3
gbif-inat:00001891,images/raw/gbif-inat/allium_tricoccum/6179195622_6.jpg,Allium tricoccum,usda:ALTR3
gbif-inat:00001933,images/raw/gbif-inat/allium_tricoccum/6184952438_1.jpg,Allium tricoccum,usda:ALTR3
gbif-inat:00000229,images/raw/gbif-inat/allium_tricoccum/6178771790_1.jpg,Allium tricoccum,usda:ALTR3
gbif-inat:00000236,images/raw/gbif-inat/allium_tricoccum/6178952415_4.jpg,Allium tricoccum,usda:ALTR3
gbif-inat:00001906,images/raw/gbif-inat/allium_tricoccum/6184742737_1.jpg,Allium tricoccum,usda:ALTR3
gbif-inat:00001910,images/raw/gbif-inat/allium_tricoccum/6184779762_1.jpg,Allium tricoccum,usda:ALTR3
gbif-inat:00000228,images/raw/gbif-inat/allium_tricoccum/6178707045_1.jpg,Allium tricoccum,usda:ALTR3
gbif-inat:00001886,images/raw/gbif-inat/allium_tricoccum/6179195622_1.jpg,Allium tricoccum,usda:ALTR3
gbif-inat:00001917,images/raw/gbif-inat/allium_tricoccum/6184860782_1.jpg,Allium tricoccum,usda:ALTR3
gbif-inat:00000214,images/raw/gbif-inat/allium_tricoccum/6147611606_4.jpg,Allium tricoccum,usda:ALTR3
gbif-inat:00000222,images/raw/gbif-inat/allium_tricoccum/6178338774_1.jpg,Allium tricoccum,usda:ALTR3
gbif-inat:00001895,images/raw/gbif-inat/allium_tricoccum/6179333843_1.jpg,Allium tricoccum,usda:ALTR3
gbif-inat:00001918,images/raw/gbif-inat/allium_tricoccum/6184866634_1.jpg,Allium tricoccum,usda:ALTR3
gbif-inat:00001924,images/raw/gbif-inat/allium_tricoccum/6184904757_2.jpg,Allium tricoccum,usda:ALTR3
gbif-inat:00001880,images/raw/gbif-inat/allium_tricoccum/6179079884_1.jpg,Allium tricoccum,usda:ALTR3
gbif-inat:00000211,images/raw/gbif-inat/allium_tricoccum/6147611606_1.jpg,Allium tricoccum,usda:ALTR3
gbif-inat:00001898,images/raw/gbif-inat/allium_tricoccum/6179480461_1.jpg,Allium tricoccum,usda:ALTR3
gbif-inat:00001899,images/raw/gbif-inat/allium_tricoccum/6179480461_2.jpg,Allium tricoccum,usda:ALTR3
gbif-inat:00001904,images/raw/gbif-inat/allium_tricoccum/6179527416_1.jpg,Allium tricoccum,usda:ALTR3
gbif-inat:00001874,images/raw/gbif-inat/allium_tricoccum/6179011520_6.jpg,Allium tricoccum,usda:ALTR3
gbif-inat:00000237,images/raw/gbif-inat/allium_tricoccum/6178993081_1.jpg,Allium tricoccum,usda:ALTR3
gbif-inat:00001935,images/raw/gbif-inat/allium_tricoccum/6184969027_2.jpg,Allium tricoccum,usda:ALTR3
gbif-inat:00000585,images/raw/gbif-inat/amelanchier_alnifolia/6184889077_5.jpg,Amelanchier alnifolia,usda:AMAL2
gbif-inat:00002747,images/raw/gbif-inat/amelanchier_alnifolia/6187914281_1.jpg,Amelanchier alnifolia,usda:AMAL2
gbif-inat:00002744,images/raw/gbif-inat/amelanchier_alnifolia/6188376741_2.jpg,Amelanchier alnifolia,usda:AMAL2
gbif-inat:00002779,images/raw/gbif-inat/amelanchier_alnifolia/6195379500_1.jpg,Amelanchier alnifolia,usda:AMAL2
gbif-inat:00000593,images/raw/gbif-inat/amelanchier_alnifolia/6184889077_13.jpg,Amelanchier alnifolia,usda:AMAL2
gbif-inat:00002742,images/raw/gbif-inat/amelanchier_alnifolia/6188359471_1.jpg,Amelanchier alnifolia,usda:AMAL2
gbif-inat:00002737,images/raw/gbif-inat/amelanchier_alnifolia/6188147298_3.jpg,Amelanchier alnifolia,usda:AMAL2
gbif-inat:00002776,images/raw/gbif-inat/amelanchier_alnifolia/6195372228_1.jpg,Amelanchier alnifolia,usda:AMAL2
gbif-inat:00002765,images/raw/gbif-inat/amelanchier_alnifolia/6188402326_2.jpg,Amelanchier alnifolia,usda:AMAL2
gbif-inat:00000587,images/raw/gbif-inat/amelanchier_alnifolia/6184889077_7.jpg,Amelanchier alnifolia,usda:AMAL2
gbif-inat:00002726,images/raw/gbif-inat/amelanchier_alnifolia/6185797466_4.jpg,Amelanchier alnifolia,usda:AMAL2
gbif-inat:00002717,images/raw/gbif-inat/amelanchier_alnifolia/6185329447_1.jpg,Amelanchier alnifolia,usda:AMAL2
gbif-inat:00000594,images/raw/gbif-inat/amelanchier_alnifolia/6184889077_14.jpg,Amelanchier alnifolia,usda:AMAL2
gbif-inat:00000577,images/raw/gbif-inat/amelanchier_alnifolia/6178627573_2.jpg,Amelanchier alnifolia,usda:AMAL2
gbif-inat:00000589,images/raw/gbif-inat/amelanchier_alnifolia/6184889077_9.jpg,Amelanchier alnifolia,usda:AMAL2
gbif-inat:00002713,images/raw/gbif-inat/amelanchier_alnifolia/6184889077_23.jpg,Amelanchier alnifolia,usda:AMAL2
gbif-inat:00002720,images/raw/gbif-inat/amelanchier_alnifolia/6185582354_1.jpg,Amelanchier alnifolia,usda:AMAL2
gbif-inat:00002740,images/raw/gbif-inat/amelanchier_alnifolia/6188355001_2.jpg,Amelanchier alnifolia,usda:AMAL2
gbif-inat:00002775,images/raw/gbif-inat/amelanchier_alnifolia/6195255551_1.jpg,Amelanchier alnifolia,usda:AMAL2
gbif-inat:00002772,images/raw/gbif-inat/amelanchier_alnifolia/6188570409_3.jpg,Amelanchier alnifolia,usda:AMAL2
gbif-inat:00002752,images/raw/gbif-inat/amelanchier_alnifolia/6187941999_1.jpg,Amelanchier alnifolia,usda:AMAL2
gbif-inat:00002761,images/raw/gbif-inat/amelanchier_alnifolia/6188359252_1.jpg,Amelanchier alnifolia,usda:AMAL2
gbif-inat:00002736,images/raw/gbif-inat/amelanchier_alnifolia/6188147298_2.jpg,Amelanchier alnifolia,usda:AMAL2
gbif-inat:00000574,images/raw/gbif-inat/amelanchier_alnifolia/6171025547_2.jpg,Amelanchier alnifolia,usda:AMAL2
gbif-inat:00002712,images/raw/gbif-inat/amelanchier_alnifolia/6184889077_22.jpg,Amelanchier alnifolia,usda:AMAL2
gbif-inat:00002757,images/raw/gbif-inat/amelanchier_alnifolia/6188141089_1.jpg,Amelanchier alnifolia,usda:AMAL2
gbif-inat:00002767,images/raw/gbif-inat/amelanchier_alnifolia/6188402735_2.jpg,Amelanchier alnifolia,usda:AMAL2
gbif-inat:00002735,images/raw/gbif-inat/amelanchier_alnifolia/6188147298_1.jpg,Amelanchier alnifolia,usda:AMAL2
gbif-inat:00000579,images/raw/gbif-inat/amelanchier_alnifolia/6178839254_1.jpg,Amelanchier alnifolia,usda:AMAL2
gbif-inat:00000578,images/raw/gbif-inat/amelanchier_alnifolia/6178627573_3.jpg,Amelanchier alnifolia,usda:AMAL2
gbif-inat:00000590,images/raw/gbif-inat/amelanchier_alnifolia/6184889077_10.jpg,Amelanchier alnifolia,usda:AMAL2
gbif-inat:00002716,images/raw/gbif-inat/amelanchier_alnifolia/6185014061_2.jpg,Amelanchier alnifolia,usda:AMAL2
gbif-inat:00002759,images/raw/gbif-inat/amelanchier_alnifolia/6188227131_1.jpg,Amelanchier alnifolia,usda:AMAL2
gbif-inat:00000595,images/raw/gbif-inat/amelanchier_alnifolia/6184889077_15.jpg,Amelanchier alnifolia,usda:AMAL2
gbif-inat:00000596,images/raw/gbif-inat/amelanchier_alnifolia/6184889077_16.jpg,Amelanchier alnifolia,usda:AMAL2
gbif-inat:00002778,images/raw/gbif-inat/amelanchier_alnifolia/6195376194_1.jpg,Amelanchier alnifolia,usda:AMAL2
gbif-inat:00000583,images/raw/gbif-inat/amelanchier_alnifolia/6184889077_3.jpg,Amelanchier alnifolia,usda:AMAL2
gbif-inat:00002774,images/raw/gbif-inat/amelanchier_alnifolia/6188666032_2.jpg,Amelanchier alnifolia,usda:AMAL2
gbif-inat:00002732,images/raw/gbif-inat/amelanchier_alnifolia/6187967770_3.jpg,Amelanchier alnifolia,usda:AMAL2
gbif-inat:00002768,images/raw/gbif-inat/amelanchier_alnifolia/6188402735_3.jpg,Amelanchier alnifolia,usda:AMAL2
gbif-inat:00002728,images/raw/gbif-inat/amelanchier_alnifolia/6186144727_1.jpg,Amelanchier alnifolia,usda:AMAL2
gbif-inat:00002753,images/raw/gbif-inat/amelanchier_alnifolia/6187941999_2.jpg,Amelanchier alnifolia,usda:AMAL2
gbif-inat:00002724,images/raw/gbif-inat/amelanchier_alnifolia/6185797466_2.jpg,Amelanchier alnifolia,usda:AMAL2
gbif-inat:00002741,images/raw/gbif-inat/amelanchier_alnifolia/6188355001_3.jpg,Amelanchier alnifolia,usda:AMAL2
gbif-inat:00002733,images/raw/gbif-inat/amelanchier_alnifolia/6187967770_4.jpg,Amelanchier alnifolia,usda:AMAL2
gbif-inat:00002718,images/raw/gbif-inat/amelanchier_alnifolia/6185565947_1.jpg,Amelanchier alnifolia,usda:AMAL2
gbif-inat:00000571,images/raw/gbif-inat/amelanchier_alnifolia/6159424111_1.jpg,Amelanchier alnifolia,usda:AMAL2
gbif-inat:00002766,images/raw/gbif-inat/amelanchier_alnifolia/6188402735_1.jpg,Amelanchier alnifolia,usda:AMAL2
gbif-inat:00002763,images/raw/gbif-inat/amelanchier_alnifolia/6188380297_2.jpg,Amelanchier alnifolia,usda:AMAL2
gbif-inat:00002780,images/raw/gbif-inat/amelanchier_alnifolia/6195431519_1.jpg,Amelanchier alnifolia,usda:AMAL2
gbif-inat:00000597,images/raw/gbif-inat/amelanchier_alnifolia/6184889077_17.jpg,Amelanchier alnifolia,usda:AMAL2
gbif-inat:00002771,images/raw/gbif-inat/amelanchier_alnifolia/6188570409_2.jpg,Amelanchier alnifolia,usda:AMAL2
gbif-inat:00002730,images/raw/gbif-inat/amelanchier_alnifolia/6187967770_1.jpg,Amelanchier alnifolia,usda:AMAL2
gbif-inat:00002751,images/raw/gbif-inat/amelanchier_alnifolia/6187937056_2.jpg,Amelanchier alnifolia,usda:AMAL2
gbif-inat:00002723,images/raw/gbif-inat/amelanchier_alnifolia/6185797466_1.jpg,Amelanchier alnifolia,usda:AMAL2
gbif-inat:00002721,images/raw/gbif-inat/amelanchier_alnifolia/6185582354_2.jpg,Amelanchier alnifolia,usda:AMAL2
gbif-inat:00002749,images/raw/gbif-inat/amelanchier_alnifolia/6187914281_3.jpg,Amelanchier alnifolia,usda:AMAL2
gbif-inat:00002729,images/raw/gbif-inat/amelanchier_alnifolia/6186144727_2.jpg,Amelanchier alnifolia,usda:AMAL2
gbif-inat:00000588,images/raw/gbif-inat/amelanchier_alnifolia/6184889077_8.jpg,Amelanchier alnifolia,usda:AMAL2
gbif-inat:00002714,images/raw/gbif-inat/amelanchier_alnifolia/6184960108_1.jpg,Amelanchier alnifolia,usda:AMAL2
gbif-inat:00000581,images/raw/gbif-inat/amelanchier_alnifolia/6184889077_1.jpg,Amelanchier alnifolia,usda:AMAL2
gbif-inat:00002755,images/raw/gbif-inat/amelanchier_alnifolia/6187991627_1.jpg,Amelanchier alnifolia,usda:AMAL2
gbif-inat:00002754,images/raw/gbif-inat/amelanchier_alnifolia/6187941999_3.jpg,Amelanchier alnifolia,usda:AMAL2
gbif-inat:00002748,images/raw/gbif-inat/amelanchier_alnifolia/6187914281_2.jpg,Amelanchier alnifolia,usda:AMAL2
gbif-inat:00002722,images/raw/gbif-inat/amelanchier_alnifolia/6185582354_3.jpg,Amelanchier alnifolia,usda:AMAL2
gbif-inat:00000600,images/raw/gbif-inat/amelanchier_alnifolia/6184889077_20.jpg,Amelanchier alnifolia,usda:AMAL2
gbif-inat:00002731,images/raw/gbif-inat/amelanchier_alnifolia/6187967770_2.jpg,Amelanchier alnifolia,usda:AMAL2
gbif-inat:00002758,images/raw/gbif-inat/amelanchier_alnifolia/6188184183_1.jpg,Amelanchier alnifolia,usda:AMAL2
gbif-inat:00000582,images/raw/gbif-inat/amelanchier_alnifolia/6184889077_2.jpg,Amelanchier alnifolia,usda:AMAL2
gbif-inat:00002770,images/raw/gbif-inat/amelanchier_alnifolia/6188570409_1.jpg,Amelanchier alnifolia,usda:AMAL2
gbif-inat:00002014,images/raw/gbif-inat/asimina_triloba/6130698764_1.jpg,Asimina triloba,usda:ASTR
gbif-inat:00002062,images/raw/gbif-inat/asimina_triloba/6147560228_1.jpg,Asimina triloba,usda:ASTR
gbif-inat:00002039,images/raw/gbif-inat/asimina_triloba/6133218975_2.jpg,Asimina triloba,usda:ASTR
gbif-inat:00002063,images/raw/gbif-inat/asimina_triloba/6147615466_1.jpg,Asimina triloba,usda:ASTR
gbif-inat:00000276,images/raw/gbif-inat/asimina_triloba/5938629628_1.jpg,Asimina triloba,usda:ASTR
gbif-inat:00000279,images/raw/gbif-inat/asimina_triloba/6129852483_1.jpg,Asimina triloba,usda:ASTR
gbif-inat:00002020,images/raw/gbif-inat/asimina_triloba/6130988242_3.jpg,Asimina triloba,usda:ASTR
gbif-inat:00000282,images/raw/gbif-inat/asimina_triloba/6129965697_1.jpg,Asimina triloba,usda:ASTR
gbif-inat:00002064,images/raw/gbif-inat/asimina_triloba/6147615466_2.jpg,Asimina triloba,usda:ASTR
gbif-inat:00002053,images/raw/gbif-inat/asimina_triloba/6147303201_2.jpg,Asimina triloba,usda:ASTR
gbif-inat:00002070,images/raw/gbif-inat/asimina_triloba/6159279307_1.jpg,Asimina triloba,usda:ASTR
gbif-inat:00002060,images/raw/gbif-inat/asimina_triloba/6147476763_2.jpg,Asimina triloba,usda:ASTR
gbif-inat:00002050,images/raw/gbif-inat/asimina_triloba/6147224923_1.jpg,Asimina triloba,usda:ASTR
gbif-inat:00002033,images/raw/gbif-inat/asimina_triloba/6131430788_4.jpg,Asimina triloba,usda:ASTR
gbif-inat:00002040,images/raw/gbif-inat/asimina_triloba/6133307409_1.jpg,Asimina triloba,usda:ASTR
gbif-inat:00002030,images/raw/gbif-inat/asimina_triloba/6131430788_1.jpg,Asimina triloba,usda:ASTR
gbif-inat:00002022,images/raw/gbif-inat/asimina_triloba/6131119966_1.jpg,Asimina triloba,usda:ASTR
gbif-inat:00002021,images/raw/gbif-inat/asimina_triloba/6131095800_1.jpg,Asimina triloba,usda:ASTR
gbif-inat:00000280,images/raw/gbif-inat/asimina_triloba/6129852483_2.jpg,Asimina triloba,usda:ASTR
gbif-inat:00002037,images/raw/gbif-inat/asimina_triloba/6133167730_4.jpg,Asimina triloba,usda:ASTR
gbif-inat:00002049,images/raw/gbif-inat/asimina_triloba/6147204047_3.jpg,Asimina triloba,usda:ASTR
gbif-inat:00002016,images/raw/gbif-inat/asimina_triloba/6130962031_1.jpg,Asimina triloba,usda:ASTR
gbif-inat:00002024,images/raw/gbif-inat/asimina_triloba/6131193840_1.jpg,Asimina triloba,usda:ASTR
gbif-inat:00002075,images/raw/gbif-inat/asimina_triloba/6159377466_1.jpg,Asimina triloba,usda:ASTR
gbif-inat:00002078,images/raw/gbif-inat/asimina_triloba/6159402120_1.jpg,Asimina triloba,usda:ASTR
gbif-inat:00002077,images/raw/gbif-inat/asimina_triloba/6159399731_1.jpg,Asimina triloba,usda:ASTR
gbif-inat:00002055,images/raw/gbif-inat/asimina_triloba/6147316685_2.jpg,Asimina triloba,usda:ASTR
gbif-inat:00000273,images/raw/gbif-inat/asimina_triloba/5938098495_1.jpg,Asimina triloba,usda:ASTR
gbif-inat:00000288,images/raw/gbif-inat/asimina_triloba/6130101533_2.jpg,Asimina triloba,usda:ASTR
gbif-inat:00002079,images/raw/gbif-inat/asimina_triloba/6159402120_2.jpg,Asimina triloba,usda:ASTR
gbif-inat:00000289,images/raw/gbif-inat/asimina_triloba/6130101533_3.jpg,Asimina triloba,usda:ASTR
gbif-inat:00000292,images/raw/gbif-inat/asimina_triloba/6130250599_2.jpg,Asimina triloba,usda:ASTR
gbif-inat:00002026,images/raw/gbif-inat/asimina_triloba/6131222737_2.jpg,Asimina triloba,usda:ASTR
gbif-inat:00002047,images/raw/gbif-inat/asimina_triloba/6147204047_1.jpg,Asimina triloba,usda:ASTR
gbif-inat:00002066,images/raw/gbif-inat/asimina_triloba/6159146321_1.jpg,Asimina triloba,usda:ASTR
gbif-inat:00000277,images/raw/gbif-inat/asimina_triloba/5938720406_1.jpg,Asimina triloba,usda:ASTR
gbif-inat:00000271,images/raw/gbif-inat/asimina_triloba/5938036744_1.jpg,Asimina triloba,usda:ASTR
gbif-inat:00002076,images/raw/gbif-inat/asimina_triloba/6159379636_1.jpg,Asimina triloba,usda:ASTR
gbif-inat:00002041,images/raw/gbif-inat/asimina_triloba/6133499440_1.jpg,Asimina triloba,usda:ASTR
gbif-inat:00002029,images/raw/gbif-inat/asimina_triloba/6131222737_5.jpg,Asimina triloba,usda:ASTR
gbif-inat:00002034,images/raw/gbif-inat/asimina_triloba/6133167730_1.jpg,Asimina triloba,usda:ASTR
gbif-inat:00002048,images/raw/gbif-inat/asimina_triloba/6147204047_2.jpg,Asimina triloba,usda:ASTR
gbif-inat:00000294,images/raw/gbif-inat/asimina_triloba/6130359833_1.jpg,Asimina triloba,usda:ASTR
gbif-inat:00000297,images/raw/gbif-inat/asimina_triloba/6130610769_1.jpg,Asimina triloba,usda:ASTR
gbif-inat:00002074,images/raw/gbif-inat/asimina_triloba/6159316474_2.jpg,Asimina triloba,usda:ASTR
gbif-inat:00000278,images/raw/gbif-inat/asimina_triloba/5938720406_2.jpg,Asimina triloba,usda:ASTR
gbif-inat:00002059,images/raw/gbif-inat/asimina_triloba/6147476763_1.jpg,Asimina triloba,usda:ASTR
gbif-inat:00002051,images/raw/gbif-inat/asimina_triloba/6147224923_2.jpg,Asimina triloba,usda:ASTR
gbif-inat:00002015,images/raw/gbif-inat/asimina_triloba/6130730063_1.jpg,Asimina triloba,usda:ASTR
gbif-inat:00002069,images/raw/gbif-inat/asimina_triloba/6159277872_1.jpg,Asimina triloba,usda:ASTR
gbif-inat:00002019,images/raw/gbif-inat/asimina_triloba/6130988242_2.jpg,Asimina triloba,usda:ASTR
gbif-inat:00002058,images/raw/gbif-inat/asimina_triloba/6147474082_3.jpg,Asimina triloba,usda:ASTR
gbif-inat:00000284,images/raw/gbif-inat/asimina_triloba/6129965697_3.jpg,Asimina triloba,usda:ASTR
gbif-inat:00002018,images/raw/gbif-inat/asimina_triloba/6130988242_1.jpg,Asimina triloba,usda:ASTR
gbif-inat:00000272,images/raw/gbif-inat/asimina_triloba/5938036744_2.jpg,Asimina triloba,usda:ASTR
gbif-inat:00000287,images/raw/gbif-inat/asimina_triloba/6130101533_1.jpg,Asimina triloba,usda:ASTR
gbif-inat:00002071,images/raw/gbif-inat/asimina_triloba/6159279307_2.jpg,Asimina triloba,usda:ASTR
gbif-inat:00000293,images/raw/gbif-inat/asimina_triloba/6130354188_1.jpg,Asimina triloba,usda:ASTR
gbif-inat:00002043,images/raw/gbif-inat/asimina_triloba/6159194517_1.jpg,Asimina triloba,usda:ASTR
gbif-inat:00000286,images/raw/gbif-inat/asimina_triloba/6130063590_2.jpg,Asimina triloba,usda:ASTR
gbif-inat:00002038,images/raw/gbif-inat/asimina_triloba/6133218975_1.jpg,Asimina triloba,usda:ASTR
gbif-inat:00000298,images/raw/gbif-inat/asimina_triloba/6130610769_2.jpg,Asimina triloba,usda:ASTR
gbif-inat:00002057,images/raw/gbif-inat/asimina_triloba/6147474082_2.jpg,Asimina triloba,usda:ASTR
gbif-inat:00002027,images/raw/gbif-inat/asimina_triloba/6131222737_3.jpg,Asimina triloba,usda:ASTR
gbif-inat:00002011,images/raw/gbif-inat/asimina_triloba/6130635444_1.jpg,Asimina triloba,usda:ASTR
gbif-inat:00000299,images/raw/gbif-inat/asimina_triloba/6130617765_1.jpg,Asimina triloba,usda:ASTR
gbif-inat:00000283,images/raw/gbif-inat/asimina_triloba/6129965697_2.jpg,Asimina triloba,usda:ASTR
gbif-inat:00000296,images/raw/gbif-inat/asimina_triloba/6130563648_2.jpg,Asimina triloba,usda:ASTR
gbif-inat:00002017,images/raw/gbif-inat/asimina_triloba/6130962031_2.jpg,Asimina triloba,usda:ASTR
gbif-inat:00000300,images/raw/gbif-inat/asimina_triloba/6130617765_2.jpg,Asimina triloba,usda:ASTR
gbif-inat-toxic-round2:00315077,images/raw/gbif-inat-toxic-round2/atropa_belladonna/5760309661_1.jpg,Atropa belladonna,gbif:3802655
gbif-inat-toxic-round2:00315078,images/raw/gbif-inat-toxic-round2/atropa_belladonna/5760309661_2.jpg,Atropa belladonna,gbif:3802655
gbif-inat:00000779,images/raw/gbif-inat/betula_papyrifera/6130643821_3.jpg,Betula papyrifera,usda:BEPA
gbif-inat:00003139,images/raw/gbif-inat/betula_papyrifera/6130777388_1.jpg,Betula papyrifera,usda:BEPA
gbif-inat:00000752,images/raw/gbif-inat/betula_papyrifera/5938484136_1.jpg,Betula papyrifera,usda:BEPA
gbif-inat:00000773,images/raw/gbif-inat/betula_papyrifera/6130421802_1.jpg,Betula papyrifera,usda:BEPA
gbif-inat:00003136,images/raw/gbif-inat/betula_papyrifera/6130690587_1.jpg,Betula papyrifera,usda:BEPA
gbif-inat:00000754,images/raw/gbif-inat/betula_papyrifera/6129815398_2.jpg,Betula papyrifera,usda:BEPA
gbif-inat:00000764,images/raw/gbif-inat/betula_papyrifera/6130094882_3.jpg,Betula papyrifera,usda:BEPA
gbif-inat:00003134,images/raw/gbif-inat/betula_papyrifera/6130675977_5.jpg,Betula papyrifera,usda:BEPA
gbif-inat:00003150,images/raw/gbif-inat/betula_papyrifera/6131210063_1.jpg,Betula papyrifera,usda:BEPA
gbif-inat:00003175,images/raw/gbif-inat/betula_papyrifera/6163003544_7.jpg,Betula papyrifera,usda:BEPA
gbif-inat:00003161,images/raw/gbif-inat/betula_papyrifera/6133027770_1.jpg,Betula papyrifera,usda:BEPA
gbif-inat:00003170,images/raw/gbif-inat/betula_papyrifera/6163003544_2.jpg,Betula papyrifera,usda:BEPA
gbif-inat:00003195,images/raw/gbif-inat/betula_papyrifera/6147183966_3.jpg,Betula papyrifera,usda:BEPA
gbif-inat:00003164,images/raw/gbif-inat/betula_papyrifera/6133393533_1.jpg,Betula papyrifera,usda:BEPA
gbif-inat:00003174,images/raw/gbif-inat/betula_papyrifera/6163003544_6.jpg,Betula papyrifera,usda:BEPA
gbif-inat:00003172,images/raw/gbif-inat/betula_papyrifera/6163003544_4.jpg,Betula papyrifera,usda:BEPA
gbif-inat:00000761,images/raw/gbif-inat/betula_papyrifera/6129983373_1.jpg,Betula papyrifera,usda:BEPA
gbif-inat:00003197,images/raw/gbif-inat/betula_papyrifera/6147183966_5.jpg,Betula papyrifera,usda:BEPA
gbif-inat:00000758,images/raw/gbif-inat/betula_papyrifera/6129980305_4.jpg,Betula papyrifera,usda:BEPA
gbif-inat:00003147,images/raw/gbif-inat/betula_papyrifera/6131124218_1.jpg,Betula papyrifera,usda:BEPA
gbif-inat:00003165,images/raw/gbif-inat/betula_papyrifera/6133393533_2.jpg,Betula papyrifera,usda:BEPA
gbif-inat:00003141,images/raw/gbif-inat/betula_papyrifera/6130844423_1.jpg,Betula papyrifera,usda:BEPA
gbif-inat:00003156,images/raw/gbif-inat/betula_papyrifera/6131440050_2.jpg,Betula papyrifera,usda:BEPA
gbif-inat:00003200,images/raw/gbif-inat/betula_papyrifera/6147439862_1.jpg,Betula papyrifera,usda:BEPA
gbif-inat:00003190,images/raw/gbif-inat/betula_papyrifera/6133025067_6.jpg,Betula papyrifera,usda:BEPA
gbif-inat:00003162,images/raw/gbif-inat/betula_papyrifera/6133105974_1.jpg,Betula papyrifera,usda:BEPA
gbif-inat:00003194,images/raw/gbif-inat/betula_papyrifera/6147183966_2.jpg,Betula papyrifera,usda:BEPA
gbif-inat:00003186,images/raw/gbif-inat/betula_papyrifera/6133025067_2.jpg,Betula papyrifera,usda:BEPA
gbif-inat:00003183,images/raw/gbif-inat/betula_papyrifera/6185130643_1.jpg,Betula papyrifera,usda:BEPA
gbif-inat:00000759,images/raw/gbif-inat/betula_papyrifera/6129980305_5.jpg,Betula papyrifera,usda:BEPA
gbif-inat:00003144,images/raw/gbif-inat/betula_papyrifera/6131063787_1.jpg,Betula papyrifera,usda:BEPA
gbif-inat:00003132,images/raw/gbif-inat/betula_papyrifera/6130675977_3.jpg,Betula papyrifera,usda:BEPA
gbif-inat:00000780,images/raw/gbif-inat/betula_papyrifera/6130675977_1.jpg,Betula papyrifera,usda:BEPA
gbif-inat:00003168,images/raw/gbif-inat/betula_papyrifera/6147264524_1.jpg,Betula papyrifera,usda:BEPA
gbif-inat:00003149,images/raw/gbif-inat/betula_papyrifera/6131203465_1.jpg,Betula papyrifera,usda:BEPA
gbif-inat:00000770,images/raw/gbif-inat/betula_papyrifera/6130142579_1.jpg,Betula papyrifera,usda:BEPA
gbif-inat:00000777,images/raw/gbif-inat/betula_papyrifera/6130643821_1.jpg,Betula papyrifera,usda:BEPA
gbif-inat:00003135,images/raw/gbif-inat/betula_papyrifera/6130675977_6.jpg,Betula papyrifera,usda:BEPA
gbif-inat:00003192,images/raw/gbif-inat/betula_papyrifera/6133174491_1.jpg,Betula papyrifera,usda:BEPA
gbif-inat:00003163,images/raw/gbif-inat/betula_papyrifera/6133328867_1.jpg,Betula papyrifera,usda:BEPA
gbif-inat:00000767,images/raw/gbif-inat/betula_papyrifera/6130103054_2.jpg,Betula papyrifera,usda:BEPA
gbif-inat:00003178,images/raw/gbif-inat/betula_papyrifera/6163151734_3.jpg,Betula papyrifera,usda:BEPA
gbif-inat:00003142,images/raw/gbif-inat/betula_papyrifera/6130844423_2.jpg,Betula papyrifera,usda:BEPA
gbif-inat:00003198,images/raw/gbif-inat/betula_papyrifera/6147183966_6.jpg,Betula papyrifera,usda:BEPA
gbif-inat:00003148,images/raw/gbif-inat/betula_papyrifera/6131133464_1.jpg,Betula papyrifera,usda:BEPA
gbif-inat:00000760,images/raw/gbif-inat/betula_papyrifera/6129980305_6.jpg,Betula papyrifera,usda:BEPA
gbif-inat:00003146,images/raw/gbif-inat/betula_papyrifera/6131063787_3.jpg,Betula papyrifera,usda:BEPA
gbif-inat:00003145,images/raw/gbif-inat/betula_papyrifera/6131063787_2.jpg,Betula papyrifera,usda:BEPA
gbif-inat:00000766,images/raw/gbif-inat/betula_papyrifera/6130103054_1.jpg,Betula papyrifera,usda:BEPA
gbif-inat:00003188,images/raw/gbif-inat/betula_papyrifera/6133025067_4.jpg,Betula papyrifera,usda:BEPA
gbif-inat:00003140,images/raw/gbif-inat/betula_papyrifera/6130782099_1.jpg,Betula papyrifera,usda:BEPA
gbif-inat:00003151,images/raw/gbif-inat/betula_papyrifera/6131210063_2.jpg,Betula papyrifera,usda:BEPA
gbif-inat:00000753,images/raw/gbif-inat/betula_papyrifera/6129815398_1.jpg,Betula papyrifera,usda:BEPA
gbif-inat:00003157,images/raw/gbif-inat/betula_papyrifera/6131448260_1.jpg,Betula papyrifera,usda:BEPA
gbif-inat:00003184,images/raw/gbif-inat/betula_papyrifera/6253201840_1.jpg,Betula papyrifera,usda:BEPA
gbif-inat:00003155,images/raw/gbif-inat/betula_papyrifera/6131440050_1.jpg,Betula papyrifera,usda:BEPA
gbif-inat:00003181,images/raw/gbif-inat/betula_papyrifera/6178853829_1.jpg,Betula papyrifera,usda:BEPA
gbif-inat:00000756,images/raw/gbif-inat/betula_papyrifera/6129980305_2.jpg,Betula papyrifera,usda:BEPA
gbif-inat:00000762,images/raw/gbif-inat/betula_papyrifera/6130094882_1.jpg,Betula papyrifera,usda:BEPA
gbif-inat:00000774,images/raw/gbif-inat/betula_papyrifera/6130452877_1.jpg,Betula papyrifera,usda:BEPA
gbif-inat:00003191,images/raw/gbif-inat/betula_papyrifera/6133025067_7.jpg,Betula papyrifera,usda:BEPA
gbif-inat:00000775,images/raw/gbif-inat/betula_papyrifera/6130490162_1.jpg,Betula papyrifera,usda:BEPA
gbif-inat:00003137,images/raw/gbif-inat/betula_papyrifera/6130733530_1.jpg,Betula papyrifera,usda:BEPA
gbif-inat:00003166,images/raw/gbif-inat/betula_papyrifera/6133445379_1.jpg,Betula papyrifera,usda:BEPA
gbif-inat:00003179,images/raw/gbif-inat/betula_papyrifera/6163151734_4.jpg,Betula papyrifera,usda:BEPA
gbif-inat:00003199,images/raw/gbif-inat/betula_papyrifera/6147231141_1.jpg,Betula papyrifera,usda:BEPA
gbif-inat:00003167,images/raw/gbif-inat/betula_papyrifera/6133614443_1.jpg,Betula papyrifera,usda:BEPA
gbif-inat:00003131,images/raw/gbif-inat/betula_papyrifera/6130675977_2.jpg,Betula papyrifera,usda:BEPA
gbif-inat:00000751,images/raw/gbif-inat/betula_papyrifera/5938186016_1.jpg,Betula papyrifera,usda:BEPA
gbif-inat:00003158,images/raw/gbif-inat/betula_papyrifera/6131523382_1.jpg,Betula papyrifera,usda:BEPA
gbif-inat:00003385,images/raw/gbif-inat/carya_ovata/6130133078_1.jpg,Carya ovata,usda:CAOV2
gbif-inat:00003392,images/raw/gbif-inat/carya_ovata/6130324826_1.jpg,Carya ovata,usda:CAOV2
gbif-inat:00003373,images/raw/gbif-inat/carya_ovata/6130032846_1.jpg,Carya ovata,usda:CAOV2
gbif-inat:00003380,images/raw/gbif-inat/carya_ovata/6130089042_3.jpg,Carya ovata,usda:CAOV2
gbif-inat:00000866,images/raw/gbif-inat/carya_ovata/5938367934_1.jpg,Carya ovata,usda:CAOV2
gbif-inat:00000853,images/raw/gbif-inat/carya_ovata/5938226567_1.jpg,Carya ovata,usda:CAOV2
gbif-inat:00003357,images/raw/gbif-inat/carya_ovata/6129831070_1.jpg,Carya ovata,usda:CAOV2
gbif-inat:00003363,images/raw/gbif-inat/carya_ovata/6129835851_3.jpg,Carya ovata,usda:CAOV2
gbif-inat:00003350,images/raw/gbif-inat/carya_ovata/5938564384_1.jpg,Carya ovata,usda:CAOV2
gbif-inat:00000843,images/raw/gbif-inat/carya_ovata/5938067868_1.jpg,Carya ovata,usda:CAOV2
gbif-inat:00003405,images/raw/gbif-inat/carya_ovata/6130519219_1.jpg,Carya ovata,usda:CAOV2
gbif-inat:00003396,images/raw/gbif-inat/carya_ovata/6130357682_2.jpg,Carya ovata,usda:CAOV2
gbif-inat:00000851,images/raw/gbif-inat/carya_ovata/5938180627_1.jpg,Carya ovata,usda:CAOV2
gbif-inat:00000855,images/raw/gbif-inat/carya_ovata/5938241773_1.jpg,Carya ovata,usda:CAOV2
gbif-inat:00000868,images/raw/gbif-inat/carya_ovata/5938438567_1.jpg,Carya ovata,usda:CAOV2
gbif-inat:00003361,images/raw/gbif-inat/carya_ovata/6129835851_1.jpg,Carya ovata,usda:CAOV2
gbif-inat:00003398,images/raw/gbif-inat/carya_ovata/6130357682_4.jpg,Carya ovata,usda:CAOV2
gbif-inat:00003394,images/raw/gbif-inat/carya_ovata/6130353653_1.jpg,Carya ovata,usda:CAOV2
gbif-inat:00003381,images/raw/gbif-inat/carya_ovata/6130089042_4.jpg,Carya ovata,usda:CAOV2
gbif-inat:00003384,images/raw/gbif-inat/carya_ovata/6130111396_1.jpg,Carya ovata,usda:CAOV2
gbif-inat:00003399,images/raw/gbif-inat/carya_ovata/6130360596_1.jpg,Carya ovata,usda:CAOV2
gbif-inat:00000852,images/raw/gbif-inat/carya_ovata/5938186975_1.jpg,Carya ovata,usda:CAOV2
gbif-inat:00003410,images/raw/gbif-inat/carya_ovata/6130531320_4.jpg,Carya ovata,usda:CAOV2
gbif-inat:00003358,images/raw/gbif-inat/carya_ovata/6129831070_2.jpg,Carya ovata,usda:CAOV2
gbif-inat:00003377,images/raw/gbif-inat/carya_ovata/6130086517_1.jpg,Carya ovata,usda:CAOV2
gbif-inat:00003375,images/raw/gbif-inat/carya_ovata/6130071982_1.jpg,Carya ovata,usda:CAOV2
gbif-inat:00003389,images/raw/gbif-inat/carya_ovata/6130214104_1.jpg,Carya ovata,usda:CAOV2
gbif-inat:00000848,images/raw/gbif-inat/carya_ovata/5938169093_1.jpg,Carya ovata,usda:CAOV2
gbif-inat:00000849,images/raw/gbif-inat/carya_ovata/5938169093_2.jpg,Carya ovata,usda:CAOV2
gbif-inat:00000861,images/raw/gbif-inat/carya_ovata/5938311797_1.jpg,Carya ovata,usda:CAOV2
gbif-inat:00003354,images/raw/gbif-inat/carya_ovata/5938687277_1.jpg,Carya ovata,usda:CAOV2
gbif-inat:00003341,images/raw/gbif-inat/carya_ovata/5938467893_1.jpg,Carya ovata,usda:CAOV2
gbif-inat:00003368,images/raw/gbif-inat/carya_ovata/6129932934_1.jpg,Carya ovata,usda:CAOV2
gbif-inat:00003365,images/raw/gbif-inat/carya_ovata/6129887745_1.jpg,Carya ovata,usda:CAOV2
gbif-inat:00003342,images/raw/gbif-inat/carya_ovata/5938479914_1.jpg,Carya ovata,usda:CAOV2
gbif-inat:00000865,images/raw/gbif-inat/carya_ovata/5938363773_1.jpg,Carya ovata,usda:CAOV2
gbif-inat:00003362,images/raw/gbif-inat/carya_ovata/6129835851_2.jpg,Carya ovata,usda:CAOV2
gbif-inat:00003374,images/raw/gbif-inat/carya_ovata/6130050503_1.jpg,Carya ovata,usda:CAOV2
gbif-inat:00003383,images/raw/gbif-inat/carya_ovata/6130111395_1.jpg,Carya ovata,usda:CAOV2
gbif-inat:00003378,images/raw/gbif-inat/carya_ovata/6130089042_1.jpg,Carya ovata,usda:CAOV2
gbif-inat:00003345,images/raw/gbif-inat/carya_ovata/5938479914_4.jpg,Carya ovata,usda:CAOV2
gbif-inat:00003369,images/raw/gbif-inat/carya_ovata/6129932934_2.jpg,Carya ovata,usda:CAOV2
gbif-inat:00003349,images/raw/gbif-inat/carya_ovata/5938535391_1.jpg,Carya ovata,usda:CAOV2
gbif-inat:00000859,images/raw/gbif-inat/carya_ovata/5938276229_1.jpg,Carya ovata,usda:CAOV2
gbif-inat:00000864,images/raw/gbif-inat/carya_ovata/5938346184_1.jpg,Carya ovata,usda:CAOV2
gbif-inat:00000845,images/raw/gbif-inat/carya_ovata/5938154818_1.jpg,Carya ovata,usda:CAOV2
gbif-inat:00003390,images/raw/gbif-inat/carya_ovata/6130214104_2.jpg,Carya ovata,usda:CAOV2
gbif-inat:00003391,images/raw/gbif-inat/carya_ovata/6130214104_3.jpg,Carya ovata,usda:CAOV2
gbif-inat:00003376,images/raw/gbif-inat/carya_ovata/6130072493_1.jpg,Carya ovata,usda:CAOV2
gbif-inat:00000867,images/raw/gbif-inat/carya_ovata/5938387667_1.jpg,Carya ovata,usda:CAOV2
gbif-inat:00003387,images/raw/gbif-inat/carya_ovata/6130183028_1.jpg,Carya ovata,usda:CAOV2
gbif-inat:00000869,images/raw/gbif-inat/carya_ovata/5938444968_1.jpg,Carya ovata,usda:CAOV2
gbif-inat:00000860,images/raw/gbif-inat/carya_ovata/5938306594_1.jpg,Carya ovata,usda:CAOV2
gbif-inat:00003388,images/raw/gbif-inat/carya_ovata/6130186539_1.jpg,Carya ovata,usda:CAOV2
gbif-inat:00003348,images/raw/gbif-inat/carya_ovata/5938499777_1.jpg,Carya ovata,usda:CAOV2
gbif-inat:00003344,images/raw/gbif-inat/carya_ovata/5938479914_3.jpg,Carya ovata,usda:CAOV2
gbif-inat:00003360,images/raw/gbif-inat/carya_ovata/6129833711_1.jpg,Carya ovata,usda:CAOV2
gbif-inat:00003409,images/raw/gbif-inat/carya_ovata/6130531320_3.jpg,Carya ovata,usda:CAOV2
gbif-inat:00000863,images/raw/gbif-inat/carya_ovata/5938319998_2.jpg,Carya ovata,usda:CAOV2
gbif-inat:00003402,images/raw/gbif-inat/carya_ovata/6130453729_1.jpg,Carya ovata,usda:CAOV2
gbif-inat:00000858,images/raw/gbif-inat/carya_ovata/5938263205_1.jpg,Carya ovata,usda:CAOV2
gbif-inat:00000856,images/raw/gbif-inat/carya_ovata/5938241773_2.jpg,Carya ovata,usda:CAOV2
gbif-inat:00003379,images/raw/gbif-inat/carya_ovata/6130089042_2.jpg,Carya ovata,usda:CAOV2
gbif-inat:00003408,images/raw/gbif-inat/carya_ovata/6130531320_2.jpg,Carya ovata,usda:CAOV2
gbif-inat:00003366,images/raw/gbif-inat/carya_ovata/6129887745_2.jpg,Carya ovata,usda:CAOV2
gbif-inat:00003367,images/raw/gbif-inat/carya_ovata/6129887745_3.jpg,Carya ovata,usda:CAOV2
gbif-inat:00003355,images/raw/gbif-inat/carya_ovata/5938687277_2.jpg,Carya ovata,usda:CAOV2
gbif-inat:00003364,images/raw/gbif-inat/carya_ovata/6129870554_1.jpg,Carya ovata,usda:CAOV2
gbif-inat:00000854,images/raw/gbif-inat/carya_ovata/5938228558_1.jpg,Carya ovata,usda:CAOV2
gbif-inat:00003407,images/raw/gbif-inat/carya_ovata/6130531320_1.jpg,Carya ovata,usda:CAOV2
gbif-inat-toxic-round2:00311358,images/raw/gbif-inat-toxic-round2/cicuta_douglasii/5062827488_3.jpg,Cicuta douglasii,usda:CIDO
gbif-inat-toxic-round2:00311119,images/raw/gbif-inat-toxic-round2/cicuta_douglasii/5282433234_3.jpg,Cicuta douglasii,usda:CIDO
gbif-inat-toxic-round2:00311291,images/raw/gbif-inat-toxic-round2/cicuta_douglasii/4935685671_1.jpg,Cicuta douglasii,usda:CIDO
gbif-inat-toxic-round2:00311296,images/raw/gbif-inat-toxic-round2/cicuta_douglasii/4952608293_4.jpg,Cicuta douglasii,usda:CIDO
gbif-inat-toxic-round2:00311320,images/raw/gbif-inat-toxic-round2/cicuta_douglasii/4924015579_2.jpg,Cicuta douglasii,usda:CIDO
gbif-inat-toxic-round2:00311447,images/raw/gbif-inat-toxic-round2/cicuta_douglasii/4130030846_1.jpg,Cicuta douglasii,usda:CIDO
gbif-inat-toxic-round2:00311143,images/raw/gbif-inat-toxic-round2/cicuta_douglasii/5292596969_1.jpg,Cicuta douglasii,usda:CIDO
gbif-inat-toxic-round2:00311318,images/raw/gbif-inat-toxic-round2/cicuta_douglasii/4921975177_1.jpg,Cicuta douglasii,usda:CIDO
gbif-inat-toxic-round2:00311282,images/raw/gbif-inat-toxic-round2/cicuta_douglasii/4919672662_4.jpg,Cicuta douglasii,usda:CIDO
gbif-inat-toxic-round2:00311242,images/raw/gbif-inat-toxic-round2/cicuta_douglasii/4908084412_1.jpg,Cicuta douglasii,usda:CIDO
gbif-inat-toxic-round2:00311210,images/raw/gbif-inat-toxic-round2/cicuta_douglasii/5908964533_1.jpg,Cicuta douglasii,usda:CIDO
gbif-inat-toxic-round2:00311459,images/raw/gbif-inat-toxic-round2/cicuta_douglasii/4138059667_1.jpg,Cicuta douglasii,usda:CIDO
gbif-inat-toxic-round2:00311166,images/raw/gbif-inat-toxic-round2/cicuta_douglasii/5759759396_2.jpg,Cicuta douglasii,usda:CIDO
gbif-inat-toxic-round2:00311125,images/raw/gbif-inat-toxic-round2/cicuta_douglasii/5932539834_1.jpg,Cicuta douglasii,usda:CIDO
gbif-inat-toxic-round2:00311324,images/raw/gbif-inat-toxic-round2/cicuta_douglasii/4926072078_4.jpg,Cicuta douglasii,usda:CIDO
gbif-inat-toxic-round2:00311218,images/raw/gbif-inat-toxic-round2/cicuta_douglasii/5892588498_1.jpg,Cicuta douglasii,usda:CIDO
gbif-inat:00000074,images/raw/gbif-inat/cicuta_douglasii/6320765863_2.jpg,Cicuta douglasii,usda:CIDO
gbif-inat-toxic-round2:00311181,images/raw/gbif-inat-toxic-round2/cicuta_douglasii/5936197458_2.jpg,Cicuta douglasii,usda:CIDO
gbif-inat-toxic-round2:00311160,images/raw/gbif-inat-toxic-round2/cicuta_douglasii/5293217158_1.jpg,Cicuta douglasii,usda:CIDO
gbif-inat:00001540,images/raw/gbif-inat/cicuta_douglasii/5217289279_2.jpg,Cicuta douglasii,usda:CIDO
gbif-inat-toxic-round2:00311421,images/raw/gbif-inat-toxic-round2/cicuta_douglasii/4978147649_2.jpg,Cicuta douglasii,usda:CIDO
gbif-inat-toxic-round2:00311322,images/raw/gbif-inat-toxic-round2/cicuta_douglasii/4926072078_2.jpg,Cicuta douglasii,usda:CIDO
gbif-inat-toxic-round2:00311284,images/raw/gbif-inat-toxic-round2/cicuta_douglasii/4921619724_1.jpg,Cicuta douglasii,usda:CIDO
gbif-inat-toxic-round2:00311370,images/raw/gbif-inat-toxic-round2/cicuta_douglasii/4945494947_3.jpg,Cicuta douglasii,usda:CIDO
gbif-inat-toxic-round2:00311402,images/raw/gbif-inat-toxic-round2/cicuta_douglasii/4980328277_3.jpg,Cicuta douglasii,usda:CIDO
gbif-inat-toxic-round2:00311438,images/raw/gbif-inat-toxic-round2/cicuta_douglasii/4127356297_1.jpg,Cicuta douglasii,usda:CIDO
gbif-inat:00001567,images/raw/gbif-inat/cicuta_douglasii/5216828269_3.jpg,Cicuta douglasii,usda:CIDO
gbif-inat-toxic-round2:00311247,images/raw/gbif-inat-toxic-round2/cicuta_douglasii/4908084412_6.jpg,Cicuta douglasii,usda:CIDO
gbif-inat:00001564,images/raw/gbif-inat/cicuta_douglasii/5216693461_6.jpg,Cicuta douglasii,usda:CIDO
gbif-inat:00000080,images/raw/gbif-inat/cicuta_douglasii/5087480004_2.jpg,Cicuta douglasii,usda:CIDO
gbif-inat:00001528,images/raw/gbif-inat/cicuta_douglasii/5206743422_1.jpg,Cicuta douglasii,usda:CIDO
gbif-inat-toxic-round2:00311431,images/raw/gbif-inat-toxic-round2/cicuta_douglasii/4133738507_2.jpg,Cicuta douglasii,usda:CIDO
gbif-inat-toxic-round2:00311462,images/raw/gbif-inat-toxic-round2/cicuta_douglasii/4138564452_1.jpg,Cicuta douglasii,usda:CIDO
gbif-inat-toxic-round2:00311177,images/raw/gbif-inat-toxic-round2/cicuta_douglasii/5932206774_4.jpg,Cicuta douglasii,usda:CIDO
gbif-inat-toxic-round2:00311375,images/raw/gbif-inat-toxic-round2/cicuta_douglasii/4952395744_2.jpg,Cicuta douglasii,usda:CIDO
gbif-inat-toxic-round2:00311391,images/raw/gbif-inat-toxic-round2/cicuta_douglasii/4973838502_3.jpg,Cicuta douglasii,usda:CIDO
gbif-inat-toxic-round2:00311337,images/raw/gbif-inat-toxic-round2/cicuta_douglasii/4937214385_5.jpg,Cicuta douglasii,usda:CIDO
gbif-inat-toxic-round2:00311285,images/raw/gbif-inat-toxic-round2/cicuta_douglasii/4921974995_1.jpg,Cicuta douglasii,usda:CIDO
gbif-inat-toxic-round2:00311409,images/raw/gbif-inat-toxic-round2/cicuta_douglasii/4980502272_1.jpg,Cicuta douglasii,usda:CIDO
gbif-inat-toxic-round2:00311201,images/raw/gbif-inat-toxic-round2/cicuta_douglasii/5830648608_3.jpg,Cicuta douglasii,usda:CIDO
gbif-inat-toxic-round2:00311142,images/raw/gbif-inat-toxic-round2/cicuta_douglasii/5292024606_1.jpg,Cicuta douglasii,usda:CIDO
gbif-inat-toxic-round2:00311380,images/raw/gbif-inat-toxic-round2/cicuta_douglasii/4952395744_7.jpg,Cicuta douglasii,usda:CIDO
gbif-inat-toxic-round2:00311399,images/raw/gbif-inat-toxic-round2/cicuta_douglasii/4973838502_11.jpg,Cicuta douglasii,usda:CIDO
gbif-inat-toxic-round2:00311087,images/raw/gbif-inat-toxic-round2/cicuta_douglasii/5231946309_6.jpg,Cicuta douglasii,usda:CIDO
gbif-inat:00001521,images/raw/gbif-inat/cicuta_douglasii/5187705979_1.jpg,Cicuta douglasii,usda:CIDO
gbif-inat-toxic-round2:00311299,images/raw/gbif-inat-toxic-round2/cicuta_douglasii/4953127824_3.jpg,Cicuta douglasii,usda:CIDO
gbif-inat-toxic-round2:00311457,images/raw/gbif-inat-toxic-round2/cicuta_douglasii/4137577768_1.jpg,Cicuta douglasii,usda:CIDO
gbif-inat-toxic-round2:00311133,images/raw/gbif-inat-toxic-round2/cicuta_douglasii/6159315364_1.jpg,Cicuta douglasii,usda:CIDO
gbif-inat:00001566,images/raw/gbif-inat/cicuta_douglasii/5216828269_2.jpg,Cicuta douglasii,usda:CIDO
gbif-inat:00001569,images/raw/gbif-inat/cicuta_douglasii/5216828269_5.jpg,Cicuta douglasii,usda:CIDO
gbif-inat-toxic-round2:00311377,images/raw/gbif-inat-toxic-round2/cicuta_douglasii/4952395744_4.jpg,Cicuta douglasii,usda:CIDO
gbif-inat-toxic-round2:00311461,images/raw/gbif-inat-toxic-round2/cicuta_douglasii/4138059667_3.jpg,Cicuta douglasii,usda:CIDO
gbif-inat-toxic-round2:00311269,images/raw/gbif-inat-toxic-round2/cicuta_douglasii/4910694351_3.jpg,Cicuta douglasii,usda:CIDO
gbif-inat-toxic-round2:00311394,images/raw/gbif-inat-toxic-round2/cicuta_douglasii/4973838502_6.jpg,Cicuta douglasii,usda:CIDO
gbif-inat-toxic-round2:00311227,images/raw/gbif-inat-toxic-round2/cicuta_douglasii/4863536889_1.jpg,Cicuta douglasii,usda:CIDO
gbif-inat-toxic-round2:00311433,images/raw/gbif-inat-toxic-round2/cicuta_douglasii/4458334810_1.jpg,Cicuta douglasii,usda:CIDO
gbif-inat-toxic-round2:00311418,images/raw/gbif-inat-toxic-round2/cicuta_douglasii/4954516636_4.jpg,Cicuta douglasii,usda:CIDO
gbif-inat:00001534,images/raw/gbif-inat/cicuta_douglasii/5206756802_4.jpg,Cicuta douglasii,usda:CIDO
gbif-inat-toxic-round2:00311077,images/raw/gbif-inat-toxic-round2/cicuta_douglasii/5231477741_1.jpg,Cicuta douglasii,usda:CIDO
gbif-inat-toxic-round2:00311171,images/raw/gbif-inat-toxic-round2/cicuta_douglasii/5761104818_1.jpg,Cicuta douglasii,usda:CIDO
gbif-inat-toxic-round2:00311233,images/raw/gbif-inat-toxic-round2/cicuta_douglasii/4902116797_3.jpg,Cicuta douglasii,usda:CIDO
gbif-inat-toxic-round2:00311217,images/raw/gbif-inat-toxic-round2/cicuta_douglasii/5867884006_1.jpg,Cicuta douglasii,usda:CIDO
gbif-inat-toxic-round2:00311111,images/raw/gbif-inat-toxic-round2/cicuta_douglasii/5282081099_1.jpg,Cicuta douglasii,usda:CIDO
gbif-inat:00000075,images/raw/gbif-inat/cicuta_douglasii/6320765863_3.jpg,Cicuta douglasii,usda:CIDO
gbif-inat:00001560,images/raw/gbif-inat/cicuta_douglasii/5216693461_2.jpg,Cicuta douglasii,usda:CIDO
gbif-inat-toxic-round2:00311081,images/raw/gbif-inat-toxic-round2/cicuta_douglasii/5231655165_3.jpg,Cicuta douglasii,usda:CIDO
gbif-inat-toxic-round2:00311122,images/raw/gbif-inat-toxic-round2/cicuta_douglasii/5292316921_1.jpg,Cicuta douglasii,usda:CIDO
gbif-inat-toxic-round2:00311226,images/raw/gbif-inat-toxic-round2/cicuta_douglasii/4600197873_3.jpg,Cicuta douglasii,usda:CIDO
gbif-inat-toxic-round2:00311281,images/raw/gbif-inat-toxic-round2/cicuta_douglasii/4919672662_3.jpg,Cicuta douglasii,usda:CIDO
gbif-inat:00001556,images/raw/gbif-inat/cicuta_douglasii/5216593409_1.jpg,Cicuta douglasii,usda:CIDO
gbif-inat-toxic-round2:00311352,images/raw/gbif-inat-toxic-round2/cicuta_douglasii/4973798011_1.jpg,Cicuta douglasii,usda:CIDO
gbif-inat-toxic-round2:00311338,images/raw/gbif-inat-toxic-round2/cicuta_douglasii/4937214385_6.jpg,Cicuta douglasii,usda:CIDO
gbif-inat-toxic-round2:00311216,images/raw/gbif-inat-toxic-round2/cicuta_douglasii/5840059487_1.jpg,Cicuta douglasii,usda:CIDO
gbif-inat-toxic-round2:00311139,images/raw/gbif-inat-toxic-round2/cicuta_douglasii/5291916497_4.jpg,Cicuta douglasii,usda:CIDO
gbif-inat-toxic-round2:00311372,images/raw/gbif-inat-toxic-round2/cicuta_douglasii/4945553476_1.jpg,Cicuta douglasii,usda:CIDO
gbif-inat:00001541,images/raw/gbif-inat/cicuta_douglasii/6133304363_1.jpg,Cicuta douglasii,usda:CIDO
gbif-inat-toxic-round2:00311223,images/raw/gbif-inat-toxic-round2/cicuta_douglasii/4597522113_2.jpg,Cicuta douglasii,usda:CIDO
gbif-inat-toxic-round2:00311463,images/raw/gbif-inat-toxic-round2/cicuta_douglasii/4138670844_1.jpg,Cicuta douglasii,usda:CIDO
gbif-inat:00001584,images/raw/gbif-inat/cicuta_douglasii/5230998939_3.jpg,Cicuta douglasii,usda:CIDO
gbif-inat-toxic-round2:00311259,images/raw/gbif-inat-toxic-round2/cicuta_douglasii/4909171292_1.jpg,Cicuta douglasii,usda:CIDO
gbif-inat-toxic-round2:00311185,images/raw/gbif-inat-toxic-round2/cicuta_douglasii/6185525307_2.jpg,Cicuta douglasii,usda:CIDO
gbif-inat:00001536,images/raw/gbif-inat/cicuta_douglasii/5215770016_1.jpg,Cicuta douglasii,usda:CIDO
gbif-inat-toxic-round2:00311440,images/raw/gbif-inat-toxic-round2/cicuta_douglasii/4127380918_2.jpg,Cicuta douglasii,usda:CIDO
gbif-inat-toxic-round2:00311082,images/raw/gbif-inat-toxic-round2/cicuta_douglasii/5231946309_1.jpg,Cicuta douglasii,usda:CIDO
gbif-inat-toxic-round2:00311278,images/raw/gbif-inat-toxic-round2/cicuta_douglasii/4919254850_1.jpg,Cicuta douglasii,usda:CIDO
gbif-inat-toxic-round2:00311357,images/raw/gbif-inat-toxic-round2/cicuta_douglasii/5062827488_2.jpg,Cicuta douglasii,usda:CIDO
gbif-inat:00001533,images/raw/gbif-inat/cicuta_douglasii/5206756802_3.jpg,Cicuta douglasii,usda:CIDO
gbif-inat-toxic-round2:00311084,images/raw/gbif-inat-toxic-round2/cicuta_douglasii/5231946309_3.jpg,Cicuta douglasii,usda:CIDO
gbif-inat-toxic-round2:00311228,images/raw/gbif-inat-toxic-round2/cicuta_douglasii/4863536889_2.jpg,Cicuta douglasii,usda:CIDO
gbif-inat:00001561,images/raw/gbif-inat/cicuta_douglasii/5216693461_3.jpg,Cicuta douglasii,usda:CIDO
gbif-inat-toxic-round2:00311323,images/raw/gbif-inat-toxic-round2/cicuta_douglasii/4926072078_3.jpg,Cicuta douglasii,usda:CIDO
gbif-inat-toxic-round2:00311428,images/raw/gbif-inat-toxic-round2/cicuta_douglasii/4080948756_2.jpg,Cicuta douglasii,usda:CIDO
gbif-inat-toxic-round2:00311301,images/raw/gbif-inat-toxic-round2/cicuta_douglasii/4954492470_2.jpg,Cicuta douglasii,usda:CIDO
gbif-inat-toxic-round2:00311178,images/raw/gbif-inat-toxic-round2/cicuta_douglasii/5932624518_1.jpg,Cicuta douglasii,usda:CIDO
gbif-inat-toxic-round2:00311426,images/raw/gbif-inat-toxic-round2/cicuta_douglasii/4978590665_3.jpg,Cicuta douglasii,usda:CIDO
gbif-inat:00001582,images/raw/gbif-inat/cicuta_douglasii/5230998939_1.jpg,Cicuta douglasii,usda:CIDO
gbif-inat-toxic-round2:00311103,images/raw/gbif-inat-toxic-round2/cicuta_douglasii/5238020707_5.jpg,Cicuta douglasii,usda:CIDO
gbif-inat-toxic-round2:00311214,images/raw/gbif-inat-toxic-round2/cicuta_douglasii/5920056211_3.jpg,Cicuta douglasii,usda:CIDO
gbif-inat-toxic-round2:00311095,images/raw/gbif-inat-toxic-round2/cicuta_douglasii/5237793718_3.jpg,Cicuta douglasii,usda:CIDO
gbif-inat-toxic-round2:00311439,images/raw/gbif-inat-toxic-round2/cicuta_douglasii/4127380918_1.jpg,Cicuta douglasii,usda:CIDO
gbif-inat-toxic-round2:00311137,images/raw/gbif-inat-toxic-round2/cicuta_douglasii/5291916497_2.jpg,Cicuta douglasii,usda:CIDO
gbif-inat-toxic-round2:00311099,images/raw/gbif-inat-toxic-round2/cicuta_douglasii/5238020707_1.jpg,Cicuta douglasii,usda:CIDO
gbif-inat-toxic-round2:00311105,images/raw/gbif-inat-toxic-round2/cicuta_douglasii/5238087874_1.jpg,Cicuta douglasii,usda:CIDO
gbif-inat-toxic-round2:00311351,images/raw/gbif-inat-toxic-round2/cicuta_douglasii/4954517982_4.jpg,Cicuta douglasii,usda:CIDO
gbif-inat-toxic-round2:00311302,images/raw/gbif-inat-toxic-round2/cicuta_douglasii/4954758609_1.jpg,Cicuta douglasii,usda:CIDO
gbif-inat-toxic-round2:00311187,images/raw/gbif-inat-toxic-round2/cicuta_douglasii/6185525307_4.jpg,Cicuta douglasii,usda:CIDO
gbif-inat-toxic-round2:00311262,images/raw/gbif-inat-toxic-round2/cicuta_douglasii/4910662464_1.jpg,Cicuta douglasii,usda:CIDO
gbif-inat:00000085,images/raw/gbif-inat/cicuta_douglasii/5167833876_3.jpg,Cicuta douglasii,usda:CIDO
gbif-inat:00001539,images/raw/gbif-inat/cicuta_douglasii/5217289279_1.jpg,Cicuta douglasii,usda:CIDO
gbif-inat-toxic-round2:00311449,images/raw/gbif-inat-toxic-round2/cicuta_douglasii/4130078808_2.jpg,Cicuta douglasii,usda:CIDO
gbif-inat-toxic-round2:00311117,images/raw/gbif-inat-toxic-round2/cicuta_douglasii/5282433234_1.jpg,Cicuta douglasii,usda:CIDO
gbif-inat-toxic-round2:00311206,images/raw/gbif-inat-toxic-round2/cicuta_douglasii/5892674034_3.jpg,Cicuta douglasii,usda:CIDO
gbif-inat:00001525,images/raw/gbif-inat/cicuta_douglasii/5206273237_1.jpg,Cicuta douglasii,usda:CIDO
gbif-inat:00001570,images/raw/gbif-inat/cicuta_douglasii/5230142257_1.jpg,Cicuta douglasii,usda:CIDO
gbif-inat-toxic-round2:00311145,images/raw/gbif-inat-toxic-round2/cicuta_douglasii/5292596969_3.jpg,Cicuta douglasii,usda:CIDO
gbif-inat-toxic-round2:00311328,images/raw/gbif-inat-toxic-round2/cicuta_douglasii/4926333289_3.jpg,Cicuta douglasii,usda:CIDO
gbif-inat-toxic-round2:00311295,images/raw/gbif-inat-toxic-round2/cicuta_douglasii/4952608293_3.jpg,Cicuta douglasii,usda:CIDO
gbif-inat-toxic-round2:00311100,images/raw/gbif-inat-toxic-round2/cicuta_douglasii/5238020707_2.jpg,Cicuta douglasii,usda:CIDO
gbif-inat-toxic-round2:00311325,images/raw/gbif-inat-toxic-round2/cicuta_douglasii/4926072078_5.jpg,Cicuta douglasii,usda:CIDO
gbif-inat:00001531,images/raw/gbif-inat/cicuta_douglasii/5206756802_1.jpg,Cicuta douglasii,usda:CIDO
gbif-inat:00001558,images/raw/gbif-inat/cicuta_douglasii/5216593409_3.jpg,Cicuta douglasii,usda:CIDO
gbif-inat-toxic-round2:00311093,images/raw/gbif-inat-toxic-round2/cicuta_douglasii/5237793718_1.jpg,Cicuta douglasii,usda:CIDO
gbif-inat-toxic-round2:00311234,images/raw/gbif-inat-toxic-round2/cicuta_douglasii/4902116797_4.jpg,Cicuta douglasii,usda:CIDO
gbif-inat:00001538,images/raw/gbif-inat/cicuta_douglasii/5215770016_3.jpg,Cicuta douglasii,usda:CIDO
gbif-inat:00001522,images/raw/gbif-inat/cicuta_douglasii/5199099505_1.jpg,Cicuta douglasii,usda:CIDO
gbif-inat-toxic-round2:00311239,images/raw/gbif-inat-toxic-round2/cicuta_douglasii/4904218201_1.jpg,Cicuta douglasii,usda:CIDO
gbif-inat-toxic-round2:00311386,images/raw/gbif-inat-toxic-round2/cicuta_douglasii/4952573761_4.jpg,Cicuta douglasii,usda:CIDO
gbif-inat:00001577,images/raw/gbif-inat/cicuta_douglasii/5230622710_1.jpg,Cicuta douglasii,usda:CIDO
gbif-inat-toxic-round2:00311360,images/raw/gbif-inat-toxic-round2/cicuta_douglasii/5062827488_5.jpg,Cicuta douglasii,usda:CIDO
gbif-inat-toxic-round2:00311138,images/raw/gbif-inat-toxic-round2/cicuta_douglasii/5291916497_3.jpg,Cicuta douglasii,usda:CIDO
gbif-inat-toxic-round2:00311343,images/raw/gbif-inat-toxic-round2/cicuta_douglasii/4946048021_2.jpg,Cicuta douglasii,usda:CIDO
gbif-inat:00000084,images/raw/gbif-inat/cicuta_douglasii/5167833876_2.jpg,Cicuta douglasii,usda:CIDO
gbif-inat-toxic-round2:00311458,images/raw/gbif-inat-toxic-round2/cicuta_douglasii/4137577768_2.jpg,Cicuta douglasii,usda:CIDO
gbif-inat:00001547,images/raw/gbif-inat/cicuta_douglasii/6195774028_3.jpg,Cicuta douglasii,usda:CIDO
gbif-inat:00001583,images/raw/gbif-inat/cicuta_douglasii/5230998939_2.jpg,Cicuta douglasii,usda:CIDO
gbif-inat-toxic-round2:00311211,images/raw/gbif-inat-toxic-round2/cicuta_douglasii/5908964533_2.jpg,Cicuta douglasii,usda:CIDO
gbif-inat-toxic-round2:00311195,images/raw/gbif-inat-toxic-round2/cicuta_douglasii/5828557597_2.jpg,Cicuta douglasii,usda:CIDO
gbif-inat-toxic-round2:00311225,images/raw/gbif-inat-toxic-round2/cicuta_douglasii/4600197873_2.jpg,Cicuta douglasii,usda:CIDO
gbif-inat-toxic-round2:00311367,images/raw/gbif-inat-toxic-round2/cicuta_douglasii/4935878831_2.jpg,Cicuta douglasii,usda:CIDO
gbif-inat-toxic-round2:00311104,images/raw/gbif-inat-toxic-round2/cicuta_douglasii/5238020707_6.jpg,Cicuta douglasii,usda:CIDO
gbif-inat-toxic-round2:00311250,images/raw/gbif-inat-toxic-round2/cicuta_douglasii/4908127894_3.jpg,Cicuta douglasii,usda:CIDO
gbif-inat-toxic-round2:00311359,images/raw/gbif-inat-toxic-round2/cicuta_douglasii/5062827488_4.jpg,Cicuta douglasii,usda:CIDO
gbif-inat-toxic-round2:00311279,images/raw/gbif-inat-toxic-round2/cicuta_douglasii/4919672662_1.jpg,Cicuta douglasii,usda:CIDO
gbif-inat:00001581,images/raw/gbif-inat/cicuta_douglasii/5230877891_1.jpg,Cicuta douglasii,usda:CIDO
gbif-inat-toxic-round2:00311147,images/raw/gbif-inat-toxic-round2/cicuta_douglasii/5292668100_1.jpg,Cicuta douglasii,usda:CIDO
gbif-inat-toxic-round2:00311132,images/raw/gbif-inat-toxic-round2/cicuta_douglasii/6130700403_1.jpg,Cicuta douglasii,usda:CIDO
gbif-inat-toxic-round2:00311245,images/raw/gbif-inat-toxic-round2/cicuta_douglasii/4908084412_4.jpg,Cicuta douglasii,usda:CIDO
gbif-inat:00001587,images/raw/gbif-inat/cicuta_douglasii/5231074002_3.jpg,Cicuta douglasii,usda:CIDO
gbif-inat-toxic-round2:00311411,images/raw/gbif-inat-toxic-round2/cicuta_douglasii/4993930146_2.jpg,Cicuta douglasii,usda:CIDO
gbif-inat-toxic-round2:00311164,images/raw/gbif-inat-toxic-round2/cicuta_douglasii/5293322013_3.jpg,Cicuta douglasii,usda:CIDO
gbif-inat-toxic-round2:00311311,images/raw/gbif-inat-toxic-round2/cicuta_douglasii/5215680507_1.jpg,Cicuta douglasii,usda:CIDO
gbif-inat-toxic-round2:00311260,images/raw/gbif-inat-toxic-round2/cicuta_douglasii/4909171292_2.jpg,Cicuta douglasii,usda:CIDO
gbif-inat-toxic-round2:00311256,images/raw/gbif-inat-toxic-round2/cicuta_douglasii/4908887817_1.jpg,Cicuta douglasii,usda:CIDO
gbif-inat-toxic-round2:00311319,images/raw/gbif-inat-toxic-round2/cicuta_douglasii/4924015579_1.jpg,Cicuta douglasii,usda:CIDO
gbif-inat-toxic-round2:00311159,images/raw/gbif-inat-toxic-round2/cicuta_douglasii/5293021512_1.jpg,Cicuta douglasii,usda:CIDO
gbif-inat-toxic-round2:00311474,images/raw/gbif-inat-toxic-round2/cicuta_douglasii/4145817451_1.jpg,Cicuta douglasii,usda:CIDO
gbif-inat-toxic-round2:00311350,images/raw/gbif-inat-toxic-round2/cicuta_douglasii/4954517982_3.jpg,Cicuta douglasii,usda:CIDO
gbif-inat-toxic-round2:00311387,images/raw/gbif-inat-toxic-round2/cicuta_douglasii/4952573761_5.jpg,Cicuta douglasii,usda:CIDO
gbif-inat-toxic-round2:00311432,images/raw/gbif-inat-toxic-round2/cicuta_douglasii/4133738507_3.jpg,Cicuta douglasii,usda:CIDO
gbif-inat-toxic-round2:00311450,images/raw/gbif-inat-toxic-round2/cicuta_douglasii/4130078808_3.jpg,Cicuta douglasii,usda:CIDO
gbif-inat-toxic-round2:00311414,images/raw/gbif-inat-toxic-round2/cicuta_douglasii/5844230805_2.jpg,Cicuta douglasii,usda:CIDO
gbif-inat-toxic-round2:00311128,images/raw/gbif-inat-toxic-round2/cicuta_douglasii/6129956406_1.jpg,Cicuta douglasii,usda:CIDO
gbif-inat:00000061,images/raw/gbif-inat/cicuta_douglasii/5938173330_1.jpg,Cicuta douglasii,usda:CIDO
gbif-inat-toxic-round2:00311437,images/raw/gbif-inat-toxic-round2/cicuta_douglasii/4126765278_1.jpg,Cicuta douglasii,usda:CIDO
gbif-inat:00001524,images/raw/gbif-inat/cicuta_douglasii/5205883758_1.jpg,Cicuta douglasii,usda:CIDO
gbif-inat-toxic-round2:00311396,images/raw/gbif-inat-toxic-round2/cicuta_douglasii/4973838502_8.jpg,Cicuta douglasii,usda:CIDO
gbif-inat-toxic-round2:00311448,images/raw/gbif-inat-toxic-round2/cicuta_douglasii/4130078808_1.jpg,Cicuta douglasii,usda:CIDO
gbif-inat-toxic-round2:00311261,images/raw/gbif-inat-toxic-round2/cicuta_douglasii/4909171292_3.jpg,Cicuta douglasii,usda:CIDO
gbif-inat-toxic-round2:00311219,images/raw/gbif-inat-toxic-round2/cicuta_douglasii/4510145135_1.jpg,Cicuta douglasii,usda:CIDO
gbif-inat-toxic-round2:00311120,images/raw/gbif-inat-toxic-round2/cicuta_douglasii/5282433234_4.jpg,Cicuta douglasii,usda:CIDO
gbif-inat-toxic-round2:00311151,images/raw/gbif-inat-toxic-round2/cicuta_douglasii/5292668100_5.jpg,Cicuta douglasii,usda:CIDO
gbif-inat:00001589,images/raw/gbif-inat/cicuta_douglasii/5231398410_1.jpg,Cicuta douglasii,usda:CIDO
gbif-inat-toxic-round2:00311165,images/raw/gbif-inat-toxic-round2/cicuta_douglasii/5759759396_1.jpg,Cicuta douglasii,usda:CIDO
gbif-inat:00001530,images/raw/gbif-inat/cicuta_douglasii/5206743422_3.jpg,Cicuta douglasii,usda:CIDO
gbif-inat:00001535,images/raw/gbif-inat/cicuta_douglasii/5206756802_5.jpg,Cicuta douglasii,usda:CIDO
gbif-inat-toxic-round2:00311163,images/raw/gbif-inat-toxic-round2/cicuta_douglasii/5293322013_2.jpg,Cicuta douglasii,usda:CIDO
gbif-inat-toxic-round2:00311213,images/raw/gbif-inat-toxic-round2/cicuta_douglasii/5920056211_2.jpg,Cicuta douglasii,usda:CIDO
gbif-inat-toxic-round2:00311330,images/raw/gbif-inat-toxic-round2/cicuta_douglasii/4936936314_2.jpg,Cicuta douglasii,usda:CIDO
gbif-inat:00001546,images/raw/gbif-inat/cicuta_douglasii/6195774028_2.jpg,Cicuta douglasii,usda:CIDO
gbif-inat:00001574,images/raw/gbif-inat/cicuta_douglasii/5230323901_2.jpg,Cicuta douglasii,usda:CIDO
gbif-inat-toxic-round2:00311126,images/raw/gbif-inat-toxic-round2/cicuta_douglasii/5932539834_2.jpg,Cicuta douglasii,usda:CIDO
gbif-inat:00000067,images/raw/gbif-inat/cicuta_douglasii/6178778948_3.jpg,Cicuta douglasii,usda:CIDO
gbif-inat-toxic-round2:00311235,images/raw/gbif-inat-toxic-round2/cicuta_douglasii/4902116797_5.jpg,Cicuta douglasii,usda:CIDO
gbif-inat-toxic-round2:00311140,images/raw/gbif-inat-toxic-round2/cicuta_douglasii/5291916497_5.jpg,Cicuta douglasii,usda:CIDO
gbif-inat-toxic-round2:00311098,images/raw/gbif-inat-toxic-round2/cicuta_douglasii/5237989208_1.jpg,Cicuta douglasii,usda:CIDO
gbif-inat-toxic-round2:00311398,images/raw/gbif-inat-toxic-round2/cicuta_douglasii/4973838502_10.jpg,Cicuta douglasii,usda:CIDO
gbif-inat-toxic-round2:00311452,images/raw/gbif-inat-toxic-round2/cicuta_douglasii/4133638053_2.jpg,Cicuta douglasii,usda:CIDO
gbif-inat-toxic-round2:00311445,images/raw/gbif-inat-toxic-round2/cicuta_douglasii/4516163166_1.jpg,Cicuta douglasii,usda:CIDO
gbif-inat:00001548,images/raw/gbif-inat/cicuta_douglasii/6195774028_4.jpg,Cicuta douglasii,usda:CIDO
gbif-inat-toxic-round2:00311371,images/raw/gbif-inat-toxic-round2/cicuta_douglasii/4945494947_4.jpg,Cicuta douglasii,usda:CIDO
gbif-inat-toxic-round2:00311401,images/raw/gbif-inat-toxic-round2/cicuta_douglasii/4980328277_2.jpg,Cicuta douglasii,usda:CIDO
gbif-inat-toxic-round2:00311192,images/raw/gbif-inat-toxic-round2/cicuta_douglasii/5827627504_2.jpg,Cicuta douglasii,usda:CIDO
gbif-inat:00001568,images/raw/gbif-inat/cicuta_douglasii/5216828269_4.jpg,Cicuta douglasii,usda:CIDO
gbif-inat:00001571,images/raw/gbif-inat/cicuta_douglasii/5230142257_2.jpg,Cicuta douglasii,usda:CIDO
gbif-inat-toxic-round2:00311369,images/raw/gbif-inat-toxic-round2/cicuta_douglasii/4945494947_2.jpg,Cicuta douglasii,usda:CIDO
gbif-inat-toxic-round2:00311460,images/raw/gbif-inat-toxic-round2/cicuta_douglasii/4138059667_2.jpg,Cicuta douglasii,usda:CIDO
gbif-inat-toxic-round2:00311238,images/raw/gbif-inat-toxic-round2/cicuta_douglasii/4903939773_1.jpg,Cicuta douglasii,usda:CIDO
gbif-inat-toxic-round2:00311309,images/raw/gbif-inat-toxic-round2/cicuta_douglasii/5037085354_3.jpg,Cicuta douglasii,usda:CIDO
gbif-inat-toxic-round2:00311222,images/raw/gbif-inat-toxic-round2/cicuta_douglasii/4597522113_1.jpg,Cicuta douglasii,usda:CIDO
gbif-inat-toxic-round2:00311300,images/raw/gbif-inat-toxic-round2/cicuta_douglasii/4954492470_1.jpg,Cicuta douglasii,usda:CIDO
gbif-inat-toxic-round2:00311127,images/raw/gbif-inat-toxic-round2/cicuta_douglasii/5932539834_3.jpg,Cicuta douglasii,usda:CIDO
gbif-inat-toxic-round2:00311374,images/raw/gbif-inat-toxic-round2/cicuta_douglasii/4952395744_1.jpg,Cicuta douglasii,usda:CIDO
gbif-inat-toxic-round2:00311334,images/raw/gbif-inat-toxic-round2/cicuta_douglasii/4937214385_2.jpg,Cicuta douglasii,usda:CIDO
gbif-inat:00000069,images/raw/gbif-inat/cicuta_douglasii/6234243629_1.jpg,Cicuta douglasii,usda:CIDO
gbif-inat:00001588,images/raw/gbif-inat/cicuta_douglasii/5231074002_4.jpg,Cicuta douglasii,usda:CIDO
gbif-inat-toxic-round2:00311332,images/raw/gbif-inat-toxic-round2/cicuta_douglasii/4936936314_4.jpg,Cicuta douglasii,usda:CIDO
gbif-inat:00001563,images/raw/gbif-inat/cicuta_douglasii/5216693461_5.jpg,Cicuta douglasii,usda:CIDO
gbif-inat-toxic-round2:00311292,images/raw/gbif-inat-toxic-round2/cicuta_douglasii/4935685671_2.jpg,Cicuta douglasii,usda:CIDO
gbif-inat-toxic-round2:00311141,images/raw/gbif-inat-toxic-round2/cicuta_douglasii/5291916497_6.jpg,Cicuta douglasii,usda:CIDO
gbif-inat-toxic-round2:00311405,images/raw/gbif-inat-toxic-round2/cicuta_douglasii/4980328277_6.jpg,Cicuta douglasii,usda:CIDO
gbif-inat-toxic-round2:00311173,images/raw/gbif-inat-toxic-round2/cicuta_douglasii/5897152247_2.jpg,Cicuta douglasii,usda:CIDO
gbif-inat-toxic-round2:00311307,images/raw/gbif-inat-toxic-round2/cicuta_douglasii/5037085354_1.jpg,Cicuta douglasii,usda:CIDO
gbif-inat-toxic-round2:00311417,images/raw/gbif-inat-toxic-round2/cicuta_douglasii/4954516636_3.jpg,Cicuta douglasii,usda:CIDO
gbif-inat:00001532,images/raw/gbif-inat/cicuta_douglasii/5206756802_2.jpg,Cicuta douglasii,usda:CIDO
gbif-inat:00000076,images/raw/gbif-inat/cicuta_douglasii/6320765863_4.jpg,Cicuta douglasii,usda:CIDO
gbif-inat-toxic-round2:00311293,images/raw/gbif-inat-toxic-round2/cicuta_douglasii/4952608293_1.jpg,Cicuta douglasii,usda:CIDO
gbif-inat-toxic-round2:00311131,images/raw/gbif-inat-toxic-round2/cicuta_douglasii/6129956406_4.jpg,Cicuta douglasii,usda:CIDO
gbif-inat-toxic-round2:00311243,images/raw/gbif-inat-toxic-round2/cicuta_douglasii/4908084412_2.jpg,Cicuta douglasii,usda:CIDO
gbif-inat-toxic-round2:00311465,images/raw/gbif-inat-toxic-round2/cicuta_douglasii/4138670844_3.jpg,Cicuta douglasii,usda:CIDO
gbif-inat-toxic-round2:00311467,images/raw/gbif-inat-toxic-round2/cicuta_douglasii/4145374095_1.jpg,Cicuta douglasii,usda:CIDO
gbif-inat:00001523,images/raw/gbif-inat/cicuta_douglasii/5199099505_2.jpg,Cicuta douglasii,usda:CIDO
gbif-inat-toxic-round2:00311308,images/raw/gbif-inat-toxic-round2/cicuta_douglasii/5037085354_2.jpg,Cicuta douglasii,usda:CIDO
gbif-inat:00001575,images/raw/gbif-inat/cicuta_douglasii/5230323901_3.jpg,Cicuta douglasii,usda:CIDO
gbif-inat:00001543,images/raw/gbif-inat/cicuta_douglasii/6133304363_3.jpg,Cicuta douglasii,usda:CIDO
gbif-inat-toxic-round2:00311410,images/raw/gbif-inat-toxic-round2/cicuta_douglasii/4993930146_1.jpg,Cicuta douglasii,usda:CIDO
gbif-inat-toxic-round2:00311366,images/raw/gbif-inat-toxic-round2/cicuta_douglasii/4935878831_1.jpg,Cicuta douglasii,usda:CIDO
gbif-inat-toxic-round2:00311388,images/raw/gbif-inat-toxic-round2/cicuta_douglasii/4952573761_6.jpg,Cicuta douglasii,usda:CIDO
gbif-inat-toxic-round2:00311335,images/raw/gbif-inat-toxic-round2/cicuta_douglasii/4937214385_3.jpg,Cicuta douglasii,usda:CIDO
gbif-inat-toxic-round2:00311341,images/raw/gbif-inat-toxic-round2/cicuta_douglasii/4937236578_1.jpg,Cicuta douglasii,usda:CIDO
gbif-inat-toxic-round2:00311353,images/raw/gbif-inat-toxic-round2/cicuta_douglasii/4973798011_2.jpg,Cicuta douglasii,usda:CIDO
gbif-inat-toxic-round2:00311420,images/raw/gbif-inat-toxic-round2/cicuta_douglasii/4978147649_1.jpg,Cicuta douglasii,usda:CIDO
gbif-inat-toxic-round2:00311240,images/raw/gbif-inat-toxic-round2/cicuta_douglasii/4904218201_2.jpg,Cicuta douglasii,usda:CIDO
gbif-inat-toxic-round2:00311170,images/raw/gbif-inat-toxic-round2/cicuta_douglasii/5760417894_2.jpg,Cicuta douglasii,usda:CIDO
gbif-inat-toxic-round2:00311442,images/raw/gbif-inat-toxic-round2/cicuta_douglasii/4442545727_2.jpg,Cicuta douglasii,usda:CIDO
gbif-inat-toxic-round2:00311078,images/raw/gbif-inat-toxic-round2/cicuta_douglasii/5231477741_2.jpg,Cicuta douglasii,usda:CIDO
gbif-inat-toxic-round2:00311368,images/raw/gbif-inat-toxic-round2/cicuta_douglasii/4945494947_1.jpg,Cicuta douglasii,usda:CIDO
gbif-inat-toxic-round2:00311473,images/raw/gbif-inat-toxic-round2/cicuta_douglasii/4145414217_4.jpg,Cicuta douglasii,usda:CIDO
gbif-inat-toxic-round2:00311327,images/raw/gbif-inat-toxic-round2/cicuta_douglasii/4926333289_2.jpg,Cicuta douglasii,usda:CIDO
gbif-inat:00001542,images/raw/gbif-inat/cicuta_douglasii/6133304363_2.jpg,Cicuta douglasii,usda:CIDO
gbif-inat:00000079,images/raw/gbif-inat/cicuta_douglasii/5087480004_1.jpg,Cicuta douglasii,usda:CIDO
gbif-inat-toxic-round2:00311340,images/raw/gbif-inat-toxic-round2/cicuta_douglasii/4937214385_8.jpg,Cicuta douglasii,usda:CIDO
gbif-inat-toxic-round2:00311276,images/raw/gbif-inat-toxic-round2/cicuta_douglasii/4911013461_1.jpg,Cicuta douglasii,usda:CIDO
gbif-inat-toxic-round2:00311175,images/raw/gbif-inat-toxic-round2/cicuta_douglasii/5932206774_2.jpg,Cicuta douglasii,usda:CIDO
gbif-inat-toxic-round2:00311427,images/raw/gbif-inat-toxic-round2/cicuta_douglasii/4080948756_1.jpg,Cicuta douglasii,usda:CIDO
gbif-inat:00001559,images/raw/gbif-inat/cicuta_douglasii/5216693461_1.jpg,Cicuta douglasii,usda:CIDO
gbif-inat:00001527,images/raw/gbif-inat/cicuta_douglasii/5206617215_1.jpg,Cicuta douglasii,usda:CIDO
gbif-inat-toxic-round2:00311272,images/raw/gbif-inat-toxic-round2/cicuta_douglasii/4910907110_1.jpg,Cicuta douglasii,usda:CIDO
gbif-inat-toxic-round2:00311436,images/raw/gbif-inat-toxic-round2/cicuta_douglasii/4855313564_3.jpg,Cicuta douglasii,usda:CIDO
gbif-inat-toxic-round2:00311456,images/raw/gbif-inat-toxic-round2/cicuta_douglasii/4133775972_3.jpg,Cicuta douglasii,usda:CIDO
gbif-inat-toxic-round2:00311317,images/raw/gbif-inat-toxic-round2/cicuta_douglasii/5938362147_3.jpg,Cicuta douglasii,usda:CIDO
gbif-inat-toxic-round2:00311174,images/raw/gbif-inat-toxic-round2/cicuta_douglasii/5932206774_1.jpg,Cicuta douglasii,usda:CIDO
gbif-inat:00001578,images/raw/gbif-inat/cicuta_douglasii/5230622710_2.jpg,Cicuta douglasii,usda:CIDO
gbif-inat-toxic-round2:00311348,images/raw/gbif-inat-toxic-round2/cicuta_douglasii/4954517982_1.jpg,Cicuta douglasii,usda:CIDO
gbif-inat-toxic-round2:00311313,images/raw/gbif-inat-toxic-round2/cicuta_douglasii/5230288499_2.jpg,Cicuta douglasii,usda:CIDO
gbif-inat:00001586,images/raw/gbif-inat/cicuta_douglasii/5231074002_2.jpg,Cicuta douglasii,usda:CIDO
gbif-inat:00001555,images/raw/gbif-inat/cicuta_douglasii/5216480561_1.jpg,Cicuta douglasii,usda:CIDO
gbif-inat-toxic-round2:00311434,images/raw/gbif-inat-toxic-round2/cicuta_douglasii/4855313564_1.jpg,Cicuta douglasii,usda:CIDO
gbif-inat-toxic-round2:00311471,images/raw/gbif-inat-toxic-round2/cicuta_douglasii/4145414217_2.jpg,Cicuta douglasii,usda:CIDO
gbif-inat-toxic-round2:00311108,images/raw/gbif-inat-toxic-round2/cicuta_douglasii/5238440400_2.jpg,Cicuta douglasii,usda:CIDO
gbif-inat-toxic-round2:00311378,images/raw/gbif-inat-toxic-round2/cicuta_douglasii/4952395744_5.jpg,Cicuta douglasii,usda:CIDO
gbif-inat-toxic-round2:00311406,images/raw/gbif-inat-toxic-round2/cicuta_douglasii/4980328277_7.jpg,Cicuta douglasii,usda:CIDO
gbif-inat-toxic-round2:00311199,images/raw/gbif-inat-toxic-round2/cicuta_douglasii/5830648608_1.jpg,Cicuta douglasii,usda:CIDO
gbif-inat-toxic-round2:00311237,images/raw/gbif-inat-toxic-round2/cicuta_douglasii/4902116797_7.jpg,Cicuta douglasii,usda:CIDO
gbif-inat:00001545,images/raw/gbif-inat/cicuta_douglasii/6195774028_1.jpg,Cicuta douglasii,usda:CIDO
gbif-inat-toxic-round2:00311451,images/raw/gbif-inat-toxic-round2/cicuta_douglasii/4133638053_1.jpg,Cicuta douglasii,usda:CIDO
gbif-inat-toxic-round2:00311415,images/raw/gbif-inat-toxic-round2/cicuta_douglasii/4954516636_1.jpg,Cicuta douglasii,usda:CIDO
gbif-inat-toxic-round2:00311096,images/raw/gbif-inat-toxic-round2/cicuta_douglasii/5237793718_4.jpg,Cicuta douglasii,usda:CIDO
gbif-inat-toxic-round2:00311466,images/raw/gbif-inat-toxic-round2/cicuta_douglasii/4138670844_4.jpg,Cicuta douglasii,usda:CIDO
gbif-inat:00000081,images/raw/gbif-inat/cicuta_douglasii/5104340724_1.jpg,Cicuta douglasii,usda:CIDO
gbif-inat:00001565,images/raw/gbif-inat/cicuta_douglasii/5216828269_1.jpg,Cicuta douglasii,usda:CIDO
gbif-inat-toxic-round2:00311435,images/raw/gbif-inat-toxic-round2/cicuta_douglasii/4855313564_2.jpg,Cicuta douglasii,usda:CIDO
gbif-inat-toxic-round2:00311425,images/raw/gbif-inat-toxic-round2/cicuta_douglasii/4978590665_2.jpg,Cicuta douglasii,usda:CIDO
gbif-inat-toxic-round2:00311079,images/raw/gbif-inat-toxic-round2/cicuta_douglasii/5231655165_1.jpg,Cicuta douglasii,usda:CIDO
gbif-inat-toxic-round2:00311229,images/raw/gbif-inat-toxic-round2/cicuta_douglasii/4901177945_1.jpg,Cicuta douglasii,usda:CIDO
gbif-inat-toxic-round2:00311470,images/raw/gbif-inat-toxic-round2/cicuta_douglasii/4145414217_1.jpg,Cicuta douglasii,usda:CIDO
gbif-inat:00001537,images/raw/gbif-inat/cicuta_douglasii/5215770016_2.jpg,Cicuta douglasii,usda:CIDO
gbif-inat:00001544,images/raw/gbif-inat/cicuta_douglasii/6133304363_4.jpg,Cicuta douglasii,usda:CIDO
gbif-inat:00000063,images/raw/gbif-inat/cicuta_douglasii/5938173330_3.jpg,Cicuta douglasii,usda:CIDO
gbif-inat-toxic-round2:00311221,images/raw/gbif-inat-toxic-round2/cicuta_douglasii/4908646962_1.jpg,Cicuta douglasii,usda:CIDO
gbif-inat-toxic-round2:00311088,images/raw/gbif-inat-toxic-round2/cicuta_douglasii/5231946309_7.jpg,Cicuta douglasii,usda:CIDO
gbif-inat-toxic-round2:00311198,images/raw/gbif-inat-toxic-round2/cicuta_douglasii/5830368681_3.jpg,Cicuta douglasii,usda:CIDO
gbif-inat-toxic-round2:00311423,images/raw/gbif-inat-toxic-round2/cicuta_douglasii/4978147649_4.jpg,Cicuta douglasii,usda:CIDO
gbif-inat-toxic-round2:00311121,images/raw/gbif-inat-toxic-round2/cicuta_douglasii/5282433234_5.jpg,Cicuta douglasii,usda:CIDO
gbif-inat-toxic-round2:00311191,images/raw/gbif-inat-toxic-round2/cicuta_douglasii/5827627504_1.jpg,Cicuta douglasii,usda:CIDO
gbif-inat-toxic-round2:00311129,images/raw/gbif-inat-toxic-round2/cicuta_douglasii/6129956406_2.jpg,Cicuta douglasii,usda:CIDO
gbif-inat-toxic-round2:00311286,images/raw/gbif-inat-toxic-round2/cicuta_douglasii/4921974995_2.jpg,Cicuta douglasii,usda:CIDO
gbif-inat-toxic-round2:00311306,images/raw/gbif-inat-toxic-round2/cicuta_douglasii/5036678833_3.jpg,Cicuta douglasii,usda:CIDO
gbif-inat-toxic-round2:00311265,images/raw/gbif-inat-toxic-round2/cicuta_douglasii/4910672189_1.jpg,Cicuta douglasii,usda:CIDO
gbif-inat-toxic-round2:00311134,images/raw/gbif-inat-toxic-round2/cicuta_douglasii/5282040355_1.jpg,Cicuta douglasii,usda:CIDO
gbif-inat:00000071,images/raw/gbif-inat/cicuta_douglasii/6252622195_2.jpg,Cicuta douglasii,usda:CIDO
gbif-inat-toxic-round2:00311454,images/raw/gbif-inat-toxic-round2/cicuta_douglasii/4133775972_1.jpg,Cicuta douglasii,usda:CIDO
gbif-inat-toxic-round2:00311113,images/raw/gbif-inat-toxic-round2/cicuta_douglasii/5282081099_3.jpg,Cicuta douglasii,usda:CIDO
gbif-inat-toxic-round2:00311365,images/raw/gbif-inat-toxic-round2/cicuta_douglasii/5139962263_2.jpg,Cicuta douglasii,usda:CIDO
gbif-inat-toxic-round2:00311397,images/raw/gbif-inat-toxic-round2/cicuta_douglasii/4973838502_9.jpg,Cicuta douglasii,usda:CIDO
gbif-inat:00000082,images/raw/gbif-inat/cicuta_douglasii/5104340724_2.jpg,Cicuta douglasii,usda:CIDO
gbif-inat-toxic-round2:00311424,images/raw/gbif-inat-toxic-round2/cicuta_douglasii/4978590665_1.jpg,Cicuta douglasii,usda:CIDO
gbif-inat-toxic-round2:00311403,images/raw/gbif-inat-toxic-round2/cicuta_douglasii/4980328277_4.jpg,Cicuta douglasii,usda:CIDO
gbif-inat-toxic-round2:00311112,images/raw/gbif-inat-toxic-round2/cicuta_douglasii/5282081099_2.jpg,Cicuta douglasii,usda:CIDO
gbif-inat-toxic-round2:00311148,images/raw/gbif-inat-toxic-round2/cicuta_douglasii/5292668100_2.jpg,Cicuta douglasii,usda:CIDO
gbif-inat-toxic-round2:00311130,images/raw/gbif-inat-toxic-round2/cicuta_douglasii/6129956406_3.jpg,Cicuta douglasii,usda:CIDO
gbif-inat-toxic-round2:00311176,images/raw/gbif-inat-toxic-round2/cicuta_douglasii/5932206774_3.jpg,Cicuta douglasii,usda:CIDO
gbif-inat:00000077,images/raw/gbif-inat/cicuta_douglasii/5064001959_1.jpg,Cicuta douglasii,usda:CIDO
gbif-inat-toxic-round2:00311224,images/raw/gbif-inat-toxic-round2/cicuta_douglasii/4600197873_1.jpg,Cicuta douglasii,usda:CIDO
gbif-inat-toxic-round2:00311290,images/raw/gbif-inat-toxic-round2/cicuta_douglasii/4926097570_3.jpg,Cicuta douglasii,usda:CIDO
gbif-inat-toxic-round2:00311249,images/raw/gbif-inat-toxic-round2/cicuta_douglasii/4908127894_2.jpg,Cicuta douglasii,usda:CIDO
gbif-inat-toxic-round2:00311188,images/raw/gbif-inat-toxic-round2/cicuta_douglasii/6185525307_5.jpg,Cicuta douglasii,usda:CIDO
gbif-inat-toxic-round2:00311266,images/raw/gbif-inat-toxic-round2/cicuta_douglasii/4910672189_2.jpg,Cicuta douglasii,usda:CIDO
gbif-inat-toxic-round2:00311254,images/raw/gbif-inat-toxic-round2/cicuta_douglasii/4908604003_4.jpg,Cicuta douglasii,usda:CIDO
gbif-inat-toxic-round2:00311204,images/raw/gbif-inat-toxic-round2/cicuta_douglasii/5892674034_1.jpg,Cicuta douglasii,usda:CIDO
gbif-inat:00000070,images/raw/gbif-inat/cicuta_douglasii/6252622195_1.jpg,Cicuta douglasii,usda:CIDO
gbif-inat:00000064,images/raw/gbif-inat/cicuta_douglasii/5938173330_4.jpg,Cicuta douglasii,usda:CIDO
gbif-inat-toxic-round2:00311314,images/raw/gbif-inat-toxic-round2/cicuta_douglasii/5230288499_3.jpg,Cicuta douglasii,usda:CIDO
gbif-inat:00001557,images/raw/gbif-inat/cicuta_douglasii/5216593409_2.jpg,Cicuta douglasii,usda:CIDO
gbif-inat-toxic-round2:00311135,images/raw/gbif-inat-toxic-round2/cicuta_douglasii/5291833286_1.jpg,Cicuta douglasii,usda:CIDO
gbif-inat-toxic-round2:00311305,images/raw/gbif-inat-toxic-round2/cicuta_douglasii/5036678833_2.jpg,Cicuta douglasii,usda:CIDO
gbif-inat-toxic-round2:00311232,images/raw/gbif-inat-toxic-round2/cicuta_douglasii/4902116797_2.jpg,Cicuta douglasii,usda:CIDO
gbif-inat:00000068,images/raw/gbif-inat/cicuta_douglasii/6178778948_4.jpg,Cicuta douglasii,usda:CIDO
gbif-inat-toxic-round2:00311230,images/raw/gbif-inat-toxic-round2/cicuta_douglasii/4901971334_1.jpg,Cicuta douglasii,usda:CIDO
gbif-inat-toxic-round2:00311193,images/raw/gbif-inat-toxic-round2/cicuta_douglasii/5827627504_3.jpg,Cicuta douglasii,usda:CIDO
gbif-inat-toxic-round2:00311205,images/raw/gbif-inat-toxic-round2/cicuta_douglasii/5892674034_2.jpg,Cicuta douglasii,usda:CIDO
gbif-inat-toxic-round2:00311080,images/raw/gbif-inat-toxic-round2/cicuta_douglasii/5231655165_2.jpg,Cicuta douglasii,usda:CIDO
gbif-inat-toxic-round2:00311149,images/raw/gbif-inat-toxic-round2/cicuta_douglasii/5292668100_3.jpg,Cicuta douglasii,usda:CIDO
gbif-inat:00000072,images/raw/gbif-inat/cicuta_douglasii/6320418463_1.jpg,Cicuta douglasii,usda:CIDO
gbif-inat-toxic-round2:00311253,images/raw/gbif-inat-toxic-round2/cicuta_douglasii/4908604003_3.jpg,Cicuta douglasii,usda:CIDO
gbif-inat-toxic-round2:00311251,images/raw/gbif-inat-toxic-round2/cicuta_douglasii/4908604003_1.jpg,Cicuta douglasii,usda:CIDO
gbif-inat:00000073,images/raw/gbif-inat/cicuta_douglasii/6320765863_1.jpg,Cicuta douglasii,usda:CIDO
gbif-inat-toxic-round2:00311389,images/raw/gbif-inat-toxic-round2/cicuta_douglasii/4973838502_1.jpg,Cicuta douglasii,usda:CIDO
gbif-inat-toxic-round2:00311157,images/raw/gbif-inat-toxic-round2/cicuta_douglasii/5292989172_5.jpg,Cicuta douglasii,usda:CIDO
gbif-inat-toxic-round2:00311123,images/raw/gbif-inat-toxic-round2/cicuta_douglasii/5293200130_1.jpg,Cicuta douglasii,usda:CIDO
gbif-inat-toxic-round2:00311331,images/raw/gbif-inat-toxic-round2/cicuta_douglasii/4936936314_3.jpg,Cicuta douglasii,usda:CIDO
gbif-inat:00000062,images/raw/gbif-inat/cicuta_douglasii/5938173330_2.jpg,Cicuta douglasii,usda:CIDO
gbif-inat-toxic-round2:00311472,images/raw/gbif-inat-toxic-round2/cicuta_douglasii/4145414217_3.jpg,Cicuta douglasii,usda:CIDO
gbif-inat-toxic-round2:00311345,images/raw/gbif-inat-toxic-round2/cicuta_douglasii/4946048021_4.jpg,Cicuta douglasii,usda:CIDO
gbif-inat-toxic-round2:00311339,images/raw/gbif-inat-toxic-round2/cicuta_douglasii/4937214385_7.jpg,Cicuta douglasii,usda:CIDO
gbif-inat:00001572,images/raw/gbif-inat/cicuta_douglasii/5230142257_3.jpg,Cicuta douglasii,usda:CIDO
gbif-inat-toxic-round2:00311092,images/raw/gbif-inat-toxic-round2/cicuta_douglasii/5237527217_1.jpg,Cicuta douglasii,usda:CIDO
gbif-inat-toxic-round2:00311101,images/raw/gbif-inat-toxic-round2/cicuta_douglasii/5238020707_3.jpg,Cicuta douglasii,usda:CIDO
gbif-inat-toxic-round2:00311430,images/raw/gbif-inat-toxic-round2/cicuta_douglasii/4133738507_1.jpg,Cicuta douglasii,usda:CIDO
gbif-inat-toxic-round2:00311392,images/raw/gbif-inat-toxic-round2/cicuta_douglasii/4973838502_4.jpg,Cicuta douglasii,usda:CIDO
gbif-inat-toxic-round2:00311280,images/raw/gbif-inat-toxic-round2/cicuta_douglasii/4919672662_2.jpg,Cicuta douglasii,usda:CIDO
gbif-inat-toxic-round2:00311294,images/raw/gbif-inat-toxic-round2/cicuta_douglasii/4952608293_2.jpg,Cicuta douglasii,usda:CIDO
gbif-inat-toxic-round2:00311182,images/raw/gbif-inat-toxic-round2/cicuta_douglasii/5936197458_3.jpg,Cicuta douglasii,usda:CIDO
gbif-inat-toxic-round2:00311412,images/raw/gbif-inat-toxic-round2/cicuta_douglasii/4993930146_3.jpg,Cicuta douglasii,usda:CIDO
gbif-inat-toxic-round2:00311321,images/raw/gbif-inat-toxic-round2/cicuta_douglasii/4926072078_1.jpg,Cicuta douglasii,usda:CIDO
gbif-inat-toxic-round2:00311106,images/raw/gbif-inat-toxic-round2/cicuta_douglasii/5238087874_2.jpg,Cicuta douglasii,usda:CIDO
gbif-inat-toxic-round2:00311258,images/raw/gbif-inat-toxic-round2/cicuta_douglasii/4908938327_2.jpg,Cicuta douglasii,usda:CIDO
gbif-inat-toxic-round2:00311257,images/raw/gbif-inat-toxic-round2/cicuta_douglasii/4908938327_1.jpg,Cicuta douglasii,usda:CIDO
gbif-inat-toxic-round2:00311303,images/raw/gbif-inat-toxic-round2/cicuta_douglasii/4982103606_1.jpg,Cicuta douglasii,usda:CIDO
gbif-inat-toxic-round2:00311469,images/raw/gbif-inat-toxic-round2/cicuta_douglasii/4145374095_3.jpg,Cicuta douglasii,usda:CIDO
gbif-inat:00001573,images/raw/gbif-inat/cicuta_douglasii/5230323901_1.jpg,Cicuta douglasii,usda:CIDO
gbif-inat:00001496,images/raw/gbif-inat/cicuta_maculata/6251579109_1.jpg,Cicuta maculata,usda:CIMA2
gbif-inat-toxic-round2:00311012,images/raw/gbif-inat-toxic-round2/cicuta_maculata/5167955833_1.jpg,Cicuta maculata,usda:CIMA2
gbif-inat:00000038,images/raw/gbif-inat/cicuta_maculata/6131617085_3.jpg,Cicuta maculata,usda:CIMA2
gbif-inat:00001510,images/raw/gbif-inat/cicuta_maculata/6252378745_2.jpg,Cicuta maculata,usda:CIMA2
gbif-inat:00001464,images/raw/gbif-inat/cicuta_maculata/6195729707_5.jpg,Cicuta maculata,usda:CIMA2
gbif-inat-toxic-round2:00310944,images/raw/gbif-inat-toxic-round2/cicuta_maculata/5166904281_1.jpg,Cicuta maculata,usda:CIMA2
gbif-inat-toxic-round2:00310956,images/raw/gbif-inat-toxic-round2/cicuta_maculata/5167126114_2.jpg,Cicuta maculata,usda:CIMA2
gbif-inat:00001462,images/raw/gbif-inat/cicuta_maculata/6195729707_3.jpg,Cicuta maculata,usda:CIMA2
gbif-inat-toxic-round2:00310783,images/raw/gbif-inat-toxic-round2/cicuta_maculata/5140293758_1.jpg,Cicuta maculata,usda:CIMA2
gbif-inat-toxic-round2:00310689,images/raw/gbif-inat-toxic-round2/cicuta_maculata/6273478774_1.jpg,Cicuta maculata,usda:CIMA2
gbif-inat:00000048,images/raw/gbif-inat/cicuta_maculata/6179412918_2.jpg,Cicuta maculata,usda:CIMA2
gbif-inat-toxic-round2:00310754,images/raw/gbif-inat-toxic-round2/cicuta_maculata/5760909342_1.jpg,Cicuta maculata,usda:CIMA2
gbif-inat-toxic-round2:00310930,images/raw/gbif-inat-toxic-round2/cicuta_maculata/5166866704_2.jpg,Cicuta maculata,usda:CIMA2
gbif-inat-toxic-round2:00310878,images/raw/gbif-inat-toxic-round2/cicuta_maculata/5153215372_2.jpg,Cicuta maculata,usda:CIMA2
gbif-inat-toxic-round2:00311043,images/raw/gbif-inat-toxic-round2/cicuta_maculata/5168383843_3.jpg,Cicuta maculata,usda:CIMA2
gbif-inat-toxic-round2:00310926,images/raw/gbif-inat-toxic-round2/cicuta_maculata/5166835276_1.jpg,Cicuta maculata,usda:CIMA2
gbif-inat-toxic-round2:00310866,images/raw/gbif-inat-toxic-round2/cicuta_maculata/5827759244_1.jpg,Cicuta maculata,usda:CIMA2
gbif-inat-toxic-round2:00310772,images/raw/gbif-inat-toxic-round2/cicuta_maculata/5134493101_2.jpg,Cicuta maculata,usda:CIMA2
gbif-inat-toxic-round2:00310972,images/raw/gbif-inat-toxic-round2/cicuta_maculata/5167233587_3.jpg,Cicuta maculata,usda:CIMA2
gbif-inat-toxic-round2:00310887,images/raw/gbif-inat-toxic-round2/cicuta_maculata/5153652280_2.jpg,Cicuta maculata,usda:CIMA2
gbif-inat:00000050,images/raw/gbif-inat/cicuta_maculata/6184800102_1.jpg,Cicuta maculata,usda:CIMA2
gbif-inat-toxic-round2:00311049,images/raw/gbif-inat-toxic-round2/cicuta_maculata/5168390161_1.jpg,Cicuta maculata,usda:CIMA2
gbif-inat:00001471,images/raw/gbif-inat/cicuta_maculata/6234174696_1.jpg,Cicuta maculata,usda:CIMA2
gbif-inat-toxic-round2:00310694,images/raw/gbif-inat-toxic-round2/cicuta_maculata/6273495728_3.jpg,Cicuta maculata,usda:CIMA2
gbif-inat-toxic-round2:00311058,images/raw/gbif-inat-toxic-round2/cicuta_maculata/5176359799_1.jpg,Cicuta maculata,usda:CIMA2
gbif-inat-toxic-round2:00310767,images/raw/gbif-inat-toxic-round2/cicuta_maculata/5134381373_5.jpg,Cicuta maculata,usda:CIMA2
gbif-inat-toxic-round2:00310900,images/raw/gbif-inat-toxic-round2/cicuta_maculata/5154341704_1.jpg,Cicuta maculata,usda:CIMA2
gbif-inat-toxic-round2:00310917,images/raw/gbif-inat-toxic-round2/cicuta_maculata/5166760029_3.jpg,Cicuta maculata,usda:CIMA2
gbif-inat:00000058,images/raw/gbif-inat/cicuta_maculata/6185577515_2.jpg,Cicuta maculata,usda:CIMA2
gbif-inat-toxic-round2:00310924,images/raw/gbif-inat-toxic-round2/cicuta_maculata/5166771026_7.jpg,Cicuta maculata,usda:CIMA2
gbif-inat-toxic-round2:00310797,images/raw/gbif-inat-toxic-round2/cicuta_maculata/5140704549_4.jpg,Cicuta maculata,usda:CIMA2
gbif-inat-toxic-round2:00310883,images/raw/gbif-inat-toxic-round2/cicuta_maculata/5153401236_1.jpg,Cicuta maculata,usda:CIMA2
gbif-inat-toxic-round2:00310706,images/raw/gbif-inat-toxic-round2/cicuta_maculata/6273993309_3.jpg,Cicuta maculata,usda:CIMA2
gbif-inat-toxic-round2:00311050,images/raw/gbif-inat-toxic-round2/cicuta_maculata/5168390161_2.jpg,Cicuta maculata,usda:CIMA2
gbif-inat-toxic-round2:00310746,images/raw/gbif-inat-toxic-round2/cicuta_maculata/5759663074_1.jpg,Cicuta maculata,usda:CIMA2
gbif-inat-toxic-round2:00310881,images/raw/gbif-inat-toxic-round2/cicuta_maculata/5153397247_1.jpg,Cicuta maculata,usda:CIMA2
gbif-inat-toxic-round2:00310965,images/raw/gbif-inat-toxic-round2/cicuta_maculata/5167171199_1.jpg,Cicuta maculata,usda:CIMA2
gbif-inat-toxic-round2:00310705,images/raw/gbif-inat-toxic-round2/cicuta_maculata/6273993309_2.jpg,Cicuta maculata,usda:CIMA2
gbif-inat:00001518,images/raw/gbif-inat/cicuta_maculata/6273219090_1.jpg,Cicuta maculata,usda:CIMA2
gbif-inat:00001483,images/raw/gbif-inat/cicuta_maculata/6234950931_1.jpg,Cicuta maculata,usda:CIMA2
gbif-inat-toxic-round2:00311051,images/raw/gbif-inat-toxic-round2/cicuta_maculata/5168390161_3.jpg,Cicuta maculata,usda:CIMA2
gbif-inat-toxic-round2:00310761,images/raw/gbif-inat-toxic-round2/cicuta_maculata/5134188046_2.jpg,Cicuta maculata,usda:CIMA2
gbif-inat-toxic-round2:00310989,images/raw/gbif-inat-toxic-round2/cicuta_maculata/5167409574_2.jpg,Cicuta maculata,usda:CIMA2
gbif-inat-toxic-round2:00310952,images/raw/gbif-inat-toxic-round2/cicuta_maculata/5167011532_1.jpg,Cicuta maculata,usda:CIMA2
gbif-inat:00000034,images/raw/gbif-inat/cicuta_maculata/6130155472_2.jpg,Cicuta maculata,usda:CIMA2
gbif-inat-toxic-round2:00310835,images/raw/gbif-inat-toxic-round2/cicuta_maculata/5154342868_3.jpg,Cicuta maculata,usda:CIMA2
gbif-inat:00001489,images/raw/gbif-inat/cicuta_maculata/6235465437_1.jpg,Cicuta maculata,usda:CIMA2
gbif-inat-toxic-round2:00311060,images/raw/gbif-inat-toxic-round2/cicuta_maculata/5176448531_1.jpg,Cicuta maculata,usda:CIMA2
gbif-inat-toxic-round2:00310812,images/raw/gbif-inat-toxic-round2/cicuta_maculata/5141099425_1.jpg,Cicuta maculata,usda:CIMA2
gbif-inat-toxic-round2:00310998,images/raw/gbif-inat-toxic-round2/cicuta_maculata/5167798794_1.jpg,Cicuta maculata,usda:CIMA2
gbif-inat-toxic-round2:00310730,images/raw/gbif-inat-toxic-round2/cicuta_maculata/6320757402_1.jpg,Cicuta maculata,usda:CIMA2
gbif-inat:00001459,images/raw/gbif-inat/cicuta_maculata/6195443604_2.jpg,Cicuta maculata,usda:CIMA2
gbif-inat-toxic-round2:00311017,images/raw/gbif-inat-toxic-round2/cicuta_maculata/5167958731_1.jpg,Cicuta maculata,usda:CIMA2
gbif-inat-toxic-round2:00311034,images/raw/gbif-inat-toxic-round2/cicuta_maculata/5168291336_2.jpg,Cicuta maculata,usda:CIMA2
gbif-inat:00001466,images/raw/gbif-inat/cicuta_maculata/6195729707_7.jpg,Cicuta maculata,usda:CIMA2
gbif-inat-toxic-round2:00310745,images/raw/gbif-inat-toxic-round2/cicuta_maculata/5206674472_2.jpg,Cicuta maculata,usda:CIMA2
gbif-inat-toxic-round2:00310815,images/raw/gbif-inat-toxic-round2/cicuta_maculata/5153039295_3.jpg,Cicuta maculata,usda:CIMA2
gbif-inat:00001460,images/raw/gbif-inat/cicuta_maculata/6195729707_1.jpg,Cicuta maculata,usda:CIMA2
gbif-inat-toxic-round2:00311008,images/raw/gbif-inat-toxic-round2/cicuta_maculata/5167900980_2.jpg,Cicuta maculata,usda:CIMA2
gbif-inat-toxic-round2:00310919,images/raw/gbif-inat-toxic-round2/cicuta_maculata/5166771026_2.jpg,Cicuta maculata,usda:CIMA2
gbif-inat-toxic-round2:00310891,images/raw/gbif-inat-toxic-round2/cicuta_maculata/5153963894_1.jpg,Cicuta maculata,usda:CIMA2
gbif-inat-toxic-round2:00310728,images/raw/gbif-inat-toxic-round2/cicuta_maculata/6320756067_2.jpg,Cicuta maculata,usda:CIMA2
gbif-inat-toxic-round2:00310827,images/raw/gbif-inat-toxic-round2/cicuta_maculata/5154109485_3.jpg,Cicuta maculata,usda:CIMA2
gbif-inat-toxic-round2:00310749,images/raw/gbif-inat-toxic-round2/cicuta_maculata/5088054137_3.jpg,Cicuta maculata,usda:CIMA2
gbif-inat:00000060,images/raw/gbif-inat/cicuta_maculata/6188204226_1.jpg,Cicuta maculata,usda:CIMA2
gbif-inat-toxic-round2:00310902,images/raw/gbif-inat-toxic-round2/cicuta_maculata/5154449943_1.jpg,Cicuta maculata,usda:CIMA2
gbif-inat-toxic-round2:00310678,images/raw/gbif-inat-toxic-round2/cicuta_maculata/6273823534_1.jpg,Cicuta maculata,usda:CIMA2
gbif-inat-toxic-round2:00310788,images/raw/gbif-inat-toxic-round2/cicuta_maculata/5140293758_6.jpg,Cicuta maculata,usda:CIMA2
gbif-inat-toxic-round2:00311042,images/raw/gbif-inat-toxic-round2/cicuta_maculata/5168383843_2.jpg,Cicuta maculata,usda:CIMA2
gbif-inat-toxic-round2:00310841,images/raw/gbif-inat-toxic-round2/cicuta_maculata/5154381312_1.jpg,Cicuta maculata,usda:CIMA2
gbif-inat-toxic-round2:00310744,images/raw/gbif-inat-toxic-round2/cicuta_maculata/5206674472_1.jpg,Cicuta maculata,usda:CIMA2
gbif-inat-toxic-round2:00311031,images/raw/gbif-inat-toxic-round2/cicuta_maculata/5168281575_1.jpg,Cicuta maculata,usda:CIMA2
gbif-inat-toxic-round2:00310828,images/raw/gbif-inat-toxic-round2/cicuta_maculata/5154189412_1.jpg,Cicuta maculata,usda:CIMA2
gbif-inat-toxic-round2:00310713,images/raw/gbif-inat-toxic-round2/cicuta_maculata/6320195456_1.jpg,Cicuta maculata,usda:CIMA2
gbif-inat-toxic-round2:00311024,images/raw/gbif-inat-toxic-round2/cicuta_maculata/5168006192_1.jpg,Cicuta maculata,usda:CIMA2
gbif-inat:00001492,images/raw/gbif-inat/cicuta_maculata/6236017494_1.jpg,Cicuta maculata,usda:CIMA2
gbif-inat-toxic-round2:00310847,images/raw/gbif-inat-toxic-round2/cicuta_maculata/5154619845_1.jpg,Cicuta maculata,usda:CIMA2
gbif-inat-toxic-round2:00310727,images/raw/gbif-inat-toxic-round2/cicuta_maculata/6320756067_1.jpg,Cicuta maculata,usda:CIMA2
gbif-inat:00000053,images/raw/gbif-inat/cicuta_maculata/6185013744_1.jpg,Cicuta maculata,usda:CIMA2
gbif-inat-toxic-round2:00310807,images/raw/gbif-inat-toxic-round2/cicuta_maculata/5141031521_1.jpg,Cicuta maculata,usda:CIMA2
gbif-inat-toxic-round2:00310959,images/raw/gbif-inat-toxic-round2/cicuta_maculata/5167126114_5.jpg,Cicuta maculata,usda:CIMA2
gbif-inat-toxic-round2:00310981,images/raw/gbif-inat-toxic-round2/cicuta_maculata/5167330733_2.jpg,Cicuta maculata,usda:CIMA2
gbif-inat-toxic-round2:00310893,images/raw/gbif-inat-toxic-round2/cicuta_maculata/5154106728_1.jpg,Cicuta maculata,usda:CIMA2
gbif-inat-toxic-round2:00311033,images/raw/gbif-inat-toxic-round2/cicuta_maculata/5168291336_1.jpg,Cicuta maculata,usda:CIMA2
gbif-inat-toxic-round2:00310885,images/raw/gbif-inat-toxic-round2/cicuta_maculata/5153456991_1.jpg,Cicuta maculata,usda:CIMA2
gbif-inat-toxic-round2:00310976,images/raw/gbif-inat-toxic-round2/cicuta_maculata/5167323732_2.jpg,Cicuta maculata,usda:CIMA2
gbif-inat-toxic-round2:00310911,images/raw/gbif-inat-toxic-round2/cicuta_maculata/5154891781_1.jpg,Cicuta maculata,usda:CIMA2
gbif-inat:00000059,images/raw/gbif-inat/cicuta_maculata/6185577515_3.jpg,Cicuta maculata,usda:CIMA2
gbif-inat-toxic-round2:00310964,images/raw/gbif-inat-toxic-round2/cicuta_maculata/5167130032_4.jpg,Cicuta maculata,usda:CIMA2
gbif-inat-toxic-round2:00310849,images/raw/gbif-inat-toxic-round2/cicuta_maculata/5154635101_2.jpg,Cicuta maculata,usda:CIMA2
gbif-inat:00001515,images/raw/gbif-inat/cicuta_maculata/6253123632_1.jpg,Cicuta maculata,usda:CIMA2
gbif-inat-toxic-round2:00311065,images/raw/gbif-inat-toxic-round2/cicuta_maculata/5176567545_1.jpg,Cicuta maculata,usda:CIMA2
gbif-inat-toxic-round2:00310756,images/raw/gbif-inat-toxic-round2/cicuta_maculata/5133852537_1.jpg,Cicuta maculata,usda:CIMA2
gbif-inat:00001505,images/raw/gbif-inat/cicuta_maculata/6251928067_1.jpg,Cicuta maculata,usda:CIMA2
gbif-inat-toxic-round2:00310991,images/raw/gbif-inat-toxic-round2/cicuta_maculata/5167416503_1.jpg,Cicuta maculata,usda:CIMA2
gbif-inat-toxic-round2:00310863,images/raw/gbif-inat-toxic-round2/cicuta_maculata/5761100622_2.jpg,Cicuta maculata,usda:CIMA2
gbif-inat-toxic-round2:00310836,images/raw/gbif-inat-toxic-round2/cicuta_maculata/5154342868_4.jpg,Cicuta maculata,usda:CIMA2
gbif-inat-toxic-round2:00311076,images/raw/gbif-inat-toxic-round2/cicuta_maculata/5176997827_5.jpg,Cicuta maculata,usda:CIMA2
gbif-inat:00001491,images/raw/gbif-inat/cicuta_maculata/6235981602_1.jpg,Cicuta maculata,usda:CIMA2
gbif-inat:00001469,images/raw/gbif-inat/cicuta_maculata/6195937593_2.jpg,Cicuta maculata,usda:CIMA2
gbif-inat-toxic-round2:00311035,images/raw/gbif-inat-toxic-round2/cicuta_maculata/5168291336_3.jpg,Cicuta maculata,usda:CIMA2
gbif-inat-toxic-round2:00311066,images/raw/gbif-inat-toxic-round2/cicuta_maculata/5176567545_2.jpg,Cicuta maculata,usda:CIMA2
gbif-inat:00000043,images/raw/gbif-inat/cicuta_maculata/6162831731_1.jpg,Cicuta maculata,usda:CIMA2
gbif-inat-toxic-round2:00310780,images/raw/gbif-inat-toxic-round2/cicuta_maculata/5140122604_3.jpg,Cicuta maculata,usda:CIMA2
gbif-inat-toxic-round2:00310721,images/raw/gbif-inat-toxic-round2/cicuta_maculata/6320492460_2.jpg,Cicuta maculata,usda:CIMA2
gbif-inat-toxic-round2:00311052,images/raw/gbif-inat-toxic-round2/cicuta_maculata/5168390161_4.jpg,Cicuta maculata,usda:CIMA2
gbif-inat-toxic-round2:00310940,images/raw/gbif-inat-toxic-round2/cicuta_maculata/5166869443_2.jpg,Cicuta maculata,usda:CIMA2
gbif-inat-toxic-round2:00310718,images/raw/gbif-inat-toxic-round2/cicuta_maculata/6320271038_2.jpg,Cicuta maculata,usda:CIMA2
gbif-inat-toxic-round2:00310770,images/raw/gbif-inat-toxic-round2/cicuta_maculata/5134473483_1.jpg,Cicuta maculata,usda:CIMA2
gbif-inat-toxic-round2:00310859,images/raw/gbif-inat-toxic-round2/cicuta_maculata/5759662166_3.jpg,Cicuta maculata,usda:CIMA2
gbif-inat-toxic-round2:00311027,images/raw/gbif-inat-toxic-round2/cicuta_maculata/5168180153_1.jpg,Cicuta maculata,usda:CIMA2
gbif-inat-toxic-round2:00310677,images/raw/gbif-inat-toxic-round2/cicuta_maculata/6273745384_2.jpg,Cicuta maculata,usda:CIMA2
gbif-inat-toxic-round2:00310792,images/raw/gbif-inat-toxic-round2/cicuta_maculata/5140638075_1.jpg,Cicuta maculata,usda:CIMA2
gbif-inat-toxic-round2:00310942,images/raw/gbif-inat-toxic-round2/cicuta_maculata/5166900861_1.jpg,Cicuta maculata,usda:CIMA2
gbif-inat-toxic-round2:00310758,images/raw/gbif-inat-toxic-round2/cicuta_maculata/5133852537_3.jpg,Cicuta maculata,usda:CIMA2
gbif-inat-toxic-round2:00311026,images/raw/gbif-inat-toxic-round2/cicuta_maculata/5168080923_1.jpg,Cicuta maculata,usda:CIMA2
gbif-inat-toxic-round2:00310968,images/raw/gbif-inat-toxic-round2/cicuta_maculata/5167183558_1.jpg,Cicuta maculata,usda:CIMA2
gbif-inat-toxic-round2:00311067,images/raw/gbif-inat-toxic-round2/cicuta_maculata/5176567545_3.jpg,Cicuta maculata,usda:CIMA2
gbif-inat-toxic-round2:00310971,images/raw/gbif-inat-toxic-round2/cicuta_maculata/5167233587_2.jpg,Cicuta maculata,usda:CIMA2
gbif-inat:00001474,images/raw/gbif-inat/cicuta_maculata/6234313832_1.jpg,Cicuta maculata,usda:CIMA2
gbif-inat-toxic-round2:00311038,images/raw/gbif-inat-toxic-round2/cicuta_maculata/5168383224_1.jpg,Cicuta maculata,usda:CIMA2
gbif-inat-toxic-round2:00310861,images/raw/gbif-inat-toxic-round2/cicuta_maculata/5759662166_5.jpg,Cicuta maculata,usda:CIMA2
gbif-inat-toxic-round2:00310897,images/raw/gbif-inat-toxic-round2/cicuta_maculata/5154285218_2.jpg,Cicuta maculata,usda:CIMA2
gbif-inat-toxic-round2:00310717,images/raw/gbif-inat-toxic-round2/cicuta_maculata/6320271038_1.jpg,Cicuta maculata,usda:CIMA2
gbif-inat-toxic-round2:00310777,images/raw/gbif-inat-toxic-round2/cicuta_maculata/5134720027_1.jpg,Cicuta maculata,usda:CIMA2
gbif-inat-toxic-round2:00310733,images/raw/gbif-inat-toxic-round2/cicuta_maculata/6320883811_2.jpg,Cicuta maculata,usda:CIMA2
gbif-inat-toxic-round2:00310690,images/raw/gbif-inat-toxic-round2/cicuta_maculata/6273478774_2.jpg,Cicuta maculata,usda:CIMA2
gbif-inat-toxic-round2:00310947,images/raw/gbif-inat-toxic-round2/cicuta_maculata/5166973632_2.jpg,Cicuta maculata,usda:CIMA2
gbif-inat-toxic-round2:00311045,images/raw/gbif-inat-toxic-round2/cicuta_maculata/5168383843_5.jpg,Cicuta maculata,usda:CIMA2
gbif-inat:00001493,images/raw/gbif-inat/cicuta_maculata/6236017494_2.jpg,Cicuta maculata,usda:CIMA2
gbif-inat-toxic-round2:00311056,images/raw/gbif-inat-toxic-round2/cicuta_maculata/5168518228_1.jpg,Cicuta maculata,usda:CIMA2
gbif-inat-toxic-round2:00311071,images/raw/gbif-inat-toxic-round2/cicuta_maculata/5176885714_1.jpg,Cicuta maculata,usda:CIMA2
gbif-inat-toxic-round2:00310896,images/raw/gbif-inat-toxic-round2/cicuta_maculata/5154285218_1.jpg,Cicuta maculata,usda:CIMA2
gbif-inat:00001454,images/raw/gbif-inat/cicuta_maculata/6253107796_1.jpg,Cicuta maculata,usda:CIMA2
gbif-inat:00001503,images/raw/gbif-inat/cicuta_maculata/6251909677_1.jpg,Cicuta maculata,usda:CIMA2
gbif-inat-toxic-round2:00310811,images/raw/gbif-inat-toxic-round2/cicuta_maculata/5141094344_2.jpg,Cicuta maculata,usda:CIMA2
gbif-inat-toxic-round2:00310763,images/raw/gbif-inat-toxic-round2/cicuta_maculata/5134381373_1.jpg,Cicuta maculata,usda:CIMA2
gbif-inat-toxic-round2:00310951,images/raw/gbif-inat-toxic-round2/cicuta_maculata/5166973632_6.jpg,Cicuta maculata,usda:CIMA2
gbif-inat-toxic-round2:00310768,images/raw/gbif-inat-toxic-round2/cicuta_maculata/5134381373_6.jpg,Cicuta maculata,usda:CIMA2
gbif-inat-toxic-round2:00311047,images/raw/gbif-inat-toxic-round2/cicuta_maculata/5168383843_7.jpg,Cicuta maculata,usda:CIMA2
gbif-inat-toxic-round2:00310855,images/raw/gbif-inat-toxic-round2/cicuta_maculata/5198856532_2.jpg,Cicuta maculata,usda:CIMA2
gbif-inat-toxic-round2:00310714,images/raw/gbif-inat-toxic-round2/cicuta_maculata/6320195456_2.jpg,Cicuta maculata,usda:CIMA2
gbif-inat:00000037,images/raw/gbif-inat/cicuta_maculata/6131617085_2.jpg,Cicuta maculata,usda:CIMA2
gbif-inat-toxic-round2:00311022,images/raw/gbif-inat-toxic-round2/cicuta_maculata/5167990201_5.jpg,Cicuta maculata,usda:CIMA2
gbif-inat-toxic-round2:00310884,images/raw/gbif-inat-toxic-round2/cicuta_maculata/5153401236_2.jpg,Cicuta maculata,usda:CIMA2
gbif-inat-toxic-round2:00310786,images/raw/gbif-inat-toxic-round2/cicuta_maculata/5140293758_4.jpg,Cicuta maculata,usda:CIMA2
gbif-inat:00001519,images/raw/gbif-inat/cicuta_maculata/6273219090_2.jpg,Cicuta maculata,usda:CIMA2
gbif-inat:00000033,images/raw/gbif-inat/cicuta_maculata/6130155472_1.jpg,Cicuta maculata,usda:CIMA2
gbif-inat-toxic-round2:00310920,images/raw/gbif-inat-toxic-round2/cicuta_maculata/5166771026_3.jpg,Cicuta maculata,usda:CIMA2
gbif-inat:00000035,images/raw/gbif-inat/cicuta_maculata/6130202614_1.jpg,Cicuta maculata,usda:CIMA2
gbif-inat-toxic-round2:00310769,images/raw/gbif-inat-toxic-round2/cicuta_maculata/5134392443_1.jpg,Cicuta maculata,usda:CIMA2
gbif-inat-toxic-round2:00310685,images/raw/gbif-inat-toxic-round2/cicuta_maculata/6274118515_2.jpg,Cicuta maculata,usda:CIMA2
gbif-inat:00001478,images/raw/gbif-inat/cicuta_maculata/6234340089_4.jpg,Cicuta maculata,usda:CIMA2
gbif-inat:00001501,images/raw/gbif-inat/cicuta_maculata/6251869801_1.jpg,Cicuta maculata,usda:CIMA2
gbif-inat-toxic-round2:00310821,images/raw/gbif-inat-toxic-round2/cicuta_maculata/5153925293_1.jpg,Cicuta maculata,usda:CIMA2
gbif-inat:00001453,images/raw/gbif-inat/cicuta_maculata/6188481352_1.jpg,Cicuta maculata,usda:CIMA2
gbif-inat-toxic-round2:00310844,images/raw/gbif-inat-toxic-round2/cicuta_maculata/5154381312_4.jpg,Cicuta maculata,usda:CIMA2
gbif-inat-toxic-round2:00311020,images/raw/gbif-inat-toxic-round2/cicuta_maculata/5167990201_3.jpg,Cicuta maculata,usda:CIMA2
gbif-inat-toxic-round2:00310985,images/raw/gbif-inat-toxic-round2/cicuta_maculata/5167358962_1.jpg,Cicuta maculata,usda:CIMA2
gbif-inat-toxic-round2:00310799,images/raw/gbif-inat-toxic-round2/cicuta_maculata/5140734211_1.jpg,Cicuta maculata,usda:CIMA2
gbif-inat-toxic-round2:00310954,images/raw/gbif-inat-toxic-round2/cicuta_maculata/5167056813_2.jpg,Cicuta maculata,usda:CIMA2
gbif-inat:00001516,images/raw/gbif-inat/cicuta_maculata/6253203122_1.jpg,Cicuta maculata,usda:CIMA2
gbif-inat-toxic-round2:00310695,images/raw/gbif-inat-toxic-round2/cicuta_maculata/6273624700_1.jpg,Cicuta maculata,usda:CIMA2
gbif-inat-toxic-round2:00310879,images/raw/gbif-inat-toxic-round2/cicuta_maculata/5153215372_3.jpg,Cicuta maculata,usda:CIMA2
gbif-inat-toxic-round2:00310894,images/raw/gbif-inat-toxic-round2/cicuta_maculata/5154106728_2.jpg,Cicuta maculata,usda:CIMA2
gbif-inat-toxic-round2:00310715,images/raw/gbif-inat-toxic-round2/cicuta_maculata/6320208530_1.jpg,Cicuta maculata,usda:CIMA2
gbif-inat-toxic-round2:00310712,images/raw/gbif-inat-toxic-round2/cicuta_maculata/6320137443_3.jpg,Cicuta maculata,usda:CIMA2
gbif-inat:00001507,images/raw/gbif-inat/cicuta_maculata/6252304172_1.jpg,Cicuta maculata,usda:CIMA2
gbif-inat-toxic-round2:00311054,images/raw/gbif-inat-toxic-round2/cicuta_maculata/5168414732_1.jpg,Cicuta maculata,usda:CIMA2
gbif-inat-toxic-round2:00310759,images/raw/gbif-inat-toxic-round2/cicuta_maculata/5134092290_1.jpg,Cicuta maculata,usda:CIMA2
gbif-inat-toxic-round2:00310928,images/raw/gbif-inat-toxic-round2/cicuta_maculata/5166861809_2.jpg,Cicuta maculata,usda:CIMA2
gbif-inat-toxic-round2:00310898,images/raw/gbif-inat-toxic-round2/cicuta_maculata/5154293215_1.jpg,Cicuta maculata,usda:CIMA2
gbif-inat-toxic-round2:00310698,images/raw/gbif-inat-toxic-round2/cicuta_maculata/6273624700_4.jpg,Cicuta maculata,usda:CIMA2
gbif-inat-toxic-round2:00310806,images/raw/gbif-inat-toxic-round2/cicuta_maculata/5141029906_1.jpg,Cicuta maculata,usda:CIMA2
gbif-inat:00001504,images/raw/gbif-inat/cicuta_maculata/6251926358_1.jpg,Cicuta maculata,usda:CIMA2
gbif-inat-toxic-round2:00310831,images/raw/gbif-inat-toxic-round2/cicuta_maculata/5154297605_1.jpg,Cicuta maculata,usda:CIMA2
gbif-inat-toxic-round2:00311061,images/raw/gbif-inat-toxic-round2/cicuta_maculata/5176448531_2.jpg,Cicuta maculata,usda:CIMA2
gbif-inat:00001482,images/raw/gbif-inat/cicuta_maculata/6234784416_1.jpg,Cicuta maculata,usda:CIMA2
gbif-inat-toxic-round2:00310862,images/raw/gbif-inat-toxic-round2/cicuta_maculata/5761100622_1.jpg,Cicuta maculata,usda:CIMA2
gbif-inat-toxic-round2:00310774,images/raw/gbif-inat-toxic-round2/cicuta_maculata/5134493101_4.jpg,Cicuta maculata,usda:CIMA2
gbif-inat-toxic-round2:00310697,images/raw/gbif-inat-toxic-round2/cicuta_maculata/6273624700_3.jpg,Cicuta maculata,usda:CIMA2
gbif-inat:00000031,images/raw/gbif-inat/cicuta_maculata/6129993337_1.jpg,Cicuta maculata,usda:CIMA2
gbif-inat:00001511,images/raw/gbif-inat/cicuta_maculata/6253078079_1.jpg,Cicuta maculata,usda:CIMA2
gbif-inat-toxic-round2:00310680,images/raw/gbif-inat-toxic-round2/cicuta_maculata/6274043707_1.jpg,Cicuta maculata,usda:CIMA2
gbif-inat-toxic-round2:00310867,images/raw/gbif-inat-toxic-round2/cicuta_maculata/5828844149_1.jpg,Cicuta maculata,usda:CIMA2
gbif-inat-toxic-round2:00311044,images/raw/gbif-inat-toxic-round2/cicuta_maculata/5168383843_4.jpg,Cicuta maculata,usda:CIMA2
gbif-inat-toxic-round2:00311036,images/raw/gbif-inat-toxic-round2/cicuta_maculata/5168297999_1.jpg,Cicuta maculata,usda:CIMA2
gbif-inat-toxic-round2:00310762,images/raw/gbif-inat-toxic-round2/cicuta_maculata/5134188046_3.jpg,Cicuta maculata,usda:CIMA2
gbif-inat-toxic-round2:00310764,images/raw/gbif-inat-toxic-round2/cicuta_maculata/5134381373_2.jpg,Cicuta maculata,usda:CIMA2
gbif-inat-toxic-round2:00310683,images/raw/gbif-inat-toxic-round2/cicuta_maculata/6274110855_2.jpg,Cicuta maculata,usda:CIMA2
gbif-inat-toxic-round2:00310833,images/raw/gbif-inat-toxic-round2/cicuta_maculata/5154342868_1.jpg,Cicuta maculata,usda:CIMA2
gbif-inat-toxic-round2:00310912,images/raw/gbif-inat-toxic-round2/cicuta_maculata/5154961777_1.jpg,Cicuta maculata,usda:CIMA2
gbif-inat-toxic-round2:00310805,images/raw/gbif-inat-toxic-round2/cicuta_maculata/5140960583_1.jpg,Cicuta maculata,usda:CIMA2
gbif-inat-toxic-round2:00310814,images/raw/gbif-inat-toxic-round2/cicuta_maculata/5153039295_2.jpg,Cicuta maculata,usda:CIMA2
gbif-inat:00000032,images/raw/gbif-inat/cicuta_maculata/6129993337_2.jpg,Cicuta maculata,usda:CIMA2
gbif-inat:00000052,images/raw/gbif-inat/cicuta_maculata/6184951567_1.jpg,Cicuta maculata,usda:CIMA2
gbif-inat:00000040,images/raw/gbif-inat/cicuta_maculata/6131617085_5.jpg,Cicuta maculata,usda:CIMA2
gbif-inat-toxic-round2:00310993,images/raw/gbif-inat-toxic-round2/cicuta_maculata/5167656470_2.jpg,Cicuta maculata,usda:CIMA2
gbif-inat:00001458,images/raw/gbif-inat/cicuta_maculata/6195443604_1.jpg,Cicuta maculata,usda:CIMA2
gbif-inat-toxic-round2:00311070,images/raw/gbif-inat-toxic-round2/cicuta_maculata/5176783424_1.jpg,Cicuta maculata,usda:CIMA2
gbif-inat:00001472,images/raw/gbif-inat/cicuta_maculata/6234197132_1.jpg,Cicuta maculata,usda:CIMA2
gbif-inat-toxic-round2:00310848,images/raw/gbif-inat-toxic-round2/cicuta_maculata/5154635101_1.jpg,Cicuta maculata,usda:CIMA2
gbif-inat-toxic-round2:00310710,images/raw/gbif-inat-toxic-round2/cicuta_maculata/6320137443_1.jpg,Cicuta maculata,usda:CIMA2
gbif-inat-toxic-round2:00310765,images/raw/gbif-inat-toxic-round2/cicuta_maculata/5134381373_3.jpg,Cicuta maculata,usda:CIMA2
gbif-inat-toxic-round2:00310785,images/raw/gbif-inat-toxic-round2/cicuta_maculata/5140293758_3.jpg,Cicuta maculata,usda:CIMA2
gbif-inat:00000042,images/raw/gbif-inat/cicuta_maculata/6147291893_1.jpg,Cicuta maculata,usda:CIMA2
gbif-inat:00001476,images/raw/gbif-inat/cicuta_maculata/6234340089_2.jpg,Cicuta maculata,usda:CIMA2
gbif-inat:00001481,images/raw/gbif-inat/cicuta_maculata/6234474508_1.jpg,Cicuta maculata,usda:CIMA2
gbif-inat-toxic-round2:00311023,images/raw/gbif-inat-toxic-round2/cicuta_maculata/5167990201_6.jpg,Cicuta maculata,usda:CIMA2
gbif-inat:00001479,images/raw/gbif-inat/cicuta_maculata/6234340089_5.jpg,Cicuta maculata,usda:CIMA2
gbif-inat-toxic-round2:00310931,images/raw/gbif-inat-toxic-round2/cicuta_maculata/5166867727_1.jpg,Cicuta maculata,usda:CIMA2
gbif-inat:00000041,images/raw/gbif-inat/cicuta_maculata/6131617085_6.jpg,Cicuta maculata,usda:CIMA2
gbif-inat-toxic-round2:00310935,images/raw/gbif-inat-toxic-round2/cicuta_maculata/5166867727_5.jpg,Cicuta maculata,usda:CIMA2
gbif-inat-toxic-round2:00310895,images/raw/gbif-inat-toxic-round2/cicuta_maculata/5154106728_3.jpg,Cicuta maculata,usda:CIMA2
gbif-inat-toxic-round2:00310854,images/raw/gbif-inat-toxic-round2/cicuta_maculata/5198856532_1.jpg,Cicuta maculata,usda:CIMA2
gbif-inat-toxic-round2:00310766,images/raw/gbif-inat-toxic-round2/cicuta_maculata/5134381373_4.jpg,Cicuta maculata,usda:CIMA2
gbif-inat:00001463,images/raw/gbif-inat/cicuta_maculata/6195729707_4.jpg,Cicuta maculata,usda:CIMA2
gbif-inat:00001452,images/raw/gbif-inat/cicuta_maculata/6188223877_2.jpg,Cicuta maculata,usda:CIMA2
gbif-inat-toxic-round2:00310973,images/raw/gbif-inat-toxic-round2/cicuta_maculata/5167289269_1.jpg,Cicuta maculata,usda:CIMA2
gbif-inat-toxic-round2:00310682,images/raw/gbif-inat-toxic-round2/cicuta_maculata/6274110855_1.jpg,Cicuta maculata,usda:CIMA2
gbif-inat-toxic-round2:00311030,images/raw/gbif-inat-toxic-round2/cicuta_maculata/5168231675_3.jpg,Cicuta maculata,usda:CIMA2
gbif-inat-toxic-round2:00310832,images/raw/gbif-inat-toxic-round2/cicuta_maculata/5154297605_2.jpg,Cicuta maculata,usda:CIMA2
gbif-inat-toxic-round2:00310916,images/raw/gbif-inat-toxic-round2/cicuta_maculata/5166760029_2.jpg,Cicuta maculata,usda:CIMA2
gbif-inat:00001487,images/raw/gbif-inat/cicuta_maculata/6235207633_1.jpg,Cicuta maculata,usda:CIMA2
gbif-inat:00001514,images/raw/gbif-inat/cicuta_maculata/6253087307_1.jpg,Cicuta maculata,usda:CIMA2
gbif-inat:00001488,images/raw/gbif-inat/cicuta_maculata/6235395756_1.jpg,Cicuta maculata,usda:CIMA2
gbif-inat-toxic-round2:00310846,images/raw/gbif-inat-toxic-round2/cicuta_maculata/5154430677_2.jpg,Cicuta maculata,usda:CIMA2
gbif-inat-toxic-round2:00310840,images/raw/gbif-inat-toxic-round2/cicuta_maculata/5154352413_4.jpg,Cicuta maculata,usda:CIMA2
gbif-inat:00001470,images/raw/gbif-inat/cicuta_maculata/6195968282_1.jpg,Cicuta maculata,usda:CIMA2
gbif-inat:00001502,images/raw/gbif-inat/cicuta_maculata/6251878118_1.jpg,Cicuta maculata,usda:CIMA2
gbif-inat-toxic-round2:00310923,images/raw/gbif-inat-toxic-round2/cicuta_maculata/5166771026_6.jpg,Cicuta maculata,usda:CIMA2
gbif-inat-toxic-round2:00310857,images/raw/gbif-inat-toxic-round2/cicuta_maculata/5759662166_1.jpg,Cicuta maculata,usda:CIMA2
gbif-inat-toxic-round2:00311037,images/raw/gbif-inat-toxic-round2/cicuta_maculata/5168297999_2.jpg,Cicuta maculata,usda:CIMA2
gbif-inat-toxic-round2:00310903,images/raw/gbif-inat-toxic-round2/cicuta_maculata/5154449943_2.jpg,Cicuta maculata,usda:CIMA2
gbif-inat-toxic-round2:00310960,images/raw/gbif-inat-toxic-round2/cicuta_maculata/5167126114_6.jpg,Cicuta maculata,usda:CIMA2
gbif-inat:00000055,images/raw/gbif-inat/cicuta_maculata/6185233133_1.jpg,Cicuta maculata,usda:CIMA2
gbif-inat-toxic-round2:00310872,images/raw/gbif-inat-toxic-round2/cicuta_maculata/6159408651_1.jpg,Cicuta maculata,usda:CIMA2
gbif-inat-toxic-round2:00310948,images/raw/gbif-inat-toxic-round2/cicuta_maculata/5166973632_3.jpg,Cicuta maculata,usda:CIMA2
gbif-inat:00001508,images/raw/gbif-inat/cicuta_maculata/6252304172_2.jpg,Cicuta maculata,usda:CIMA2
gbif-inat-toxic-round2:00310986,images/raw/gbif-inat-toxic-round2/cicuta_maculata/5167358962_2.jpg,Cicuta maculata,usda:CIMA2
gbif-inat-toxic-round2:00310886,images/raw/gbif-inat-toxic-round2/cicuta_maculata/5153652280_1.jpg,Cicuta maculata,usda:CIMA2
gbif-inat-toxic-round2:00311004,images/raw/gbif-inat-toxic-round2/cicuta_maculata/5167861141_2.jpg,Cicuta maculata,usda:CIMA2
gbif-inat-toxic-round2:00310873,images/raw/gbif-inat-toxic-round2/cicuta_maculata/6159408651_2.jpg,Cicuta maculata,usda:CIMA2
gbif-inat:00001480,images/raw/gbif-inat/cicuta_maculata/6234425059_1.jpg,Cicuta maculata,usda:CIMA2
gbif-inat-toxic-round2:00310945,images/raw/gbif-inat-toxic-round2/cicuta_maculata/5166950597_1.jpg,Cicuta maculata,usda:CIMA2
gbif-inat-toxic-round2:00310735,images/raw/gbif-inat-toxic-round2/cicuta_maculata/6320976677_1.jpg,Cicuta maculata,usda:CIMA2
gbif-inat-toxic-round2:00310913,images/raw/gbif-inat-toxic-round2/cicuta_maculata/5154961777_2.jpg,Cicuta maculata,usda:CIMA2
gbif-inat-toxic-round2:00310795,images/raw/gbif-inat-toxic-round2/cicuta_maculata/5140704549_2.jpg,Cicuta maculata,usda:CIMA2
gbif-inat:00001506,images/raw/gbif-inat/cicuta_maculata/6252095941_1.jpg,Cicuta maculata,usda:CIMA2
gbif-inat-toxic-round2:00311015,images/raw/gbif-inat-toxic-round2/cicuta_maculata/5167955833_4.jpg,Cicuta maculata,usda:CIMA2
gbif-inat-toxic-round2:00310996,images/raw/gbif-inat-toxic-round2/cicuta_maculata/5167763150_1.jpg,Cicuta maculata,usda:CIMA2
gbif-inat-toxic-round2:00310784,images/raw/gbif-inat-toxic-round2/cicuta_maculata/5140293758_2.jpg,Cicuta maculata,usda:CIMA2
gbif-inat-toxic-round2:00310842,images/raw/gbif-inat-toxic-round2/cicuta_maculata/5154381312_2.jpg,Cicuta maculata,usda:CIMA2
gbif-inat:00000056,images/raw/gbif-inat/cicuta_maculata/6185371261_1.jpg,Cicuta maculata,usda:CIMA2
gbif-inat-toxic-round2:00310810,images/raw/gbif-inat-toxic-round2/cicuta_maculata/5141094344_1.jpg,Cicuta maculata,usda:CIMA2
gbif-inat-toxic-round2:00311001,images/raw/gbif-inat-toxic-round2/cicuta_maculata/5167850819_2.jpg,Cicuta maculata,usda:CIMA2
gbif-inat-toxic-round2:00310696,images/raw/gbif-inat-toxic-round2/cicuta_maculata/6273624700_2.jpg,Cicuta maculata,usda:CIMA2
gbif-inat-toxic-round2:00310781,images/raw/gbif-inat-toxic-round2/cicuta_maculata/5140122604_4.jpg,Cicuta maculata,usda:CIMA2
gbif-inat:00001457,images/raw/gbif-inat/cicuta_maculata/6188433430_1.jpg,Cicuta maculata,usda:CIMA2
gbif-inat-toxic-round2:00310820,images/raw/gbif-inat-toxic-round2/cicuta_maculata/5153865396_1.jpg,Cicuta maculata,usda:CIMA2
gbif-inat-toxic-round2:00310933,images/raw/gbif-inat-toxic-round2/cicuta_maculata/5166867727_3.jpg,Cicuta maculata,usda:CIMA2
gbif-inat-toxic-round2:00310999,images/raw/gbif-inat-toxic-round2/cicuta_maculata/5167798794_2.jpg,Cicuta maculata,usda:CIMA2
gbif-inat-toxic-round2:00310929,images/raw/gbif-inat-toxic-round2/cicuta_maculata/5166866704_1.jpg,Cicuta maculata,usda:CIMA2
gbif-inat-toxic-round2:00310860,images/raw/gbif-inat-toxic-round2/cicuta_maculata/5759662166_4.jpg,Cicuta maculata,usda:CIMA2
gbif-inat-toxic-round2:00310932,images/raw/gbif-inat-toxic-round2/cicuta_maculata/5166867727_2.jpg,Cicuta maculata,usda:CIMA2
gbif-inat-toxic-round2:00310853,images/raw/gbif-inat-toxic-round2/cicuta_maculata/5168224943_2.jpg,Cicuta maculata,usda:CIMA2
gbif-inat-toxic-round2:00310838,images/raw/gbif-inat-toxic-round2/cicuta_maculata/5154352413_2.jpg,Cicuta maculata,usda:CIMA2
gbif-inat-toxic-round2:00310709,images/raw/gbif-inat-toxic-round2/cicuta_maculata/6320085137_1.jpg,Cicuta maculata,usda:CIMA2
gbif-inat-toxic-round2:00310875,images/raw/gbif-inat-toxic-round2/cicuta_maculata/5153113003_2.jpg,Cicuta maculata,usda:CIMA2
gbif-inat-toxic-round2:00310801,images/raw/gbif-inat-toxic-round2/cicuta_maculata/5140899291_1.jpg,Cicuta maculata,usda:CIMA2
gbif-inat-toxic-round2:00310802,images/raw/gbif-inat-toxic-round2/cicuta_maculata/5140927933_1.jpg,Cicuta maculata,usda:CIMA2
gbif-inat-toxic-round2:00310686,images/raw/gbif-inat-toxic-round2/cicuta_maculata/6274118515_3.jpg,Cicuta maculata,usda:CIMA2
gbif-inat-toxic-round2:00310938,images/raw/gbif-inat-toxic-round2/cicuta_maculata/5166867727_8.jpg,Cicuta maculata,usda:CIMA2
gbif-inat-toxic-round2:00310888,images/raw/gbif-inat-toxic-round2/cicuta_maculata/5153657219_1.jpg,Cicuta maculata,usda:CIMA2
gbif-inat:00001486,images/raw/gbif-inat/cicuta_maculata/6235191498_1.jpg,Cicuta maculata,usda:CIMA2
gbif-inat-toxic-round2:00310845,images/raw/gbif-inat-toxic-round2/cicuta_maculata/5154430677_1.jpg,Cicuta maculata,usda:CIMA2
gbif-inat-toxic-round2:00310868,images/raw/gbif-inat-toxic-round2/cicuta_maculata/5897331005_1.jpg,Cicuta maculata,usda:CIMA2
gbif-inat-toxic-round2:00310687,images/raw/gbif-inat-toxic-round2/cicuta_maculata/6274192660_1.jpg,Cicuta maculata,usda:CIMA2
gbif-inat-toxic-round2:00310742,images/raw/gbif-inat-toxic-round2/cicuta_maculata/5069990750_2.jpg,Cicuta maculata,usda:CIMA2
gbif-inat-toxic-round2:00311055,images/raw/gbif-inat-toxic-round2/cicuta_maculata/5168486773_1.jpg,Cicuta maculata,usda:CIMA2
gbif-inat:00001455,images/raw/gbif-inat/cicuta_maculata/6187916717_1.jpg,Cicuta maculata,usda:CIMA2
gbif-inat-toxic-round2:00310856,images/raw/gbif-inat-toxic-round2/cicuta_maculata/5215746630_1.jpg,Cicuta maculata,usda:CIMA2
gbif-inat:00000046,images/raw/gbif-inat/cicuta_maculata/6179400348_1.jpg,Cicuta maculata,usda:CIMA2
gbif-inat-toxic-round2:00310691,images/raw/gbif-inat-toxic-round2/cicuta_maculata/6273478774_3.jpg,Cicuta maculata,usda:CIMA2
gbif-inat-toxic-round2:00310778,images/raw/gbif-inat-toxic-round2/cicuta_maculata/5140122604_1.jpg,Cicuta maculata,usda:CIMA2
gbif-inat-toxic-round2:00310732,images/raw/gbif-inat-toxic-round2/cicuta_maculata/6320883811_1.jpg,Cicuta maculata,usda:CIMA2
gbif-inat-toxic-round2:00310969,images/raw/gbif-inat-toxic-round2/cicuta_maculata/5167207188_1.jpg,Cicuta maculata,usda:CIMA2
gbif-inat-toxic-round2:00310716,images/raw/gbif-inat-toxic-round2/cicuta_maculata/6320243479_1.jpg,Cicuta maculata,usda:CIMA2
gbif-inat-toxic-round2:00310739,images/raw/gbif-inat-toxic-round2/cicuta_maculata/5064089639_1.jpg,Cicuta maculata,usda:CIMA2
gbif-inat-toxic-round2:00310843,images/raw/gbif-inat-toxic-round2/cicuta_maculata/5154381312_3.jpg,Cicuta maculata,usda:CIMA2
gbif-inat-toxic-round2:00310962,images/raw/gbif-inat-toxic-round2/cicuta_maculata/5167130032_2.jpg,Cicuta maculata,usda:CIMA2
gbif-inat-toxic-round2:00310823,images/raw/gbif-inat-toxic-round2/cicuta_maculata/5154090782_1.jpg,Cicuta maculata,usda:CIMA2
gbif-inat:00001473,images/raw/gbif-inat/cicuta_maculata/6234309666_1.jpg,Cicuta maculata,usda:CIMA2
gbif-inat-toxic-round2:00310850,images/raw/gbif-inat-toxic-round2/cicuta_maculata/5154836535_1.jpg,Cicuta maculata,usda:CIMA2
gbif-inat-toxic-round2:00310752,images/raw/gbif-inat-toxic-round2/cicuta_maculata/5104566528_1.jpg,Cicuta maculata,usda:CIMA2
gbif-inat:00001475,images/raw/gbif-inat/cicuta_maculata/6234340089_1.jpg,Cicuta maculata,usda:CIMA2
gbif-inat-toxic-round2:00311062,images/raw/gbif-inat-toxic-round2/cicuta_maculata/5176448531_3.jpg,Cicuta maculata,usda:CIMA2
gbif-inat-toxic-round2:00310804,images/raw/gbif-inat-toxic-round2/cicuta_maculata/5140951940_2.jpg,Cicuta maculata,usda:CIMA2
gbif-inat-toxic-round2:00310700,images/raw/gbif-inat-toxic-round2/cicuta_maculata/6273676733_2.jpg,Cicuta maculata,usda:CIMA2
gbif-inat-toxic-round2:00310927,images/raw/gbif-inat-toxic-round2/cicuta_maculata/5166861809_1.jpg,Cicuta maculata,usda:CIMA2
gbif-inat-toxic-round2:00310755,images/raw/gbif-inat-toxic-round2/cicuta_maculata/5828786618_1.jpg,Cicuta maculata,usda:CIMA2
gbif-inat-toxic-round2:00310950,images/raw/gbif-inat-toxic-round2/cicuta_maculata/5166973632_5.jpg,Cicuta maculata,usda:CIMA2
gbif-inat-toxic-round2:00310720,images/raw/gbif-inat-toxic-round2/cicuta_maculata/6320492460_1.jpg,Cicuta maculata,usda:CIMA2
gbif-inat:00001451,images/raw/gbif-inat/cicuta_maculata/6188223877_1.jpg,Cicuta maculata,usda:CIMA2
gbif-inat:00001509,images/raw/gbif-inat/cicuta_maculata/6252378745_1.jpg,Cicuta maculata,usda:CIMA2
gbif-inat-toxic-round2:00311014,images/raw/gbif-inat-toxic-round2/cicuta_maculata/5167955833_3.jpg,Cicuta maculata,usda:CIMA2
gbif-inat-toxic-round2:00310892,images/raw/gbif-inat-toxic-round2/cicuta_maculata/5153963894_2.jpg,Cicuta maculata,usda:CIMA2
gbif-inat-toxic-round2:00310890,images/raw/gbif-inat-toxic-round2/cicuta_maculata/5153948510_1.jpg,Cicuta maculata,usda:CIMA2
gbif-inat-toxic-round2:00310915,images/raw/gbif-inat-toxic-round2/cicuta_maculata/5166760029_1.jpg,Cicuta maculata,usda:CIMA2
gbif-inat:00001512,images/raw/gbif-inat/cicuta_maculata/6253078079_2.jpg,Cicuta maculata,usda:CIMA2
gbif-inat-toxic-round2:00311028,images/raw/gbif-inat-toxic-round2/cicuta_maculata/5168231675_1.jpg,Cicuta maculata,usda:CIMA2
gbif-inat-toxic-round2:00310870,images/raw/gbif-inat-toxic-round2/cicuta_maculata/5897331005_3.jpg,Cicuta maculata,usda:CIMA2
gbif-inat-toxic-round2:00310800,images/raw/gbif-inat-toxic-round2/cicuta_maculata/5140734211_2.jpg,Cicuta maculata,usda:CIMA2
gbif-inat-toxic-round2:00310782,images/raw/gbif-inat-toxic-round2/cicuta_maculata/5140227273_1.jpg,Cicuta maculata,usda:CIMA2
gbif-inat-toxic-round2:00310830,images/raw/gbif-inat-toxic-round2/cicuta_maculata/5154275231_2.jpg,Cicuta maculata,usda:CIMA2
gbif-inat-toxic-round2:00310997,images/raw/gbif-inat-toxic-round2/cicuta_maculata/5167769846_1.jpg,Cicuta maculata,usda:CIMA2
gbif-inat-toxic-round2:00310692,images/raw/gbif-inat-toxic-round2/cicuta_maculata/6273495728_1.jpg,Cicuta maculata,usda:CIMA2
gbif-inat-toxic-round2:00310905,images/raw/gbif-inat-toxic-round2/cicuta_maculata/5154525350_1.jpg,Cicuta maculata,usda:CIMA2
gbif-inat-toxic-round2:00310803,images/raw/gbif-inat-toxic-round2/cicuta_maculata/5140951940_1.jpg,Cicuta maculata,usda:CIMA2
gbif-inat:00001468,images/raw/gbif-inat/cicuta_maculata/6195937593_1.jpg,Cicuta maculata,usda:CIMA2
gbif-inat-toxic-round2:00311029,images/raw/gbif-inat-toxic-round2/cicuta_maculata/5168231675_2.jpg,Cicuta maculata,usda:CIMA2
gbif-inat-toxic-round2:00311069,images/raw/gbif-inat-toxic-round2/cicuta_maculata/5176732491_1.jpg,Cicuta maculata,usda:CIMA2
gbif-inat-toxic-round2:00311003,images/raw/gbif-inat-toxic-round2/cicuta_maculata/5167861141_1.jpg,Cicuta maculata,usda:CIMA2
gbif-inat-toxic-round2:00311006,images/raw/gbif-inat-toxic-round2/cicuta_maculata/5167871805_1.jpg,Cicuta maculata,usda:CIMA2
gbif-inat-toxic-round2:00310722,images/raw/gbif-inat-toxic-round2/cicuta_maculata/6320492460_3.jpg,Cicuta maculata,usda:CIMA2
gbif-inat-toxic-round2:00310980,images/raw/gbif-inat-toxic-round2/cicuta_maculata/5167330733_1.jpg,Cicuta maculata,usda:CIMA2
gbif-inat-toxic-round2:00310748,images/raw/gbif-inat-toxic-round2/cicuta_maculata/5088054137_2.jpg,Cicuta maculata,usda:CIMA2
gbif-inat-toxic-round2:00310992,images/raw/gbif-inat-toxic-round2/cicuta_maculata/5167656470_1.jpg,Cicuta maculata,usda:CIMA2
gbif-inat-toxic-round2:00310983,images/raw/gbif-inat-toxic-round2/cicuta_maculata/5167339846_1.jpg,Cicuta maculata,usda:CIMA2
gbif-inat-toxic-round2:00311072,images/raw/gbif-inat-toxic-round2/cicuta_maculata/5176997827_1.jpg,Cicuta maculata,usda:CIMA2
gbif-inat:00000044,images/raw/gbif-inat/cicuta_maculata/6179160771_1.jpg,Cicuta maculata,usda:CIMA2
gbif-inat-toxic-round2:00310949,images/raw/gbif-inat-toxic-round2/cicuta_maculata/5166973632_4.jpg,Cicuta maculata,usda:CIMA2
gbif-inat:00000049,images/raw/gbif-inat/cicuta_maculata/6184730785_1.jpg,Cicuta maculata,usda:CIMA2
gbif-inat-toxic-round2:00310796,images/raw/gbif-inat-toxic-round2/cicuta_maculata/5140704549_3.jpg,Cicuta maculata,usda:CIMA2
gbif-inat-toxic-round2:00310874,images/raw/gbif-inat-toxic-round2/cicuta_maculata/5153113003_1.jpg,Cicuta maculata,usda:CIMA2
gbif-inat-toxic-round2:00310775,images/raw/gbif-inat-toxic-round2/cicuta_maculata/5134493101_5.jpg,Cicuta maculata,usda:CIMA2
gbif-inat-toxic-round2:00310943,images/raw/gbif-inat-toxic-round2/cicuta_maculata/5166900861_2.jpg,Cicuta maculata,usda:CIMA2
gbif-inat-toxic-round2:00310790,images/raw/gbif-inat-toxic-round2/cicuta_maculata/5140449781_1.jpg,Cicuta maculata,usda:CIMA2
gbif-inat-toxic-round2:00310719,images/raw/gbif-inat-toxic-round2/cicuta_maculata/6320283774_1.jpg,Cicuta maculata,usda:CIMA2
gbif-inat-toxic-round2:00310708,images/raw/gbif-inat-toxic-round2/cicuta_maculata/6274258325_1.jpg,Cicuta maculata,usda:CIMA2
gbif-inat-toxic-round2:00310684,images/raw/gbif-inat-toxic-round2/cicuta_maculata/6274118515_1.jpg,Cicuta maculata,usda:CIMA2
gbif-inat:00000051,images/raw/gbif-inat/cicuta_maculata/6184895581_1.jpg,Cicuta maculata,usda:CIMA2
gbif-inat-toxic-round2:00310941,images/raw/gbif-inat-toxic-round2/cicuta_maculata/5166869443_3.jpg,Cicuta maculata,usda:CIMA2
gbif-inat-toxic-round2:00310966,images/raw/gbif-inat-toxic-round2/cicuta_maculata/5167171199_2.jpg,Cicuta maculata,usda:CIMA2
gbif-inat:00000054,images/raw/gbif-inat/cicuta_maculata/6185013744_2.jpg,Cicuta maculata,usda:CIMA2
gbif-inat-toxic-round2:00310734,images/raw/gbif-inat-toxic-round2/cicuta_maculata/6320883811_3.jpg,Cicuta maculata,usda:CIMA2
gbif-inat:00001456,images/raw/gbif-inat/cicuta_maculata/6187916717_2.jpg,Cicuta maculata,usda:CIMA2
gbif-inat:00001485,images/raw/gbif-inat/cicuta_maculata/6235011550_1.jpg,Cicuta maculata,usda:CIMA2
gbif-inat-toxic-round2:00310731,images/raw/gbif-inat-toxic-round2/cicuta_maculata/6320796050_1.jpg,Cicuta maculata,usda:CIMA2
gbif-inat-toxic-round2:00310937,images/raw/gbif-inat-toxic-round2/cicuta_maculata/5166867727_7.jpg,Cicuta maculata,usda:CIMA2
gbif-inat-toxic-round2:00311614,images/raw/gbif-inat-toxic-round2/conium_maculatum/6147279486_1.jpg,Conium maculatum,usda:COMA2
gbif-inat-toxic-round2:00311695,images/raw/gbif-inat-toxic-round2/conium_maculatum/6159233479_1.jpg,Conium maculatum,usda:COMA2
gbif-inat-toxic-round2:00311870,images/raw/gbif-inat-toxic-round2/conium_maculatum/6163388020_1.jpg,Conium maculatum,usda:COMA2
gbif-inat-toxic-round2:00311638,images/raw/gbif-inat-toxic-round2/conium_maculatum/6147524607_2.jpg,Conium maculatum,usda:COMA2
gbif-inat-toxic-round2:00311674,images/raw/gbif-inat-toxic-round2/conium_maculatum/6159148138_4.jpg,Conium maculatum,usda:COMA2
gbif-inat-toxic-round2:00311859,images/raw/gbif-inat-toxic-round2/conium_maculatum/6163238582_2.jpg,Conium maculatum,usda:COMA2
gbif-inat-toxic-round2:00311598,images/raw/gbif-inat-toxic-round2/conium_maculatum/6133242859_1.jpg,Conium maculatum,usda:COMA2
gbif-inat-toxic-round2:00311557,images/raw/gbif-inat-toxic-round2/conium_maculatum/6147425622_1.jpg,Conium maculatum,usda:COMA2
gbif-inat-toxic-round2:00311654,images/raw/gbif-inat-toxic-round2/conium_maculatum/6147589720_1.jpg,Conium maculatum,usda:COMA2
gbif-inat-toxic-round2:00311532,images/raw/gbif-inat-toxic-round2/conium_maculatum/6133384520_1.jpg,Conium maculatum,usda:COMA2
gbif-inat-toxic-round2:00311609,images/raw/gbif-inat-toxic-round2/conium_maculatum/6147194025_2.jpg,Conium maculatum,usda:COMA2
gbif-inat-toxic-round2:00311491,images/raw/gbif-inat-toxic-round2/conium_maculatum/6131501740_1.jpg,Conium maculatum,usda:COMA2
gbif-inat-toxic-round2:00311539,images/raw/gbif-inat-toxic-round2/conium_maculatum/6133469625_2.jpg,Conium maculatum,usda:COMA2
gbif-inat-toxic-round2:00311793,images/raw/gbif-inat-toxic-round2/conium_maculatum/6162860118_1.jpg,Conium maculatum,usda:COMA2
gbif-inat-toxic-round2:00311709,images/raw/gbif-inat-toxic-round2/conium_maculatum/6159289451_1.jpg,Conium maculatum,usda:COMA2
gbif-inat-toxic-round2:00311869,images/raw/gbif-inat-toxic-round2/conium_maculatum/6163380219_2.jpg,Conium maculatum,usda:COMA2
gbif-inat-toxic-round2:00311558,images/raw/gbif-inat-toxic-round2/conium_maculatum/6147425622_2.jpg,Conium maculatum,usda:COMA2
gbif-inat-toxic-round2:00311872,images/raw/gbif-inat-toxic-round2/conium_maculatum/6163404473_2.jpg,Conium maculatum,usda:COMA2
gbif-inat-toxic-round2:00311630,images/raw/gbif-inat-toxic-round2/conium_maculatum/6147395597_3.jpg,Conium maculatum,usda:COMA2
gbif-inat-toxic-round2:00311754,images/raw/gbif-inat-toxic-round2/conium_maculatum/6159550246_1.jpg,Conium maculatum,usda:COMA2
gbif-inat-toxic-round2:00311677,images/raw/gbif-inat-toxic-round2/conium_maculatum/6159160986_2.jpg,Conium maculatum,usda:COMA2
gbif-inat-toxic-round2:00311778,images/raw/gbif-inat-toxic-round2/conium_maculatum/6159708002_2.jpg,Conium maculatum,usda:COMA2
gbif-inat-toxic-round2:00311734,images/raw/gbif-inat-toxic-round2/conium_maculatum/6159388566_2.jpg,Conium maculatum,usda:COMA2
gbif-inat:00001628,images/raw/gbif-inat/conium_maculatum/6130706472_1.jpg,Conium maculatum,usda:COMA2
gbif-inat-toxic-round2:00311824,images/raw/gbif-inat-toxic-round2/conium_maculatum/6162979765_1.jpg,Conium maculatum,usda:COMA2
gbif-inat:00001642,images/raw/gbif-inat/conium_maculatum/6130913503_1.jpg,Conium maculatum,usda:COMA2
gbif-inat-toxic-round2:00311530,images/raw/gbif-inat-toxic-round2/conium_maculatum/6133339920_3.jpg,Conium maculatum,usda:COMA2
gbif-inat-toxic-round2:00311528,images/raw/gbif-inat-toxic-round2/conium_maculatum/6133339920_1.jpg,Conium maculatum,usda:COMA2
gbif-inat-toxic-round2:00311857,images/raw/gbif-inat-toxic-round2/conium_maculatum/6163237295_2.jpg,Conium maculatum,usda:COMA2
gbif-inat-toxic-round2:00311803,images/raw/gbif-inat-toxic-round2/conium_maculatum/6162892108_2.jpg,Conium maculatum,usda:COMA2
gbif-inat:00001595,images/raw/gbif-inat/conium_maculatum/6130206312_1.jpg,Conium maculatum,usda:COMA2
gbif-inat-toxic-round2:00311826,images/raw/gbif-inat-toxic-round2/conium_maculatum/6163030563_1.jpg,Conium maculatum,usda:COMA2
gbif-inat:00001627,images/raw/gbif-inat/conium_maculatum/6130668013_2.jpg,Conium maculatum,usda:COMA2
gbif-inat-toxic-round2:00311693,images/raw/gbif-inat-toxic-round2/conium_maculatum/6159214482_1.jpg,Conium maculatum,usda:COMA2
gbif-inat-toxic-round2:00311637,images/raw/gbif-inat-toxic-round2/conium_maculatum/6147524607_1.jpg,Conium maculatum,usda:COMA2
gbif-inat-toxic-round2:00311516,images/raw/gbif-inat-toxic-round2/conium_maculatum/6133158565_2.jpg,Conium maculatum,usda:COMA2
gbif-inat-toxic-round2:00311769,images/raw/gbif-inat-toxic-round2/conium_maculatum/6159651796_1.jpg,Conium maculatum,usda:COMA2
gbif-inat-toxic-round2:00311585,images/raw/gbif-inat-toxic-round2/conium_maculatum/6171154295_1.jpg,Conium maculatum,usda:COMA2
gbif-inat-toxic-round2:00311572,images/raw/gbif-inat-toxic-round2/conium_maculatum/6159172241_1.jpg,Conium maculatum,usda:COMA2
gbif-inat:00000093,images/raw/gbif-inat/conium_maculatum/5938264753_3.jpg,Conium maculatum,usda:COMA2
gbif-inat-toxic-round2:00311705,images/raw/gbif-inat-toxic-round2/conium_maculatum/6159265981_1.jpg,Conium maculatum,usda:COMA2
gbif-inat-toxic-round2:00311671,images/raw/gbif-inat-toxic-round2/conium_maculatum/6159148138_1.jpg,Conium maculatum,usda:COMA2
gbif-inat:00000110,images/raw/gbif-inat/conium_maculatum/6129919143_1.jpg,Conium maculatum,usda:COMA2
gbif-inat-toxic-round2:00311662,images/raw/gbif-inat-toxic-round2/conium_maculatum/6147660390_4.jpg,Conium maculatum,usda:COMA2
gbif-inat-toxic-round2:00311827,images/raw/gbif-inat-toxic-round2/conium_maculatum/6163046035_1.jpg,Conium maculatum,usda:COMA2
gbif-inat-toxic-round2:00311486,images/raw/gbif-inat-toxic-round2/conium_maculatum/6131411438_1.jpg,Conium maculatum,usda:COMA2
gbif-inat:00001601,images/raw/gbif-inat/conium_maculatum/6130247657_4.jpg,Conium maculatum,usda:COMA2
gbif-inat-toxic-round2:00311800,images/raw/gbif-inat-toxic-round2/conium_maculatum/6162885829_2.jpg,Conium maculatum,usda:COMA2
gbif-inat-toxic-round2:00311810,images/raw/gbif-inat-toxic-round2/conium_maculatum/6162930776_2.jpg,Conium maculatum,usda:COMA2
gbif-inat-toxic-round2:00311854,images/raw/gbif-inat-toxic-round2/conium_maculatum/6163233367_1.jpg,Conium maculatum,usda:COMA2
gbif-inat-toxic-round2:00311540,images/raw/gbif-inat-toxic-round2/conium_maculatum/6133471814_1.jpg,Conium maculatum,usda:COMA2
gbif-inat-toxic-round2:00311688,images/raw/gbif-inat-toxic-round2/conium_maculatum/6159183393_1.jpg,Conium maculatum,usda:COMA2
gbif-inat-toxic-round2:00311673,images/raw/gbif-inat-toxic-round2/conium_maculatum/6159148138_3.jpg,Conium maculatum,usda:COMA2
gbif-inat-toxic-round2:00311522,images/raw/gbif-inat-toxic-round2/conium_maculatum/6133255516_1.jpg,Conium maculatum,usda:COMA2
gbif-inat-toxic-round2:00311714,images/raw/gbif-inat-toxic-round2/conium_maculatum/6159308421_2.jpg,Conium maculatum,usda:COMA2
gbif-inat-toxic-round2:00311515,images/raw/gbif-inat-toxic-round2/conium_maculatum/6133158565_1.jpg,Conium maculatum,usda:COMA2
gbif-inat-toxic-round2:00311782,images/raw/gbif-inat-toxic-round2/conium_maculatum/6159710718_4.jpg,Conium maculatum,usda:COMA2
gbif-inat-toxic-round2:00311679,images/raw/gbif-inat-toxic-round2/conium_maculatum/6159164220_1.jpg,Conium maculatum,usda:COMA2
gbif-inat-toxic-round2:00311818,images/raw/gbif-inat-toxic-round2/conium_maculatum/6162961415_2.jpg,Conium maculatum,usda:COMA2
gbif-inat-toxic-round2:00311576,images/raw/gbif-inat-toxic-round2/conium_maculatum/6159700490_1.jpg,Conium maculatum,usda:COMA2
gbif-inat-toxic-round2:00311503,images/raw/gbif-inat-toxic-round2/conium_maculatum/6131654088_2.jpg,Conium maculatum,usda:COMA2
gbif-inat:00001636,images/raw/gbif-inat/conium_maculatum/6130811330_3.jpg,Conium maculatum,usda:COMA2
gbif-inat:00001625,images/raw/gbif-inat/conium_maculatum/6130622975_1.jpg,Conium maculatum,usda:COMA2
gbif-inat-toxic-round2:00311505,images/raw/gbif-inat-toxic-round2/conium_maculatum/6131685259_1.jpg,Conium maculatum,usda:COMA2
gbif-inat:00001619,images/raw/gbif-inat/conium_maculatum/6130607840_1.jpg,Conium maculatum,usda:COMA2
gbif-inat:00000119,images/raw/gbif-inat/conium_maculatum/6130121475_2.jpg,Conium maculatum,usda:COMA2
gbif-inat:00001645,images/raw/gbif-inat/conium_maculatum/6130913503_4.jpg,Conium maculatum,usda:COMA2
gbif-inat:00001613,images/raw/gbif-inat/conium_maculatum/6130472967_1.jpg,Conium maculatum,usda:COMA2
gbif-inat-toxic-round2:00311495,images/raw/gbif-inat-toxic-round2/conium_maculatum/6131596774_1.jpg,Conium maculatum,usda:COMA2
gbif-inat-toxic-round2:00311580,images/raw/gbif-inat-toxic-round2/conium_maculatum/6163169922_3.jpg,Conium maculatum,usda:COMA2
gbif-inat-toxic-round2:00311819,images/raw/gbif-inat-toxic-round2/conium_maculatum/6162976764_1.jpg,Conium maculatum,usda:COMA2
gbif-inat-toxic-round2:00311822,images/raw/gbif-inat-toxic-round2/conium_maculatum/6162976764_4.jpg,Conium maculatum,usda:COMA2
gbif-inat:00000109,images/raw/gbif-inat/conium_maculatum/6129907428_5.jpg,Conium maculatum,usda:COMA2
gbif-inat:00000099,images/raw/gbif-inat/conium_maculatum/5938410634_1.jpg,Conium maculatum,usda:COMA2
gbif-inat-toxic-round2:00311823,images/raw/gbif-inat-toxic-round2/conium_maculatum/6162976764_5.jpg,Conium maculatum,usda:COMA2
gbif-inat-toxic-round2:00311560,images/raw/gbif-inat-toxic-round2/conium_maculatum/6147491547_2.jpg,Conium maculatum,usda:COMA2
gbif-inat:00001658,images/raw/gbif-inat/conium_maculatum/6131080489_4.jpg,Conium maculatum,usda:COMA2
gbif-inat-toxic-round2:00311699,images/raw/gbif-inat-toxic-round2/conium_maculatum/6159248533_2.jpg,Conium maculatum,usda:COMA2
gbif-inat-toxic-round2:00311811,images/raw/gbif-inat-toxic-round2/conium_maculatum/6162935423_1.jpg,Conium maculatum,usda:COMA2
gbif-inat-toxic-round2:00311727,images/raw/gbif-inat-toxic-round2/conium_maculatum/6159378800_2.jpg,Conium maculatum,usda:COMA2
gbif-inat-toxic-round2:00311862,images/raw/gbif-inat-toxic-round2/conium_maculatum/6163338369_1.jpg,Conium maculatum,usda:COMA2
gbif-inat:00000098,images/raw/gbif-inat/conium_maculatum/5938375632_1.jpg,Conium maculatum,usda:COMA2
gbif-inat-toxic-round2:00311552,images/raw/gbif-inat-toxic-round2/conium_maculatum/6133614421_4.jpg,Conium maculatum,usda:COMA2
gbif-inat-toxic-round2:00311661,images/raw/gbif-inat-toxic-round2/conium_maculatum/6147660390_3.jpg,Conium maculatum,usda:COMA2
gbif-inat-toxic-round2:00311568,images/raw/gbif-inat-toxic-round2/conium_maculatum/6147723806_3.jpg,Conium maculatum,usda:COMA2
gbif-inat:00001652,images/raw/gbif-inat/conium_maculatum/6131078317_2.jpg,Conium maculatum,usda:COMA2
gbif-inat-toxic-round2:00311643,images/raw/gbif-inat-toxic-round2/conium_maculatum/6147576179_1.jpg,Conium maculatum,usda:COMA2
gbif-inat-toxic-round2:00311518,images/raw/gbif-inat-toxic-round2/conium_maculatum/6133179735_2.jpg,Conium maculatum,usda:COMA2
gbif-inat-toxic-round2:00311666,images/raw/gbif-inat-toxic-round2/conium_maculatum/6159141591_1.jpg,Conium maculatum,usda:COMA2
gbif-inat-toxic-round2:00311647,images/raw/gbif-inat-toxic-round2/conium_maculatum/6147585632_1.jpg,Conium maculatum,usda:COMA2
gbif-inat:00000096,images/raw/gbif-inat/conium_maculatum/5938305850_1.jpg,Conium maculatum,usda:COMA2
gbif-inat-toxic-round2:00311651,images/raw/gbif-inat-toxic-round2/conium_maculatum/6147585632_5.jpg,Conium maculatum,usda:COMA2
gbif-inat-toxic-round2:00311583,images/raw/gbif-inat-toxic-round2/conium_maculatum/6163169922_6.jpg,Conium maculatum,usda:COMA2
gbif-inat:00001624,images/raw/gbif-inat/conium_maculatum/6130607840_6.jpg,Conium maculatum,usda:COMA2
gbif-inat-toxic-round2:00311553,images/raw/gbif-inat-toxic-round2/conium_maculatum/6147295907_1.jpg,Conium maculatum,usda:COMA2
gbif-inat-toxic-round2:00311500,images/raw/gbif-inat-toxic-round2/conium_maculatum/6131638726_1.jpg,Conium maculatum,usda:COMA2
gbif-inat-toxic-round2:00311678,images/raw/gbif-inat-toxic-round2/conium_maculatum/6159160986_3.jpg,Conium maculatum,usda:COMA2
gbif-inat-toxic-round2:00311775,images/raw/gbif-inat-toxic-round2/conium_maculatum/6159702201_1.jpg,Conium maculatum,usda:COMA2
gbif-inat-toxic-round2:00311759,images/raw/gbif-inat-toxic-round2/conium_maculatum/6159627503_1.jpg,Conium maculatum,usda:COMA2
gbif-inat-toxic-round2:00311667,images/raw/gbif-inat-toxic-round2/conium_maculatum/6159142008_1.jpg,Conium maculatum,usda:COMA2
gbif-inat-toxic-round2:00311615,images/raw/gbif-inat-toxic-round2/conium_maculatum/6147279979_1.jpg,Conium maculatum,usda:COMA2
gbif-inat-toxic-round2:00311665,images/raw/gbif-inat-toxic-round2/conium_maculatum/6159139712_2.jpg,Conium maculatum,usda:COMA2
gbif-inat-toxic-round2:00311761,images/raw/gbif-inat-toxic-round2/conium_maculatum/6159633544_2.jpg,Conium maculatum,usda:COMA2
gbif-inat-toxic-round2:00311483,images/raw/gbif-inat-toxic-round2/conium_maculatum/6131277992_1.jpg,Conium maculatum,usda:COMA2
gbif-inat-toxic-round2:00311711,images/raw/gbif-inat-toxic-round2/conium_maculatum/6159289451_3.jpg,Conium maculatum,usda:COMA2
gbif-inat-toxic-round2:00311758,images/raw/gbif-inat-toxic-round2/conium_maculatum/6159611310_1.jpg,Conium maculatum,usda:COMA2
gbif-inat-toxic-round2:00311548,images/raw/gbif-inat-toxic-round2/conium_maculatum/6133566020_1.jpg,Conium maculatum,usda:COMA2
gbif-inat-toxic-round2:00311519,images/raw/gbif-inat-toxic-round2/conium_maculatum/6133179735_3.jpg,Conium maculatum,usda:COMA2
gbif-inat-toxic-round2:00311786,images/raw/gbif-inat-toxic-round2/conium_maculatum/6162811930_1.jpg,Conium maculatum,usda:COMA2
gbif-inat-toxic-round2:00311707,images/raw/gbif-inat-toxic-round2/conium_maculatum/6159269852_1.jpg,Conium maculatum,usda:COMA2
gbif-inat-toxic-round2:00311514,images/raw/gbif-inat-toxic-round2/conium_maculatum/6133138634_2.jpg,Conium maculatum,usda:COMA2
gbif-inat:00001649,images/raw/gbif-inat/conium_maculatum/6130981019_1.jpg,Conium maculatum,usda:COMA2
gbif-inat-toxic-round2:00311588,images/raw/gbif-inat-toxic-round2/conium_maculatum/6235764317_1.jpg,Conium maculatum,usda:COMA2
gbif-inat-toxic-round2:00311799,images/raw/gbif-inat-toxic-round2/conium_maculatum/6162885829_1.jpg,Conium maculatum,usda:COMA2
gbif-inat-toxic-round2:00311792,images/raw/gbif-inat-toxic-round2/conium_maculatum/6162849062_1.jpg,Conium maculatum,usda:COMA2
gbif-inat:00001621,images/raw/gbif-inat/conium_maculatum/6130607840_3.jpg,Conium maculatum,usda:COMA2
gbif-inat-toxic-round2:00311765,images/raw/gbif-inat-toxic-round2/conium_maculatum/6159641259_1.jpg,Conium maculatum,usda:COMA2
gbif-inat-toxic-round2:00311767,images/raw/gbif-inat-toxic-round2/conium_maculatum/6159647464_1.jpg,Conium maculatum,usda:COMA2
gbif-inat-toxic-round2:00311706,images/raw/gbif-inat-toxic-round2/conium_maculatum/6159268990_1.jpg,Conium maculatum,usda:COMA2
gbif-inat-toxic-round2:00311613,images/raw/gbif-inat-toxic-round2/conium_maculatum/6147274785_1.jpg,Conium maculatum,usda:COMA2
gbif-inat:00000091,images/raw/gbif-inat/conium_maculatum/5938264753_1.jpg,Conium maculatum,usda:COMA2
gbif-inat-toxic-round2:00311743,images/raw/gbif-inat-toxic-round2/conium_maculatum/6159431832_1.jpg,Conium maculatum,usda:COMA2
gbif-inat-toxic-round2:00311670,images/raw/gbif-inat-toxic-round2/conium_maculatum/6159142008_4.jpg,Conium maculatum,usda:COMA2
gbif-inat-toxic-round2:00311543,images/raw/gbif-inat-toxic-round2/conium_maculatum/6133498466_1.jpg,Conium maculatum,usda:COMA2
gbif-inat-toxic-round2:00311517,images/raw/gbif-inat-toxic-round2/conium_maculatum/6133179735_1.jpg,Conium maculatum,usda:COMA2
gbif-inat-toxic-round2:00311478,images/raw/gbif-inat-toxic-round2/conium_maculatum/6131175438_1.jpg,Conium maculatum,usda:COMA2
gbif-inat:00001657,images/raw/gbif-inat/conium_maculatum/6131080489_3.jpg,Conium maculatum,usda:COMA2
gbif-inat-toxic-round2:00311815,images/raw/gbif-inat-toxic-round2/conium_maculatum/6162939722_2.jpg,Conium maculatum,usda:COMA2
gbif-inat-toxic-round2:00311703,images/raw/gbif-inat-toxic-round2/conium_maculatum/6159256264_4.jpg,Conium maculatum,usda:COMA2
gbif-inat-toxic-round2:00311715,images/raw/gbif-inat-toxic-round2/conium_maculatum/6159308421_3.jpg,Conium maculatum,usda:COMA2
gbif-inat-toxic-round2:00311768,images/raw/gbif-inat-toxic-round2/conium_maculatum/6159647464_2.jpg,Conium maculatum,usda:COMA2
gbif-inat-toxic-round2:00311603,images/raw/gbif-inat-toxic-round2/conium_maculatum/6133249587_2.jpg,Conium maculatum,usda:COMA2
gbif-inat-toxic-round2:00311600,images/raw/gbif-inat-toxic-round2/conium_maculatum/6133242859_3.jpg,Conium maculatum,usda:COMA2
gbif-inat-toxic-round2:00311749,images/raw/gbif-inat-toxic-round2/conium_maculatum/6159499554_1.jpg,Conium maculatum,usda:COMA2
gbif-inat-toxic-round2:00311717,images/raw/gbif-inat-toxic-round2/conium_maculatum/6159313038_2.jpg,Conium maculatum,usda:COMA2
gbif-inat-toxic-round2:00311856,images/raw/gbif-inat-toxic-round2/conium_maculatum/6163237295_1.jpg,Conium maculatum,usda:COMA2
gbif-inat:00001611,images/raw/gbif-inat/conium_maculatum/6130460991_2.jpg,Conium maculatum,usda:COMA2
gbif-inat-toxic-round2:00311835,images/raw/gbif-inat-toxic-round2/conium_maculatum/6163114932_1.jpg,Conium maculatum,usda:COMA2
gbif-inat-toxic-round2:00311780,images/raw/gbif-inat-toxic-round2/conium_maculatum/6159710718_2.jpg,Conium maculatum,usda:COMA2
gbif-inat-toxic-round2:00311788,images/raw/gbif-inat-toxic-round2/conium_maculatum/6162834965_2.jpg,Conium maculatum,usda:COMA2
gbif-inat-toxic-round2:00311496,images/raw/gbif-inat-toxic-round2/conium_maculatum/6131596774_2.jpg,Conium maculatum,usda:COMA2
gbif-inat-toxic-round2:00311616,images/raw/gbif-inat-toxic-round2/conium_maculatum/6147279979_2.jpg,Conium maculatum,usda:COMA2
gbif-inat-toxic-round2:00311485,images/raw/gbif-inat-toxic-round2/conium_maculatum/6131411040_1.jpg,Conium maculatum,usda:COMA2
gbif-inat:00001638,images/raw/gbif-inat/conium_maculatum/6130812477_1.jpg,Conium maculatum,usda:COMA2
gbif-inat-toxic-round2:00311594,images/raw/gbif-inat-toxic-round2/conium_maculatum/6133044305_2.jpg,Conium maculatum,usda:COMA2
gbif-inat-toxic-round2:00311488,images/raw/gbif-inat-toxic-round2/conium_maculatum/6131426806_2.jpg,Conium maculatum,usda:COMA2
gbif-inat-toxic-round2:00311504,images/raw/gbif-inat-toxic-round2/conium_maculatum/6131654088_3.jpg,Conium maculatum,usda:COMA2
gbif-inat-toxic-round2:00311506,images/raw/gbif-inat-toxic-round2/conium_maculatum/6133032249_1.jpg,Conium maculatum,usda:COMA2
gbif-inat-toxic-round2:00311534,images/raw/gbif-inat-toxic-round2/conium_maculatum/6133416902_1.jpg,Conium maculatum,usda:COMA2
gbif-inat-toxic-round2:00311642,images/raw/gbif-inat-toxic-round2/conium_maculatum/6147572518_4.jpg,Conium maculatum,usda:COMA2
gbif-inat-toxic-round2:00311814,images/raw/gbif-inat-toxic-round2/conium_maculatum/6162939722_1.jpg,Conium maculatum,usda:COMA2
gbif-inat-toxic-round2:00311591,images/raw/gbif-inat-toxic-round2/conium_maculatum/6253070119_2.jpg,Conium maculatum,usda:COMA2
gbif-inat-toxic-round2:00311648,images/raw/gbif-inat-toxic-round2/conium_maculatum/6147585632_2.jpg,Conium maculatum,usda:COMA2
gbif-inat-toxic-round2:00311645,images/raw/gbif-inat-toxic-round2/conium_maculatum/6147582967_1.jpg,Conium maculatum,usda:COMA2
gbif-inat-toxic-round2:00311562,images/raw/gbif-inat-toxic-round2/conium_maculatum/6147520932_2.jpg,Conium maculatum,usda:COMA2
gbif-inat-toxic-round2:00311804,images/raw/gbif-inat-toxic-round2/conium_maculatum/6162898679_1.jpg,Conium maculatum,usda:COMA2
gbif-inat-toxic-round2:00311510,images/raw/gbif-inat-toxic-round2/conium_maculatum/6133083685_1.jpg,Conium maculatum,usda:COMA2
gbif-inat-toxic-round2:00311526,images/raw/gbif-inat-toxic-round2/conium_maculatum/6133331678_1.jpg,Conium maculatum,usda:COMA2
gbif-inat-toxic-round2:00311494,images/raw/gbif-inat-toxic-round2/conium_maculatum/6131575696_1.jpg,Conium maculatum,usda:COMA2
gbif-inat-toxic-round2:00311509,images/raw/gbif-inat-toxic-round2/conium_maculatum/6133082491_1.jpg,Conium maculatum,usda:COMA2
gbif-inat-toxic-round2:00311718,images/raw/gbif-inat-toxic-round2/conium_maculatum/6159313038_3.jpg,Conium maculatum,usda:COMA2
gbif-inat-toxic-round2:00311849,images/raw/gbif-inat-toxic-round2/conium_maculatum/6163178728_1.jpg,Conium maculatum,usda:COMA2
gbif-inat-toxic-round2:00311760,images/raw/gbif-inat-toxic-round2/conium_maculatum/6159633544_1.jpg,Conium maculatum,usda:COMA2
gbif-inat-toxic-round2:00311544,images/raw/gbif-inat-toxic-round2/conium_maculatum/6133498466_2.jpg,Conium maculatum,usda:COMA2
gbif-inat-toxic-round2:00311863,images/raw/gbif-inat-toxic-round2/conium_maculatum/6163339150_1.jpg,Conium maculatum,usda:COMA2
gbif-inat-toxic-round2:00311563,images/raw/gbif-inat-toxic-round2/conium_maculatum/6147520932_3.jpg,Conium maculatum,usda:COMA2
gbif-inat-toxic-round2:00311621,images/raw/gbif-inat-toxic-round2/conium_maculatum/6147322192_3.jpg,Conium maculatum,usda:COMA2
gbif-inat-toxic-round2:00311607,images/raw/gbif-inat-toxic-round2/conium_maculatum/6147175755_1.jpg,Conium maculatum,usda:COMA2
gbif-inat:00001603,images/raw/gbif-inat/conium_maculatum/6130269050_1.jpg,Conium maculatum,usda:COMA2
gbif-inat-toxic-round2:00311832,images/raw/gbif-inat-toxic-round2/conium_maculatum/6163082164_1.jpg,Conium maculatum,usda:COMA2
gbif-inat-toxic-round2:00311567,images/raw/gbif-inat-toxic-round2/conium_maculatum/6147723806_2.jpg,Conium maculatum,usda:COMA2
gbif-inat:00000117,images/raw/gbif-inat/conium_maculatum/6130100657_1.jpg,Conium maculatum,usda:COMA2
gbif-inat-toxic-round2:00311649,images/raw/gbif-inat-toxic-round2/conium_maculatum/6147585632_3.jpg,Conium maculatum,usda:COMA2
gbif-inat-toxic-round2:00311629,images/raw/gbif-inat-toxic-round2/conium_maculatum/6147395597_2.jpg,Conium maculatum,usda:COMA2
gbif-inat-toxic-round2:00311846,images/raw/gbif-inat-toxic-round2/conium_maculatum/6163131639_1.jpg,Conium maculatum,usda:COMA2
gbif-inat-toxic-round2:00311871,images/raw/gbif-inat-toxic-round2/conium_maculatum/6163404473_1.jpg,Conium maculatum,usda:COMA2
gbif-inat:00001614,images/raw/gbif-inat/conium_maculatum/6130472967_2.jpg,Conium maculatum,usda:COMA2
gbif-inat:00000107,images/raw/gbif-inat/conium_maculatum/6129907428_3.jpg,Conium maculatum,usda:COMA2
gbif-inat-toxic-round2:00311783,images/raw/gbif-inat-toxic-round2/conium_maculatum/6159710718_5.jpg,Conium maculatum,usda:COMA2
gbif-inat-toxic-round2:00311592,images/raw/gbif-inat-toxic-round2/conium_maculatum/6253070119_3.jpg,Conium maculatum,usda:COMA2
gbif-inat-toxic-round2:00311619,images/raw/gbif-inat-toxic-round2/conium_maculatum/6147322192_1.jpg,Conium maculatum,usda:COMA2
gbif-inat-toxic-round2:00311573,images/raw/gbif-inat-toxic-round2/conium_maculatum/6159226324_1.jpg,Conium maculatum,usda:COMA2
gbif-inat-toxic-round2:00311664,images/raw/gbif-inat-toxic-round2/conium_maculatum/6159139712_1.jpg,Conium maculatum,usda:COMA2
gbif-inat-toxic-round2:00311640,images/raw/gbif-inat-toxic-round2/conium_maculatum/6147572518_2.jpg,Conium maculatum,usda:COMA2
gbif-inat-toxic-round2:00311689,images/raw/gbif-inat-toxic-round2/conium_maculatum/6159197686_1.jpg,Conium maculatum,usda:COMA2
gbif-inat-toxic-round2:00311595,images/raw/gbif-inat-toxic-round2/conium_maculatum/6133044305_3.jpg,Conium maculatum,usda:COMA2
gbif-inat-toxic-round2:00311740,images/raw/gbif-inat-toxic-round2/conium_maculatum/6159422266_1.jpg,Conium maculatum,usda:COMA2
gbif-inat-toxic-round2:00311551,images/raw/gbif-inat-toxic-round2/conium_maculatum/6133614421_3.jpg,Conium maculatum,usda:COMA2
gbif-inat-toxic-round2:00311748,images/raw/gbif-inat-toxic-round2/conium_maculatum/6159498830_1.jpg,Conium maculatum,usda:COMA2
gbif-inat-toxic-round2:00311610,images/raw/gbif-inat-toxic-round2/conium_maculatum/6147194025_3.jpg,Conium maculatum,usda:COMA2
gbif-inat-toxic-round2:00311617,images/raw/gbif-inat-toxic-round2/conium_maculatum/6147285221_1.jpg,Conium maculatum,usda:COMA2
gbif-inat-toxic-round2:00311545,images/raw/gbif-inat-toxic-round2/conium_maculatum/6133498466_3.jpg,Conium maculatum,usda:COMA2
gbif-inat-toxic-round2:00311584,images/raw/gbif-inat-toxic-round2/conium_maculatum/6163379649_1.jpg,Conium maculatum,usda:COMA2
gbif-inat:00001596,images/raw/gbif-inat/conium_maculatum/6130206468_1.jpg,Conium maculatum,usda:COMA2
gbif-inat:00000104,images/raw/gbif-inat/conium_maculatum/6129904449_1.jpg,Conium maculatum,usda:COMA2
gbif-inat-toxic-round2:00311844,images/raw/gbif-inat-toxic-round2/conium_maculatum/6163123607_2.jpg,Conium maculatum,usda:COMA2
gbif-inat-toxic-round2:00311853,images/raw/gbif-inat-toxic-round2/conium_maculatum/6163214406_1.jpg,Conium maculatum,usda:COMA2
gbif-inat-toxic-round2:00311507,images/raw/gbif-inat-toxic-round2/conium_maculatum/6133032249_2.jpg,Conium maculatum,usda:COMA2
gbif-inat-toxic-round2:00311608,images/raw/gbif-inat-toxic-round2/conium_maculatum/6147194025_1.jpg,Conium maculatum,usda:COMA2
gbif-inat-toxic-round2:00311593,images/raw/gbif-inat-toxic-round2/conium_maculatum/6133044305_1.jpg,Conium maculatum,usda:COMA2
gbif-inat-toxic-round2:00311633,images/raw/gbif-inat-toxic-round2/conium_maculatum/6147488808_1.jpg,Conium maculatum,usda:COMA2
gbif-inat-toxic-round2:00311736,images/raw/gbif-inat-toxic-round2/conium_maculatum/6159407675_1.jpg,Conium maculatum,usda:COMA2
gbif-inat-toxic-round2:00311535,images/raw/gbif-inat-toxic-round2/conium_maculatum/6133439502_1.jpg,Conium maculatum,usda:COMA2
gbif-inat-toxic-round2:00311795,images/raw/gbif-inat-toxic-round2/conium_maculatum/6162866251_1.jpg,Conium maculatum,usda:COMA2
gbif-inat-toxic-round2:00311777,images/raw/gbif-inat-toxic-round2/conium_maculatum/6159708002_1.jpg,Conium maculatum,usda:COMA2
gbif-inat-toxic-round2:00311680,images/raw/gbif-inat-toxic-round2/conium_maculatum/6159166962_1.jpg,Conium maculatum,usda:COMA2
gbif-inat-toxic-round2:00311641,images/raw/gbif-inat-toxic-round2/conium_maculatum/6147572518_3.jpg,Conium maculatum,usda:COMA2
gbif-inat-toxic-round2:00311756,images/raw/gbif-inat-toxic-round2/conium_maculatum/6159550246_3.jpg,Conium maculatum,usda:COMA2
gbif-inat-toxic-round2:00311685,images/raw/gbif-inat-toxic-round2/conium_maculatum/6159178607_1.jpg,Conium maculatum,usda:COMA2
gbif-inat-toxic-round2:00311837,images/raw/gbif-inat-toxic-round2/conium_maculatum/6163118746_1.jpg,Conium maculatum,usda:COMA2
gbif-inat-toxic-round2:00311852,images/raw/gbif-inat-toxic-round2/conium_maculatum/6163202669_1.jpg,Conium maculatum,usda:COMA2
gbif-inat-toxic-round2:00311744,images/raw/gbif-inat-toxic-round2/conium_maculatum/6159434874_1.jpg,Conium maculatum,usda:COMA2
gbif-inat-toxic-round2:00311575,images/raw/gbif-inat-toxic-round2/conium_maculatum/6159533213_1.jpg,Conium maculatum,usda:COMA2
gbif-inat:00001605,images/raw/gbif-inat/conium_maculatum/6130269050_3.jpg,Conium maculatum,usda:COMA2
gbif-inat-toxic-round2:00311791,images/raw/gbif-inat-toxic-round2/conium_maculatum/6162848235_1.jpg,Conium maculatum,usda:COMA2
gbif-inat-toxic-round2:00311876,images/raw/gbif-inat-toxic-round2/conium_maculatum/6170815910_1.jpg,Conium maculatum,usda:COMA2
gbif-inat-toxic-round2:00311605,images/raw/gbif-inat-toxic-round2/conium_maculatum/6133520164_1.jpg,Conium maculatum,usda:COMA2
gbif-inat:00001629,images/raw/gbif-inat/conium_maculatum/6130706472_2.jpg,Conium maculatum,usda:COMA2
gbif-inat-toxic-round2:00311842,images/raw/gbif-inat-toxic-round2/conium_maculatum/6163121474_5.jpg,Conium maculatum,usda:COMA2
gbif-inat-toxic-round2:00311606,images/raw/gbif-inat-toxic-round2/conium_maculatum/6133567929_1.jpg,Conium maculatum,usda:COMA2
gbif-inat-toxic-round2:00311477,images/raw/gbif-inat-toxic-round2/conium_maculatum/6131131382_1.jpg,Conium maculatum,usda:COMA2
gbif-inat:00000103,images/raw/gbif-inat/conium_maculatum/6129873175_2.jpg,Conium maculatum,usda:COMA2
gbif-inat-toxic-round2:00311513,images/raw/gbif-inat-toxic-round2/conium_maculatum/6133138634_1.jpg,Conium maculatum,usda:COMA2
gbif-inat-toxic-round2:00311847,images/raw/gbif-inat-toxic-round2/conium_maculatum/6163160507_1.jpg,Conium maculatum,usda:COMA2
gbif-inat-toxic-round2:00311816,images/raw/gbif-inat-toxic-round2/conium_maculatum/6162939722_3.jpg,Conium maculatum,usda:COMA2
gbif-inat-toxic-round2:00311742,images/raw/gbif-inat-toxic-round2/conium_maculatum/6159428585_1.jpg,Conium maculatum,usda:COMA2
gbif-inat-toxic-round2:00311724,images/raw/gbif-inat-toxic-round2/conium_maculatum/6159349371_2.jpg,Conium maculatum,usda:COMA2
gbif-inat-toxic-round2:00311820,images/raw/gbif-inat-toxic-round2/conium_maculatum/6162976764_2.jpg,Conium maculatum,usda:COMA2
gbif-inat:00000105,images/raw/gbif-inat/conium_maculatum/6129907428_1.jpg,Conium maculatum,usda:COMA2
gbif-inat-toxic-round2:00311627,images/raw/gbif-inat-toxic-round2/conium_maculatum/6147386332_1.jpg,Conium maculatum,usda:COMA2
gbif-inat:00001646,images/raw/gbif-inat/conium_maculatum/6130976949_1.jpg,Conium maculatum,usda:COMA2
gbif-inat-toxic-round2:00311644,images/raw/gbif-inat-toxic-round2/conium_maculatum/6147579218_1.jpg,Conium maculatum,usda:COMA2
gbif-inat-toxic-round2:00311550,images/raw/gbif-inat-toxic-round2/conium_maculatum/6133614421_2.jpg,Conium maculatum,usda:COMA2
gbif-inat-toxic-round2:00311755,images/raw/gbif-inat-toxic-round2/conium_maculatum/6159550246_2.jpg,Conium maculatum,usda:COMA2
gbif-inat-toxic-round2:00311789,images/raw/gbif-inat-toxic-round2/conium_maculatum/6162846309_1.jpg,Conium maculatum,usda:COMA2
gbif-inat-toxic-round2:00311825,images/raw/gbif-inat-toxic-round2/conium_maculatum/6162998934_1.jpg,Conium maculatum,usda:COMA2
gbif-inat:00001637,images/raw/gbif-inat/conium_maculatum/6130811330_4.jpg,Conium maculatum,usda:COMA2
gbif-inat:00001644,images/raw/gbif-inat/conium_maculatum/6130913503_3.jpg,Conium maculatum,usda:COMA2
gbif-inat-toxic-round2:00311843,images/raw/gbif-inat-toxic-round2/conium_maculatum/6163123607_1.jpg,Conium maculatum,usda:COMA2
gbif-inat:00001641,images/raw/gbif-inat/conium_maculatum/6130887742_1.jpg,Conium maculatum,usda:COMA2
gbif-inat-toxic-round2:00311511,images/raw/gbif-inat-toxic-round2/conium_maculatum/6133083685_2.jpg,Conium maculatum,usda:COMA2
gbif-inat-toxic-round2:00311625,images/raw/gbif-inat-toxic-round2/conium_maculatum/6147359224_1.jpg,Conium maculatum,usda:COMA2
gbif-inat-toxic-round2:00311807,images/raw/gbif-inat-toxic-round2/conium_maculatum/6162906477_1.jpg,Conium maculatum,usda:COMA2
gbif-inat:00001615,images/raw/gbif-inat/conium_maculatum/6130563518_1.jpg,Conium maculatum,usda:COMA2
gbif-inat-toxic-round2:00311574,images/raw/gbif-inat-toxic-round2/conium_maculatum/6159226324_2.jpg,Conium maculatum,usda:COMA2
gbif-inat-toxic-round2:00311698,images/raw/gbif-inat-toxic-round2/conium_maculatum/6159248533_1.jpg,Conium maculatum,usda:COMA2
gbif-inat:00001647,images/raw/gbif-inat/conium_maculatum/6130976949_2.jpg,Conium maculatum,usda:COMA2
gbif-inat:00000116,images/raw/gbif-inat/conium_maculatum/6130092613_1.jpg,Conium maculatum,usda:COMA2
gbif-inat-toxic-round2:00311493,images/raw/gbif-inat-toxic-round2/conium_maculatum/6131561534_1.jpg,Conium maculatum,usda:COMA2
gbif-inat-toxic-round2:00311554,images/raw/gbif-inat-toxic-round2/conium_maculatum/6147333038_1.jpg,Conium maculatum,usda:COMA2
gbif-inat:00001599,images/raw/gbif-inat/conium_maculatum/6130247657_2.jpg,Conium maculatum,usda:COMA2
gbif-inat-toxic-round2:00311682,images/raw/gbif-inat-toxic-round2/conium_maculatum/6159169319_2.jpg,Conium maculatum,usda:COMA2
gbif-inat-toxic-round2:00311537,images/raw/gbif-inat-toxic-round2/conium_maculatum/6133462519_1.jpg,Conium maculatum,usda:COMA2
gbif-inat-toxic-round2:00311732,images/raw/gbif-inat-toxic-round2/conium_maculatum/6159388332_2.jpg,Conium maculatum,usda:COMA2
gbif-inat-toxic-round2:00311813,images/raw/gbif-inat-toxic-round2/conium_maculatum/6162939003_1.jpg,Conium maculatum,usda:COMA2
gbif-inat:00001622,images/raw/gbif-inat/conium_maculatum/6130607840_4.jpg,Conium maculatum,usda:COMA2
gbif-inat-toxic-round2:00311559,images/raw/gbif-inat-toxic-round2/conium_maculatum/6147491547_1.jpg,Conium maculatum,usda:COMA2
gbif-inat:00001639,images/raw/gbif-inat/conium_maculatum/6130828090_1.jpg,Conium maculatum,usda:COMA2
gbif-inat:00000101,images/raw/gbif-inat/conium_maculatum/5938577426_1.jpg,Conium maculatum,usda:COMA2
gbif-inat-toxic-round2:00311556,images/raw/gbif-inat-toxic-round2/conium_maculatum/6147333918_2.jpg,Conium maculatum,usda:COMA2
gbif-inat-toxic-round2:00311658,images/raw/gbif-inat-toxic-round2/conium_maculatum/6147650459_3.jpg,Conium maculatum,usda:COMA2
gbif-inat-toxic-round2:00311479,images/raw/gbif-inat-toxic-round2/conium_maculatum/6131197451_1.jpg,Conium maculatum,usda:COMA2
gbif-inat-toxic-round2:00311536,images/raw/gbif-inat-toxic-round2/conium_maculatum/6133439502_2.jpg,Conium maculatum,usda:COMA2
gbif-inat-toxic-round2:00311713,images/raw/gbif-inat-toxic-round2/conium_maculatum/6159308421_1.jpg,Conium maculatum,usda:COMA2
gbif-inat-toxic-round2:00311725,images/raw/gbif-inat-toxic-round2/conium_maculatum/6159359599_1.jpg,Conium maculatum,usda:COMA2
gbif-inat:00001616,images/raw/gbif-inat/conium_maculatum/6130563518_2.jpg,Conium maculatum,usda:COMA2
gbif-inat-toxic-round2:00311663,images/raw/gbif-inat-toxic-round2/conium_maculatum/6147660390_5.jpg,Conium maculatum,usda:COMA2
gbif-inat:00000114,images/raw/gbif-inat/conium_maculatum/6130070677_1.jpg,Conium maculatum,usda:COMA2
gbif-inat-toxic-round2:00311873,images/raw/gbif-inat-toxic-round2/conium_maculatum/6163418967_1.jpg,Conium maculatum,usda:COMA2
gbif-inat-toxic-round2:00311529,images/raw/gbif-inat-toxic-round2/conium_maculatum/6133339920_2.jpg,Conium maculatum,usda:COMA2
gbif-inat:00000102,images/raw/gbif-inat/conium_maculatum/6129873175_1.jpg,Conium maculatum,usda:COMA2
gbif-inat-toxic-round2:00311498,images/raw/gbif-inat-toxic-round2/conium_maculatum/6131596774_4.jpg,Conium maculatum,usda:COMA2
gbif-inat:00001594,images/raw/gbif-inat/conium_maculatum/6130205306_1.jpg,Conium maculatum,usda:COMA2
gbif-inat-toxic-round2:00311785,images/raw/gbif-inat-toxic-round2/conium_maculatum/6162802233_2.jpg,Conium maculatum,usda:COMA2
gbif-inat-toxic-round2:00311737,images/raw/gbif-inat-toxic-round2/conium_maculatum/6159420339_1.jpg,Conium maculatum,usda:COMA2
gbif-inat-toxic-round2:00311781,images/raw/gbif-inat-toxic-round2/conium_maculatum/6159710718_3.jpg,Conium maculatum,usda:COMA2
gbif-inat-toxic-round2:00311675,images/raw/gbif-inat-toxic-round2/conium_maculatum/6159148138_5.jpg,Conium maculatum,usda:COMA2
gbif-inat-toxic-round2:00311586,images/raw/gbif-inat-toxic-round2/conium_maculatum/6171219316_1.jpg,Conium maculatum,usda:COMA2
gbif-inat-toxic-round2:00311502,images/raw/gbif-inat-toxic-round2/conium_maculatum/6131654088_1.jpg,Conium maculatum,usda:COMA2
gbif-inat-toxic-round2:00311569,images/raw/gbif-inat-toxic-round2/conium_maculatum/6147723806_4.jpg,Conium maculatum,usda:COMA2
gbif-inat:00000112,images/raw/gbif-inat/conium_maculatum/6130027956_1.jpg,Conium maculatum,usda:COMA2
gbif-inat-toxic-round2:00311657,images/raw/gbif-inat-toxic-round2/conium_maculatum/6147650459_2.jpg,Conium maculatum,usda:COMA2
gbif-inat-toxic-round2:00311681,images/raw/gbif-inat-toxic-round2/conium_maculatum/6159169319_1.jpg,Conium maculatum,usda:COMA2
gbif-inat-toxic-round2:00311860,images/raw/gbif-inat-toxic-round2/conium_maculatum/6163242579_1.jpg,Conium maculatum,usda:COMA2
gbif-inat-toxic-round2:00311850,images/raw/gbif-inat-toxic-round2/conium_maculatum/6163186662_1.jpg,Conium maculatum,usda:COMA2
gbif-inat-toxic-round2:00311632,images/raw/gbif-inat-toxic-round2/conium_maculatum/6147488268_1.jpg,Conium maculatum,usda:COMA2
gbif-inat:00001635,images/raw/gbif-inat/conium_maculatum/6130811330_2.jpg,Conium maculatum,usda:COMA2
gbif-inat:00001602,images/raw/gbif-inat/conium_maculatum/6130256985_1.jpg,Conium maculatum,usda:COMA2
gbif-inat-toxic-round2:00311531,images/raw/gbif-inat-toxic-round2/conium_maculatum/6133339920_4.jpg,Conium maculatum,usda:COMA2
gbif-inat:00001620,images/raw/gbif-inat/conium_maculatum/6130607840_2.jpg,Conium maculatum,usda:COMA2
gbif-inat-toxic-round2:00311802,images/raw/gbif-inat-toxic-round2/conium_maculatum/6162892108_1.jpg,Conium maculatum,usda:COMA2
gbif-inat-toxic-round2:00311771,images/raw/gbif-inat-toxic-round2/conium_maculatum/6159661971_1.jpg,Conium maculatum,usda:COMA2
gbif-inat-toxic-round2:00311864,images/raw/gbif-inat-toxic-round2/conium_maculatum/6163339150_2.jpg,Conium maculatum,usda:COMA2
gbif-inat:00000120,images/raw/gbif-inat/conium_maculatum/6130187218_1.jpg,Conium maculatum,usda:COMA2
gbif-inat:00000111,images/raw/gbif-inat/conium_maculatum/6129984912_1.jpg,Conium maculatum,usda:COMA2
gbif-inat-toxic-round2:00311636,images/raw/gbif-inat-toxic-round2/conium_maculatum/6147522183_1.jpg,Conium maculatum,usda:COMA2
gbif-inat-toxic-round2:00311874,images/raw/gbif-inat-toxic-round2/conium_maculatum/6163418967_2.jpg,Conium maculatum,usda:COMA2
gbif-inat-toxic-round2:00311721,images/raw/gbif-inat-toxic-round2/conium_maculatum/6159328159_1.jpg,Conium maculatum,usda:COMA2
gbif-inat-toxic-round2:00311650,images/raw/gbif-inat-toxic-round2/conium_maculatum/6147585632_4.jpg,Conium maculatum,usda:COMA2
gbif-inat-toxic-round2:00311776,images/raw/gbif-inat-toxic-round2/conium_maculatum/6159704318_1.jpg,Conium maculatum,usda:COMA2
gbif-inat-toxic-round2:00311487,images/raw/gbif-inat-toxic-round2/conium_maculatum/6131426806_1.jpg,Conium maculatum,usda:COMA2
gbif-inat-toxic-round2:00311692,images/raw/gbif-inat-toxic-round2/conium_maculatum/6159209055_2.jpg,Conium maculatum,usda:COMA2
gbif-inat-toxic-round2:00311660,images/raw/gbif-inat-toxic-round2/conium_maculatum/6147660390_2.jpg,Conium maculatum,usda:COMA2
gbif-inat-toxic-round2:00311834,images/raw/gbif-inat-toxic-round2/conium_maculatum/6163114507_1.jpg,Conium maculatum,usda:COMA2
gbif-inat-toxic-round2:00311798,images/raw/gbif-inat-toxic-round2/conium_maculatum/6162872057_3.jpg,Conium maculatum,usda:COMA2
gbif-inat-toxic-round2:00311589,images/raw/gbif-inat-toxic-round2/conium_maculatum/6251916181_1.jpg,Conium maculatum,usda:COMA2
gbif-inat:00001610,images/raw/gbif-inat/conium_maculatum/6130460991_1.jpg,Conium maculatum,usda:COMA2
gbif-inat-toxic-round2:00311484,images/raw/gbif-inat-toxic-round2/conium_maculatum/6131339974_1.jpg,Conium maculatum,usda:COMA2
gbif-inat-toxic-round2:00311840,images/raw/gbif-inat-toxic-round2/conium_maculatum/6163121474_3.jpg,Conium maculatum,usda:COMA2
gbif-inat-toxic-round2:00311763,images/raw/gbif-inat-toxic-round2/conium_maculatum/6159633544_4.jpg,Conium maculatum,usda:COMA2
gbif-inat-toxic-round2:00311618,images/raw/gbif-inat-toxic-round2/conium_maculatum/6147285221_2.jpg,Conium maculatum,usda:COMA2
gbif-inat-toxic-round2:00311712,images/raw/gbif-inat-toxic-round2/conium_maculatum/6159296377_1.jpg,Conium maculatum,usda:COMA2
gbif-inat-toxic-round2:00311687,images/raw/gbif-inat-toxic-round2/conium_maculatum/6159178607_3.jpg,Conium maculatum,usda:COMA2
gbif-inat-toxic-round2:00311858,images/raw/gbif-inat-toxic-round2/conium_maculatum/6163238582_1.jpg,Conium maculatum,usda:COMA2
gbif-inat-toxic-round2:00311520,images/raw/gbif-inat-toxic-round2/conium_maculatum/6133179735_4.jpg,Conium maculatum,usda:COMA2
gbif-inat-toxic-round2:00311587,images/raw/gbif-inat-toxic-round2/conium_maculatum/6179345468_1.jpg,Conium maculatum,usda:COMA2
gbif-inat:00001650,images/raw/gbif-inat/conium_maculatum/6130981714_1.jpg,Conium maculatum,usda:COMA2
gbif-inat-toxic-round2:00311787,images/raw/gbif-inat-toxic-round2/conium_maculatum/6162834965_1.jpg,Conium maculatum,usda:COMA2
gbif-inat:00001607,images/raw/gbif-inat/conium_maculatum/6130375841_1.jpg,Conium maculatum,usda:COMA2
gbif-inat-toxic-round2:00311570,images/raw/gbif-inat-toxic-round2/conium_maculatum/6147723806_5.jpg,Conium maculatum,usda:COMA2
gbif-inat-toxic-round2:00311634,images/raw/gbif-inat-toxic-round2/conium_maculatum/6147520767_1.jpg,Conium maculatum,usda:COMA2
gbif-inat-toxic-round2:00311757,images/raw/gbif-inat-toxic-round2/conium_maculatum/6159608811_1.jpg,Conium maculatum,usda:COMA2
gbif-inat-toxic-round2:00311639,images/raw/gbif-inat-toxic-round2/conium_maculatum/6147572518_1.jpg,Conium maculatum,usda:COMA2
gbif-inat-toxic-round2:00311623,images/raw/gbif-inat-toxic-round2/conium_maculatum/6147348409_1.jpg,Conium maculatum,usda:COMA2
gbif-inat-toxic-round2:00311577,images/raw/gbif-inat-toxic-round2/conium_maculatum/6159700490_2.jpg,Conium maculatum,usda:COMA2
gbif-inat-toxic-round2:00311875,images/raw/gbif-inat-toxic-round2/conium_maculatum/6163418967_3.jpg,Conium maculatum,usda:COMA2
gbif-inat-toxic-round2:00311622,images/raw/gbif-inat-toxic-round2/conium_maculatum/6147328506_1.jpg,Conium maculatum,usda:COMA2
gbif-inat-toxic-round2:00311833,images/raw/gbif-inat-toxic-round2/conium_maculatum/6163112243_1.jpg,Conium maculatum,usda:COMA2
gbif-inat-toxic-round2:00311774,images/raw/gbif-inat-toxic-round2/conium_maculatum/6159693377_1.jpg,Conium maculatum,usda:COMA2
gbif-inat:00001630,images/raw/gbif-inat/conium_maculatum/6130722976_1.jpg,Conium maculatum,usda:COMA2
gbif-inat-toxic-round2:00311626,images/raw/gbif-inat-toxic-round2/conium_maculatum/6147361019_1.jpg,Conium maculatum,usda:COMA2
gbif-inat-toxic-round2:00311772,images/raw/gbif-inat-toxic-round2/conium_maculatum/6159661971_2.jpg,Conium maculatum,usda:COMA2
gbif-inat:00000118,images/raw/gbif-inat/conium_maculatum/6130121475_1.jpg,Conium maculatum,usda:COMA2
gbif-inat-toxic-round2:00311855,images/raw/gbif-inat-toxic-round2/conium_maculatum/6163233367_2.jpg,Conium maculatum,usda:COMA2
gbif-inat-toxic-round2:00311817,images/raw/gbif-inat-toxic-round2/conium_maculatum/6162961415_1.jpg,Conium maculatum,usda:COMA2
gbif-inat-toxic-round2:00311604,images/raw/gbif-inat-toxic-round2/conium_maculatum/6133349524_1.jpg,Conium maculatum,usda:COMA2
gbif-inat:00001618,images/raw/gbif-inat/conium_maculatum/6130590274_2.jpg,Conium maculatum,usda:COMA2
gbif-inat:00001653,images/raw/gbif-inat/conium_maculatum/6131078317_3.jpg,Conium maculatum,usda:COMA2
gbif-inat-toxic-round2:00311489,images/raw/gbif-inat-toxic-round2/conium_maculatum/6131468724_1.jpg,Conium maculatum,usda:COMA2
gbif-inat-toxic-round2:00311549,images/raw/gbif-inat-toxic-round2/conium_maculatum/6133614421_1.jpg,Conium maculatum,usda:COMA2
gbif-inat-toxic-round2:00311730,images/raw/gbif-inat-toxic-round2/conium_maculatum/6159387082_1.jpg,Conium maculatum,usda:COMA2
gbif-inat-toxic-round2:00311808,images/raw/gbif-inat-toxic-round2/conium_maculatum/6162916796_1.jpg,Conium maculatum,usda:COMA2
gbif-inat-toxic-round2:00311690,images/raw/gbif-inat-toxic-round2/conium_maculatum/6159205575_1.jpg,Conium maculatum,usda:COMA2
gbif-inat:00001651,images/raw/gbif-inat/conium_maculatum/6131078317_1.jpg,Conium maculatum,usda:COMA2
gbif-inat-toxic-round2:00311790,images/raw/gbif-inat-toxic-round2/conium_maculatum/6162846333_1.jpg,Conium maculatum,usda:COMA2
gbif-inat:00001654,images/raw/gbif-inat/conium_maculatum/6131078317_4.jpg,Conium maculatum,usda:COMA2
gbif-inat-toxic-round2:00311602,images/raw/gbif-inat-toxic-round2/conium_maculatum/6133249587_1.jpg,Conium maculatum,usda:COMA2
gbif-inat:00000115,images/raw/gbif-inat/conium_maculatum/6130074608_1.jpg,Conium maculatum,usda:COMA2
gbif-inat-toxic-round2:00311631,images/raw/gbif-inat-toxic-round2/conium_maculatum/6147476430_1.jpg,Conium maculatum,usda:COMA2
gbif-inat-toxic-round2:00311694,images/raw/gbif-inat-toxic-round2/conium_maculatum/6159233378_1.jpg,Conium maculatum,usda:COMA2
plantnet300k-v2:00294087,images/raw/plantnet300k-v2/daucus_carota/456cff7066462246a4e67ce04694bb4f805157a9.jpg,Daucus carota,usda:DACA6
plantnet300k-v2:00153877,images/raw/plantnet300k-v2/daucus_carota/b883aeb30040b7bd23647faa483505fbbfc41791.jpg,Daucus carota,usda:DACA6
plantnet300k-v2:00154278,images/raw/plantnet300k-v2/daucus_carota/c6ed9086b3c706eaa4a6daab26c43e71f1ea45fe.jpg,Daucus carota,usda:DACA6
plantnet300k-v2:00150604,images/raw/plantnet300k-v2/daucus_carota/435a7aea47da5b3cb6c191c85107d5f4a6ecd0fd.jpg,Daucus carota,usda:DACA6
plantnet300k-v2:00019036,images/raw/plantnet300k-v2/daucus_carota/35269c30d77936053610f38dc5e99da1f0bddecf.jpg,Daucus carota,usda:DACA6
plantnet300k-v2:00149981,images/raw/plantnet300k-v2/daucus_carota/2d2728e7fc23a38ecb4f4598b1c79d381ba94d41.jpg,Daucus carota,usda:DACA6
plantnet300k-v2:00294238,images/raw/plantnet300k-v2/daucus_carota/6f0abc75836bf820de212c044491ea5a346e6591.jpg,Daucus carota,usda:DACA6
plantnet300k-v2:00019312,images/raw/plantnet300k-v2/daucus_carota/7ac526b9939f0558daa850b182de02d71774df98.jpg,Daucus carota,usda:DACA6
plantnet300k-v2:00154477,images/raw/plantnet300k-v2/daucus_carota/cd699b5c48afe2e58267fa4bb5bef42115f68e80.jpg,Daucus carota,usda:DACA6
plantnet300k-v2:00152402,images/raw/plantnet300k-v2/daucus_carota/855d78993f0ddd540ad9500b9fa48b8e4d040de7.jpg,Daucus carota,usda:DACA6
plantnet300k-v2:00154011,images/raw/plantnet300k-v2/daucus_carota/bd65f3b1ad41a5b68855926136c383fafb8254e6.jpg,Daucus carota,usda:DACA6
plantnet300k-v2:00152634,images/raw/plantnet300k-v2/daucus_carota/8cb2f97a1b9a4672b3a342a87acc531ea7df8eb9.jpg,Daucus carota,usda:DACA6
plantnet300k-v2:00152386,images/raw/plantnet300k-v2/daucus_carota/84cfd65eac9f0485b3ed4f7f9bf11bb7edf86be4.jpg,Daucus carota,usda:DACA6
plantnet300k-v2:00148826,images/raw/plantnet300k-v2/daucus_carota/038871d3112ba16da2d0765ab35a244fea7e68b2.jpg,Daucus carota,usda:DACA6
plantnet300k-v2:00154595,images/raw/plantnet300k-v2/daucus_carota/d19e457d53e2ecd0d525f98f11f52b436a42b414.jpg,Daucus carota,usda:DACA6
plantnet300k-v2:00149246,images/raw/plantnet300k-v2/daucus_carota/13b0c17707671043f1213d8e375bb1381d537e62.jpg,Daucus carota,usda:DACA6
plantnet300k-v2:00150301,images/raw/plantnet300k-v2/daucus_carota/385fe66cc26522fd63342ceb52b260bb771f566b.jpg,Daucus carota,usda:DACA6
plantnet300k-v2:00153840,images/raw/plantnet300k-v2/daucus_carota/b6f951e36dbbcc615a588833336814ffe9202e51.jpg,Daucus carota,usda:DACA6
plantnet300k-v2:00153929,images/raw/plantnet300k-v2/daucus_carota/ba277f33785fa24573c85330a96adfa331f8f949.jpg,Daucus carota,usda:DACA6
plantnet300k-v2:00153305,images/raw/plantnet300k-v2/daucus_carota/a34165a4f2ceeaa5491f2622bfec8db64176e184.jpg,Daucus carota,usda:DACA6
plantnet300k-v2:00294601,images/raw/plantnet300k-v2/daucus_carota/dbb650bd5812db3f379c20a7dd012b5b8940b970.jpg,Daucus carota,usda:DACA6
plantnet300k-v2:00155846,images/raw/plantnet300k-v2/daucus_carota/fc4c8051171319899ed556f97e11e7f492cbb526.jpg,Daucus carota,usda:DACA6
plantnet300k-v2:00148776,images/raw/plantnet300k-v2/daucus_carota/01c1a11765645c0539dd8d04ec4d87a81c550b6e.jpg,Daucus carota,usda:DACA6
plantnet300k-v2:00149538,images/raw/plantnet300k-v2/daucus_carota/1df15c623eb77f0cb6fac477bc065fd43127d6d4.jpg,Daucus carota,usda:DACA6
plantnet300k-v2:00153532,images/raw/plantnet300k-v2/daucus_carota/abe75ecfc6b055bdba8334e63ae8b8b900d17368.jpg,Daucus carota,usda:DACA6
plantnet300k-v2:00149464,images/raw/plantnet300k-v2/daucus_carota/1b1a62d62988ae7ff952950d1f80a0ae1f1f786c.jpg,Daucus carota,usda:DACA6
plantnet300k-v2:00149379,images/raw/plantnet300k-v2/daucus_carota/17b8d3c0d7c7b8e2865908496740e0472eac2165.jpg,Daucus carota,usda:DACA6
plantnet300k-v2:00019157,images/raw/plantnet300k-v2/daucus_carota/56bbf99a4f134a100ce686734a47d63797e41097.jpg,Daucus carota,usda:DACA6
plantnet300k-v2:00019518,images/raw/plantnet300k-v2/daucus_carota/bb49bc59b49a95eb11e1a4e6b788e3144f3a25d2.jpg,Daucus carota,usda:DACA6
plantnet300k-v2:00152962,images/raw/plantnet300k-v2/daucus_carota/96fa6986c091c80e6b40152024fb326365fd97d9.jpg,Daucus carota,usda:DACA6
plantnet300k-v2:00293887,images/raw/plantnet300k-v2/daucus_carota/11e26f77b14ece0031801ec6dc29f084d9819ee7.jpg,Daucus carota,usda:DACA6
plantnet300k-v2:00149962,images/raw/plantnet300k-v2/daucus_carota/2c81e2c6deafd87d0b06ca961e01ad7097be07e4.jpg,Daucus carota,usda:DACA6
plantnet300k-v2:00294040,images/raw/plantnet300k-v2/daucus_carota/38541e7cd58772e352f1b04192d6bb7557d1fc14.jpg,Daucus carota,usda:DACA6
plantnet300k-v2:00152608,images/raw/plantnet300k-v2/daucus_carota/8bc76b701690b453cdbd7e7480815eb51ac2bff0.jpg,Daucus carota,usda:DACA6
plantnet300k-v2:00019303,images/raw/plantnet300k-v2/daucus_carota/783abe379a6ed0fa7853a03424bff108939e45c3.jpg,Daucus carota,usda:DACA6
plantnet300k-v2:00294695,images/raw/plantnet300k-v2/daucus_carota/f67781eda25aa8bd8ead2b3c1e86309783c6f4e1.jpg,Daucus carota,usda:DACA6
plantnet300k-v2:00149176,images/raw/plantnet300k-v2/daucus_carota/10a008f9d682d735c91929dae026dec099a301a2.jpg,Daucus carota,usda:DACA6
plantnet300k-v2:00154177,images/raw/plantnet300k-v2/daucus_carota/c3bff35f98ba4e312d0f65c6ff34df89796be490.jpg,Daucus carota,usda:DACA6
plantnet300k-v2:00294021,images/raw/plantnet300k-v2/daucus_carota/3431d98dea4d69a30dc65ee2b171c0c3e4e618a5.jpg,Daucus carota,usda:DACA6
plantnet300k-v2:00155872,images/raw/plantnet300k-v2/daucus_carota/fdb713bc03ff3781068f12c273d1bdf4afd58b24.jpg,Daucus carota,usda:DACA6
plantnet300k-v2:00149209,images/raw/plantnet300k-v2/daucus_carota/11f0d46ac76dd3d2a144911fc0567f30aa166703.jpg,Daucus carota,usda:DACA6
plantnet300k-v2:00149894,images/raw/plantnet300k-v2/daucus_carota/2a4d356f7e8727be45503d4d4eda9bd8ccf80635.jpg,Daucus carota,usda:DACA6
plantnet300k-v2:00155835,images/raw/plantnet300k-v2/daucus_carota/fbf41a7346f2ecec5f67b7be839420c0f94ccbe3.jpg,Daucus carota,usda:DACA6
plantnet300k-v2:00155587,images/raw/plantnet300k-v2/daucus_carota/f329bd27e215834a995dfafd470b30e553d8e02f.jpg,Daucus carota,usda:DACA6
plantnet300k-v2:00153138,images/raw/plantnet300k-v2/daucus_carota/9d43540696a6a47f0cc2471c2977eb326ebfcb89.jpg,Daucus carota,usda:DACA6
plantnet300k-v2:00019743,images/raw/plantnet300k-v2/daucus_carota/f69d7c94b58a9d97e25604aac797e86c141e02e6.jpg,Daucus carota,usda:DACA6
plantnet300k-v2:00151700,images/raw/plantnet300k-v2/daucus_carota/6c80b686d3627179d8d78008f8dec6ee7160f55a.jpg,Daucus carota,usda:DACA6
plantnet300k-v2:00150713,images/raw/plantnet300k-v2/daucus_carota/482cfd1a55f05d5041555603c24cee21db82c764.jpg,Daucus carota,usda:DACA6
plantnet300k-v2:00294127,images/raw/plantnet300k-v2/daucus_carota/51cf3bdaf8872137ff5bdb276d50d11809c025eb.jpg,Daucus carota,usda:DACA6
plantnet300k-v2:00151667,images/raw/plantnet300k-v2/daucus_carota/6b60dd0524dfdae392b38533cd068f346f81cc23.jpg,Daucus carota,usda:DACA6
plantnet300k-v2:00150329,images/raw/plantnet300k-v2/daucus_carota/3967ac804ebec0acd17cff2c3bfd59efad112ad1.jpg,Daucus carota,usda:DACA6
plantnet300k-v2:00150643,images/raw/plantnet300k-v2/daucus_carota/450e16394fcdbd916261d530275baa282d7d6384.jpg,Daucus carota,usda:DACA6
plantnet300k-v2:00148846,images/raw/plantnet300k-v2/daucus_carota/0435624c8be4d2d11eac5148716e2a9190ac8f92.jpg,Daucus carota,usda:DACA6
plantnet300k-v2:00155915,images/raw/plantnet300k-v2/daucus_carota/ff9d030ca34d8cfc781377b2b3bed4432c145c6d.jpg,Daucus carota,usda:DACA6
plantnet300k-v2:00155906,images/raw/plantnet300k-v2/daucus_carota/ff25a456be4cf61c4a2b49261d1e16e0976b9e90.jpg,Daucus carota,usda:DACA6
plantnet300k-v2:00153485,images/raw/plantnet300k-v2/daucus_carota/aa3b0fc4c73eaf538a4fe7283a7cc74d3c325e65.jpg,Daucus carota,usda:DACA6
plantnet300k-v2:00019495,images/raw/plantnet300k-v2/daucus_carota/b2583e6d40ef93e81d8704c0dfa4b63f78082ed7.jpg,Daucus carota,usda:DACA6
plantnet300k-v2:00150065,images/raw/plantnet300k-v2/daucus_carota/30295614292e340c01164d760909acde312f6378.jpg,Daucus carota,usda:DACA6
plantnet300k-v2:00153836,images/raw/plantnet300k-v2/daucus_carota/b6f0538c7ac53055f63ac48fabec288231d66d23.jpg,Daucus carota,usda:DACA6
plantnet300k-v2:00151794,images/raw/plantnet300k-v2/daucus_carota/6fd3efdc817aec3de229ef7e3cb38d16fae3246f.jpg,Daucus carota,usda:DACA6
plantnet300k-v2:00151417,images/raw/plantnet300k-v2/daucus_carota/61f3c6585a0e86a6f7d5b29d6a62e2934c9284b6.jpg,Daucus carota,usda:DACA6
plantnet300k-v2:00151315,images/raw/plantnet300k-v2/daucus_carota/5e18378fe209dbefd533b22698a43d75fa3ed7ec.jpg,Daucus carota,usda:DACA6
plantnet300k-v2:00153777,images/raw/plantnet300k-v2/daucus_carota/b505f7d11b9934cc7cf77b60246b2105a7829b8e.jpg,Daucus carota,usda:DACA6
plantnet300k-v2:00153388,images/raw/plantnet300k-v2/daucus_carota/a6fae0e4d2b825fc1117b6dd793c4dae29e4e40e.jpg,Daucus carota,usda:DACA6
plantnet300k-v2:00151414,images/raw/plantnet300k-v2/daucus_carota/61e6223818a08a434cbb93e56a56bfc63f36d2e6.jpg,Daucus carota,usda:DACA6
plantnet300k-v2:00154748,images/raw/plantnet300k-v2/daucus_carota/d66ef00a5c7c2811cea39c9b7ca2ed75df7bdd02.jpg,Daucus carota,usda:DACA6
plantnet300k-v2:00155278,images/raw/plantnet300k-v2/daucus_carota/e8abb390a662a57e4d859584405edcdc2e539ad9.jpg,Daucus carota,usda:DACA6
plantnet300k-v2:00153372,images/raw/plantnet300k-v2/daucus_carota/a639edf8b96ce3acbee2305ceebed57eb54536a8.jpg,Daucus carota,usda:DACA6
plantnet300k-v2:00019015,images/raw/plantnet300k-v2/daucus_carota/305e625cdb5ef2db429b250fe3206966fc3e4da2.jpg,Daucus carota,usda:DACA6
plantnet300k-v2:00018990,images/raw/plantnet300k-v2/daucus_carota/29607d4d35f402c417b65ff7d494e9ed6698cdad.jpg,Daucus carota,usda:DACA6
plantnet300k-v2:00151068,images/raw/plantnet300k-v2/daucus_carota/54d239e668c56d8e986e6d7990defcc37a081e27.jpg,Daucus carota,usda:DACA6
plantnet300k-v2:00152234,images/raw/plantnet300k-v2/daucus_carota/7f99687cb2a5254c6fe39131504029c58febd33c.jpg,Daucus carota,usda:DACA6
plantnet300k-v2:00152624,images/raw/plantnet300k-v2/daucus_carota/8c6d9d983e781b16989480c280ca85e35a7e47a8.jpg,Daucus carota,usda:DACA6
plantnet300k-v2:00153008,images/raw/plantnet300k-v2/daucus_carota/98968dd5ed5daef98764f8fb89b33527ec8353f6.jpg,Daucus carota,usda:DACA6
plantnet300k-v2:00153623,images/raw/plantnet300k-v2/daucus_carota/afa440683022820853e9251ead1efe9c22e8312a.jpg,Daucus carota,usda:DACA6
plantnet300k-v2:00151117,images/raw/plantnet300k-v2/daucus_carota/56e42f07dc387172bcff2d19ee3069a6f1ae8d37.jpg,Daucus carota,usda:DACA6
plantnet300k-v2:00149065,images/raw/plantnet300k-v2/daucus_carota/0c6369985cec93bf7ee4b05b8896f385793c013f.jpg,Daucus carota,usda:DACA6
plantnet300k-v2:00149867,images/raw/plantnet300k-v2/daucus_carota/2944bfc50c08112796de454641bf0af671f90537.jpg,Daucus carota,usda:DACA6
plantnet300k-v2:00150618,images/raw/plantnet300k-v2/daucus_carota/441281b281e4b03571efb4cb10cae8003fd4bf78.jpg,Daucus carota,usda:DACA6
plantnet300k-v2:00152526,images/raw/plantnet300k-v2/daucus_carota/89437f6120e9d16a9b4f6787fcb7f93761161828.jpg,Daucus carota,usda:DACA6
plantnet300k-v2:00153775,images/raw/plantnet300k-v2/daucus_carota/b4ec2388042f5a413cac722cdd531e51623c7cc5.jpg,Daucus carota,usda:DACA6
plantnet300k-v2:00019350,images/raw/plantnet300k-v2/daucus_carota/88762922bb61044d7bd038b196f8dead3fa9fcd2.jpg,Daucus carota,usda:DACA6
plantnet300k-v2:00152179,images/raw/plantnet300k-v2/daucus_carota/7dd4514ed39190c6619134106bc65ff8b38b8d22.jpg,Daucus carota,usda:DACA6
plantnet300k-v2:00149915,images/raw/plantnet300k-v2/daucus_carota/2af47caf753d17041eac38502a079398d1e62b2b.jpg,Daucus carota,usda:DACA6
plantnet300k-v2:00150130,images/raw/plantnet300k-v2/daucus_carota/32545d9047d37533d80fbd8df9370588c38356d3.jpg,Daucus carota,usda:DACA6
plantnet300k-v2:00149758,images/raw/plantnet300k-v2/daucus_carota/25b4be99153634128fc89685a57a1a02e7e2e570.jpg,Daucus carota,usda:DACA6
plantnet300k-v2:00151688,images/raw/plantnet300k-v2/daucus_carota/6c0fd9e3ad6c09870acf80f61cf6e01bddcc5945.jpg,Daucus carota,usda:DACA6
plantnet300k-v2:00149108,images/raw/plantnet300k-v2/daucus_carota/0dda0c76a217f919758bdd7b0952fcd01c8542a9.jpg,Daucus carota,usda:DACA6
plantnet300k-v2:00150095,images/raw/plantnet300k-v2/daucus_carota/311e404422a3c1b5f7c53b8c2ade3201db87f5bd.jpg,Daucus carota,usda:DACA6
plantnet300k-v2:00152494,images/raw/plantnet300k-v2/daucus_carota/8859782368eb5b9458abf6e2fa2150a31a0018cc.jpg,Daucus carota,usda:DACA6
plantnet300k-v2:00294055,images/raw/plantnet300k-v2/daucus_carota/3d339c4d119427d64ee71e5a4c3851d1491fe143.jpg,Daucus carota,usda:DACA6
plantnet300k-v2:00154423,images/raw/plantnet300k-v2/daucus_carota/cbb73e10db07ac2e6354d341712a3e8997723277.jpg,Daucus carota,usda:DACA6
plantnet300k-v2:00154906,images/raw/plantnet300k-v2/daucus_carota/dc197b9660c4b29931dcf752ad85ed2e36a2fd25.jpg,Daucus carota,usda:DACA6
plantnet300k-v2:00152084,images/raw/plantnet300k-v2/daucus_carota/7ab5242330bf4028f9d54d232c5227be1a93de86.jpg,Daucus carota,usda:DACA6
plantnet300k-v2:00019709,images/raw/plantnet300k-v2/daucus_carota/eceb775bf1a529140280a93f07f08ab7a6d9d8d8.jpg,Daucus carota,usda:DACA6
gbif-inat:00001442,images/raw/gbif-inat/daucus_carota/6133541647_1.jpg,Daucus carota,usda:DACA6
plantnet300k-v2:00151271,images/raw/plantnet300k-v2/daucus_carota/5ca4cc75dfdc4e123ae40094cc03d9433db602db.jpg,Daucus carota,usda:DACA6
plantnet300k-v2:00019573,images/raw/plantnet300k-v2/daucus_carota/c8ba2784702300907778b6feb127ce22fcc4ec6c.jpg,Daucus carota,usda:DACA6
plantnet300k-v2:00151219,images/raw/plantnet300k-v2/daucus_carota/5aa9519168198591cf8eab9aba837f6a4e3e9290.jpg,Daucus carota,usda:DACA6
plantnet300k-v2:00155168,images/raw/plantnet300k-v2/daucus_carota/e4fd688e46de9fa66ab76a97edd6f7e402f8a6e9.jpg,Daucus carota,usda:DACA6
plantnet300k-v2:00151753,images/raw/plantnet300k-v2/daucus_carota/6e595c0ca6a15c53c2cbd7fbd09016571ed74457.jpg,Daucus carota,usda:DACA6
plantnet300k-v2:00149810,images/raw/plantnet300k-v2/daucus_carota/2779b606521f66502c6fc606d477ae24602e4227.jpg,Daucus carota,usda:DACA6
plantnet300k-v2:00294027,images/raw/plantnet300k-v2/daucus_carota/35748291f13fe75d9af85a47cf836054a1f7a174.jpg,Daucus carota,usda:DACA6
plantnet300k-v2:00155006,images/raw/plantnet300k-v2/daucus_carota/df6dcf3c12147851d4b142aa53432473038df69c.jpg,Daucus carota,usda:DACA6
plantnet300k-v2:00294379,images/raw/plantnet300k-v2/daucus_carota/979e4ece6b359dcfd9924b478f8ba49d52f4f23f.jpg,Daucus carota,usda:DACA6
plantnet300k-v2:00149734,images/raw/plantnet300k-v2/daucus_carota/24863c71bb680925ea4b5a603e19caa5c4d3e7f3.jpg,Daucus carota,usda:DACA6
plantnet300k-v2:00294208,images/raw/plantnet300k-v2/daucus_carota/67bbfbbd2d4185e71408fe78fd205c11e90374e6.jpg,Daucus carota,usda:DACA6
plantnet300k-v2:00153871,images/raw/plantnet300k-v2/daucus_carota/b850b09b6c17df096a49b14da04748dd1bffb43e.jpg,Daucus carota,usda:DACA6
plantnet300k-v2:00154517,images/raw/plantnet300k-v2/daucus_carota/cf151b699e1b89e2b22e19f2e189d645c62d64fd.jpg,Daucus carota,usda:DACA6
plantnet300k-v2:00153610,images/raw/plantnet300k-v2/daucus_carota/af280cdeb70c994c314c515ea67b1464704121b1.jpg,Daucus carota,usda:DACA6
plantnet300k-v2:00152995,images/raw/plantnet300k-v2/daucus_carota/9811e122b8a767fce05cec848bf77b6a5f070508.jpg,Daucus carota,usda:DACA6
plantnet300k-v2:00018982,images/raw/plantnet300k-v2/daucus_carota/266db51311fe50cf01e72bcfe5a9d84085ece675.jpg,Daucus carota,usda:DACA6
plantnet300k-v2:00153391,images/raw/plantnet300k-v2/daucus_carota/a708e2ba705c86a012360c44b427fb61f2aaef55.jpg,Daucus carota,usda:DACA6
plantnet300k-v2:00150192,images/raw/plantnet300k-v2/daucus_carota/34894761214c72d82ffde92cb7942ffcd4792d11.jpg,Daucus carota,usda:DACA6
plantnet300k-v2:00151203,images/raw/plantnet300k-v2/daucus_carota/5a09f477544a1808ca583af00ec6d73f2c309ac3.jpg,Daucus carota,usda:DACA6
plantnet300k-v2:00019128,images/raw/plantnet300k-v2/daucus_carota/4f30f9c0a1a5afd8a78f79bb0b80b9d246019109.jpg,Daucus carota,usda:DACA6
plantnet300k-v2:00153039,images/raw/plantnet300k-v2/daucus_carota/99ae6cc9b52831edc183903fbd50e64fd9cacef8.jpg,Daucus carota,usda:DACA6
plantnet300k-v2:00154603,images/raw/plantnet300k-v2/daucus_carota/d1f71f20c5c94d14961fb5e773a80754d3408f72.jpg,Daucus carota,usda:DACA6
plantnet300k-v2:00154512,images/raw/plantnet300k-v2/daucus_carota/cece740c20d2cdb543fd5aec46d02f2df0c68f9d.jpg,Daucus carota,usda:DACA6
plantnet300k-v2:00294187,images/raw/plantnet300k-v2/daucus_carota/63178f0d74662ba0f1ce8df30ceec8deac1e8d28.jpg,Daucus carota,usda:DACA6
plantnet300k-v2:00151628,images/raw/plantnet300k-v2/daucus_carota/6993edcdf635047cea04aeb8cd70d4c6a0234f69.jpg,Daucus carota,usda:DACA6
plantnet300k-v2:00150432,images/raw/plantnet300k-v2/daucus_carota/3d8e06cd170727ae036784e4f92376667bc46935.jpg,Daucus carota,usda:DACA6
plantnet300k-v2:00152231,images/raw/plantnet300k-v2/daucus_carota/7f7d24782e8d3206f6c770e3ab544745fbb837ee.jpg,Daucus carota,usda:DACA6
plantnet300k-v2:00154006,images/raw/plantnet300k-v2/daucus_carota/bd37b6316b2802a9446f499b78640964b0cfa198.jpg,Daucus carota,usda:DACA6
plantnet300k-v2:00149909,images/raw/plantnet300k-v2/daucus_carota/2ab242214d27d2bf5eea433ff027480567d3b967.jpg,Daucus carota,usda:DACA6
plantnet300k-v2:00149137,images/raw/plantnet300k-v2/daucus_carota/0f13f203c330b4c0f53bc2b0eb0e8a70e94f5878.jpg,Daucus carota,usda:DACA6
plantnet300k-v2:00154677,images/raw/plantnet300k-v2/daucus_carota/d40e6599689d56a8fe42299de8bfe3b0a84529de.jpg,Daucus carota,usda:DACA6
plantnet300k-v2:00019220,images/raw/plantnet300k-v2/daucus_carota/62349a241850017753793e052b2f70c59004853f.jpg,Daucus carota,usda:DACA6
plantnet300k-v2:00149142,images/raw/plantnet300k-v2/daucus_carota/0f24975556325c8f7deb71de0ff2dc6231830acf.jpg,Daucus carota,usda:DACA6
plantnet300k-v2:00152994,images/raw/plantnet300k-v2/daucus_carota/980c14f7ca8bc25835d0cfeb568ccfe135d68276.jpg,Daucus carota,usda:DACA6
plantnet300k-v2:00019496,images/raw/plantnet300k-v2/daucus_carota/b2d64cd89ad98a9b99f99972ab8cb839c6a01d7d.jpg,Daucus carota,usda:DACA6
plantnet300k-v2:00152503,images/raw/plantnet300k-v2/daucus_carota/88a319e64762a1aeb0a2cf68e09efbdd5945733e.jpg,Daucus carota,usda:DACA6
plantnet300k-v2:00153968,images/raw/plantnet300k-v2/daucus_carota/bbf04a121e25c60d1599d320a877859e42b9bde5.jpg,Daucus carota,usda:DACA6
plantnet300k-v2:00155424,images/raw/plantnet300k-v2/daucus_carota/ed5f61b5cf98d889ef33746f45fc1933ed325d2e.jpg,Daucus carota,usda:DACA6
plantnet300k-v2:00152790,images/raw/plantnet300k-v2/daucus_carota/91b5d55932a01e5f1f247330fb199dcbb93a9494.jpg,Daucus carota,usda:DACA6
plantnet300k-v2:00149509,images/raw/plantnet300k-v2/daucus_carota/1cba6dbf61cc0e0665bb2d41e62a68c524962bd5.jpg,Daucus carota,usda:DACA6
plantnet300k-v2:00019177,images/raw/plantnet300k-v2/daucus_carota/5a83d0bc98d055f883c87c83067594b014897fa6.jpg,Daucus carota,usda:DACA6
plantnet300k-v2:00154447,images/raw/plantnet300k-v2/daucus_carota/cc5408b25e73264823cd22345971491f5c43cb98.jpg,Daucus carota,usda:DACA6
plantnet300k-v2:00019281,images/raw/plantnet300k-v2/daucus_carota/721adb8b72e2f58664ff5ceaf8601bced3d68d53.jpg,Daucus carota,usda:DACA6
plantnet300k-v2:00294357,images/raw/plantnet300k-v2/daucus_carota/93f7dfbf12d25b1604c9917b0489bfbcc590bd2b.jpg,Daucus carota,usda:DACA6
plantnet300k-v2:00149991,images/raw/plantnet300k-v2/daucus_carota/2d70c2caeb5398e462db592300b01155577539c5.jpg,Daucus carota,usda:DACA6
plantnet300k-v2:00019179,images/raw/plantnet300k-v2/daucus_carota/5aaa24d63c363b70eccc859e232d6490dfd2e3ab.jpg,Daucus carota,usda:DACA6
plantnet300k-v2:00154900,images/raw/plantnet300k-v2/daucus_carota/dbe03724fad836ef54dc5c0de03ae5d3ddb1fdde.jpg,Daucus carota,usda:DACA6
plantnet300k-v2:00150372,images/raw/plantnet300k-v2/daucus_carota/3b44307724b2e0ed0bdc636efdd3bb1f4958b9c3.jpg,Daucus carota,usda:DACA6
plantnet300k-v2:00148895,images/raw/plantnet300k-v2/daucus_carota/05a6909d1361178597aebc9319cea29b8eb253fe.jpg,Daucus carota,usda:DACA6
plantnet300k-v2:00148745,images/raw/plantnet300k-v2/daucus_carota/00d18e322f45cbdb6ed26b9094bf1f21bb97871e.jpg,Daucus carota,usda:DACA6
plantnet300k-v2:00149658,images/raw/plantnet300k-v2/daucus_carota/21ae9c588ba44e227bfb00d8f108a681116b25eb.jpg,Daucus carota,usda:DACA6
plantnet300k-v2:00294395,images/raw/plantnet300k-v2/daucus_carota/9de5a444b95c2190dc0884db47367d321558ce3d.jpg,Daucus carota,usda:DACA6
plantnet300k-v2:00154711,images/raw/plantnet300k-v2/daucus_carota/d522147d7342f3c59851bc67c2a3d5530228ca32.jpg,Daucus carota,usda:DACA6
plantnet300k-v2:00152382,images/raw/plantnet300k-v2/daucus_carota/84ab59020f59f0b14a30d299195090257ac2a6b8.jpg,Daucus carota,usda:DACA6
plantnet300k-v2:00154962,images/raw/plantnet300k-v2/daucus_carota/ddf0d8bc6817695d53da5cbdedb4de07b8652897.jpg,Daucus carota,usda:DACA6
plantnet300k-v2:00153220,images/raw/plantnet300k-v2/daucus_carota/a041a2ca23935d58788f638771b2e36bd727231d.jpg,Daucus carota,usda:DACA6
plantnet300k-v2:00150020,images/raw/plantnet300k-v2/daucus_carota/2ee302398a69a36c197395a78976dde72acc8d9c.jpg,Daucus carota,usda:DACA6
plantnet300k-v2:00294355,images/raw/plantnet300k-v2/daucus_carota/93ad2d3cfdceee57db4d0865a75d1640b57af9d2.jpg,Daucus carota,usda:DACA6
plantnet300k-v2:00153079,images/raw/plantnet300k-v2/daucus_carota/9b622ea974a3aa5952aeffb6de61c64b53dd9daa.jpg,Daucus carota,usda:DACA6
plantnet300k-v2:00149925,images/raw/plantnet300k-v2/daucus_carota/2b262d5efd8ab1e81fbf01b71cc790b2dcdbd3c9.jpg,Daucus carota,usda:DACA6
plantnet300k-v2:00019090,images/raw/plantnet300k-v2/daucus_carota/44acc78863f2f1a81b273f23666cd71e099247aa.jpg,Daucus carota,usda:DACA6
plantnet300k-v2:00294264,images/raw/plantnet300k-v2/daucus_carota/77acdb6fa665dc364c7edf821a5daa243f1c059a.jpg,Daucus carota,usda:DACA6
plantnet300k-v2:00019504,images/raw/plantnet300k-v2/daucus_carota/b73eb0057e905f1063fdf55daff5e70e55217091.jpg,Daucus carota,usda:DACA6
plantnet300k-v2:00152327,images/raw/plantnet300k-v2/daucus_carota/82bdc7102723c528b41ee5f7f9e30a7ab2d6394f.jpg,Daucus carota,usda:DACA6
plantnet300k-v2:00149741,images/raw/plantnet300k-v2/daucus_carota/24dd6665d50be06f72301d3effba8caccd9a14c6.jpg,Daucus carota,usda:DACA6
plantnet300k-v2:00150002,images/raw/plantnet300k-v2/daucus_carota/2de74ac7806a94a6e44d3963c3e97b496dc7f38a.jpg,Daucus carota,usda:DACA6
plantnet300k-v2:00153143,images/raw/plantnet300k-v2/daucus_carota/9d80f61231407f21a456f31fae89b061f909682b.jpg,Daucus carota,usda:DACA6
plantnet300k-v2:00151032,images/raw/plantnet300k-v2/daucus_carota/5331471c910b77c679282e6348d682161a2fb5f4.jpg,Daucus carota,usda:DACA6
plantnet300k-v2:00151026,images/raw/plantnet300k-v2/daucus_carota/52eb534b3f3b14bc2dba7cbbed3e973050793c70.jpg,Daucus carota,usda:DACA6
plantnet300k-v2:00293864,images/raw/plantnet300k-v2/daucus_carota/0ad7f22a4f3ed538412d8c738224332291391d3a.jpg,Daucus carota,usda:DACA6
plantnet300k-v2:00149419,images/raw/plantnet300k-v2/daucus_carota/18f341d4cdd490d58c039f8b661deba4ed784309.jpg,Daucus carota,usda:DACA6
plantnet300k-v2:00151254,images/raw/plantnet300k-v2/daucus_carota/5bceafd3c46e3f1f7a1a58f00b026b89f25614c2.jpg,Daucus carota,usda:DACA6
plantnet300k-v2:00155010,images/raw/plantnet300k-v2/daucus_carota/df789ab7e80751b59d69e1a4e5f01f83ac954527.jpg,Daucus carota,usda:DACA6
plantnet300k-v2:00154213,images/raw/plantnet300k-v2/daucus_carota/c4be021bfe11549f28606d0ce3ce099e38e7ce13.jpg,Daucus carota,usda:DACA6
plantnet300k-v2:00155161,images/raw/plantnet300k-v2/daucus_carota/e4c0f277548c5b85dbfdec2ffe9557919d331919.jpg,Daucus carota,usda:DACA6
plantnet300k-v2:00150670,images/raw/plantnet300k-v2/daucus_carota/465d844ce3cb83f81178344269ebc93ee609a034.jpg,Daucus carota,usda:DACA6
plantnet300k-v2:00018974,images/raw/plantnet300k-v2/daucus_carota/2235797b523df4091457cdd4fa677db6b3ce02e7.jpg,Daucus carota,usda:DACA6
plantnet300k-v2:00294605,images/raw/plantnet300k-v2/daucus_carota/dc8363d2038748dbac7ba53bfbd09c1c71615c23.jpg,Daucus carota,usda:DACA6
plantnet300k-v2:00151804,images/raw/plantnet300k-v2/daucus_carota/70411139c83d60dfaf0bbf01aacdb0c973e14049.jpg,Daucus carota,usda:DACA6
plantnet300k-v2:00294207,images/raw/plantnet300k-v2/daucus_carota/67b93c5321104dd619f8e9bde3c2b08d45c45995.jpg,Daucus carota,usda:DACA6
plantnet300k-v2:00294603,images/raw/plantnet300k-v2/daucus_carota/dc11149d994446a2ea58a075b18f5d256c93ccd4.jpg,Daucus carota,usda:DACA6
plantnet300k-v2:00019550,images/raw/plantnet300k-v2/daucus_carota/c307c3853abc25d662bd76c10462ac31d5dd3a10.jpg,Daucus carota,usda:DACA6
plantnet300k-v2:00154848,images/raw/plantnet300k-v2/daucus_carota/d9e907a23736308e69a8ebc6d1798688286e707c.jpg,Daucus carota,usda:DACA6
plantnet300k-v2:00294079,images/raw/plantnet300k-v2/daucus_carota/441befd22e451dfd3e46142ae79d375c791b6cfb.jpg,Daucus carota,usda:DACA6
plantnet300k-v2:00153423,images/raw/plantnet300k-v2/daucus_carota/a8046a548bf153562daa8e838f87bc5f4cd51c39.jpg,Daucus carota,usda:DACA6
plantnet300k-v2:00152098,images/raw/plantnet300k-v2/daucus_carota/7b02c8e1127ae61ed002a6f5ff215545197e90c7.jpg,Daucus carota,usda:DACA6
plantnet300k-v2:00294310,images/raw/plantnet300k-v2/daucus_carota/850f8b015a13799bc2c82efc541837a778c86cdc.jpg,Daucus carota,usda:DACA6
plantnet300k-v2:00149631,images/raw/plantnet300k-v2/daucus_carota/20d55917699b5f4b07a2dc70567130bc54d2e475.jpg,Daucus carota,usda:DACA6
plantnet300k-v2:00152539,images/raw/plantnet300k-v2/daucus_carota/899675eff873223b821c57fac1e3e3b4ca16b060.jpg,Daucus carota,usda:DACA6
plantnet300k-v2:00149864,images/raw/plantnet300k-v2/daucus_carota/293e255973518bb76e04f39180cb97a01eff8988.jpg,Daucus carota,usda:DACA6
plantnet300k-v2:00294560,images/raw/plantnet300k-v2/daucus_carota/d087f86c7592fe3516c5d2c4a5b78ea18a462a1a.jpg,Daucus carota,usda:DACA6
plantnet300k-v2:00155365,images/raw/plantnet300k-v2/daucus_carota/eb711562b20f596ad35083ac85c130ded2f4c7e6.jpg,Daucus carota,usda:DACA6
plantnet300k-v2:00151810,images/raw/plantnet300k-v2/daucus_carota/708f10abb24f1516d7d2538ddf3df6b96bc0adbb.jpg,Daucus carota,usda:DACA6
plantnet300k-v2:00149441,images/raw/plantnet300k-v2/daucus_carota/1a1439119ff55ffaa39c6081d56ad5ced41fb318.jpg,Daucus carota,usda:DACA6
plantnet300k-v2:00019006,images/raw/plantnet300k-v2/daucus_carota/2d9529aae60eedc6dd9438a079748fb957685b09.jpg,Daucus carota,usda:DACA6
plantnet300k-v2:00153843,images/raw/plantnet300k-v2/daucus_carota/b7212e69fb90d4319eca18a50e7af4fc0fbe0f75.jpg,Daucus carota,usda:DACA6
plantnet300k-v2:00150128,images/raw/plantnet300k-v2/daucus_carota/3243921f6fe5f85d906490dfe14fb68dae34fc3c.jpg,Daucus carota,usda:DACA6
plantnet300k-v2:00150066,images/raw/plantnet300k-v2/daucus_carota/302b61be612efcec2bcc7aa7fc91a344447babea.jpg,Daucus carota,usda:DACA6
plantnet300k-v2:00148803,images/raw/plantnet300k-v2/daucus_carota/02ea032ce9e713c0423379f9382856cf85fb8c70.jpg,Daucus carota,usda:DACA6
plantnet300k-v2:00294575,images/raw/plantnet300k-v2/daucus_carota/d357059318e11a8ad2113658915353c9b156fde2.jpg,Daucus carota,usda:DACA6
plantnet300k-v2:00294387,images/raw/plantnet300k-v2/daucus_carota/99c75b01662309d62ca1cac40aa6e589d890bf48.jpg,Daucus carota,usda:DACA6
plantnet300k-v2:00294415,images/raw/plantnet300k-v2/daucus_carota/a323a7eadff3b8e708ac86de5a7158255083d92e.jpg,Daucus carota,usda:DACA6
plantnet300k-v2:00019253,images/raw/plantnet300k-v2/daucus_carota/6b9468dec39c47e7b531f93e6a63f7ee061bdb03.jpg,Daucus carota,usda:DACA6
plantnet300k-v2:00155309,images/raw/plantnet300k-v2/daucus_carota/e99a9debb56efbba070f8df6f3ac1fdf3cfd2d7e.jpg,Daucus carota,usda:DACA6
plantnet300k-v2:00152619,images/raw/plantnet300k-v2/daucus_carota/8c2e3fa0da2b35a19f8b7c4fbe1c29c79c40eaaf.jpg,Daucus carota,usda:DACA6
plantnet300k-v2:00151187,images/raw/plantnet300k-v2/daucus_carota/59ae41ca1da03572b507e41439a0973a12bdabc9.jpg,Daucus carota,usda:DACA6
plantnet300k-v2:00018885,images/raw/plantnet300k-v2/daucus_carota/076011e51d476a516b5ef09886059c9be0787f28.jpg,Daucus carota,usda:DACA6
plantnet300k-v2:00149779,images/raw/plantnet300k-v2/daucus_carota/267c90e8a5b02c5d47c89819a5903e3d7c59746f.jpg,Daucus carota,usda:DACA6
plantnet300k-v2:00294614,images/raw/plantnet300k-v2/daucus_carota/df78320f90535be130416a2a53fe134e101e378d.jpg,Daucus carota,usda:DACA6
plantnet300k-v2:00294383,images/raw/plantnet300k-v2/daucus_carota/98163c3d06dba3125fa787572f81441467b1c801.jpg,Daucus carota,usda:DACA6
plantnet300k-v2:00149499,images/raw/plantnet300k-v2/daucus_carota/1c7b7fe2e7411824e6aee96a37138e463366e866.jpg,Daucus carota,usda:DACA6
plantnet300k-v2:00153255,images/raw/plantnet300k-v2/daucus_carota/a1af6812d0469e978b03c4f4936896a3d03bafef.jpg,Daucus carota,usda:DACA6
plantnet300k-v2:00154416,images/raw/plantnet300k-v2/daucus_carota/cb8afc757690bf9d0eadcfff417aaab2decf159c.jpg,Daucus carota,usda:DACA6
plantnet300k-v2:00150704,images/raw/plantnet300k-v2/daucus_carota/47cc68a56087364205dd28384acd4763e95f4fb7.jpg,Daucus carota,usda:DACA6
plantnet300k-v2:00155053,images/raw/plantnet300k-v2/daucus_carota/e109adbafe0e782a0e465ff9424c8ef6ea1e68fe.jpg,Daucus carota,usda:DACA6
plantnet300k-v2:00149095,images/raw/plantnet300k-v2/daucus_carota/0d83ba9c64bd8176e83b6d971568121ad0bcb145.jpg,Daucus carota,usda:DACA6
plantnet300k-v2:00150229,images/raw/plantnet300k-v2/daucus_carota/35f09358c2b2bf06a4f478c7372dcfae59b4593b.jpg,Daucus carota,usda:DACA6
plantnet300k-v2:00154165,images/raw/plantnet300k-v2/daucus_carota/c376a9c5732dce24b260df37ca40ca159ed953b9.jpg,Daucus carota,usda:DACA6
plantnet300k-v2:00154863,images/raw/plantnet300k-v2/daucus_carota/da4f680e3c10c6822a90ac6777eaaa6dfee69c4a.jpg,Daucus carota,usda:DACA6
plantnet300k-v2:00019293,images/raw/plantnet300k-v2/daucus_carota/75e11d6b86379be09ac5f2e6516b05fa1f53353a.jpg,Daucus carota,usda:DACA6
plantnet300k-v2:00019500,images/raw/plantnet300k-v2/daucus_carota/b47f18d0b8c7e36f4b364534f49dbdbbbc7f1f0d.jpg,Daucus carota,usda:DACA6
plantnet300k-v2:00152843,images/raw/plantnet300k-v2/daucus_carota/9356d78554cbb852675413ac02acd39562b8cb14.jpg,Daucus carota,usda:DACA6
plantnet300k-v2:00151379,images/raw/plantnet300k-v2/daucus_carota/6040a7764722d5a8435ee3195e134fd69a915f48.jpg,Daucus carota,usda:DACA6
plantnet300k-v2:00155578,images/raw/plantnet300k-v2/daucus_carota/f2f798883d95a2af95ef860e8f9e7283d65ed172.jpg,Daucus carota,usda:DACA6
plantnet300k-v2:00152905,images/raw/plantnet300k-v2/daucus_carota/9531903569e54f73f1b0ee269abc20b8f27f0ebb.jpg,Daucus carota,usda:DACA6
plantnet300k-v2:00150578,images/raw/plantnet300k-v2/daucus_carota/424f551c09270004e50bdd22ae79f7043e276025.jpg,Daucus carota,usda:DACA6
plantnet300k-v2:00154033,images/raw/plantnet300k-v2/daucus_carota/beacf116fd5aa501d1a00fe82aba668f7739833c.jpg,Daucus carota,usda:DACA6
plantnet300k-v2:00152430,images/raw/plantnet300k-v2/daucus_carota/86177b7c6cd944905dda78ce11ec8d7b98bbfdc7.jpg,Daucus carota,usda:DACA6
plantnet300k-v2:00152158,images/raw/plantnet300k-v2/daucus_carota/7d2487750ebce44e7d42fee0294275700c0ee7b2.jpg,Daucus carota,usda:DACA6
plantnet300k-v2:00154701,images/raw/plantnet300k-v2/daucus_carota/d4bda5dd809918da20de7810eea3d92238a0c247.jpg,Daucus carota,usda:DACA6
plantnet300k-v2:00150902,images/raw/plantnet300k-v2/daucus_carota/4e49e7e48f285528457e2011e7cf8092832ab2b9.jpg,Daucus carota,usda:DACA6
plantnet300k-v2:00149762,images/raw/plantnet300k-v2/daucus_carota/25e72b336d93d36c92f2645aa5413cda2e136a0f.jpg,Daucus carota,usda:DACA6
plantnet300k-v2:00152801,images/raw/plantnet300k-v2/daucus_carota/91f199a1e3acefd4c0d3ace1bf908a4c6cbc6869.jpg,Daucus carota,usda:DACA6
plantnet300k-v2:00294277,images/raw/plantnet300k-v2/daucus_carota/7b78ff39401dddc15b9b3ac27634776a7d63b946.jpg,Daucus carota,usda:DACA6
plantnet300k-v2:00152349,images/raw/plantnet300k-v2/daucus_carota/839ba19d7b68ecf11bff07ec69cacde59947d619.jpg,Daucus carota,usda:DACA6
plantnet300k-v2:00149998,images/raw/plantnet300k-v2/daucus_carota/2d9c35b2d400864a5096caf7ba80f6e171eff0d0.jpg,Daucus carota,usda:DACA6
plantnet300k-v2:00150242,images/raw/plantnet300k-v2/daucus_carota/3630fbc436ec9d350fca8d1bbe9bad87000bf1ab.jpg,Daucus carota,usda:DACA6
plantnet300k-v2:00019511,images/raw/plantnet300k-v2/daucus_carota/b942b7ebed998d91b5329f35cd4369e7c18158d4.jpg,Daucus carota,usda:DACA6
plantnet300k-v2:00149740,images/raw/plantnet300k-v2/daucus_carota/24c9e92403adb166548a68bbaa0eeea95308e93a.jpg,Daucus carota,usda:DACA6
plantnet300k-v2:00019758,images/raw/plantnet300k-v2/daucus_carota/fd36a537a7ddce940e84a12c30a0eda7e558e4c2.jpg,Daucus carota,usda:DACA6
plantnet300k-v2:00151905,images/raw/plantnet300k-v2/daucus_carota/7461b5389b323311b0673cc37480db2a8603e9cb.jpg,Daucus carota,usda:DACA6
plantnet300k-v2:00149879,images/raw/plantnet300k-v2/daucus_carota/29c450e483f46aab4088b7c35f6ddb00101f4f6a.jpg,Daucus carota,usda:DACA6
plantnet300k-v2:00149439,images/raw/plantnet300k-v2/daucus_carota/19fee71c76d87c93d113c8c0ee59de10aedbe1d4.jpg,Daucus carota,usda:DACA6
plantnet300k-v2:00152493,images/raw/plantnet300k-v2/daucus_carota/885965d2141a4b0ad203b18da40bcfd81dfab3e2.jpg,Daucus carota,usda:DACA6
plantnet300k-v2:00154153,images/raw/plantnet300k-v2/daucus_carota/c31a8f7af943c55f6475084bf85285c20df722bc.jpg,Daucus carota,usda:DACA6
plantnet300k-v2:00151599,images/raw/plantnet300k-v2/daucus_carota/688948e6dab2575bdf380c9d288d9936ae8d4a47.jpg,Daucus carota,usda:DACA6
plantnet300k-v2:00149321,images/raw/plantnet300k-v2/daucus_carota/15dfd66da0a8df5b03286a3bd2d382c2f09a470a.jpg,Daucus carota,usda:DACA6
plantnet300k-v2:00152355,images/raw/plantnet300k-v2/daucus_carota/83bf98fb3ca4d9d257e512f3a3126f095398f58e.jpg,Daucus carota,usda:DACA6
plantnet300k-v2:00294498,images/raw/plantnet300k-v2/daucus_carota/bcc782588a826c657fd3daa6a93dcdcdd463b7b4.jpg,Daucus carota,usda:DACA6
plantnet300k-v2:00153672,images/raw/plantnet300k-v2/daucus_carota/b13fe76318e02c062d93d5e90feff85f3dd267a4.jpg,Daucus carota,usda:DACA6
plantnet300k-v2:00152530,images/raw/plantnet300k-v2/daucus_carota/895c7aa5e7d55a1e75903311447fbe5755024861.jpg,Daucus carota,usda:DACA6
plantnet300k-v2:00019644,images/raw/plantnet300k-v2/daucus_carota/d94a1fee6432e424a1203f781d88f2a4275c9c34.jpg,Daucus carota,usda:DACA6
plantnet300k-v2:00153152,images/raw/plantnet300k-v2/daucus_carota/9dda7fe3f4225a51db1cd5f74474a708c1c0f75f.jpg,Daucus carota,usda:DACA6
plantnet300k-v2:00153503,images/raw/plantnet300k-v2/daucus_carota/aaf757445b12dde6aff70d8fe62cbb4b67d4303a.jpg,Daucus carota,usda:DACA6
plantnet300k-v2:00152305,images/raw/plantnet300k-v2/daucus_carota/821c8509c65a28898378afd69a88cf9c0acdd4f0.jpg,Daucus carota,usda:DACA6
plantnet300k-v2:00155757,images/raw/plantnet300k-v2/daucus_carota/f97ca435d983f71ce72cb4b5b025b6e3a8571e84.jpg,Daucus carota,usda:DACA6
plantnet300k-v2:00153316,images/raw/plantnet300k-v2/daucus_carota/a377a40b0b51d8a0420d06bd77bf7eb83862b677.jpg,Daucus carota,usda:DACA6
plantnet300k-v2:00154304,images/raw/plantnet300k-v2/daucus_carota/c7bce1e46bdab7e12c6c150e516c7848acb7801d.jpg,Daucus carota,usda:DACA6
plantnet300k-v2:00150027,images/raw/plantnet300k-v2/daucus_carota/2f0d7784c0745055fe9555734a202ab80df57e59.jpg,Daucus carota,usda:DACA6
plantnet300k-v2:00151151,images/raw/plantnet300k-v2/daucus_carota/581309180cec014334cb7b60e89fc3fbdd5ee844.jpg,Daucus carota,usda:DACA6
plantnet300k-v2:00019402,images/raw/plantnet300k-v2/daucus_carota/97433cf8162b5d7fa24ba062884f6fa034b75857.jpg,Daucus carota,usda:DACA6
plantnet300k-v2:00151658,images/raw/plantnet300k-v2/daucus_carota/6b085b836ec5a3e65e405c1e4c5a65d16d93584b.jpg,Daucus carota,usda:DACA6
plantnet300k-v2:00151015,images/raw/plantnet300k-v2/daucus_carota/52961e8c6fe61be8d595440222b88bfa33e0487c.jpg,Daucus carota,usda:DACA6
plantnet300k-v2:00149422,images/raw/plantnet300k-v2/daucus_carota/190c4ab66b58066ffaf75d112247d42e08efbf2a.jpg,Daucus carota,usda:DACA6
plantnet300k-v2:00152202,images/raw/plantnet300k-v2/daucus_carota/7e578390318539b52404f431c974ed266a454645.jpg,Daucus carota,usda:DACA6
plantnet300k-v2:00019302,images/raw/plantnet300k-v2/daucus_carota/779cb2ad629e31534554b9efe5b53b57059d1bbd.jpg,Daucus carota,usda:DACA6
plantnet300k-v2:00294030,images/raw/plantnet300k-v2/daucus_carota/3650a91ddd908c8295ba730d2126c1d2f3e859dc.jpg,Daucus carota,usda:DACA6
plantnet300k-v2:00019502,images/raw/plantnet300k-v2/daucus_carota/b549300a6788ddcb946e579934b6c2400c112df4.jpg,Daucus carota,usda:DACA6
plantnet300k-v2:00153507,images/raw/plantnet300k-v2/daucus_carota/ab16274b90564fe81e78b6e0bbdf7e778e1dce00.jpg,Daucus carota,usda:DACA6
plantnet300k-v2:00154732,images/raw/plantnet300k-v2/daucus_carota/d5adee52ac0c7d438856d8a71fefba3acd642914.jpg,Daucus carota,usda:DACA6
plantnet300k-v2:00152598,images/raw/plantnet300k-v2/daucus_carota/8b89180a90ded316cd44cd4ffebc7a6d2c97a3b8.jpg,Daucus carota,usda:DACA6
plantnet300k-v2:00151740,images/raw/plantnet300k-v2/daucus_carota/6de357a140bccd836963bdab3bf3e39f37df431c.jpg,Daucus carota,usda:DACA6
plantnet300k-v2:00154549,images/raw/plantnet300k-v2/daucus_carota/d035735228e49b705303d5b080dfdd2e3894c375.jpg,Daucus carota,usda:DACA6
plantnet300k-v2:00151059,images/raw/plantnet300k-v2/daucus_carota/54205c871b02193fb04ac0aabbd88db8b80aca41.jpg,Daucus carota,usda:DACA6
plantnet300k-v2:00149167,images/raw/plantnet300k-v2/daucus_carota/105ef1561d6c80fe7f5edb8909073c3fadf6517c.jpg,Daucus carota,usda:DACA6
plantnet300k-v2:00150929,images/raw/plantnet300k-v2/daucus_carota/4f0bdbb8e93826b297d2a51c0985b8ae0e6b7845.jpg,Daucus carota,usda:DACA6
plantnet300k-v2:00151857,images/raw/plantnet300k-v2/daucus_carota/72710c08bb1bcb3981c6768c51198be1261fd661.jpg,Daucus carota,usda:DACA6
plantnet300k-v2:00153139,images/raw/plantnet300k-v2/daucus_carota/9d579a386c63115375a2ba71f990410bd9c5e423.jpg,Daucus carota,usda:DACA6
plantnet300k-v2:00153863,images/raw/plantnet300k-v2/daucus_carota/b7c04b7492a16c3fe0509f4bbb9f92c84fef0b35.jpg,Daucus carota,usda:DACA6
plantnet300k-v2:00018878,images/raw/plantnet300k-v2/daucus_carota/05a4585ea8961f58ff5a72b09b77e905839874ba.jpg,Daucus carota,usda:DACA6
plantnet300k-v2:00149420,images/raw/plantnet300k-v2/daucus_carota/18fe7c6ff3e11cad800d528dbb40a0793b8118fb.jpg,Daucus carota,usda:DACA6
plantnet300k-v2:00151431,images/raw/plantnet300k-v2/daucus_carota/6286f8b3bc66a2405b736afde0d33990dbe71628.jpg,Daucus carota,usda:DACA6
plantnet300k-v2:00154238,images/raw/plantnet300k-v2/daucus_carota/c58afa31696c6e1ea7b0e1e6dbfcc8fa411741be.jpg,Daucus carota,usda:DACA6
plantnet300k-v2:00294070,images/raw/plantnet300k-v2/daucus_carota/4089d0a1cd7ea20457528606d8f406c6129a2c9e.jpg,Daucus carota,usda:DACA6
plantnet300k-v2:00294445,images/raw/plantnet300k-v2/daucus_carota/ae9759abc4c261bf228b8006925f6b66a4b44042.jpg,Daucus carota,usda:DACA6
plantnet300k-v2:00155883,images/raw/plantnet300k-v2/daucus_carota/fe152912fe981fcb815030dd278e6cc522acee5d.jpg,Daucus carota,usda:DACA6
plantnet300k-v2:00154905,images/raw/plantnet300k-v2/daucus_carota/dc02558be297a2593ac5606b52f83f82b384a720.jpg,Daucus carota,usda:DACA6
plantnet300k-v2:00151478,images/raw/plantnet300k-v2/daucus_carota/642da3dd8720ac2bfaefa8187ee94a09e04a6d35.jpg,Daucus carota,usda:DACA6
plantnet300k-v2:00150942,images/raw/plantnet300k-v2/daucus_carota/4f967ded91aa276bd743be621abd216c9aa2007f.jpg,Daucus carota,usda:DACA6
plantnet300k-v2:00151412,images/raw/plantnet300k-v2/daucus_carota/61d3038f53ae2a87491db4b8ce4cefedff32d662.jpg,Daucus carota,usda:DACA6
plantnet300k-v2:00019140,images/raw/plantnet300k-v2/daucus_carota/5296faf25121fd8b53e579b3c0c977eccee43860.jpg,Daucus carota,usda:DACA6
plantnet300k-v2:00149736,images/raw/plantnet300k-v2/daucus_carota/24a3f825a8d279873a1e06544e5af105615af096.jpg,Daucus carota,usda:DACA6
plantnet300k-v2:00150675,images/raw/plantnet300k-v2/daucus_carota/4679a070289f66eff122d7c43d8449c7628c4f3d.jpg,Daucus carota,usda:DACA6
plantnet300k-v2:00150115,images/raw/plantnet300k-v2/daucus_carota/31dcd3a1c4fb36f40de900b76a6eaa68881ee5b4.jpg,Daucus carota,usda:DACA6
plantnet300k-v2:00149024,images/raw/plantnet300k-v2/daucus_carota/0b1e3432db4a97f8ea9c16ffaa18af5477cd4582.jpg,Daucus carota,usda:DACA6
plantnet300k-v2:00154982,images/raw/plantnet300k-v2/daucus_carota/de8e7419a1f746db6b3cf8352faed844256b4934.jpg,Daucus carota,usda:DACA6
plantnet300k-v2:00153396,images/raw/plantnet300k-v2/daucus_carota/a71ffd0fe981a71ac795c7675633e7d312ee84bf.jpg,Daucus carota,usda:DACA6
plantnet300k-v2:00152339,images/raw/plantnet300k-v2/daucus_carota/8337910b71a5cf1b634f004ecde7d3b48faf34ec.jpg,Daucus carota,usda:DACA6
plantnet300k-v2:00149081,images/raw/plantnet300k-v2/daucus_carota/0ce93516dcbfd5af4a8d35127886e11c22fa4252.jpg,Daucus carota,usda:DACA6
plantnet300k-v2:00019427,images/raw/plantnet300k-v2/daucus_carota/9e63fa410759bdf6820f240b5fa77ae6811959a6.jpg,Daucus carota,usda:DACA6
plantnet300k-v2:00149453,images/raw/plantnet300k-v2/daucus_carota/1a934e2146ad9a8541eb69b1ac58e053413a826d.jpg,Daucus carota,usda:DACA6
plantnet300k-v2:00294172,images/raw/plantnet300k-v2/daucus_carota/60c02003af60794db7a6f5e427e3fe7897d43f8c.jpg,Daucus carota,usda:DACA6
plantnet300k-v2:00149651,images/raw/plantnet300k-v2/daucus_carota/214d68f6db40a66e287709d8c2b497097c42960d.jpg,Daucus carota,usda:DACA6
plantnet300k-v2:00155264,images/raw/plantnet300k-v2/daucus_carota/e7f24f95ad35fdada25d84fb0b311fbf022116bd.jpg,Daucus carota,usda:DACA6
plantnet300k-v2:00154104,images/raw/plantnet300k-v2/daucus_carota/c19da23df4589204f5e3034cce641097770bbb18.jpg,Daucus carota,usda:DACA6
plantnet300k-v2:00151829,images/raw/plantnet300k-v2/daucus_carota/7136fb648e49f27a823151752d190df8ff62ab63.jpg,Daucus carota,usda:DACA6
plantnet300k-v2:00149291,images/raw/plantnet300k-v2/daucus_carota/14da27c413e1b96f3b3a09d5a17b7a8cb6be49a1.jpg,Daucus carota,usda:DACA6
plantnet300k-v2:00151965,images/raw/plantnet300k-v2/daucus_carota/76695aa2812dd89272a6171fa0164ac594c17e90.jpg,Daucus carota,usda:DACA6
plantnet300k-v2:00153161,images/raw/plantnet300k-v2/daucus_carota/9e1a565c205da8647bef6592d9f009b7da5c9af6.jpg,Daucus carota,usda:DACA6
plantnet300k-v2:00149469,images/raw/plantnet300k-v2/daucus_carota/1b5c4a02617007bc7451f974f6d863a592033e61.jpg,Daucus carota,usda:DACA6
plantnet300k-v2:00294566,images/raw/plantnet300k-v2/daucus_carota/d1b7098eb43619768fd5f2201b354408bd1ad3e7.jpg,Daucus carota,usda:DACA6
plantnet300k-v2:00149459,images/raw/plantnet300k-v2/daucus_carota/1af6c6c473925033a13457d0415a8b02bc2ff628.jpg,Daucus carota,usda:DACA6
plantnet300k-v2:00154651,images/raw/plantnet300k-v2/daucus_carota/d32a6fea2b9e35950ab373e83e5cf05274d53f01.jpg,Daucus carota,usda:DACA6
plantnet300k-v2:00148919,images/raw/plantnet300k-v2/daucus_carota/06ac574c8af86811c5e7a060da045226ffd01556.jpg,Daucus carota,usda:DACA6
plantnet300k-v2:00153633,images/raw/plantnet300k-v2/daucus_carota/b0006ca901559e09152ba612f1691e871b968f6b.jpg,Daucus carota,usda:DACA6
plantnet300k-v2:00150055,images/raw/plantnet300k-v2/daucus_carota/2fea891a5ad33f2a8c5a46f75ca5d46ba732f4ba.jpg,Daucus carota,usda:DACA6
plantnet300k-v2:00153085,images/raw/plantnet300k-v2/daucus_carota/9bbe78dacc1ada997c9ad8da9ac31695cc6d3740.jpg,Daucus carota,usda:DACA6
plantnet300k-v2:00151078,images/raw/plantnet300k-v2/daucus_carota/55510537cddf0d5107dc899e312d5f7d1933e033.jpg,Daucus carota,usda:DACA6
plantnet300k-v2:00149746,images/raw/plantnet300k-v2/daucus_carota/2511aaf4c6f3c19e08b0bb0d27d948e6e5912fa4.jpg,Daucus carota,usda:DACA6
plantnet300k-v2:00294654,images/raw/plantnet300k-v2/daucus_carota/eaebd3a4bcd1bec1b71be25c46c3ae64d4fb8107.jpg,Daucus carota,usda:DACA6
plantnet300k-v2:00152511,images/raw/plantnet300k-v2/daucus_carota/88cc5ab6603587d72f46f3cff59f54719e493c8b.jpg,Daucus carota,usda:DACA6
plantnet300k-v2:00150438,images/raw/plantnet300k-v2/daucus_carota/3dc52b6e5c1fbceacbf4959a60373e81190a637a.jpg,Daucus carota,usda:DACA6
plantnet300k-v2:00153525,images/raw/plantnet300k-v2/daucus_carota/abba564f971b00985ee0f6a896e974bbc7bbd41e.jpg,Daucus carota,usda:DACA6
plantnet300k-v2:00154349,images/raw/plantnet300k-v2/daucus_carota/c9496f33fddbe3ebc7b602dc265a7c4f08e3ac96.jpg,Daucus carota,usda:DACA6
plantnet300k-v2:00151373,images/raw/plantnet300k-v2/daucus_carota/600622e55a2345bd93c0a5b0d4e29275ca15b435.jpg,Daucus carota,usda:DACA6
plantnet300k-v2:00149807,images/raw/plantnet300k-v2/daucus_carota/27644871c40b6018532a9b96fbffac60d5a5a757.jpg,Daucus carota,usda:DACA6
plantnet300k-v2:00151444,images/raw/plantnet300k-v2/daucus_carota/62e33da53359ddfd7e6abcc8453442bbe5ab17dc.jpg,Daucus carota,usda:DACA6
plantnet300k-v2:00155025,images/raw/plantnet300k-v2/daucus_carota/e014ff832aa917669a4470c6e588cd8a201e974a.jpg,Daucus carota,usda:DACA6
plantnet300k-v2:00151984,images/raw/plantnet300k-v2/daucus_carota/773e962e31c77a70d4020a69c285f70ed7203c73.jpg,Daucus carota,usda:DACA6
plantnet300k-v2:00155903,images/raw/plantnet300k-v2/daucus_carota/fee279919bed62d993cf5d7cb0a932c1a5b03eb3.jpg,Daucus carota,usda:DACA6
plantnet300k-v2:00149924,images/raw/plantnet300k-v2/daucus_carota/2b25accd3cee0f68533e9044d0d4657dd3134665.jpg,Daucus carota,usda:DACA6
plantnet300k-v2:00153685,images/raw/plantnet300k-v2/daucus_carota/b1b96691ef97f835c24a0a24e0516f8a4d85f4f0.jpg,Daucus carota,usda:DACA6
plantnet300k-v2:00019112,images/raw/plantnet300k-v2/daucus_carota/49a357d5a40ffcfcc18f49d98a04ca0520c9507f.jpg,Daucus carota,usda:DACA6
plantnet300k-v2:00150553,images/raw/plantnet300k-v2/daucus_carota/419c96b5002a8f61468d231f5e861b9b62bdad2b.jpg,Daucus carota,usda:DACA6
plantnet300k-v2:00154049,images/raw/plantnet300k-v2/daucus_carota/bf4aa371fcf777e590b0543380e46a9128ae4c18.jpg,Daucus carota,usda:DACA6
plantnet300k-v2:00151023,images/raw/plantnet300k-v2/daucus_carota/52d7267dd640778a2b6443ca77e6bf6ba6d369ff.jpg,Daucus carota,usda:DACA6
gbif-inat:00001386,images/raw/gbif-inat/daucus_carota/6130746609_1.jpg,Daucus carota,usda:DACA6
plantnet300k-v2:00155681,images/raw/plantnet300k-v2/daucus_carota/f671333782ecb8a779ac61cbe238a2ca048fbcc9.jpg,Daucus carota,usda:DACA6
plantnet300k-v2:00151673,images/raw/plantnet300k-v2/daucus_carota/6ba86ea4b2de77e7db6dc916d0bcfe2d3d013d6a.jpg,Daucus carota,usda:DACA6
plantnet300k-v2:00153297,images/raw/plantnet300k-v2/daucus_carota/a30aabec10488bcef6eebcf284248fae74226216.jpg,Daucus carota,usda:DACA6
plantnet300k-v2:00149544,images/raw/plantnet300k-v2/daucus_carota/1e1d25febd8d7d3616b7e48ab0631c037c34ca74.jpg,Daucus carota,usda:DACA6
plantnet300k-v2:00154813,images/raw/plantnet300k-v2/daucus_carota/d8dbc66b6a2d9823b2eca2b9c3472ea1f6d5b0d1.jpg,Daucus carota,usda:DACA6
plantnet300k-v2:00150155,images/raw/plantnet300k-v2/daucus_carota/331463ca4976b7602921190d55af68007893af49.jpg,Daucus carota,usda:DACA6
plantnet300k-v2:00155383,images/raw/plantnet300k-v2/daucus_carota/ec1ec81d8fc164b6fddaeb5b426dfe34e83bc853.jpg,Daucus carota,usda:DACA6
plantnet300k-v2:00153755,images/raw/plantnet300k-v2/daucus_carota/b436ebe326f28bb8b2e3ebbbea5eafa1d6a88fa1.jpg,Daucus carota,usda:DACA6
plantnet300k-v2:00149964,images/raw/plantnet300k-v2/daucus_carota/2c97f7829740f311d36f599903a3818eab36ed01.jpg,Daucus carota,usda:DACA6
plantnet300k-v2:00150310,images/raw/plantnet300k-v2/daucus_carota/3897cfd372b250dca3c1108a152398766ee31062.jpg,Daucus carota,usda:DACA6
plantnet300k-v2:00155688,images/raw/plantnet300k-v2/daucus_carota/f6a6ab1898ad4a599fac02b771eaa055c1e86c61.jpg,Daucus carota,usda:DACA6
plantnet300k-v2:00155847,images/raw/plantnet300k-v2/daucus_carota/fc5d377670c7eaa0b35117a5a430874ea44ece19.jpg,Daucus carota,usda:DACA6
plantnet300k-v2:00150817,images/raw/plantnet300k-v2/daucus_carota/4b6f31450f46d05d10c9ec4a86cf371c384ab3b2.jpg,Daucus carota,usda:DACA6
plantnet300k-v2:00153386,images/raw/plantnet300k-v2/daucus_carota/a6df1e14ba3889356cb18b57983e8262a91a6d56.jpg,Daucus carota,usda:DACA6
plantnet300k-v2:00150009,images/raw/plantnet300k-v2/daucus_carota/2e3d68b6616b894d02e4bb44b979c2298493aed8.jpg,Daucus carota,usda:DACA6
plantnet300k-v2:00294574,images/raw/plantnet300k-v2/daucus_carota/d304cea376d3f8760dc110a3f803b40ef4195e84.jpg,Daucus carota,usda:DACA6
plantnet300k-v2:00154123,images/raw/plantnet300k-v2/daucus_carota/c241ea6a8d18adad30b2711ba9de9382aff86e39.jpg,Daucus carota,usda:DACA6
gbif-inat-toxic-round2:00315436,images/raw/gbif-inat-toxic-round2/digitalis_purpurea/6252244615_1.jpg,Digitalis purpurea,usda:DIPU
gbif-inat-toxic-round2:00315386,images/raw/gbif-inat-toxic-round2/digitalis_purpurea/6235792973_1.jpg,Digitalis purpurea,usda:DIPU
gbif-inat-toxic-round2:00315447,images/raw/gbif-inat-toxic-round2/digitalis_purpurea/6252739622_2.jpg,Digitalis purpurea,usda:DIPU
gbif-inat-toxic-round2:00315412,images/raw/gbif-inat-toxic-round2/digitalis_purpurea/6236557745_1.jpg,Digitalis purpurea,usda:DIPU
gbif-inat-toxic-round2:00315139,images/raw/gbif-inat-toxic-round2/digitalis_purpurea/6178663475_1.jpg,Digitalis purpurea,usda:DIPU
gbif-inat-toxic-round2:00315427,images/raw/gbif-inat-toxic-round2/digitalis_purpurea/6251661995_1.jpg,Digitalis purpurea,usda:DIPU
gbif-inat-toxic-round2:00315292,images/raw/gbif-inat-toxic-round2/digitalis_purpurea/6234244006_1.jpg,Digitalis purpurea,usda:DIPU
gbif-inat-toxic-round2:00315109,images/raw/gbif-inat-toxic-round2/digitalis_purpurea/6171015328_1.jpg,Digitalis purpurea,usda:DIPU
gbif-inat-toxic-round2:00315393,images/raw/gbif-inat-toxic-round2/digitalis_purpurea/6236129701_1.jpg,Digitalis purpurea,usda:DIPU
gbif-inat:00004063,images/raw/gbif-inat/digitalis_purpurea/6131597737_1.jpg,Digitalis purpurea,usda:DIPU
gbif-inat:00001170,images/raw/gbif-inat/digitalis_purpurea/6130796371_1.jpg,Digitalis purpurea,usda:DIPU
gbif-inat-toxic-round2:00315419,images/raw/gbif-inat-toxic-round2/digitalis_purpurea/6251471256_1.jpg,Digitalis purpurea,usda:DIPU
gbif-inat-toxic-round2:00315409,images/raw/gbif-inat-toxic-round2/digitalis_purpurea/6236472407_1.jpg,Digitalis purpurea,usda:DIPU
gbif-inat-toxic-round2:00315463,images/raw/gbif-inat-toxic-round2/digitalis_purpurea/6252962359_1.jpg,Digitalis purpurea,usda:DIPU
gbif-inat-toxic-round2:00315169,images/raw/gbif-inat-toxic-round2/digitalis_purpurea/6184892872_1.jpg,Digitalis purpurea,usda:DIPU
gbif-inat-toxic-round2:00315258,images/raw/gbif-inat-toxic-round2/digitalis_purpurea/6188231628_1.jpg,Digitalis purpurea,usda:DIPU
gbif-inat:00004041,images/raw/gbif-inat/digitalis_purpurea/6130882511_1.jpg,Digitalis purpurea,usda:DIPU
gbif-inat:00004068,images/raw/gbif-inat/digitalis_purpurea/6133248951_2.jpg,Digitalis purpurea,usda:DIPU
gbif-inat-toxic-round2:00315461,images/raw/gbif-inat-toxic-round2/digitalis_purpurea/6252928448_1.jpg,Digitalis purpurea,usda:DIPU
gbif-inat:00001154,images/raw/gbif-inat/digitalis_purpurea/6130237608_1.jpg,Digitalis purpurea,usda:DIPU
gbif-inat-toxic-round2:00315248,images/raw/gbif-inat-toxic-round2/digitalis_purpurea/6274106527_1.jpg,Digitalis purpurea,usda:DIPU
gbif-inat-toxic-round2:00315390,images/raw/gbif-inat-toxic-round2/digitalis_purpurea/6236069309_1.jpg,Digitalis purpurea,usda:DIPU
gbif-inat-toxic-round2:00315254,images/raw/gbif-inat-toxic-round2/digitalis_purpurea/6188061839_1.jpg,Digitalis purpurea,usda:DIPU
gbif-inat-toxic-round2:00315286,images/raw/gbif-inat-toxic-round2/digitalis_purpurea/6195815322_1.jpg,Digitalis purpurea,usda:DIPU
gbif-inat-toxic-round2:00315190,images/raw/gbif-inat-toxic-round2/digitalis_purpurea/6185347384_1.jpg,Digitalis purpurea,usda:DIPU
gbif-inat-toxic-round2:00315171,images/raw/gbif-inat-toxic-round2/digitalis_purpurea/6184959997_2.jpg,Digitalis purpurea,usda:DIPU
gbif-inat-toxic-round2:00315466,images/raw/gbif-inat-toxic-round2/digitalis_purpurea/6252988322_3.jpg,Digitalis purpurea,usda:DIPU
gbif-inat-toxic-round2:00315296,images/raw/gbif-inat-toxic-round2/digitalis_purpurea/6234300029_2.jpg,Digitalis purpurea,usda:DIPU
gbif-inat:00001163,images/raw/gbif-inat/digitalis_purpurea/6130539681_1.jpg,Digitalis purpurea,usda:DIPU
gbif-inat-toxic-round2:00315473,images/raw/gbif-inat-toxic-round2/digitalis_purpurea/6253266954_1.jpg,Digitalis purpurea,usda:DIPU
gbif-inat-toxic-round2:00315112,images/raw/gbif-inat-toxic-round2/digitalis_purpurea/6171327126_1.jpg,Digitalis purpurea,usda:DIPU
gbif-inat-toxic-round2:00315269,images/raw/gbif-inat-toxic-round2/digitalis_purpurea/6195422658_1.jpg,Digitalis purpurea,usda:DIPU
gbif-inat-toxic-round2:00315341,images/raw/gbif-inat-toxic-round2/digitalis_purpurea/6235076445_1.jpg,Digitalis purpurea,usda:DIPU
gbif-inat-toxic-round2:00315195,images/raw/gbif-inat-toxic-round2/digitalis_purpurea/6185580892_2.jpg,Digitalis purpurea,usda:DIPU
gbif-inat:00004094,images/raw/gbif-inat/digitalis_purpurea/6147595752_1.jpg,Digitalis purpurea,usda:DIPU
gbif-inat-toxic-round2:00315267,images/raw/gbif-inat-toxic-round2/digitalis_purpurea/6195275773_1.jpg,Digitalis purpurea,usda:DIPU
gbif-inat-toxic-round2:00315396,images/raw/gbif-inat-toxic-round2/digitalis_purpurea/6236200560_1.jpg,Digitalis purpurea,usda:DIPU
gbif-inat-toxic-round2:00315356,images/raw/gbif-inat-toxic-round2/digitalis_purpurea/6235363403_1.jpg,Digitalis purpurea,usda:DIPU
gbif-inat-toxic-round2:00315361,images/raw/gbif-inat-toxic-round2/digitalis_purpurea/6235434530_1.jpg,Digitalis purpurea,usda:DIPU
gbif-inat:00001151,images/raw/gbif-inat/digitalis_purpurea/6130177593_4.jpg,Digitalis purpurea,usda:DIPU
gbif-inat-toxic-round2:00315275,images/raw/gbif-inat-toxic-round2/digitalis_purpurea/6195576892_1.jpg,Digitalis purpurea,usda:DIPU
gbif-inat-toxic-round2:00315307,images/raw/gbif-inat-toxic-round2/digitalis_purpurea/6234354810_1.jpg,Digitalis purpurea,usda:DIPU
gbif-inat-toxic-round2:00315133,images/raw/gbif-inat-toxic-round2/digitalis_purpurea/6178490210_3.jpg,Digitalis purpurea,usda:DIPU
gbif-inat:00004057,images/raw/gbif-inat/digitalis_purpurea/6131303699_2.jpg,Digitalis purpurea,usda:DIPU
gbif-inat-toxic-round2:00315217,images/raw/gbif-inat-toxic-round2/digitalis_purpurea/6185949198_1.jpg,Digitalis purpurea,usda:DIPU
gbif-inat:00001165,images/raw/gbif-inat/digitalis_purpurea/6130572443_1.jpg,Digitalis purpurea,usda:DIPU
gbif-inat-toxic-round2:00315478,images/raw/gbif-inat-toxic-round2/digitalis_purpurea/6273234615_1.jpg,Digitalis purpurea,usda:DIPU
gbif-inat-toxic-round2:00315268,images/raw/gbif-inat-toxic-round2/digitalis_purpurea/6195400415_1.jpg,Digitalis purpurea,usda:DIPU
gbif-inat-toxic-round2:00315233,images/raw/gbif-inat-toxic-round2/digitalis_purpurea/6188108794_1.jpg,Digitalis purpurea,usda:DIPU
gbif-inat-toxic-round2:00315377,images/raw/gbif-inat-toxic-round2/digitalis_purpurea/6235712705_1.jpg,Digitalis purpurea,usda:DIPU
gbif-inat-toxic-round2:00315116,images/raw/gbif-inat-toxic-round2/digitalis_purpurea/6178788178_1.jpg,Digitalis purpurea,usda:DIPU
gbif-inat-toxic-round2:00315399,images/raw/gbif-inat-toxic-round2/digitalis_purpurea/6236278306_1.jpg,Digitalis purpurea,usda:DIPU
gbif-inat-toxic-round2:00315407,images/raw/gbif-inat-toxic-round2/digitalis_purpurea/6236438514_1.jpg,Digitalis purpurea,usda:DIPU
gbif-inat-toxic-round2:00315100,images/raw/gbif-inat-toxic-round2/digitalis_purpurea/6170860924_1.jpg,Digitalis purpurea,usda:DIPU
gbif-inat-toxic-round2:00315448,images/raw/gbif-inat-toxic-round2/digitalis_purpurea/6252739622_3.jpg,Digitalis purpurea,usda:DIPU
gbif-inat-toxic-round2:00315287,images/raw/gbif-inat-toxic-round2/digitalis_purpurea/6234177546_1.jpg,Digitalis purpurea,usda:DIPU
gbif-inat-toxic-round2:00315082,images/raw/gbif-inat-toxic-round2/digitalis_purpurea/6159463120_1.jpg,Digitalis purpurea,usda:DIPU
gbif-inat:00004087,images/raw/gbif-inat/digitalis_purpurea/6147188035_1.jpg,Digitalis purpurea,usda:DIPU
gbif-inat-toxic-round2:00315299,images/raw/gbif-inat-toxic-round2/digitalis_purpurea/6234300029_5.jpg,Digitalis purpurea,usda:DIPU
gbif-inat-toxic-round2:00315221,images/raw/gbif-inat-toxic-round2/digitalis_purpurea/6185983351_1.jpg,Digitalis purpurea,usda:DIPU
gbif-inat-toxic-round2:00315095,images/raw/gbif-inat-toxic-round2/digitalis_purpurea/6163288609_2.jpg,Digitalis purpurea,usda:DIPU
gbif-inat-toxic-round2:00315423,images/raw/gbif-inat-toxic-round2/digitalis_purpurea/6251524503_1.jpg,Digitalis purpurea,usda:DIPU
gbif-inat-toxic-round2:00315397,images/raw/gbif-inat-toxic-round2/digitalis_purpurea/6236207956_1.jpg,Digitalis purpurea,usda:DIPU
gbif-inat-toxic-round2:00315259,images/raw/gbif-inat-toxic-round2/digitalis_purpurea/6188242198_1.jpg,Digitalis purpurea,usda:DIPU
gbif-inat-toxic-round2:00315272,images/raw/gbif-inat-toxic-round2/digitalis_purpurea/6195480964_2.jpg,Digitalis purpurea,usda:DIPU
gbif-inat-toxic-round2:00315128,images/raw/gbif-inat-toxic-round2/digitalis_purpurea/6178338573_1.jpg,Digitalis purpurea,usda:DIPU
gbif-inat:00004051,images/raw/gbif-inat/digitalis_purpurea/6131173791_3.jpg,Digitalis purpurea,usda:DIPU
gbif-inat-toxic-round2:00315197,images/raw/gbif-inat-toxic-round2/digitalis_purpurea/6185590451_2.jpg,Digitalis purpurea,usda:DIPU
gbif-inat-toxic-round2:00315398,images/raw/gbif-inat-toxic-round2/digitalis_purpurea/6236236434_1.jpg,Digitalis purpurea,usda:DIPU
gbif-inat-toxic-round2:00315183,images/raw/gbif-inat-toxic-round2/digitalis_purpurea/6185140922_2.jpg,Digitalis purpurea,usda:DIPU
gbif-inat-toxic-round2:00315349,images/raw/gbif-inat-toxic-round2/digitalis_purpurea/6235190145_1.jpg,Digitalis purpurea,usda:DIPU
gbif-inat-toxic-round2:00315188,images/raw/gbif-inat-toxic-round2/digitalis_purpurea/6185288658_1.jpg,Digitalis purpurea,usda:DIPU
gbif-inat-toxic-round2:00315326,images/raw/gbif-inat-toxic-round2/digitalis_purpurea/6234731107_1.jpg,Digitalis purpurea,usda:DIPU
gbif-inat-toxic-round2:00315178,images/raw/gbif-inat-toxic-round2/digitalis_purpurea/6185091171_1.jpg,Digitalis purpurea,usda:DIPU
gbif-inat-toxic-round2:00315298,images/raw/gbif-inat-toxic-round2/digitalis_purpurea/6234300029_4.jpg,Digitalis purpurea,usda:DIPU
gbif-inat:00004100,images/raw/gbif-inat/digitalis_purpurea/6159231313_1.jpg,Digitalis purpurea,usda:DIPU
gbif-inat:00004044,images/raw/gbif-inat/digitalis_purpurea/6131155159_1.jpg,Digitalis purpurea,usda:DIPU
gbif-inat:00004069,images/raw/gbif-inat/digitalis_purpurea/6133248951_3.jpg,Digitalis purpurea,usda:DIPU
gbif-inat-toxic-round2:00315191,images/raw/gbif-inat-toxic-round2/digitalis_purpurea/6185364866_1.jpg,Digitalis purpurea,usda:DIPU
gbif-inat-toxic-round2:00315250,images/raw/gbif-inat-toxic-round2/digitalis_purpurea/6274274711_1.jpg,Digitalis purpurea,usda:DIPU
gbif-inat-toxic-round2:00315435,images/raw/gbif-inat-toxic-round2/digitalis_purpurea/6252203788_1.jpg,Digitalis purpurea,usda:DIPU
gbif-inat-toxic-round2:00315207,images/raw/gbif-inat-toxic-round2/digitalis_purpurea/6185848937_1.jpg,Digitalis purpurea,usda:DIPU
gbif-inat-toxic-round2:00315359,images/raw/gbif-inat-toxic-round2/digitalis_purpurea/6235372714_1.jpg,Digitalis purpurea,usda:DIPU
gbif-inat:00004084,images/raw/gbif-inat/digitalis_purpurea/6133397587_1.jpg,Digitalis purpurea,usda:DIPU
gbif-inat:00001162,images/raw/gbif-inat/digitalis_purpurea/6130456766_1.jpg,Digitalis purpurea,usda:DIPU
gbif-inat-toxic-round2:00315140,images/raw/gbif-inat-toxic-round2/digitalis_purpurea/6178666898_1.jpg,Digitalis purpurea,usda:DIPU
gbif-inat-toxic-round2:00315309,images/raw/gbif-inat-toxic-round2/digitalis_purpurea/6234377972_1.jpg,Digitalis purpurea,usda:DIPU
gbif-inat-toxic-round2:00315085,images/raw/gbif-inat-toxic-round2/digitalis_purpurea/6159609464_1.jpg,Digitalis purpurea,usda:DIPU
gbif-inat-toxic-round2:00315261,images/raw/gbif-inat-toxic-round2/digitalis_purpurea/6188318990_2.jpg,Digitalis purpurea,usda:DIPU
gbif-inat-toxic-round2:00315449,images/raw/gbif-inat-toxic-round2/digitalis_purpurea/6252739622_4.jpg,Digitalis purpurea,usda:DIPU
gbif-inat-toxic-round2:00315320,images/raw/gbif-inat-toxic-round2/digitalis_purpurea/6234607473_2.jpg,Digitalis purpurea,usda:DIPU
gbif-inat:00001160,images/raw/gbif-inat/digitalis_purpurea/6130339782_1.jpg,Digitalis purpurea,usda:DIPU
gbif-inat-toxic-round2:00315293,images/raw/gbif-inat-toxic-round2/digitalis_purpurea/6234298241_1.jpg,Digitalis purpurea,usda:DIPU
gbif-inat-toxic-round2:00315189,images/raw/gbif-inat-toxic-round2/digitalis_purpurea/6185315085_1.jpg,Digitalis purpurea,usda:DIPU
gbif-inat:00004105,images/raw/gbif-inat/digitalis_purpurea/6159422274_4.jpg,Digitalis purpurea,usda:DIPU
gbif-inat-toxic-round2:00315205,images/raw/gbif-inat-toxic-round2/digitalis_purpurea/6185817296_2.jpg,Digitalis purpurea,usda:DIPU
gbif-inat-toxic-round2:00315127,images/raw/gbif-inat-toxic-round2/digitalis_purpurea/6178326764_1.jpg,Digitalis purpurea,usda:DIPU
gbif-inat-toxic-round2:00315467,images/raw/gbif-inat-toxic-round2/digitalis_purpurea/6253039827_1.jpg,Digitalis purpurea,usda:DIPU
gbif-inat-toxic-round2:00315211,images/raw/gbif-inat-toxic-round2/digitalis_purpurea/6185873758_1.jpg,Digitalis purpurea,usda:DIPU
gbif-inat-toxic-round2:00315439,images/raw/gbif-inat-toxic-round2/digitalis_purpurea/6252357712_1.jpg,Digitalis purpurea,usda:DIPU
gbif-inat-toxic-round2:00315241,images/raw/gbif-inat-toxic-round2/digitalis_purpurea/6234203362_1.jpg,Digitalis purpurea,usda:DIPU
gbif-inat:00001141,images/raw/gbif-inat/digitalis_purpurea/5938468154_1.jpg,Digitalis purpurea,usda:DIPU
gbif-inat-toxic-round2:00315310,images/raw/gbif-inat-toxic-round2/digitalis_purpurea/6234406121_1.jpg,Digitalis purpurea,usda:DIPU
gbif-inat-toxic-round2:00315368,images/raw/gbif-inat-toxic-round2/digitalis_purpurea/6235557024_1.jpg,Digitalis purpurea,usda:DIPU
gbif-inat-toxic-round2:00315418,images/raw/gbif-inat-toxic-round2/digitalis_purpurea/6251468386_1.jpg,Digitalis purpurea,usda:DIPU
gbif-inat:00004060,images/raw/gbif-inat/digitalis_purpurea/6131395599_1.jpg,Digitalis purpurea,usda:DIPU
gbif-inat-toxic-round2:00315159,images/raw/gbif-inat-toxic-round2/digitalis_purpurea/6179453275_2.jpg,Digitalis purpurea,usda:DIPU
gbif-inat-toxic-round2:00315369,images/raw/gbif-inat-toxic-round2/digitalis_purpurea/6235614530_1.jpg,Digitalis purpurea,usda:DIPU
gbif-inat:00004099,images/raw/gbif-inat/digitalis_purpurea/6159166465_1.jpg,Digitalis purpurea,usda:DIPU
gbif-inat-toxic-round2:00315162,images/raw/gbif-inat-toxic-round2/digitalis_purpurea/6184730838_1.jpg,Digitalis purpurea,usda:DIPU
gbif-inat-toxic-round2:00315182,images/raw/gbif-inat-toxic-round2/digitalis_purpurea/6185140922_1.jpg,Digitalis purpurea,usda:DIPU
gbif-inat-toxic-round2:00315088,images/raw/gbif-inat-toxic-round2/digitalis_purpurea/6159629650_3.jpg,Digitalis purpurea,usda:DIPU
gbif-inat-toxic-round2:00315132,images/raw/gbif-inat-toxic-round2/digitalis_purpurea/6178490210_2.jpg,Digitalis purpurea,usda:DIPU
gbif-inat-toxic-round2:00315265,images/raw/gbif-inat-toxic-round2/digitalis_purpurea/6188558211_1.jpg,Digitalis purpurea,usda:DIPU
gbif-inat-toxic-round2:00315428,images/raw/gbif-inat-toxic-round2/digitalis_purpurea/6251857162_1.jpg,Digitalis purpurea,usda:DIPU
gbif-inat-toxic-round2:00315410,images/raw/gbif-inat-toxic-round2/digitalis_purpurea/6236495503_1.jpg,Digitalis purpurea,usda:DIPU
gbif-inat-toxic-round2:00315257,images/raw/gbif-inat-toxic-round2/digitalis_purpurea/6188181159_1.jpg,Digitalis purpurea,usda:DIPU
gbif-inat-toxic-round2:00315160,images/raw/gbif-inat-toxic-round2/digitalis_purpurea/6179453275_3.jpg,Digitalis purpurea,usda:DIPU
gbif-inat-toxic-round2:00315318,images/raw/gbif-inat-toxic-round2/digitalis_purpurea/6234606630_1.jpg,Digitalis purpurea,usda:DIPU
gbif-inat-toxic-round2:00315115,images/raw/gbif-inat-toxic-round2/digitalis_purpurea/6178425156_1.jpg,Digitalis purpurea,usda:DIPU
gbif-inat-toxic-round2:00315476,images/raw/gbif-inat-toxic-round2/digitalis_purpurea/6253365521_1.jpg,Digitalis purpurea,usda:DIPU
gbif-inat-toxic-round2:00315091,images/raw/gbif-inat-toxic-round2/digitalis_purpurea/6162979608_1.jpg,Digitalis purpurea,usda:DIPU
gbif-inat:00001142,images/raw/gbif-inat/digitalis_purpurea/6129847297_1.jpg,Digitalis purpurea,usda:DIPU
gbif-inat-toxic-round2:00315343,images/raw/gbif-inat-toxic-round2/digitalis_purpurea/6235126701_1.jpg,Digitalis purpurea,usda:DIPU
gbif-inat:00001167,images/raw/gbif-inat/digitalis_purpurea/6130572443_3.jpg,Digitalis purpurea,usda:DIPU
gbif-inat-toxic-round2:00315291,images/raw/gbif-inat-toxic-round2/digitalis_purpurea/6234235119_1.jpg,Digitalis purpurea,usda:DIPU
gbif-inat-toxic-round2:00315153,images/raw/gbif-inat-toxic-round2/digitalis_purpurea/6179314253_1.jpg,Digitalis purpurea,usda:DIPU
gbif-inat:00004085,images/raw/gbif-inat/digitalis_purpurea/6133397587_2.jpg,Digitalis purpurea,usda:DIPU
gbif-inat-toxic-round2:00315253,images/raw/gbif-inat-toxic-round2/digitalis_purpurea/6188031300_1.jpg,Digitalis purpurea,usda:DIPU
gbif-inat-toxic-round2:00315421,images/raw/gbif-inat-toxic-round2/digitalis_purpurea/6251498946_1.jpg,Digitalis purpurea,usda:DIPU
gbif-inat-toxic-round2:00315098,images/raw/gbif-inat-toxic-round2/digitalis_purpurea/6163367556_1.jpg,Digitalis purpurea,usda:DIPU
gbif-inat-toxic-round2:00315348,images/raw/gbif-inat-toxic-round2/digitalis_purpurea/6235184121_1.jpg,Digitalis purpurea,usda:DIPU
gbif-inat-toxic-round2:00315325,images/raw/gbif-inat-toxic-round2/digitalis_purpurea/6234607473_7.jpg,Digitalis purpurea,usda:DIPU
gbif-inat-toxic-round2:00315150,images/raw/gbif-inat-toxic-round2/digitalis_purpurea/6179143441_1.jpg,Digitalis purpurea,usda:DIPU
gbif-inat-toxic-round2:00315337,images/raw/gbif-inat-toxic-round2/digitalis_purpurea/6234817928_1.jpg,Digitalis purpurea,usda:DIPU
gbif-inat-toxic-round2:00315086,images/raw/gbif-inat-toxic-round2/digitalis_purpurea/6159629650_1.jpg,Digitalis purpurea,usda:DIPU
gbif-inat:00004089,images/raw/gbif-inat/digitalis_purpurea/6147352106_1.jpg,Digitalis purpurea,usda:DIPU
gbif-inat:00004088,images/raw/gbif-inat/digitalis_purpurea/6147305028_1.jpg,Digitalis purpurea,usda:DIPU
gbif-inat-toxic-round2:00315229,images/raw/gbif-inat-toxic-round2/digitalis_purpurea/6186123055_3.jpg,Digitalis purpurea,usda:DIPU
gbif-inat-toxic-round2:00315094,images/raw/gbif-inat-toxic-round2/digitalis_purpurea/6163288609_1.jpg,Digitalis purpurea,usda:DIPU
gbif-inat-toxic-round2:00315187,images/raw/gbif-inat-toxic-round2/digitalis_purpurea/6185278102_1.jpg,Digitalis purpurea,usda:DIPU
gbif-inat-toxic-round2:00315357,images/raw/gbif-inat-toxic-round2/digitalis_purpurea/6235363403_2.jpg,Digitalis purpurea,usda:DIPU
gbif-inat-toxic-round2:00315280,images/raw/gbif-inat-toxic-round2/digitalis_purpurea/6195716341_1.jpg,Digitalis purpurea,usda:DIPU
gbif-inat-toxic-round2:00315090,images/raw/gbif-inat-toxic-round2/digitalis_purpurea/6162853254_1.jpg,Digitalis purpurea,usda:DIPU
gbif-inat-toxic-round2:00315277,images/raw/gbif-inat-toxic-round2/digitalis_purpurea/6195603384_1.jpg,Digitalis purpurea,usda:DIPU
gbif-inat-toxic-round2:00315252,images/raw/gbif-inat-toxic-round2/digitalis_purpurea/6188017794_1.jpg,Digitalis purpurea,usda:DIPU
gbif-inat-toxic-round2:00315327,images/raw/gbif-inat-toxic-round2/digitalis_purpurea/6234740305_1.jpg,Digitalis purpurea,usda:DIPU
gbif-inat-toxic-round2:00315163,images/raw/gbif-inat-toxic-round2/digitalis_purpurea/6184755950_1.jpg,Digitalis purpurea,usda:DIPU
gbif-inat-toxic-round2:00315104,images/raw/gbif-inat-toxic-round2/digitalis_purpurea/6171005023_1.jpg,Digitalis purpurea,usda:DIPU
gbif-inat-toxic-round2:00315131,images/raw/gbif-inat-toxic-round2/digitalis_purpurea/6178490210_1.jpg,Digitalis purpurea,usda:DIPU
gbif-inat-toxic-round2:00315124,images/raw/gbif-inat-toxic-round2/digitalis_purpurea/6320407686_2.jpg,Digitalis purpurea,usda:DIPU
gbif-inat-toxic-round2:00315156,images/raw/gbif-inat-toxic-round2/digitalis_purpurea/6179422778_1.jpg,Digitalis purpurea,usda:DIPU
gbif-inat:00001153,images/raw/gbif-inat/digitalis_purpurea/6130177593_6.jpg,Digitalis purpurea,usda:DIPU
gbif-inat-toxic-round2:00315186,images/raw/gbif-inat-toxic-round2/digitalis_purpurea/6185260317_1.jpg,Digitalis purpurea,usda:DIPU
gbif-inat:00004052,images/raw/gbif-inat/digitalis_purpurea/6131191105_1.jpg,Digitalis purpurea,usda:DIPU
gbif-inat:00004098,images/raw/gbif-inat/digitalis_purpurea/6159139474_2.jpg,Digitalis purpurea,usda:DIPU
gbif-inat-toxic-round2:00315475,images/raw/gbif-inat-toxic-round2/digitalis_purpurea/6253311113_1.jpg,Digitalis purpurea,usda:DIPU
gbif-inat-toxic-round2:00315276,images/raw/gbif-inat-toxic-round2/digitalis_purpurea/6195580542_1.jpg,Digitalis purpurea,usda:DIPU
gbif-inat-toxic-round2:00315218,images/raw/gbif-inat-toxic-round2/digitalis_purpurea/6185966969_1.jpg,Digitalis purpurea,usda:DIPU
gbif-inat:00004049,images/raw/gbif-inat/digitalis_purpurea/6131173791_1.jpg,Digitalis purpurea,usda:DIPU
gbif-inat-toxic-round2:00315274,images/raw/gbif-inat-toxic-round2/digitalis_purpurea/6195549442_1.jpg,Digitalis purpurea,usda:DIPU
gbif-inat-toxic-round2:00315311,images/raw/gbif-inat-toxic-round2/digitalis_purpurea/6234451099_1.jpg,Digitalis purpurea,usda:DIPU
gbif-inat:00004065,images/raw/gbif-inat/digitalis_purpurea/6133159781_2.jpg,Digitalis purpurea,usda:DIPU
gbif-inat:00004048,images/raw/gbif-inat/digitalis_purpurea/6131159919_2.jpg,Digitalis purpurea,usda:DIPU
gbif-inat-toxic-round2:00315442,images/raw/gbif-inat-toxic-round2/digitalis_purpurea/6252387663_1.jpg,Digitalis purpurea,usda:DIPU
gbif-inat-toxic-round2:00315201,images/raw/gbif-inat-toxic-round2/digitalis_purpurea/6185760346_1.jpg,Digitalis purpurea,usda:DIPU
gbif-inat-toxic-round2:00315300,images/raw/gbif-inat-toxic-round2/digitalis_purpurea/6234324350_1.jpg,Digitalis purpurea,usda:DIPU
gbif-inat-toxic-round2:00315345,images/raw/gbif-inat-toxic-round2/digitalis_purpurea/6235127148_2.jpg,Digitalis purpurea,usda:DIPU
gbif-inat-toxic-round2:00315084,images/raw/gbif-inat-toxic-round2/digitalis_purpurea/6159463120_3.jpg,Digitalis purpurea,usda:DIPU
gbif-inat-toxic-round2:00315297,images/raw/gbif-inat-toxic-round2/digitalis_purpurea/6234300029_3.jpg,Digitalis purpurea,usda:DIPU
gbif-inat-toxic-round2:00315432,images/raw/gbif-inat-toxic-round2/digitalis_purpurea/6252073980_1.jpg,Digitalis purpurea,usda:DIPU
gbif-inat-toxic-round2:00315454,images/raw/gbif-inat-toxic-round2/digitalis_purpurea/6252745117_4.jpg,Digitalis purpurea,usda:DIPU
gbif-inat-toxic-round2:00315330,images/raw/gbif-inat-toxic-round2/digitalis_purpurea/6234780638_2.jpg,Digitalis purpurea,usda:DIPU
gbif-inat-toxic-round2:00315383,images/raw/gbif-inat-toxic-round2/digitalis_purpurea/6235753793_1.jpg,Digitalis purpurea,usda:DIPU
gbif-inat:00001148,images/raw/gbif-inat/digitalis_purpurea/6130177593_1.jpg,Digitalis purpurea,usda:DIPU
gbif-inat-toxic-round2:00315249,images/raw/gbif-inat-toxic-round2/digitalis_purpurea/6274129406_1.jpg,Digitalis purpurea,usda:DIPU
gbif-inat-toxic-round2:00315371,images/raw/gbif-inat-toxic-round2/digitalis_purpurea/6235614530_3.jpg,Digitalis purpurea,usda:DIPU
gbif-inat:00004086,images/raw/gbif-inat/digitalis_purpurea/6147186084_1.jpg,Digitalis purpurea,usda:DIPU
gbif-inat-toxic-round2:00315228,images/raw/gbif-inat-toxic-round2/digitalis_purpurea/6186123055_2.jpg,Digitalis purpurea,usda:DIPU
gbif-inat-toxic-round2:00315161,images/raw/gbif-inat-toxic-round2/digitalis_purpurea/6184730403_1.jpg,Digitalis purpurea,usda:DIPU
gbif-inat:00001144,images/raw/gbif-inat/digitalis_purpurea/6129933723_2.jpg,Digitalis purpurea,usda:DIPU
gbif-inat-toxic-round2:00315239,images/raw/gbif-inat-toxic-round2/digitalis_purpurea/6195611279_1.jpg,Digitalis purpurea,usda:DIPU
gbif-inat-toxic-round2:00315204,images/raw/gbif-inat-toxic-round2/digitalis_purpurea/6185817296_1.jpg,Digitalis purpurea,usda:DIPU
gbif-inat:00004053,images/raw/gbif-inat/digitalis_purpurea/6131241654_1.jpg,Digitalis purpurea,usda:DIPU
gbif-inat:00001159,images/raw/gbif-inat/digitalis_purpurea/6130263188_1.jpg,Digitalis purpurea,usda:DIPU
gbif-inat-toxic-round2:00315322,images/raw/gbif-inat-toxic-round2/digitalis_purpurea/6234607473_4.jpg,Digitalis purpurea,usda:DIPU
gbif-inat-toxic-round2:00315198,images/raw/gbif-inat-toxic-round2/digitalis_purpurea/6185645949_1.jpg,Digitalis purpurea,usda:DIPU
gbif-inat-toxic-round2:00315424,images/raw/gbif-inat-toxic-round2/digitalis_purpurea/6251612884_1.jpg,Digitalis purpurea,usda:DIPU
gbif-inat:00004061,images/raw/gbif-inat/digitalis_purpurea/6131416913_1.jpg,Digitalis purpurea,usda:DIPU
gbif-inat-toxic-round2:00315120,images/raw/gbif-inat-toxic-round2/digitalis_purpurea/6185316451_1.jpg,Digitalis purpurea,usda:DIPU
gbif-inat-toxic-round2:00315406,images/raw/gbif-inat-toxic-round2/digitalis_purpurea/6236411730_1.jpg,Digitalis purpurea,usda:DIPU
gbif-inat-toxic-round2:00315225,images/raw/gbif-inat-toxic-round2/digitalis_purpurea/6186035773_1.jpg,Digitalis purpurea,usda:DIPU
gbif-inat-toxic-round2:00315437,images/raw/gbif-inat-toxic-round2/digitalis_purpurea/6252288966_1.jpg,Digitalis purpurea,usda:DIPU
gbif-inat-toxic-round2:00315301,images/raw/gbif-inat-toxic-round2/digitalis_purpurea/6234332602_1.jpg,Digitalis purpurea,usda:DIPU
gbif-inat-toxic-round2:00315411,images/raw/gbif-inat-toxic-round2/digitalis_purpurea/6236510779_1.jpg,Digitalis purpurea,usda:DIPU
gbif-inat:00004103,images/raw/gbif-inat/digitalis_purpurea/6159422274_2.jpg,Digitalis purpurea,usda:DIPU
gbif-inat-toxic-round2:00315464,images/raw/gbif-inat-toxic-round2/digitalis_purpurea/6252988322_1.jpg,Digitalis purpurea,usda:DIPU
gbif-inat-toxic-round2:00315244,images/raw/gbif-inat-toxic-round2/digitalis_purpurea/6234474105_1.jpg,Digitalis purpurea,usda:DIPU
gbif-inat-toxic-round2:00315445,images/raw/gbif-inat-toxic-round2/digitalis_purpurea/6252587599_1.jpg,Digitalis purpurea,usda:DIPU
gbif-inat:00001157,images/raw/gbif-inat/digitalis_purpurea/6130248686_1.jpg,Digitalis purpurea,usda:DIPU
gbif-inat-toxic-round2:00315212,images/raw/gbif-inat-toxic-round2/digitalis_purpurea/6185873758_2.jpg,Digitalis purpurea,usda:DIPU
gbif-inat-toxic-round2:00315134,images/raw/gbif-inat-toxic-round2/digitalis_purpurea/6178490210_4.jpg,Digitalis purpurea,usda:DIPU
gbif-inat-toxic-round2:00315263,images/raw/gbif-inat-toxic-round2/digitalis_purpurea/6188336687_1.jpg,Digitalis purpurea,usda:DIPU
gbif-inat-toxic-round2:00315340,images/raw/gbif-inat-toxic-round2/digitalis_purpurea/6234893753_1.jpg,Digitalis purpurea,usda:DIPU
gbif-inat-toxic-round2:00315384,images/raw/gbif-inat-toxic-round2/digitalis_purpurea/6235778535_1.jpg,Digitalis purpurea,usda:DIPU
gbif-inat:00004054,images/raw/gbif-inat/digitalis_purpurea/6131241654_2.jpg,Digitalis purpurea,usda:DIPU
gbif-inat:00004070,images/raw/gbif-inat/digitalis_purpurea/6133258435_1.jpg,Digitalis purpurea,usda:DIPU
gbif-inat-toxic-round2:00315087,images/raw/gbif-inat-toxic-round2/digitalis_purpurea/6159629650_2.jpg,Digitalis purpurea,usda:DIPU
gbif-inat:00004056,images/raw/gbif-inat/digitalis_purpurea/6131303699_1.jpg,Digitalis purpurea,usda:DIPU
gbif-inat-toxic-round2:00315089,images/raw/gbif-inat-toxic-round2/digitalis_purpurea/6159629650_4.jpg,Digitalis purpurea,usda:DIPU
gbif-inat:00001152,images/raw/gbif-inat/digitalis_purpurea/6130177593_5.jpg,Digitalis purpurea,usda:DIPU
gbif-inat-toxic-round2:00315240,images/raw/gbif-inat-toxic-round2/digitalis_purpurea/6195797766_1.jpg,Digitalis purpurea,usda:DIPU
gbif-inat-toxic-round2:00315378,images/raw/gbif-inat-toxic-round2/digitalis_purpurea/6235712705_2.jpg,Digitalis purpurea,usda:DIPU
gbif-inat:00004066,images/raw/gbif-inat/digitalis_purpurea/6133159781_3.jpg,Digitalis purpurea,usda:DIPU
gbif-inat:00001149,images/raw/gbif-inat/digitalis_purpurea/6130177593_2.jpg,Digitalis purpurea,usda:DIPU
gbif-inat-toxic-round2:00315165,images/raw/gbif-inat-toxic-round2/digitalis_purpurea/6184805356_1.jpg,Digitalis purpurea,usda:DIPU
gbif-inat-toxic-round2:00315210,images/raw/gbif-inat-toxic-round2/digitalis_purpurea/6185855871_1.jpg,Digitalis purpurea,usda:DIPU
gbif-inat:00004106,images/raw/gbif-inat/digitalis_purpurea/6159422274_5.jpg,Digitalis purpurea,usda:DIPU
gbif-inat-toxic-round2:00315373,images/raw/gbif-inat-toxic-round2/digitalis_purpurea/6235654747_1.jpg,Digitalis purpurea,usda:DIPU
gbif-inat-toxic-round2:00315270,images/raw/gbif-inat-toxic-round2/digitalis_purpurea/6195422658_2.jpg,Digitalis purpurea,usda:DIPU
gbif-inat-toxic-round2:00315236,images/raw/gbif-inat-toxic-round2/digitalis_purpurea/6188196995_1.jpg,Digitalis purpurea,usda:DIPU
gbif-inat:00004059,images/raw/gbif-inat/digitalis_purpurea/6131303699_4.jpg,Digitalis purpurea,usda:DIPU
gbif-inat:00004045,images/raw/gbif-inat/digitalis_purpurea/6131155159_2.jpg,Digitalis purpurea,usda:DIPU
gbif-inat-toxic-round2:00315294,images/raw/gbif-inat-toxic-round2/digitalis_purpurea/6234299472_1.jpg,Digitalis purpurea,usda:DIPU
gbif-inat:00001158,images/raw/gbif-inat/digitalis_purpurea/6130248686_2.jpg,Digitalis purpurea,usda:DIPU
gbif-inat-toxic-round2:00315404,images/raw/gbif-inat-toxic-round2/digitalis_purpurea/6236382793_1.jpg,Digitalis purpurea,usda:DIPU
gbif-inat-toxic-round2:00315118,images/raw/gbif-inat-toxic-round2/digitalis_purpurea/6184746027_1.jpg,Digitalis purpurea,usda:DIPU
gbif-inat:00004072,images/raw/gbif-inat/digitalis_purpurea/6133404598_2.jpg,Digitalis purpurea,usda:DIPU
gbif-inat-toxic-round2:00315387,images/raw/gbif-inat-toxic-round2/digitalis_purpurea/6235840202_1.jpg,Digitalis purpurea,usda:DIPU
gbif-inat-toxic-round2:00315138,images/raw/gbif-inat-toxic-round2/digitalis_purpurea/6178647358_2.jpg,Digitalis purpurea,usda:DIPU
gbif-inat-toxic-round2:00315110,images/raw/gbif-inat-toxic-round2/digitalis_purpurea/6171305134_1.jpg,Digitalis purpurea,usda:DIPU
gbif-inat-toxic-round2:00315136,images/raw/gbif-inat-toxic-round2/digitalis_purpurea/6178490210_6.jpg,Digitalis purpurea,usda:DIPU
gbif-inat:00001150,images/raw/gbif-inat/digitalis_purpurea/6130177593_3.jpg,Digitalis purpurea,usda:DIPU
gbif-inat-toxic-round2:00315362,images/raw/gbif-inat-toxic-round2/digitalis_purpurea/6235503402_1.jpg,Digitalis purpurea,usda:DIPU
gbif-inat:00001155,images/raw/gbif-inat/digitalis_purpurea/6130237608_2.jpg,Digitalis purpurea,usda:DIPU
gbif-inat-toxic-round2:00315308,images/raw/gbif-inat-toxic-round2/digitalis_purpurea/6234361217_1.jpg,Digitalis purpurea,usda:DIPU
gbif-inat-toxic-round2:00315167,images/raw/gbif-inat-toxic-round2/digitalis_purpurea/6184881656_1.jpg,Digitalis purpurea,usda:DIPU
gbif-inat-toxic-round2:00315342,images/raw/gbif-inat-toxic-round2/digitalis_purpurea/6235118896_1.jpg,Digitalis purpurea,usda:DIPU
gbif-inat-toxic-round2:00315333,images/raw/gbif-inat-toxic-round2/digitalis_purpurea/6234790785_2.jpg,Digitalis purpurea,usda:DIPU
gbif-inat-toxic-round2:00315222,images/raw/gbif-inat-toxic-round2/digitalis_purpurea/6186015231_1.jpg,Digitalis purpurea,usda:DIPU
gbif-inat-toxic-round2:00315199,images/raw/gbif-inat-toxic-round2/digitalis_purpurea/6185651847_1.jpg,Digitalis purpurea,usda:DIPU
gbif-inat-toxic-round2:00315238,images/raw/gbif-inat-toxic-round2/digitalis_purpurea/6188314731_1.jpg,Digitalis purpurea,usda:DIPU
gbif-inat:00004062,images/raw/gbif-inat/digitalis_purpurea/6131560875_1.jpg,Digitalis purpurea,usda:DIPU
gbif-inat:00004079,images/raw/gbif-inat/digitalis_purpurea/6133578879_2.jpg,Digitalis purpurea,usda:DIPU
gbif-inat:00004092,images/raw/gbif-inat/digitalis_purpurea/6147471528_1.jpg,Digitalis purpurea,usda:DIPU
gbif-inat:00004076,images/raw/gbif-inat/digitalis_purpurea/6133485894_1.jpg,Digitalis purpurea,usda:DIPU
gbif-inat-toxic-round2:00315372,images/raw/gbif-inat-toxic-round2/digitalis_purpurea/6235614530_4.jpg,Digitalis purpurea,usda:DIPU
gbif-inat-toxic-round2:00315306,images/raw/gbif-inat-toxic-round2/digitalis_purpurea/6234332602_6.jpg,Digitalis purpurea,usda:DIPU
gbif-inat:00004047,images/raw/gbif-inat/digitalis_purpurea/6131159919_1.jpg,Digitalis purpurea,usda:DIPU
gbif-inat-toxic-round2:00315413,images/raw/gbif-inat-toxic-round2/digitalis_purpurea/6236557745_2.jpg,Digitalis purpurea,usda:DIPU
gbif-inat-toxic-round2:00315331,images/raw/gbif-inat-toxic-round2/digitalis_purpurea/6234780638_3.jpg,Digitalis purpurea,usda:DIPU
gbif-inat-toxic-round2:00315237,images/raw/gbif-inat-toxic-round2/digitalis_purpurea/6188230807_1.jpg,Digitalis purpurea,usda:DIPU
gbif-inat-toxic-round2:00315313,images/raw/gbif-inat-toxic-round2/digitalis_purpurea/6234464609_2.jpg,Digitalis purpurea,usda:DIPU
gbif-inat-toxic-round2:00315080,images/raw/gbif-inat-toxic-round2/digitalis_purpurea/6159452613_2.jpg,Digitalis purpurea,usda:DIPU
gbif-inat-toxic-round2:00315312,images/raw/gbif-inat-toxic-round2/digitalis_purpurea/6234464609_1.jpg,Digitalis purpurea,usda:DIPU
gbif-inat-toxic-round2:00315111,images/raw/gbif-inat-toxic-round2/digitalis_purpurea/6171305134_2.jpg,Digitalis purpurea,usda:DIPU
gbif-inat-toxic-round2:00315469,images/raw/gbif-inat-toxic-round2/digitalis_purpurea/6253150153_1.jpg,Digitalis purpurea,usda:DIPU
gbif-inat-toxic-round2:00315122,images/raw/gbif-inat-toxic-round2/digitalis_purpurea/6185316451_3.jpg,Digitalis purpurea,usda:DIPU
gbif-inat-toxic-round2:00315321,images/raw/gbif-inat-toxic-round2/digitalis_purpurea/6234607473_3.jpg,Digitalis purpurea,usda:DIPU
gbif-inat-toxic-round2:00315208,images/raw/gbif-inat-toxic-round2/digitalis_purpurea/6185848937_2.jpg,Digitalis purpurea,usda:DIPU
gbif-inat-toxic-round2:00315227,images/raw/gbif-inat-toxic-round2/digitalis_purpurea/6186123055_1.jpg,Digitalis purpurea,usda:DIPU
gbif-inat-toxic-round2:00315344,images/raw/gbif-inat-toxic-round2/digitalis_purpurea/6235127148_1.jpg,Digitalis purpurea,usda:DIPU
gbif-inat:00004046,images/raw/gbif-inat/digitalis_purpurea/6131155159_3.jpg,Digitalis purpurea,usda:DIPU
gbif-inat:00004093,images/raw/gbif-inat/digitalis_purpurea/6147521220_1.jpg,Digitalis purpurea,usda:DIPU
gbif-inat-toxic-round2:00315460,images/raw/gbif-inat-toxic-round2/digitalis_purpurea/6252901359_2.jpg,Digitalis purpurea,usda:DIPU
gbif-inat:00001161,images/raw/gbif-inat/digitalis_purpurea/6130339782_2.jpg,Digitalis purpurea,usda:DIPU
gbif-inat-toxic-round2:00315385,images/raw/gbif-inat-toxic-round2/digitalis_purpurea/6235791530_1.jpg,Digitalis purpurea,usda:DIPU
gbif-inat-toxic-round2:00315256,images/raw/gbif-inat-toxic-round2/digitalis_purpurea/6188173150_2.jpg,Digitalis purpurea,usda:DIPU
gbif-inat-toxic-round2:00315389,images/raw/gbif-inat-toxic-round2/digitalis_purpurea/6235898821_1.jpg,Digitalis purpurea,usda:DIPU
gbif-inat:00004104,images/raw/gbif-inat/digitalis_purpurea/6159422274_3.jpg,Digitalis purpurea,usda:DIPU
gbif-inat-toxic-round2:00315335,images/raw/gbif-inat-toxic-round2/digitalis_purpurea/6234790785_4.jpg,Digitalis purpurea,usda:DIPU
gbif-inat-toxic-round2:00315158,images/raw/gbif-inat-toxic-round2/digitalis_purpurea/6179453275_1.jpg,Digitalis purpurea,usda:DIPU
gbif-inat-toxic-round2:00315194,images/raw/gbif-inat-toxic-round2/digitalis_purpurea/6185580892_1.jpg,Digitalis purpurea,usda:DIPU
gbif-inat-toxic-round2:00315281,images/raw/gbif-inat-toxic-round2/digitalis_purpurea/6195720224_1.jpg,Digitalis purpurea,usda:DIPU
gbif-inat-toxic-round2:00315123,images/raw/gbif-inat-toxic-round2/digitalis_purpurea/6320407686_1.jpg,Digitalis purpurea,usda:DIPU
gbif-inat-toxic-round2:00315415,images/raw/gbif-inat-toxic-round2/digitalis_purpurea/6251444813_2.jpg,Digitalis purpurea,usda:DIPU
gbif-inat-toxic-round2:00315174,images/raw/gbif-inat-toxic-round2/digitalis_purpurea/6185027290_1.jpg,Digitalis purpurea,usda:DIPU
gbif-inat-toxic-round2:00315129,images/raw/gbif-inat-toxic-round2/digitalis_purpurea/6178406809_1.jpg,Digitalis purpurea,usda:DIPU
gbif-inat-toxic-round2:00315324,images/raw/gbif-inat-toxic-round2/digitalis_purpurea/6234607473_6.jpg,Digitalis purpurea,usda:DIPU
gbif-inat-toxic-round2:00315402,images/raw/gbif-inat-toxic-round2/digitalis_purpurea/6236320399_1.jpg,Digitalis purpurea,usda:DIPU
gbif-inat-toxic-round2:00315203,images/raw/gbif-inat-toxic-round2/digitalis_purpurea/6185801784_1.jpg,Digitalis purpurea,usda:DIPU
gbif-inat-toxic-round2:00315278,images/raw/gbif-inat-toxic-round2/digitalis_purpurea/6195665753_1.jpg,Digitalis purpurea,usda:DIPU
gbif-inat:00001166,images/raw/gbif-inat/digitalis_purpurea/6130572443_2.jpg,Digitalis purpurea,usda:DIPU
gbif-inat-toxic-round2:00315376,images/raw/gbif-inat-toxic-round2/digitalis_purpurea/6235703810_1.jpg,Digitalis purpurea,usda:DIPU
gbif-inat-toxic-round2:00315251,images/raw/gbif-inat-toxic-round2/digitalis_purpurea/6187904880_1.jpg,Digitalis purpurea,usda:DIPU
gbif-inat:00004108,images/raw/gbif-inat/digitalis_purpurea/6159422274_7.jpg,Digitalis purpurea,usda:DIPU
gbif-inat-toxic-round2:00315176,images/raw/gbif-inat-toxic-round2/digitalis_purpurea/6185072953_1.jpg,Digitalis purpurea,usda:DIPU
gbif-inat-toxic-round2:00315143,images/raw/gbif-inat-toxic-round2/digitalis_purpurea/6178751382_2.jpg,Digitalis purpurea,usda:DIPU
gbif-inat-toxic-round2:00315164,images/raw/gbif-inat-toxic-round2/digitalis_purpurea/6184785693_1.jpg,Digitalis purpurea,usda:DIPU
gbif-inat-toxic-round2:00315092,images/raw/gbif-inat-toxic-round2/digitalis_purpurea/6162987001_1.jpg,Digitalis purpurea,usda:DIPU
gbif-inat-toxic-round2:00315149,images/raw/gbif-inat-toxic-round2/digitalis_purpurea/6178983487_4.jpg,Digitalis purpurea,usda:DIPU
gbif-inat-toxic-round2:00315219,images/raw/gbif-inat-toxic-round2/digitalis_purpurea/6185981038_1.jpg,Digitalis purpurea,usda:DIPU
gbif-inat-toxic-round2:00315137,images/raw/gbif-inat-toxic-round2/digitalis_purpurea/6178647358_1.jpg,Digitalis purpurea,usda:DIPU
gbif-inat-toxic-round2:00315083,images/raw/gbif-inat-toxic-round2/digitalis_purpurea/6159463120_2.jpg,Digitalis purpurea,usda:DIPU
gbif-inat:00001145,images/raw/gbif-inat/digitalis_purpurea/6129933723_3.jpg,Digitalis purpurea,usda:DIPU
gbif-inat:00004073,images/raw/gbif-inat/digitalis_purpurea/6133417463_1.jpg,Digitalis purpurea,usda:DIPU
gbif-inat-toxic-round2:00315202,images/raw/gbif-inat-toxic-round2/digitalis_purpurea/6185792759_1.jpg,Digitalis purpurea,usda:DIPU
gbif-inat-toxic-round2:00315408,images/raw/gbif-inat-toxic-round2/digitalis_purpurea/6236438548_1.jpg,Digitalis purpurea,usda:DIPU
gbif-inat-toxic-round2:00315375,images/raw/gbif-inat-toxic-round2/digitalis_purpurea/6235698646_1.jpg,Digitalis purpurea,usda:DIPU
gbif-inat:00001164,images/raw/gbif-inat/digitalis_purpurea/6130551137_1.jpg,Digitalis purpurea,usda:DIPU
gbif-inat-toxic-round2:00315332,images/raw/gbif-inat-toxic-round2/digitalis_purpurea/6234790785_1.jpg,Digitalis purpurea,usda:DIPU
gbif-inat-toxic-round2:00315234,images/raw/gbif-inat-toxic-round2/digitalis_purpurea/6188108794_2.jpg,Digitalis purpurea,usda:DIPU
gbif-inat-toxic-round2:00315347,images/raw/gbif-inat-toxic-round2/digitalis_purpurea/6235127148_4.jpg,Digitalis purpurea,usda:DIPU
gbif-inat-toxic-round2:00315145,images/raw/gbif-inat-toxic-round2/digitalis_purpurea/6178791457_1.jpg,Digitalis purpurea,usda:DIPU
gbif-inat-toxic-round2:00315370,images/raw/gbif-inat-toxic-round2/digitalis_purpurea/6235614530_2.jpg,Digitalis purpurea,usda:DIPU
gbif-inat:00004055,images/raw/gbif-inat/digitalis_purpurea/6131241654_3.jpg,Digitalis purpurea,usda:DIPU
gbif-inat-toxic-round2:00315224,images/raw/gbif-inat-toxic-round2/digitalis_purpurea/6186025472_1.jpg,Digitalis purpurea,usda:DIPU
gbif-inat-toxic-round2:00315426,images/raw/gbif-inat-toxic-round2/digitalis_purpurea/6251653906_1.jpg,Digitalis purpurea,usda:DIPU
gbif-inat-toxic-round2:00315177,images/raw/gbif-inat-toxic-round2/digitalis_purpurea/6185072953_2.jpg,Digitalis purpurea,usda:DIPU
gbif-inat:00004067,images/raw/gbif-inat/digitalis_purpurea/6133248951_1.jpg,Digitalis purpurea,usda:DIPU
gbif-inat:00004077,images/raw/gbif-inat/digitalis_purpurea/6133485894_2.jpg,Digitalis purpurea,usda:DIPU
gbif-inat-toxic-round2:00315180,images/raw/gbif-inat-toxic-round2/digitalis_purpurea/6185132709_2.jpg,Digitalis purpurea,usda:DIPU
gbif-inat-toxic-round2:00315172,images/raw/gbif-inat-toxic-round2/digitalis_purpurea/6184993441_1.jpg,Digitalis purpurea,usda:DIPU
gbif-inat-toxic-round2:00315319,images/raw/gbif-inat-toxic-round2/digitalis_purpurea/6234607473_1.jpg,Digitalis purpurea,usda:DIPU
gbif-inat-toxic-round2:00315444,images/raw/gbif-inat-toxic-round2/digitalis_purpurea/6252587005_1.jpg,Digitalis purpurea,usda:DIPU
gbif-inat-toxic-round2:00315416,images/raw/gbif-inat-toxic-round2/digitalis_purpurea/6251444898_1.jpg,Digitalis purpurea,usda:DIPU
gbif-inat-toxic-round2:00315135,images/raw/gbif-inat-toxic-round2/digitalis_purpurea/6178490210_5.jpg,Digitalis purpurea,usda:DIPU
gbif-inat:00004075,images/raw/gbif-inat/digitalis_purpurea/6133457552_2.jpg,Digitalis purpurea,usda:DIPU
gbif-inat-toxic-round2:00315401,images/raw/gbif-inat-toxic-round2/digitalis_purpurea/6236308865_1.jpg,Digitalis purpurea,usda:DIPU
gbif-inat-toxic-round2:00315193,images/raw/gbif-inat-toxic-round2/digitalis_purpurea/6185519525_1.jpg,Digitalis purpurea,usda:DIPU
gbif-inat-toxic-round2:00315462,images/raw/gbif-inat-toxic-round2/digitalis_purpurea/6252945150_1.jpg,Digitalis purpurea,usda:DIPU
gbif-inat-toxic-round2:00315443,images/raw/gbif-inat-toxic-round2/digitalis_purpurea/6252419751_1.jpg,Digitalis purpurea,usda:DIPU
gbif-inat-toxic-round2:00315144,images/raw/gbif-inat-toxic-round2/digitalis_purpurea/6178756838_1.jpg,Digitalis purpurea,usda:DIPU
gbif-inat-toxic-round2:00315429,images/raw/gbif-inat-toxic-round2/digitalis_purpurea/6251902078_1.jpg,Digitalis purpurea,usda:DIPU
gbif-inat:00004071,images/raw/gbif-inat/digitalis_purpurea/6133404598_1.jpg,Digitalis purpurea,usda:DIPU
gbif-inat:00004101,images/raw/gbif-inat/digitalis_purpurea/6159351205_1.jpg,Digitalis purpurea,usda:DIPU
gbif-inat-toxic-round2:00315455,images/raw/gbif-inat-toxic-round2/digitalis_purpurea/6252782684_1.jpg,Digitalis purpurea,usda:DIPU
gbif-inat-toxic-round2:00315184,images/raw/gbif-inat-toxic-round2/digitalis_purpurea/6185147078_1.jpg,Digitalis purpurea,usda:DIPU
gbif-inat-toxic-round2:00315185,images/raw/gbif-inat-toxic-round2/digitalis_purpurea/6185158596_1.jpg,Digitalis purpurea,usda:DIPU
gbif-inat-toxic-round2:00315200,images/raw/gbif-inat-toxic-round2/digitalis_purpurea/6185683506_1.jpg,Digitalis purpurea,usda:DIPU
gbif-inat-toxic-round2:00315405,images/raw/gbif-inat-toxic-round2/digitalis_purpurea/6236395655_1.jpg,Digitalis purpurea,usda:DIPU
gbif-inat:00004102,images/raw/gbif-inat/digitalis_purpurea/6159422274_1.jpg,Digitalis purpurea,usda:DIPU
gbif-inat-toxic-round2:00315106,images/raw/gbif-inat-toxic-round2/digitalis_purpurea/6171005023_3.jpg,Digitalis purpurea,usda:DIPU
gbif-inat-toxic-round2:00315446,images/raw/gbif-inat-toxic-round2/digitalis_purpurea/6252739622_1.jpg,Digitalis purpurea,usda:DIPU
gbif-inat-toxic-round2:00315154,images/raw/gbif-inat-toxic-round2/digitalis_purpurea/6179380696_1.jpg,Digitalis purpurea,usda:DIPU
gbif-inat-toxic-round2:00315130,images/raw/gbif-inat-toxic-round2/digitalis_purpurea/6178406809_2.jpg,Digitalis purpurea,usda:DIPU
gbif-inat-toxic-round2:00315346,images/raw/gbif-inat-toxic-round2/digitalis_purpurea/6235127148_3.jpg,Digitalis purpurea,usda:DIPU
gbif-inat-toxic-round2:00315295,images/raw/gbif-inat-toxic-round2/digitalis_purpurea/6234300029_1.jpg,Digitalis purpurea,usda:DIPU
gbif-inat:00004042,images/raw/gbif-inat/digitalis_purpurea/6130891733_1.jpg,Digitalis purpurea,usda:DIPU
gbif-inat-toxic-round2:00315400,images/raw/gbif-inat-toxic-round2/digitalis_purpurea/6236297851_1.jpg,Digitalis purpurea,usda:DIPU
gbif-inat-toxic-round2:00315192,images/raw/gbif-inat-toxic-round2/digitalis_purpurea/6185414303_1.jpg,Digitalis purpurea,usda:DIPU
gbif-inat-toxic-round2:00315474,images/raw/gbif-inat-toxic-round2/digitalis_purpurea/6253266954_2.jpg,Digitalis purpurea,usda:DIPU
gbif-inat-toxic-round2:00315440,images/raw/gbif-inat-toxic-round2/digitalis_purpurea/6252358424_1.jpg,Digitalis purpurea,usda:DIPU
gbif-inat-toxic-round2:00315468,images/raw/gbif-inat-toxic-round2/digitalis_purpurea/6253081990_1.jpg,Digitalis purpurea,usda:DIPU
gbif-inat-toxic-round2:00315351,images/raw/gbif-inat-toxic-round2/digitalis_purpurea/6235310528_1.jpg,Digitalis purpurea,usda:DIPU
gbif-inat:00001147,images/raw/gbif-inat/digitalis_purpurea/6130093906_1.jpg,Digitalis purpurea,usda:DIPU
gbif-inat-toxic-round2:00315441,images/raw/gbif-inat-toxic-round2/digitalis_purpurea/6252358424_2.jpg,Digitalis purpurea,usda:DIPU
gbif-inat-toxic-round2:00315414,images/raw/gbif-inat-toxic-round2/digitalis_purpurea/6251444813_1.jpg,Digitalis purpurea,usda:DIPU
gbif-inat-toxic-round2:00315215,images/raw/gbif-inat-toxic-round2/digitalis_purpurea/6185920611_2.jpg,Digitalis purpurea,usda:DIPU
gbif-inat-toxic-round2:00315151,images/raw/gbif-inat-toxic-round2/digitalis_purpurea/6179175728_1.jpg,Digitalis purpurea,usda:DIPU
gbif-inat:00004533,images/raw/gbif-inat/echinacea_purpurea/6234529888_1.jpg,Echinacea purpurea,usda:ECPU
gbif-inat:00001377,images/raw/gbif-inat/echinacea_purpurea/6185004843_1.jpg,Echinacea purpurea,usda:ECPU
gbif-inat:00004543,images/raw/gbif-inat/echinacea_purpurea/6251842774_1.jpg,Echinacea purpurea,usda:ECPU
gbif-inat:00004592,images/raw/gbif-inat/echinacea_purpurea/5140358752_2.jpg,Echinacea purpurea,usda:ECPU
gbif-inat:00004563,images/raw/gbif-inat/echinacea_purpurea/6320436375_1.jpg,Echinacea purpurea,usda:ECPU
gbif-inat:00001365,images/raw/gbif-inat/echinacea_purpurea/6159334434_1.jpg,Echinacea purpurea,usda:ECPU
gbif-inat:00001354,images/raw/gbif-inat/echinacea_purpurea/6129944460_3.jpg,Echinacea purpurea,usda:ECPU
gbif-inat:00004579,images/raw/gbif-inat/echinacea_purpurea/5088057715_1.jpg,Echinacea purpurea,usda:ECPU
gbif-inat:00004535,images/raw/gbif-inat/echinacea_purpurea/6235645145_1.jpg,Echinacea purpurea,usda:ECPU
gbif-inat:00004584,images/raw/gbif-inat/echinacea_purpurea/5134378917_2.jpg,Echinacea purpurea,usda:ECPU
gbif-inat:00004557,images/raw/gbif-inat/echinacea_purpurea/6320221599_1.jpg,Echinacea purpurea,usda:ECPU
gbif-inat:00004596,images/raw/gbif-inat/echinacea_purpurea/5140690428_1.jpg,Echinacea purpurea,usda:ECPU
gbif-inat:00001363,images/raw/gbif-inat/echinacea_purpurea/6133055827_1.jpg,Echinacea purpurea,usda:ECPU
gbif-inat:00004531,images/raw/gbif-inat/echinacea_purpurea/6195237761_1.jpg,Echinacea purpurea,usda:ECPU
gbif-inat:00001379,images/raw/gbif-inat/echinacea_purpurea/6188090259_1.jpg,Echinacea purpurea,usda:ECPU
gbif-inat:00004576,images/raw/gbif-inat/echinacea_purpurea/5104316085_1.jpg,Echinacea purpurea,usda:ECPU
gbif-inat:00004537,images/raw/gbif-inat/echinacea_purpurea/6235819081_1.jpg,Echinacea purpurea,usda:ECPU
gbif-inat:00004552,images/raw/gbif-inat/echinacea_purpurea/6253295122_1.jpg,Echinacea purpurea,usda:ECPU
gbif-inat:00004597,images/raw/gbif-inat/echinacea_purpurea/5140690428_2.jpg,Echinacea purpurea,usda:ECPU
gbif-inat:00001368,images/raw/gbif-inat/echinacea_purpurea/6163326468_1.jpg,Echinacea purpurea,usda:ECPU
gbif-inat:00004548,images/raw/gbif-inat/echinacea_purpurea/6252936695_1.jpg,Echinacea purpurea,usda:ECPU
gbif-inat:00004550,images/raw/gbif-inat/echinacea_purpurea/6273686952_1.jpg,Echinacea purpurea,usda:ECPU
gbif-inat:00004578,images/raw/gbif-inat/echinacea_purpurea/5087593985_2.jpg,Echinacea purpurea,usda:ECPU
gbif-inat:00004567,images/raw/gbif-inat/echinacea_purpurea/6320733306_2.jpg,Echinacea purpurea,usda:ECPU
gbif-inat:00004571,images/raw/gbif-inat/echinacea_purpurea/6320853815_3.jpg,Echinacea purpurea,usda:ECPU
gbif-inat:00004587,images/raw/gbif-inat/echinacea_purpurea/5134830297_2.jpg,Echinacea purpurea,usda:ECPU
gbif-inat:00004586,images/raw/gbif-inat/echinacea_purpurea/5134830297_1.jpg,Echinacea purpurea,usda:ECPU
gbif-inat:00004577,images/raw/gbif-inat/echinacea_purpurea/5087593985_1.jpg,Echinacea purpurea,usda:ECPU
gbif-inat:00004574,images/raw/gbif-inat/echinacea_purpurea/5063391281_1.jpg,Echinacea purpurea,usda:ECPU
gbif-inat:00004554,images/raw/gbif-inat/echinacea_purpurea/6273165509_1.jpg,Echinacea purpurea,usda:ECPU
gbif-inat:00001352,images/raw/gbif-inat/echinacea_purpurea/6129944460_1.jpg,Echinacea purpurea,usda:ECPU
gbif-inat:00004591,images/raw/gbif-inat/echinacea_purpurea/5140358752_1.jpg,Echinacea purpurea,usda:ECPU
gbif-inat:00004559,images/raw/gbif-inat/echinacea_purpurea/6320378312_2.jpg,Echinacea purpurea,usda:ECPU
gbif-inat:00001353,images/raw/gbif-inat/echinacea_purpurea/6129944460_2.jpg,Echinacea purpurea,usda:ECPU
gbif-inat:00004532,images/raw/gbif-inat/echinacea_purpurea/6195722787_1.jpg,Echinacea purpurea,usda:ECPU
gbif-inat:00001372,images/raw/gbif-inat/echinacea_purpurea/6170956039_2.jpg,Echinacea purpurea,usda:ECPU
gbif-inat:00004549,images/raw/gbif-inat/echinacea_purpurea/6273596898_1.jpg,Echinacea purpurea,usda:ECPU
gbif-inat:00004541,images/raw/gbif-inat/echinacea_purpurea/6251513766_1.jpg,Echinacea purpurea,usda:ECPU
gbif-inat:00004575,images/raw/gbif-inat/echinacea_purpurea/5063792310_1.jpg,Echinacea purpurea,usda:ECPU
gbif-inat:00004573,images/raw/gbif-inat/echinacea_purpurea/6321250422_2.jpg,Echinacea purpurea,usda:ECPU
gbif-inat:00001370,images/raw/gbif-inat/echinacea_purpurea/6170821201_1.jpg,Echinacea purpurea,usda:ECPU
gbif-inat:00004580,images/raw/gbif-inat/echinacea_purpurea/5133637241_1.jpg,Echinacea purpurea,usda:ECPU
gbif-inat:00001358,images/raw/gbif-inat/echinacea_purpurea/6130611854_1.jpg,Echinacea purpurea,usda:ECPU
gbif-inat:00004546,images/raw/gbif-inat/echinacea_purpurea/6252584142_1.jpg,Echinacea purpurea,usda:ECPU
gbif-inat:00001378,images/raw/gbif-inat/echinacea_purpurea/6185744904_1.jpg,Echinacea purpurea,usda:ECPU
gbif-inat:00004582,images/raw/gbif-inat/echinacea_purpurea/5133503554_1.jpg,Echinacea purpurea,usda:ECPU
gbif-inat:00004538,images/raw/gbif-inat/echinacea_purpurea/6235819081_2.jpg,Echinacea purpurea,usda:ECPU
gbif-inat:00004565,images/raw/gbif-inat/echinacea_purpurea/6320528368_1.jpg,Echinacea purpurea,usda:ECPU
gbif-inat:00004545,images/raw/gbif-inat/echinacea_purpurea/6252238119_1.jpg,Echinacea purpurea,usda:ECPU
gbif-inat:00004542,images/raw/gbif-inat/echinacea_purpurea/6251628853_1.jpg,Echinacea purpurea,usda:ECPU
gbif-inat:00004583,images/raw/gbif-inat/echinacea_purpurea/5134378917_1.jpg,Echinacea purpurea,usda:ECPU
gbif-inat:00001374,images/raw/gbif-inat/echinacea_purpurea/6171314228_1.jpg,Echinacea purpurea,usda:ECPU
gbif-inat:00004556,images/raw/gbif-inat/echinacea_purpurea/6320065442_1.jpg,Echinacea purpurea,usda:ECPU
gbif-inat:00001351,images/raw/gbif-inat/echinacea_purpurea/6129859508_1.jpg,Echinacea purpurea,usda:ECPU
gbif-inat:00001371,images/raw/gbif-inat/echinacea_purpurea/6170956039_1.jpg,Echinacea purpurea,usda:ECPU
gbif-inat:00001361,images/raw/gbif-inat/echinacea_purpurea/6131112732_1.jpg,Echinacea purpurea,usda:ECPU
gbif-inat:00001367,images/raw/gbif-inat/echinacea_purpurea/6162952184_1.jpg,Echinacea purpurea,usda:ECPU
gbif-inat:00004534,images/raw/gbif-inat/echinacea_purpurea/6234568704_1.jpg,Echinacea purpurea,usda:ECPU
gbif-inat:00004553,images/raw/gbif-inat/echinacea_purpurea/6253352799_1.jpg,Echinacea purpurea,usda:ECPU
gbif-inat:00001373,images/raw/gbif-inat/echinacea_purpurea/6171282253_1.jpg,Echinacea purpurea,usda:ECPU
gbif-inat:00004536,images/raw/gbif-inat/echinacea_purpurea/6235797932_1.jpg,Echinacea purpurea,usda:ECPU
gbif-inat:00004594,images/raw/gbif-inat/echinacea_purpurea/5140460694_1.jpg,Echinacea purpurea,usda:ECPU
gbif-inat:00001364,images/raw/gbif-inat/echinacea_purpurea/6133115826_1.jpg,Echinacea purpurea,usda:ECPU
gbif-inat:00004561,images/raw/gbif-inat/echinacea_purpurea/6320378312_4.jpg,Echinacea purpurea,usda:ECPU
gbif-inat:00001376,images/raw/gbif-inat/echinacea_purpurea/6171314228_3.jpg,Echinacea purpurea,usda:ECPU
gbif-inat:00001356,images/raw/gbif-inat/echinacea_purpurea/6130156646_1.jpg,Echinacea purpurea,usda:ECPU
gbif-inat:00004551,images/raw/gbif-inat/echinacea_purpurea/6252140379_1.jpg,Echinacea purpurea,usda:ECPU
gbif-inat:00004544,images/raw/gbif-inat/echinacea_purpurea/6252126173_1.jpg,Echinacea purpurea,usda:ECPU
gbif-inat:00001360,images/raw/gbif-inat/echinacea_purpurea/6130961627_1.jpg,Echinacea purpurea,usda:ECPU
gbif-inat:00004558,images/raw/gbif-inat/echinacea_purpurea/6320378312_1.jpg,Echinacea purpurea,usda:ECPU
gbif-inat:00000789,images/raw/gbif-inat/fagus_grandifolia/5938105234_1.jpg,Fagus grandifolia,usda:FAGR
gbif-inat:00003266,images/raw/gbif-inat/fagus_grandifolia/5938621794_2.jpg,Fagus grandifolia,usda:FAGR
gbif-inat:00000783,images/raw/gbif-inat/fagus_grandifolia/5938073977_1.jpg,Fagus grandifolia,usda:FAGR
gbif-inat:00003206,images/raw/gbif-inat/fagus_grandifolia/5938276941_5.jpg,Fagus grandifolia,usda:FAGR
gbif-inat:00000796,images/raw/gbif-inat/fagus_grandifolia/5938157117_1.jpg,Fagus grandifolia,usda:FAGR
gbif-inat:00003233,images/raw/gbif-inat/fagus_grandifolia/5938423950_2.jpg,Fagus grandifolia,usda:FAGR
gbif-inat:00000794,images/raw/gbif-inat/fagus_grandifolia/5938134260_1.jpg,Fagus grandifolia,usda:FAGR
gbif-inat:00000785,images/raw/gbif-inat/fagus_grandifolia/5938075870_2.jpg,Fagus grandifolia,usda:FAGR
gbif-inat:00003218,images/raw/gbif-inat/fagus_grandifolia/5938347350_1.jpg,Fagus grandifolia,usda:FAGR
gbif-inat:00003231,images/raw/gbif-inat/fagus_grandifolia/5938412890_3.jpg,Fagus grandifolia,usda:FAGR
gbif-inat:00003238,images/raw/gbif-inat/fagus_grandifolia/5938425695_3.jpg,Fagus grandifolia,usda:FAGR
gbif-inat:00003242,images/raw/gbif-inat/fagus_grandifolia/5938430540_4.jpg,Fagus grandifolia,usda:FAGR
gbif-inat:00003217,images/raw/gbif-inat/fagus_grandifolia/5938324018_1.jpg,Fagus grandifolia,usda:FAGR
gbif-inat:00003225,images/raw/gbif-inat/fagus_grandifolia/5938386007_3.jpg,Fagus grandifolia,usda:FAGR
gbif-inat:00000802,images/raw/gbif-inat/fagus_grandifolia/5938210783_3.jpg,Fagus grandifolia,usda:FAGR
gbif-inat:00003260,images/raw/gbif-inat/fagus_grandifolia/5938583487_2.jpg,Fagus grandifolia,usda:FAGR
gbif-inat:00000797,images/raw/gbif-inat/fagus_grandifolia/5938157117_2.jpg,Fagus grandifolia,usda:FAGR
gbif-inat:00000795,images/raw/gbif-inat/fagus_grandifolia/5938134260_2.jpg,Fagus grandifolia,usda:FAGR
gbif-inat:00000781,images/raw/gbif-inat/fagus_grandifolia/5938043851_1.jpg,Fagus grandifolia,usda:FAGR
gbif-inat:00003229,images/raw/gbif-inat/fagus_grandifolia/5938412890_1.jpg,Fagus grandifolia,usda:FAGR
gbif-inat:00000810,images/raw/gbif-inat/fagus_grandifolia/5938242528_2.jpg,Fagus grandifolia,usda:FAGR
gbif-inat:00003210,images/raw/gbif-inat/fagus_grandifolia/5938280433_4.jpg,Fagus grandifolia,usda:FAGR
gbif-inat:00003219,images/raw/gbif-inat/fagus_grandifolia/5938347350_2.jpg,Fagus grandifolia,usda:FAGR
gbif-inat:00003228,images/raw/gbif-inat/fagus_grandifolia/5938402036_1.jpg,Fagus grandifolia,usda:FAGR
gbif-inat:00000784,images/raw/gbif-inat/fagus_grandifolia/5938075870_1.jpg,Fagus grandifolia,usda:FAGR
gbif-inat:00000800,images/raw/gbif-inat/fagus_grandifolia/5938210783_1.jpg,Fagus grandifolia,usda:FAGR
gbif-inat:00000791,images/raw/gbif-inat/fagus_grandifolia/5938118629_2.jpg,Fagus grandifolia,usda:FAGR
gbif-inat:00003264,images/raw/gbif-inat/fagus_grandifolia/5938593362_1.jpg,Fagus grandifolia,usda:FAGR
gbif-inat:00003249,images/raw/gbif-inat/fagus_grandifolia/5938464067_1.jpg,Fagus grandifolia,usda:FAGR
gbif-inat:00003227,images/raw/gbif-inat/fagus_grandifolia/5938386007_5.jpg,Fagus grandifolia,usda:FAGR
gbif-inat:00003226,images/raw/gbif-inat/fagus_grandifolia/5938386007_4.jpg,Fagus grandifolia,usda:FAGR
gbif-inat:00003234,images/raw/gbif-inat/fagus_grandifolia/5938423950_3.jpg,Fagus grandifolia,usda:FAGR
gbif-inat:00003235,images/raw/gbif-inat/fagus_grandifolia/5938423950_4.jpg,Fagus grandifolia,usda:FAGR
gbif-inat:00000793,images/raw/gbif-inat/fagus_grandifolia/5938131974_1.jpg,Fagus grandifolia,usda:FAGR
gbif-inat:00003237,images/raw/gbif-inat/fagus_grandifolia/5938425695_2.jpg,Fagus grandifolia,usda:FAGR
gbif-inat:00003263,images/raw/gbif-inat/fagus_grandifolia/5938583487_5.jpg,Fagus grandifolia,usda:FAGR
gbif-inat:00003255,images/raw/gbif-inat/fagus_grandifolia/5938514025_2.jpg,Fagus grandifolia,usda:FAGR
gbif-inat:00003209,images/raw/gbif-inat/fagus_grandifolia/5938280433_3.jpg,Fagus grandifolia,usda:FAGR
gbif-inat:00003208,images/raw/gbif-inat/fagus_grandifolia/5938280433_2.jpg,Fagus grandifolia,usda:FAGR
gbif-inat:00003239,images/raw/gbif-inat/fagus_grandifolia/5938430540_1.jpg,Fagus grandifolia,usda:FAGR
gbif-inat:00003256,images/raw/gbif-inat/fagus_grandifolia/5938514025_3.jpg,Fagus grandifolia,usda:FAGR
gbif-inat:00003205,images/raw/gbif-inat/fagus_grandifolia/5938276941_4.jpg,Fagus grandifolia,usda:FAGR
gbif-inat:00003251,images/raw/gbif-inat/fagus_grandifolia/5938484350_1.jpg,Fagus grandifolia,usda:FAGR
gbif-inat:00003207,images/raw/gbif-inat/fagus_grandifolia/5938280433_1.jpg,Fagus grandifolia,usda:FAGR
gbif-inat:00003253,images/raw/gbif-inat/fagus_grandifolia/5938507097_1.jpg,Fagus grandifolia,usda:FAGR
gbif-inat:00003247,images/raw/gbif-inat/fagus_grandifolia/5938446165_1.jpg,Fagus grandifolia,usda:FAGR
gbif-inat:00003243,images/raw/gbif-inat/fagus_grandifolia/5938430540_5.jpg,Fagus grandifolia,usda:FAGR
gbif-inat:00003257,images/raw/gbif-inat/fagus_grandifolia/5938528375_1.jpg,Fagus grandifolia,usda:FAGR
gbif-inat:00000792,images/raw/gbif-inat/fagus_grandifolia/5938121249_1.jpg,Fagus grandifolia,usda:FAGR
gbif-inat:00003265,images/raw/gbif-inat/fagus_grandifolia/5938621794_1.jpg,Fagus grandifolia,usda:FAGR
gbif-inat:00003216,images/raw/gbif-inat/fagus_grandifolia/5938302485_2.jpg,Fagus grandifolia,usda:FAGR
gbif-inat:00003202,images/raw/gbif-inat/fagus_grandifolia/5938276941_1.jpg,Fagus grandifolia,usda:FAGR
gbif-inat:00003211,images/raw/gbif-inat/fagus_grandifolia/5938280433_5.jpg,Fagus grandifolia,usda:FAGR
gbif-inat:00003204,images/raw/gbif-inat/fagus_grandifolia/5938276941_3.jpg,Fagus grandifolia,usda:FAGR
gbif-inat:00000799,images/raw/gbif-inat/fagus_grandifolia/5938170843_1.jpg,Fagus grandifolia,usda:FAGR
gbif-inat:00003259,images/raw/gbif-inat/fagus_grandifolia/5938583487_1.jpg,Fagus grandifolia,usda:FAGR
gbif-inat:00000803,images/raw/gbif-inat/fagus_grandifolia/5938210783_4.jpg,Fagus grandifolia,usda:FAGR
gbif-inat:00003267,images/raw/gbif-inat/fagus_grandifolia/5938629642_1.jpg,Fagus grandifolia,usda:FAGR
gbif-inat:00003269,images/raw/gbif-inat/fagus_grandifolia/5938629642_3.jpg,Fagus grandifolia,usda:FAGR
gbif-inat:00003215,images/raw/gbif-inat/fagus_grandifolia/5938302485_1.jpg,Fagus grandifolia,usda:FAGR
gbif-inat:00003244,images/raw/gbif-inat/fagus_grandifolia/5938430540_6.jpg,Fagus grandifolia,usda:FAGR
gbif-inat:00003270,images/raw/gbif-inat/fagus_grandifolia/5938631693_1.jpg,Fagus grandifolia,usda:FAGR
gbif-inat:00003246,images/raw/gbif-inat/fagus_grandifolia/5938430540_8.jpg,Fagus grandifolia,usda:FAGR
gbif-inat:00003201,images/raw/gbif-inat/fagus_grandifolia/5938248366_1.jpg,Fagus grandifolia,usda:FAGR
gbif-inat:00000801,images/raw/gbif-inat/fagus_grandifolia/5938210783_2.jpg,Fagus grandifolia,usda:FAGR
gbif-inat:00003261,images/raw/gbif-inat/fagus_grandifolia/5938583487_3.jpg,Fagus grandifolia,usda:FAGR
gbif-inat:00003203,images/raw/gbif-inat/fagus_grandifolia/5938276941_2.jpg,Fagus grandifolia,usda:FAGR
gbif-inat:00003213,images/raw/gbif-inat/fagus_grandifolia/5938285110_2.jpg,Fagus grandifolia,usda:FAGR
gbif-inat:00003268,images/raw/gbif-inat/fagus_grandifolia/5938629642_2.jpg,Fagus grandifolia,usda:FAGR
gbif-inat:00003236,images/raw/gbif-inat/fagus_grandifolia/5938425695_1.jpg,Fagus grandifolia,usda:FAGR
plantnet300k-v2:00251518,images/raw/plantnet300k-v2/fragaria_virginiana/2c55aef3104c5d52705da939cee1b27a061d523c.jpg,Fragaria virginiana,usda:FRVI
gbif-inat:00000415,images/raw/gbif-inat/fragaria_virginiana/6163374249_3.jpg,Fragaria virginiana,usda:FRVI
plantnet300k-v2:00251520,images/raw/plantnet300k-v2/fragaria_virginiana/49b2e5169391260eba6b660216806e9e16b3505e.jpg,Fragaria virginiana,usda:FRVI
gbif-inat:00002340,images/raw/gbif-inat/fragaria_virginiana/6185128718_1.jpg,Fragaria virginiana,usda:FRVI
gbif-inat:00002299,images/raw/gbif-inat/fragaria_virginiana/6178342262_2.jpg,Fragaria virginiana,usda:FRVI
gbif-inat:00002297,images/raw/gbif-inat/fragaria_virginiana/6178962111_1.jpg,Fragaria virginiana,usda:FRVI
plantnet300k-v2:00274832,images/raw/plantnet300k-v2/fragaria_virginiana/5ecc2b1636438d1409505b6e2a098a755db9fa83.jpg,Fragaria virginiana,usda:FRVI
gbif-inat:00000411,images/raw/gbif-inat/fragaria_virginiana/6163113424_3.jpg,Fragaria virginiana,usda:FRVI
gbif-inat:00002358,images/raw/gbif-inat/fragaria_virginiana/6185508917_1.jpg,Fragaria virginiana,usda:FRVI
gbif-inat:00000420,images/raw/gbif-inat/fragaria_virginiana/6170937284_1.jpg,Fragaria virginiana,usda:FRVI
gbif-inat:00000414,images/raw/gbif-inat/fragaria_virginiana/6163374249_2.jpg,Fragaria virginiana,usda:FRVI
gbif-inat:00002335,images/raw/gbif-inat/fragaria_virginiana/6185016024_1.jpg,Fragaria virginiana,usda:FRVI
plantnet300k-v2:00251522,images/raw/plantnet300k-v2/fragaria_virginiana/7b2ee8dcc8d7dc8f991b5a8b1fb6c85ec83c01b1.jpg,Fragaria virginiana,usda:FRVI
gbif-inat:00002305,images/raw/gbif-inat/fragaria_virginiana/6178836611_1.jpg,Fragaria virginiana,usda:FRVI
gbif-inat:00000400,images/raw/gbif-inat/fragaria_virginiana/6178373597_2.jpg,Fragaria virginiana,usda:FRVI
gbif-inat:00002330,images/raw/gbif-inat/fragaria_virginiana/6184977298_1.jpg,Fragaria virginiana,usda:FRVI
gbif-inat:00002327,images/raw/gbif-inat/fragaria_virginiana/6184876160_3.jpg,Fragaria virginiana,usda:FRVI
gbif-inat:00000416,images/raw/gbif-inat/fragaria_virginiana/6163374249_4.jpg,Fragaria virginiana,usda:FRVI
gbif-inat:00002352,images/raw/gbif-inat/fragaria_virginiana/6185303305_2.jpg,Fragaria virginiana,usda:FRVI
plantnet300k-v2:00031915,images/raw/plantnet300k-v2/fragaria_virginiana/f05d8680f746abbaae0ace5ae8e849b8b0c4172f.jpg,Fragaria virginiana,usda:FRVI
gbif-inat:00002338,images/raw/gbif-inat/fragaria_virginiana/6185113832_2.jpg,Fragaria virginiana,usda:FRVI
gbif-inat:00002291,images/raw/gbif-inat/fragaria_virginiana/6170968384_1.jpg,Fragaria virginiana,usda:FRVI
gbif-inat:00002354,images/raw/gbif-inat/fragaria_virginiana/6185321370_1.jpg,Fragaria virginiana,usda:FRVI
gbif-inat:00002350,images/raw/gbif-inat/fragaria_virginiana/6185301696_1.jpg,Fragaria virginiana,usda:FRVI
plantnet300k-v2:00309967,images/raw/plantnet300k-v2/fragaria_virginiana/6653edc33f3918b827d704edcb2387128eff0e45.jpg,Fragaria virginiana,usda:FRVI
gbif-inat:00002336,images/raw/gbif-inat/fragaria_virginiana/6185016024_2.jpg,Fragaria virginiana,usda:FRVI
plantnet300k-v2:00251521,images/raw/plantnet300k-v2/fragaria_virginiana/778eded334a4a27964adb6af6a21afda664ac636.jpg,Fragaria virginiana,usda:FRVI
gbif-inat:00002357,images/raw/gbif-inat/fragaria_virginiana/6185422306_1.jpg,Fragaria virginiana,usda:FRVI
gbif-inat:00000417,images/raw/gbif-inat/fragaria_virginiana/6163374249_5.jpg,Fragaria virginiana,usda:FRVI
gbif-inat:00002334,images/raw/gbif-inat/fragaria_virginiana/6185014973_1.jpg,Fragaria virginiana,usda:FRVI
gbif-inat:00002348,images/raw/gbif-inat/fragaria_virginiana/6185283578_2.jpg,Fragaria virginiana,usda:FRVI
plantnet300k-v2:00251519,images/raw/plantnet300k-v2/fragaria_virginiana/3dd7c4e934d38fb049f4b23bb4f62a7748daacd5.jpg,Fragaria virginiana,usda:FRVI
gbif-inat:00002318,images/raw/gbif-inat/fragaria_virginiana/6179584642_1.jpg,Fragaria virginiana,usda:FRVI
gbif-inat:00002307,images/raw/gbif-inat/fragaria_virginiana/6178948390_1.jpg,Fragaria virginiana,usda:FRVI
gbif-inat:00002313,images/raw/gbif-inat/fragaria_virginiana/6179236644_1.jpg,Fragaria virginiana,usda:FRVI
gbif-inat:00002300,images/raw/gbif-inat/fragaria_virginiana/6178430481_1.jpg,Fragaria virginiana,usda:FRVI
gbif-inat:00002292,images/raw/gbif-inat/fragaria_virginiana/6170968384_2.jpg,Fragaria virginiana,usda:FRVI
gbif-inat:00002344,images/raw/gbif-inat/fragaria_virginiana/6185271166_1.jpg,Fragaria virginiana,usda:FRVI
gbif-inat:00002342,images/raw/gbif-inat/fragaria_virginiana/6185166287_1.jpg,Fragaria virginiana,usda:FRVI
gbif-inat:00002315,images/raw/gbif-inat/fragaria_virginiana/6179431446_1.jpg,Fragaria virginiana,usda:FRVI
gbif-inat:00002360,images/raw/gbif-inat/fragaria_virginiana/6185526601_2.jpg,Fragaria virginiana,usda:FRVI
gbif-inat:00000408,images/raw/gbif-inat/fragaria_virginiana/6163039153_1.jpg,Fragaria virginiana,usda:FRVI
plantnet300k-v2:00274830,images/raw/plantnet300k-v2/fragaria_virginiana/3cd122293ade5582edc9ed6bfcaf2241df42a9d6.jpg,Fragaria virginiana,usda:FRVI
plantnet300k-v2:00251526,images/raw/plantnet300k-v2/fragaria_virginiana/e00c8582992cf5d2fd7ae3ca70205576aa69e4a0.jpg,Fragaria virginiana,usda:FRVI
plantnet300k-v2:00251528,images/raw/plantnet300k-v2/fragaria_virginiana/f7f732ff6523dcc040adda2a02b0e5f3cc24c2b8.jpg,Fragaria virginiana,usda:FRVI
gbif-inat:00000394,images/raw/gbif-inat/fragaria_virginiana/6130568995_1.jpg,Fragaria virginiana,usda:FRVI
gbif-inat:00002306,images/raw/gbif-inat/fragaria_virginiana/6178836611_2.jpg,Fragaria virginiana,usda:FRVI
gbif-inat:00000401,images/raw/gbif-inat/fragaria_virginiana/6234942514_1.jpg,Fragaria virginiana,usda:FRVI
gbif-inat:00002323,images/raw/gbif-inat/fragaria_virginiana/6184813471_3.jpg,Fragaria virginiana,usda:FRVI
gbif-inat:00002346,images/raw/gbif-inat/fragaria_virginiana/6185272308_1.jpg,Fragaria virginiana,usda:FRVI
plantnet300k-v2:00251516,images/raw/plantnet300k-v2/fragaria_virginiana/0014887bb92b12d65a1244004782efe7b73fa4cd.jpg,Fragaria virginiana,usda:FRVI
plantnet300k-v2:00306886,images/raw/plantnet300k-v2/fragaria_virginiana/f854e997efc34d18434e6d66a3b0ddcceb86fe75.jpg,Fragaria virginiana,usda:FRVI
gbif-inat:00002326,images/raw/gbif-inat/fragaria_virginiana/6184876160_2.jpg,Fragaria virginiana,usda:FRVI
gbif-inat:00002309,images/raw/gbif-inat/fragaria_virginiana/6178957867_2.jpg,Fragaria virginiana,usda:FRVI
gbif-inat:00002301,images/raw/gbif-inat/fragaria_virginiana/6178449650_1.jpg,Fragaria virginiana,usda:FRVI
gbif-inat:00000406,images/raw/gbif-inat/fragaria_virginiana/6159411386_1.jpg,Fragaria virginiana,usda:FRVI
gbif-inat:00000392,images/raw/gbif-inat/fragaria_virginiana/6130160636_1.jpg,Fragaria virginiana,usda:FRVI
gbif-inat:00000398,images/raw/gbif-inat/fragaria_virginiana/6163037414_1.jpg,Fragaria virginiana,usda:FRVI
gbif-inat:00002304,images/raw/gbif-inat/fragaria_virginiana/6178824684_1.jpg,Fragaria virginiana,usda:FRVI
gbif-inat:00000409,images/raw/gbif-inat/fragaria_virginiana/6163113424_1.jpg,Fragaria virginiana,usda:FRVI
gbif-inat:00002294,images/raw/gbif-inat/fragaria_virginiana/6170968384_4.jpg,Fragaria virginiana,usda:FRVI
plantnet300k-v2:00274837,images/raw/plantnet300k-v2/fragaria_virginiana/f5bd77b9c6060439ee00a181c194aa9cd7a74fa1.jpg,Fragaria virginiana,usda:FRVI
gbif-inat:00000402,images/raw/gbif-inat/fragaria_virginiana/6159266659_1.jpg,Fragaria virginiana,usda:FRVI
gbif-inat:00000410,images/raw/gbif-inat/fragaria_virginiana/6163113424_2.jpg,Fragaria virginiana,usda:FRVI
plantnet300k-v2:00251517,images/raw/plantnet300k-v2/fragaria_virginiana/0df1a66bd9af650545db432fb4fa56baf68ebbb7.jpg,Fragaria virginiana,usda:FRVI
gbif-inat:00002293,images/raw/gbif-inat/fragaria_virginiana/6170968384_3.jpg,Fragaria virginiana,usda:FRVI
plantnet300k-v2:00034997,images/raw/plantnet300k-v2/fragaria_virginiana/5136000edd5c5566c9cd5cdd153b8b36bfc2b242.jpg,Fragaria virginiana,usda:FRVI
gbif-inat:00002302,images/raw/gbif-inat/fragaria_virginiana/6178568853_1.jpg,Fragaria virginiana,usda:FRVI
gbif-inat:00002310,images/raw/gbif-inat/fragaria_virginiana/6178957867_3.jpg,Fragaria virginiana,usda:FRVI
gbif-inat:00000399,images/raw/gbif-inat/fragaria_virginiana/6178373597_1.jpg,Fragaria virginiana,usda:FRVI
gbif-inat:00002311,images/raw/gbif-inat/fragaria_virginiana/6179095112_1.jpg,Fragaria virginiana,usda:FRVI
gbif-inat:00000393,images/raw/gbif-inat/fragaria_virginiana/6130384556_1.jpg,Fragaria virginiana,usda:FRVI
gbif-inat:00000412,images/raw/gbif-inat/fragaria_virginiana/6163337304_1.jpg,Fragaria virginiana,usda:FRVI
gbif-inat:00002331,images/raw/gbif-inat/fragaria_virginiana/6184977298_2.jpg,Fragaria virginiana,usda:FRVI
gbif-inat:00002314,images/raw/gbif-inat/fragaria_virginiana/6179364035_1.jpg,Fragaria virginiana,usda:FRVI
gbif-inat:00002325,images/raw/gbif-inat/fragaria_virginiana/6184876160_1.jpg,Fragaria virginiana,usda:FRVI
plantnet300k-v2:00274835,images/raw/plantnet300k-v2/fragaria_virginiana/9573afa8411e407eb373aab45c63d5eb6f545f36.jpg,Fragaria virginiana,usda:FRVI
gbif-inat:00000403,images/raw/gbif-inat/fragaria_virginiana/6159266659_2.jpg,Fragaria virginiana,usda:FRVI
gbif-inat:00002329,images/raw/gbif-inat/fragaria_virginiana/6184960000_1.jpg,Fragaria virginiana,usda:FRVI
plantnet300k-v2:00274834,images/raw/plantnet300k-v2/fragaria_virginiana/920fc34cb70e507821aae3ccb773dd763f01143e.jpg,Fragaria virginiana,usda:FRVI
gbif-inat:00000413,images/raw/gbif-inat/fragaria_virginiana/6163374249_1.jpg,Fragaria virginiana,usda:FRVI
gbif-inat:00002351,images/raw/gbif-inat/fragaria_virginiana/6185303305_1.jpg,Fragaria virginiana,usda:FRVI
plantnet300k-v2:00274831,images/raw/plantnet300k-v2/fragaria_virginiana/44b300b0dfe500e8d9d763f404de7c5a8fab9bcc.jpg,Fragaria virginiana,usda:FRVI
gbif-inat:00002341,images/raw/gbif-inat/fragaria_virginiana/6185146382_1.jpg,Fragaria virginiana,usda:FRVI
plantnet300k-v2:00306885,images/raw/plantnet300k-v2/fragaria_virginiana/99178cb7d1b02e7331450a7d709dc1990d7896fb.jpg,Fragaria virginiana,usda:FRVI
gbif-inat:00002308,images/raw/gbif-inat/fragaria_virginiana/6178957867_1.jpg,Fragaria virginiana,usda:FRVI
gbif-inat:00000419,images/raw/gbif-inat/fragaria_virginiana/6163374249_7.jpg,Fragaria virginiana,usda:FRVI
gbif-inat:00002322,images/raw/gbif-inat/fragaria_virginiana/6184813471_2.jpg,Fragaria virginiana,usda:FRVI
gbif-inat:00003312,images/raw/gbif-inat/juglans_nigra/6130790163_2.jpg,Juglans nigra,usda:JUNI
gbif-inat:00003277,images/raw/gbif-inat/juglans_nigra/6130096806_3.jpg,Juglans nigra,usda:JUNI
gbif-inat:00000816,images/raw/gbif-inat/juglans_nigra/5938325920_1.jpg,Juglans nigra,usda:JUNI
gbif-inat:00003321,images/raw/gbif-inat/juglans_nigra/6130809675_5.jpg,Juglans nigra,usda:JUNI
gbif-inat:00000830,images/raw/gbif-inat/juglans_nigra/5938631660_1.jpg,Juglans nigra,usda:JUNI
gbif-inat:00003306,images/raw/gbif-inat/juglans_nigra/6130722511_1.jpg,Juglans nigra,usda:JUNI
gbif-inat:00003296,images/raw/gbif-inat/juglans_nigra/6130511095_1.jpg,Juglans nigra,usda:JUNI
gbif-inat:00000813,images/raw/gbif-inat/juglans_nigra/5938322475_1.jpg,Juglans nigra,usda:JUNI
gbif-inat:00003282,images/raw/gbif-inat/juglans_nigra/6130213166_1.jpg,Juglans nigra,usda:JUNI
gbif-inat:00000812,images/raw/gbif-inat/juglans_nigra/5938045352_2.jpg,Juglans nigra,usda:JUNI
gbif-inat:00003297,images/raw/gbif-inat/juglans_nigra/6130513717_1.jpg,Juglans nigra,usda:JUNI
gbif-inat:00003316,images/raw/gbif-inat/juglans_nigra/6130801873_1.jpg,Juglans nigra,usda:JUNI
gbif-inat:00003288,images/raw/gbif-inat/juglans_nigra/6130221704_6.jpg,Juglans nigra,usda:JUNI
gbif-inat:00003289,images/raw/gbif-inat/juglans_nigra/6130377299_1.jpg,Juglans nigra,usda:JUNI
gbif-inat:00000821,images/raw/gbif-inat/juglans_nigra/5938356087_2.jpg,Juglans nigra,usda:JUNI
gbif-inat:00003271,images/raw/gbif-inat/juglans_nigra/6130035254_3.jpg,Juglans nigra,usda:JUNI
gbif-inat:00003298,images/raw/gbif-inat/juglans_nigra/6130513717_2.jpg,Juglans nigra,usda:JUNI
gbif-inat:00000837,images/raw/gbif-inat/juglans_nigra/6129917487_1.jpg,Juglans nigra,usda:JUNI
gbif-inat:00003275,images/raw/gbif-inat/juglans_nigra/6130096806_1.jpg,Juglans nigra,usda:JUNI
gbif-inat:00003301,images/raw/gbif-inat/juglans_nigra/6130639411_2.jpg,Juglans nigra,usda:JUNI
gbif-inat:00003318,images/raw/gbif-inat/juglans_nigra/6130809675_2.jpg,Juglans nigra,usda:JUNI
gbif-inat:00000840,images/raw/gbif-inat/juglans_nigra/6130035254_2.jpg,Juglans nigra,usda:JUNI
gbif-inat:00003338,images/raw/gbif-inat/juglans_nigra/6131301448_1.jpg,Juglans nigra,usda:JUNI
gbif-inat:00000824,images/raw/gbif-inat/juglans_nigra/5938432121_2.jpg,Juglans nigra,usda:JUNI
gbif-inat:00003333,images/raw/gbif-inat/juglans_nigra/6131175340_1.jpg,Juglans nigra,usda:JUNI
gbif-inat:00003332,images/raw/gbif-inat/juglans_nigra/6131147439_1.jpg,Juglans nigra,usda:JUNI
gbif-inat:00003290,images/raw/gbif-inat/juglans_nigra/6130394735_1.jpg,Juglans nigra,usda:JUNI
gbif-inat:00000818,images/raw/gbif-inat/juglans_nigra/5938335984_2.jpg,Juglans nigra,usda:JUNI
gbif-inat:00000834,images/raw/gbif-inat/juglans_nigra/6129889382_3.jpg,Juglans nigra,usda:JUNI
gbif-inat:00000838,images/raw/gbif-inat/juglans_nigra/6129996495_1.jpg,Juglans nigra,usda:JUNI
gbif-inat:00000833,images/raw/gbif-inat/juglans_nigra/6129889382_2.jpg,Juglans nigra,usda:JUNI
gbif-inat:00000835,images/raw/gbif-inat/juglans_nigra/6129910870_1.jpg,Juglans nigra,usda:JUNI
gbif-inat:00003273,images/raw/gbif-inat/juglans_nigra/6130045085_2.jpg,Juglans nigra,usda:JUNI
gbif-inat:00003281,images/raw/gbif-inat/juglans_nigra/6130211642_2.jpg,Juglans nigra,usda:JUNI
gbif-inat:00003326,images/raw/gbif-inat/juglans_nigra/6131107690_1.jpg,Juglans nigra,usda:JUNI
gbif-inat:00000826,images/raw/gbif-inat/juglans_nigra/5938494398_1.jpg,Juglans nigra,usda:JUNI
gbif-inat:00000817,images/raw/gbif-inat/juglans_nigra/5938335984_1.jpg,Juglans nigra,usda:JUNI
gbif-inat:00003323,images/raw/gbif-inat/juglans_nigra/6131048859_1.jpg,Juglans nigra,usda:JUNI
gbif-inat:00003293,images/raw/gbif-inat/juglans_nigra/6130473054_1.jpg,Juglans nigra,usda:JUNI
gbif-inat:00003325,images/raw/gbif-inat/juglans_nigra/6131048859_3.jpg,Juglans nigra,usda:JUNI
gbif-inat:00003276,images/raw/gbif-inat/juglans_nigra/6130096806_2.jpg,Juglans nigra,usda:JUNI
gbif-inat:00003280,images/raw/gbif-inat/juglans_nigra/6130211642_1.jpg,Juglans nigra,usda:JUNI
gbif-inat:00003310,images/raw/gbif-inat/juglans_nigra/6130759885_3.jpg,Juglans nigra,usda:JUNI
gbif-inat:00000814,images/raw/gbif-inat/juglans_nigra/5938322475_2.jpg,Juglans nigra,usda:JUNI
gbif-inat:00000825,images/raw/gbif-inat/juglans_nigra/5938454655_1.jpg,Juglans nigra,usda:JUNI
gbif-inat:00003339,images/raw/gbif-inat/juglans_nigra/6131301448_2.jpg,Juglans nigra,usda:JUNI
gbif-inat:00000815,images/raw/gbif-inat/juglans_nigra/5938322475_3.jpg,Juglans nigra,usda:JUNI
gbif-inat:00003304,images/raw/gbif-inat/juglans_nigra/6130706765_2.jpg,Juglans nigra,usda:JUNI
gbif-inat:00003337,images/raw/gbif-inat/juglans_nigra/6131265770_3.jpg,Juglans nigra,usda:JUNI
gbif-inat:00003305,images/raw/gbif-inat/juglans_nigra/6130706765_3.jpg,Juglans nigra,usda:JUNI
gbif-inat:00003320,images/raw/gbif-inat/juglans_nigra/6130809675_4.jpg,Juglans nigra,usda:JUNI
gbif-inat:00000832,images/raw/gbif-inat/juglans_nigra/6129889382_1.jpg,Juglans nigra,usda:JUNI
gbif-inat:00003334,images/raw/gbif-inat/juglans_nigra/6131248964_1.jpg,Juglans nigra,usda:JUNI
gbif-inat:00003274,images/raw/gbif-inat/juglans_nigra/6130077476_1.jpg,Juglans nigra,usda:JUNI
gbif-inat:00000829,images/raw/gbif-inat/juglans_nigra/5938581713_2.jpg,Juglans nigra,usda:JUNI
gbif-inat:00003319,images/raw/gbif-inat/juglans_nigra/6130809675_3.jpg,Juglans nigra,usda:JUNI
gbif-inat:00003330,images/raw/gbif-inat/juglans_nigra/6131144939_1.jpg,Juglans nigra,usda:JUNI
gbif-inat:00003340,images/raw/gbif-inat/juglans_nigra/6131312413_1.jpg,Juglans nigra,usda:JUNI
gbif-inat:00000839,images/raw/gbif-inat/juglans_nigra/6130035254_1.jpg,Juglans nigra,usda:JUNI
gbif-inat:00003315,images/raw/gbif-inat/juglans_nigra/6130795348_1.jpg,Juglans nigra,usda:JUNI
gbif-inat:00000822,images/raw/gbif-inat/juglans_nigra/5938391878_1.jpg,Juglans nigra,usda:JUNI
gbif-inat:00003309,images/raw/gbif-inat/juglans_nigra/6130759885_2.jpg,Juglans nigra,usda:JUNI
gbif-inat:00003295,images/raw/gbif-inat/juglans_nigra/6130473054_3.jpg,Juglans nigra,usda:JUNI
gbif-inat:00003307,images/raw/gbif-inat/juglans_nigra/6130723022_1.jpg,Juglans nigra,usda:JUNI
gbif-inat:00003300,images/raw/gbif-inat/juglans_nigra/6130639411_1.jpg,Juglans nigra,usda:JUNI
gbif-inat:00000836,images/raw/gbif-inat/juglans_nigra/6129910870_2.jpg,Juglans nigra,usda:JUNI
gbif-inat:00003311,images/raw/gbif-inat/juglans_nigra/6130790163_1.jpg,Juglans nigra,usda:JUNI
gbif-inat:00003284,images/raw/gbif-inat/juglans_nigra/6130221704_2.jpg,Juglans nigra,usda:JUNI
gbif-inat:00003302,images/raw/gbif-inat/juglans_nigra/6130664118_1.jpg,Juglans nigra,usda:JUNI
gbif-inat:00003272,images/raw/gbif-inat/juglans_nigra/6130045085_1.jpg,Juglans nigra,usda:JUNI
gbif-inat:00003615,images/raw/gbif-inat/juniperus_virginiana/5938514023_1.jpg,Juniperus virginiana,usda:JUVI
gbif-inat:00000947,images/raw/gbif-inat/juniperus_virginiana/5938084417_8.jpg,Juniperus virginiana,usda:JUVI
gbif-inat:00003601,images/raw/gbif-inat/juniperus_virginiana/5938478630_1.jpg,Juniperus virginiana,usda:JUVI
gbif-inat:00000934,images/raw/gbif-inat/juniperus_virginiana/5938048214_4.jpg,Juniperus virginiana,usda:JUVI
gbif-inat:00003587,images/raw/gbif-inat/juniperus_virginiana/5938402521_1.jpg,Juniperus virginiana,usda:JUVI
gbif-inat:00000958,images/raw/gbif-inat/juniperus_virginiana/5938173000_1.jpg,Juniperus virginiana,usda:JUVI
gbif-inat:00003596,images/raw/gbif-inat/juniperus_virginiana/5938444129_1.jpg,Juniperus virginiana,usda:JUVI
gbif-inat:00003565,images/raw/gbif-inat/juniperus_virginiana/5938306296_1.jpg,Juniperus virginiana,usda:JUVI
gbif-inat:00003618,images/raw/gbif-inat/juniperus_virginiana/5938531647_1.jpg,Juniperus virginiana,usda:JUVI
gbif-inat:00000931,images/raw/gbif-inat/juniperus_virginiana/5938048214_1.jpg,Juniperus virginiana,usda:JUVI
gbif-inat:00003603,images/raw/gbif-inat/juniperus_virginiana/5938478630_3.jpg,Juniperus virginiana,usda:JUVI
gbif-inat:00000950,images/raw/gbif-inat/juniperus_virginiana/5938109453_1.jpg,Juniperus virginiana,usda:JUVI
gbif-inat:00003586,images/raw/gbif-inat/juniperus_virginiana/5938398564_1.jpg,Juniperus virginiana,usda:JUVI
gbif-inat:00003616,images/raw/gbif-inat/juniperus_virginiana/5938519268_1.jpg,Juniperus virginiana,usda:JUVI
gbif-inat:00003590,images/raw/gbif-inat/juniperus_virginiana/5938432090_1.jpg,Juniperus virginiana,usda:JUVI
gbif-inat:00003588,images/raw/gbif-inat/juniperus_virginiana/5938417856_1.jpg,Juniperus virginiana,usda:JUVI
gbif-inat:00003580,images/raw/gbif-inat/juniperus_virginiana/5938367630_2.jpg,Juniperus virginiana,usda:JUVI
gbif-inat:00003576,images/raw/gbif-inat/juniperus_virginiana/5938360028_3.jpg,Juniperus virginiana,usda:JUVI
gbif-inat:00003583,images/raw/gbif-inat/juniperus_virginiana/5938375303_2.jpg,Juniperus virginiana,usda:JUVI
gbif-inat:00003574,images/raw/gbif-inat/juniperus_virginiana/5938360028_1.jpg,Juniperus virginiana,usda:JUVI
gbif-inat:00000936,images/raw/gbif-inat/juniperus_virginiana/5938065149_2.jpg,Juniperus virginiana,usda:JUVI
gbif-inat:00003594,images/raw/gbif-inat/juniperus_virginiana/5938438204_3.jpg,Juniperus virginiana,usda:JUVI
gbif-inat:00000949,images/raw/gbif-inat/juniperus_virginiana/5938088982_1.jpg,Juniperus virginiana,usda:JUVI
gbif-inat:00003556,images/raw/gbif-inat/juniperus_virginiana/5938238737_1.jpg,Juniperus virginiana,usda:JUVI
gbif-inat:00003561,images/raw/gbif-inat/juniperus_virginiana/5938285020_2.jpg,Juniperus virginiana,usda:JUVI
gbif-inat:00003605,images/raw/gbif-inat/juniperus_virginiana/5938490174_1.jpg,Juniperus virginiana,usda:JUVI
gbif-inat:00003599,images/raw/gbif-inat/juniperus_virginiana/5938468556_2.jpg,Juniperus virginiana,usda:JUVI
gbif-inat:00003568,images/raw/gbif-inat/juniperus_virginiana/5938318683_1.jpg,Juniperus virginiana,usda:JUVI
gbif-inat:00003551,images/raw/gbif-inat/juniperus_virginiana/5938191926_1.jpg,Juniperus virginiana,usda:JUVI
gbif-inat:00003554,images/raw/gbif-inat/juniperus_virginiana/5938203603_2.jpg,Juniperus virginiana,usda:JUVI
gbif-inat:00003573,images/raw/gbif-inat/juniperus_virginiana/5938356290_2.jpg,Juniperus virginiana,usda:JUVI
gbif-inat:00003617,images/raw/gbif-inat/juniperus_virginiana/5938519476_1.jpg,Juniperus virginiana,usda:JUVI
gbif-inat:00003585,images/raw/gbif-inat/juniperus_virginiana/5938381854_1.jpg,Juniperus virginiana,usda:JUVI
gbif-inat:00003600,images/raw/gbif-inat/juniperus_virginiana/5938468556_3.jpg,Juniperus virginiana,usda:JUVI
gbif-inat:00003613,images/raw/gbif-inat/juniperus_virginiana/5938499655_2.jpg,Juniperus virginiana,usda:JUVI
gbif-inat:00000943,images/raw/gbif-inat/juniperus_virginiana/5938084417_4.jpg,Juniperus virginiana,usda:JUVI
gbif-inat:00003612,images/raw/gbif-inat/juniperus_virginiana/5938499655_1.jpg,Juniperus virginiana,usda:JUVI
gbif-inat:00003579,images/raw/gbif-inat/juniperus_virginiana/5938367630_1.jpg,Juniperus virginiana,usda:JUVI
gbif-inat:00000952,images/raw/gbif-inat/juniperus_virginiana/5938127638_1.jpg,Juniperus virginiana,usda:JUVI
gbif-inat:00003564,images/raw/gbif-inat/juniperus_virginiana/5938288904_1.jpg,Juniperus virginiana,usda:JUVI
gbif-inat:00003560,images/raw/gbif-inat/juniperus_virginiana/5938285020_1.jpg,Juniperus virginiana,usda:JUVI
gbif-inat:00003609,images/raw/gbif-inat/juniperus_virginiana/5938498041_3.jpg,Juniperus virginiana,usda:JUVI
gbif-inat:00000938,images/raw/gbif-inat/juniperus_virginiana/5938078892_2.jpg,Juniperus virginiana,usda:JUVI
gbif-inat:00003593,images/raw/gbif-inat/juniperus_virginiana/5938438204_2.jpg,Juniperus virginiana,usda:JUVI
gbif-inat:00000937,images/raw/gbif-inat/juniperus_virginiana/5938078892_1.jpg,Juniperus virginiana,usda:JUVI
gbif-inat:00003595,images/raw/gbif-inat/juniperus_virginiana/5938438204_4.jpg,Juniperus virginiana,usda:JUVI
gbif-inat:00003610,images/raw/gbif-inat/juniperus_virginiana/5938498658_1.jpg,Juniperus virginiana,usda:JUVI
gbif-inat:00003608,images/raw/gbif-inat/juniperus_virginiana/5938498041_2.jpg,Juniperus virginiana,usda:JUVI
gbif-inat:00003569,images/raw/gbif-inat/juniperus_virginiana/5938337855_1.jpg,Juniperus virginiana,usda:JUVI
gbif-inat:00003592,images/raw/gbif-inat/juniperus_virginiana/5938438204_1.jpg,Juniperus virginiana,usda:JUVI
gbif-inat:00003578,images/raw/gbif-inat/juniperus_virginiana/5938363125_2.jpg,Juniperus virginiana,usda:JUVI
gbif-inat:00000959,images/raw/gbif-inat/juniperus_virginiana/5938179224_1.jpg,Juniperus virginiana,usda:JUVI
gbif-inat:00000933,images/raw/gbif-inat/juniperus_virginiana/5938048214_3.jpg,Juniperus virginiana,usda:JUVI
gbif-inat:00000942,images/raw/gbif-inat/juniperus_virginiana/5938084417_3.jpg,Juniperus virginiana,usda:JUVI
gbif-inat:00003604,images/raw/gbif-inat/juniperus_virginiana/5938486032_1.jpg,Juniperus virginiana,usda:JUVI
gbif-inat:00000951,images/raw/gbif-inat/juniperus_virginiana/5938124393_1.jpg,Juniperus virginiana,usda:JUVI
gbif-inat:00003557,images/raw/gbif-inat/juniperus_virginiana/5938271180_1.jpg,Juniperus virginiana,usda:JUVI
gbif-inat:00003562,images/raw/gbif-inat/juniperus_virginiana/5938288680_1.jpg,Juniperus virginiana,usda:JUVI
gbif-inat:00003606,images/raw/gbif-inat/juniperus_virginiana/5938490619_1.jpg,Juniperus virginiana,usda:JUVI
gbif-inat:00003575,images/raw/gbif-inat/juniperus_virginiana/5938360028_2.jpg,Juniperus virginiana,usda:JUVI
gbif-inat:00003582,images/raw/gbif-inat/juniperus_virginiana/5938375303_1.jpg,Juniperus virginiana,usda:JUVI
gbif-inat:00003589,images/raw/gbif-inat/juniperus_virginiana/5938428875_1.jpg,Juniperus virginiana,usda:JUVI
gbif-inat:00000957,images/raw/gbif-inat/juniperus_virginiana/5938157146_1.jpg,Juniperus virginiana,usda:JUVI
gbif-inat:00003581,images/raw/gbif-inat/juniperus_virginiana/5938367630_3.jpg,Juniperus virginiana,usda:JUVI
gbif-inat:00000945,images/raw/gbif-inat/juniperus_virginiana/5938084417_6.jpg,Juniperus virginiana,usda:JUVI
gbif-inat:00003598,images/raw/gbif-inat/juniperus_virginiana/5938468556_1.jpg,Juniperus virginiana,usda:JUVI
gbif-inat:00003611,images/raw/gbif-inat/juniperus_virginiana/5938499104_1.jpg,Juniperus virginiana,usda:JUVI
gbif-inat:00003552,images/raw/gbif-inat/juniperus_virginiana/5938202255_1.jpg,Juniperus virginiana,usda:JUVI
gbif-inat:00003555,images/raw/gbif-inat/juniperus_virginiana/5938204562_1.jpg,Juniperus virginiana,usda:JUVI
gbif-inat:00000955,images/raw/gbif-inat/juniperus_virginiana/5938142975_2.jpg,Juniperus virginiana,usda:JUVI
plantnet300k-v2:00220901,images/raw/plantnet300k-v2/liriodendron_tulipifera/ec9c02684726b41b66e8b0754e79b2a649323e11.jpg,Liriodendron tulipifera,usda:LITU
plantnet300k-v2:00220021,images/raw/plantnet300k-v2/liriodendron_tulipifera/813025f395f5d52d60f53e1c72c208dfada14665.jpg,Liriodendron tulipifera,usda:LITU
plantnet300k-v2:00219016,images/raw/plantnet300k-v2/liriodendron_tulipifera/047fde58143e1567ca5c4cd5cc8205002c126ced.jpg,Liriodendron tulipifera,usda:LITU
plantnet300k-v2:00302939,images/raw/plantnet300k-v2/liriodendron_tulipifera/be41674e1dac652cfbeb53758b0c15e0b6405073.jpg,Liriodendron tulipifera,usda:LITU
plantnet300k-v2:00302779,images/raw/plantnet300k-v2/liriodendron_tulipifera/18b1eeb5e7b27f31696e3374b2271977763e8a8e.jpg,Liriodendron tulipifera,usda:LITU
plantnet300k-v2:00219662,images/raw/plantnet300k-v2/liriodendron_tulipifera/54f1e33d4f172630f8e76b13b31b2f75f1310507.jpg,Liriodendron tulipifera,usda:LITU
plantnet300k-v2:00220242,images/raw/plantnet300k-v2/liriodendron_tulipifera/9e6fc1869d00ebd05d0631e660c5eccebdaffb22.jpg,Liriodendron tulipifera,usda:LITU
gbif-inat:00000962,images/raw/gbif-inat/liriodendron_tulipifera/5938076609_1.jpg,Liriodendron tulipifera,usda:LITU
plantnet300k-v2:00027905,images/raw/plantnet300k-v2/liriodendron_tulipifera/6b4b42b7368c19cb61b2000879004b4baf462290.jpg,Liriodendron tulipifera,usda:LITU
plantnet300k-v2:00219702,images/raw/plantnet300k-v2/liriodendron_tulipifera/59fe3847a2c6973767f43d0724078f7eece30cbf.jpg,Liriodendron tulipifera,usda:LITU
plantnet300k-v2:00220132,images/raw/plantnet300k-v2/liriodendron_tulipifera/900ab121cbf9b51661ddc48e629ffbb6e9c29fbf.jpg,Liriodendron tulipifera,usda:LITU
gbif-inat:00003639,images/raw/gbif-inat/liriodendron_tulipifera/6130273149_1.jpg,Liriodendron tulipifera,usda:LITU
plantnet300k-v2:00220202,images/raw/plantnet300k-v2/liriodendron_tulipifera/99b6bc842f28ea43a01dc18da01109165bf60ec9.jpg,Liriodendron tulipifera,usda:LITU
plantnet300k-v2:00219300,images/raw/plantnet300k-v2/liriodendron_tulipifera/271f9f9db708c63575da6cd14bab97ed79b4982f.jpg,Liriodendron tulipifera,usda:LITU
plantnet300k-v2:00220675,images/raw/plantnet300k-v2/liriodendron_tulipifera/d062a097da67a8d2ed2eb0b12e790bd53b2c972f.jpg,Liriodendron tulipifera,usda:LITU
plantnet300k-v2:00220241,images/raw/plantnet300k-v2/liriodendron_tulipifera/9e4dc4716db1dda72478f70e50fc883e002f4963.jpg,Liriodendron tulipifera,usda:LITU
plantnet300k-v2:00220101,images/raw/plantnet300k-v2/liriodendron_tulipifera/8c1fc2c06d45589b895080b0e5f7e7f927ee57fd.jpg,Liriodendron tulipifera,usda:LITU
plantnet300k-v2:00219541,images/raw/plantnet300k-v2/liriodendron_tulipifera/47509bc6033d645ba7aae41b11061bcbafdf4f8f.jpg,Liriodendron tulipifera,usda:LITU
plantnet300k-v2:00219935,images/raw/plantnet300k-v2/liriodendron_tulipifera/7753cb7e7cff07d951e1c10134ae91379bae7888.jpg,Liriodendron tulipifera,usda:LITU
plantnet300k-v2:00219798,images/raw/plantnet300k-v2/liriodendron_tulipifera/64f09016affb38be9f13fd8d84fabf62f93696ff.jpg,Liriodendron tulipifera,usda:LITU
plantnet300k-v2:00219691,images/raw/plantnet300k-v2/liriodendron_tulipifera/5854f91330d921ef5abd5660a75ec8daf79b2182.jpg,Liriodendron tulipifera,usda:LITU
plantnet300k-v2:00219971,images/raw/plantnet300k-v2/liriodendron_tulipifera/7c62035e176d8f85fd59ee38561bd74bd4857f42.jpg,Liriodendron tulipifera,usda:LITU
plantnet300k-v2:00302950,images/raw/plantnet300k-v2/liriodendron_tulipifera/c744f1ee446b87e56da8dde095a2327f8fa42ec5.jpg,Liriodendron tulipifera,usda:LITU
plantnet300k-v2:00219571,images/raw/plantnet300k-v2/liriodendron_tulipifera/4b01a2d1f174edd4702ab676bfd2f4992483caba.jpg,Liriodendron tulipifera,usda:LITU
plantnet300k-v2:00220769,images/raw/plantnet300k-v2/liriodendron_tulipifera/dcacb5c5cacab645009e81a551543d18a2205606.jpg,Liriodendron tulipifera,usda:LITU
plantnet300k-v2:00302809,images/raw/plantnet300k-v2/liriodendron_tulipifera/38ff802b206d4c8854f7ac92a367f816dec9e478.jpg,Liriodendron tulipifera,usda:LITU
plantnet300k-v2:00027971,images/raw/plantnet300k-v2/liriodendron_tulipifera/b05b9e39e36721fe2820ee656e6fe046bb0f0dd8.jpg,Liriodendron tulipifera,usda:LITU
plantnet300k-v2:00220825,images/raw/plantnet300k-v2/liriodendron_tulipifera/e473c4d183785692bd66bd111fb49250393bf793.jpg,Liriodendron tulipifera,usda:LITU
plantnet300k-v2:00027970,images/raw/plantnet300k-v2/liriodendron_tulipifera/ae215c196a8be8c4b0e589626fafba2c3ad9cd1f.jpg,Liriodendron tulipifera,usda:LITU
plantnet300k-v2:00028008,images/raw/plantnet300k-v2/liriodendron_tulipifera/d2ea6c97d6eb3e5ae3b29005b689d0a00fe3d8bd.jpg,Liriodendron tulipifera,usda:LITU
plantnet300k-v2:00220090,images/raw/plantnet300k-v2/liriodendron_tulipifera/8a3a1be2262a4750b322021de6276fcddd649d56.jpg,Liriodendron tulipifera,usda:LITU
plantnet300k-v2:00220730,images/raw/plantnet300k-v2/liriodendron_tulipifera/d78d65aed17aa6fea7d7d06588a04f911079fe28.jpg,Liriodendron tulipifera,usda:LITU
plantnet300k-v2:00219211,images/raw/plantnet300k-v2/liriodendron_tulipifera/1cda646ea9afd980289b4a72a3d25565a9fb71f1.jpg,Liriodendron tulipifera,usda:LITU
plantnet300k-v2:00219658,images/raw/plantnet300k-v2/liriodendron_tulipifera/54a7735f5806bc92a5ea7c8b712acff6ea137f62.jpg,Liriodendron tulipifera,usda:LITU
plantnet300k-v2:00219079,images/raw/plantnet300k-v2/liriodendron_tulipifera/0c6472a8329291ef77ed56d0ad3a2fe82e8d88bb.jpg,Liriodendron tulipifera,usda:LITU
plantnet300k-v2:00219542,images/raw/plantnet300k-v2/liriodendron_tulipifera/4777352c593e865f5cc19ec30feaa8e6af5c3129.jpg,Liriodendron tulipifera,usda:LITU
plantnet300k-v2:00220268,images/raw/plantnet300k-v2/liriodendron_tulipifera/a233104b67538264c1ea50c3ce8046ec7064e3e2.jpg,Liriodendron tulipifera,usda:LITU
plantnet300k-v2:00219943,images/raw/plantnet300k-v2/liriodendron_tulipifera/78ba6ddf64bc81e5dd42f5b04fc859eb62a8b7b4.jpg,Liriodendron tulipifera,usda:LITU
plantnet300k-v2:00219423,images/raw/plantnet300k-v2/liriodendron_tulipifera/36b44d01b1c9d309897980d44200ecb4e684424f.jpg,Liriodendron tulipifera,usda:LITU
plantnet300k-v2:00220099,images/raw/plantnet300k-v2/liriodendron_tulipifera/8b6d4aa21c9be62532a3e75aae7a47f58d578b8c.jpg,Liriodendron tulipifera,usda:LITU
plantnet300k-v2:00220831,images/raw/plantnet300k-v2/liriodendron_tulipifera/e52a5d2c3858ebb2c2b578e3fa8e06b4c2d9e109.jpg,Liriodendron tulipifera,usda:LITU
plantnet300k-v2:00219408,images/raw/plantnet300k-v2/liriodendron_tulipifera/34eee15f81a179e808a7f0ba731e1c7e11ac5983.jpg,Liriodendron tulipifera,usda:LITU
plantnet300k-v2:00219900,images/raw/plantnet300k-v2/liriodendron_tulipifera/726b5f95412e27dda10b8fb999752e8d2334bd0f.jpg,Liriodendron tulipifera,usda:LITU
plantnet300k-v2:00219547,images/raw/plantnet300k-v2/liriodendron_tulipifera/47e4e284d739caa85fdb62555428be5f61d8636a.jpg,Liriodendron tulipifera,usda:LITU
plantnet300k-v2:00219936,images/raw/plantnet300k-v2/liriodendron_tulipifera/776ce4c9235d5743308ce3929cf64d4b19590529.jpg,Liriodendron tulipifera,usda:LITU
plantnet300k-v2:00302863,images/raw/plantnet300k-v2/liriodendron_tulipifera/68a436107c638b449d748aea729df1ba157f0e29.jpg,Liriodendron tulipifera,usda:LITU
plantnet300k-v2:00027930,images/raw/plantnet300k-v2/liriodendron_tulipifera/7f17282ec4499e00d6717a635afa7a7e37074992.jpg,Liriodendron tulipifera,usda:LITU
plantnet300k-v2:00302752,images/raw/plantnet300k-v2/liriodendron_tulipifera/02e8a708c0b7c634c57f0fd15649d893fc8f94ea.jpg,Liriodendron tulipifera,usda:LITU
plantnet300k-v2:00219777,images/raw/plantnet300k-v2/liriodendron_tulipifera/626f59cd4700a65c8500c2aac3304dbb2fe4d321.jpg,Liriodendron tulipifera,usda:LITU
plantnet300k-v2:00220935,images/raw/plantnet300k-v2/liriodendron_tulipifera/f15ed9d45b1de12d6305866fdf0645e3d8e3af63.jpg,Liriodendron tulipifera,usda:LITU
plantnet300k-v2:00220082,images/raw/plantnet300k-v2/liriodendron_tulipifera/8960a4993f0156a06e2bf34ccbdbcedd573286b1.jpg,Liriodendron tulipifera,usda:LITU
plantnet300k-v2:00220240,images/raw/plantnet300k-v2/liriodendron_tulipifera/9dfa6b48ccfcba2321ad3268eb7696d3dd4c1ef0.jpg,Liriodendron tulipifera,usda:LITU
plantnet300k-v2:00220316,images/raw/plantnet300k-v2/liriodendron_tulipifera/a6c3a1df3ff5718cbde461d062381fa3a5d561b1.jpg,Liriodendron tulipifera,usda:LITU
plantnet300k-v2:00220926,images/raw/plantnet300k-v2/liriodendron_tulipifera/f02f5647d5932eff1253b4848d4c15c414b067a6.jpg,Liriodendron tulipifera,usda:LITU
plantnet300k-v2:00220439,images/raw/plantnet300k-v2/liriodendron_tulipifera/b47a3116be053ddb73f3b7d097bb24627a19de59.jpg,Liriodendron tulipifera,usda:LITU
plantnet300k-v2:00220157,images/raw/plantnet300k-v2/liriodendron_tulipifera/92fdea51015fc60d96733dc4dae312967a98e365.jpg,Liriodendron tulipifera,usda:LITU
plantnet300k-v2:00219200,images/raw/plantnet300k-v2/liriodendron_tulipifera/1b92257391f996cb08967eca66e1b8e3966996c6.jpg,Liriodendron tulipifera,usda:LITU
plantnet300k-v2:00220552,images/raw/plantnet300k-v2/liriodendron_tulipifera/c3f29fb233d584c6ed7760cab6cb313b709a7e13.jpg,Liriodendron tulipifera,usda:LITU
plantnet300k-v2:00219441,images/raw/plantnet300k-v2/liriodendron_tulipifera/39c3a20211963e4b5ce33e9b7b58ab5eb14fd335.jpg,Liriodendron tulipifera,usda:LITU
plantnet300k-v2:00219192,images/raw/plantnet300k-v2/liriodendron_tulipifera/1ac50573c8d92083976994106014f00830cc0874.jpg,Liriodendron tulipifera,usda:LITU
plantnet300k-v2:00302841,images/raw/plantnet300k-v2/liriodendron_tulipifera/4dc22e3a4a1b0f7ef3738cfa921b9beb98b43699.jpg,Liriodendron tulipifera,usda:LITU
plantnet300k-v2:00220304,images/raw/plantnet300k-v2/liriodendron_tulipifera/a56cc9e71d8ad25b8d478b290f37043199750e8f.jpg,Liriodendron tulipifera,usda:LITU
plantnet300k-v2:00220463,images/raw/plantnet300k-v2/liriodendron_tulipifera/b82673b922a1de39a5f1a37ab6e793342612c755.jpg,Liriodendron tulipifera,usda:LITU
plantnet300k-v2:00219882,images/raw/plantnet300k-v2/liriodendron_tulipifera/6fa8159e8bd78ec25480816aa699073350844f5a.jpg,Liriodendron tulipifera,usda:LITU
plantnet300k-v2:00219581,images/raw/plantnet300k-v2/liriodendron_tulipifera/4c1e130b0d7256f16cb10d40f5ba15206bc2c172.jpg,Liriodendron tulipifera,usda:LITU
plantnet300k-v2:00220667,images/raw/plantnet300k-v2/liriodendron_tulipifera/cff2986c57cfc4318ce7d967603b7bd9a9103d7b.jpg,Liriodendron tulipifera,usda:LITU
plantnet300k-v2:00220109,images/raw/plantnet300k-v2/liriodendron_tulipifera/8d20f89975ab217fb66204443068b38180b2ac06.jpg,Liriodendron tulipifera,usda:LITU
plantnet300k-v2:00220458,images/raw/plantnet300k-v2/liriodendron_tulipifera/b79aad7e7b39697c31fe29977f70eaa130c71dfe.jpg,Liriodendron tulipifera,usda:LITU
plantnet300k-v2:00027863,images/raw/plantnet300k-v2/liriodendron_tulipifera/3dce4d9795b64bf4f5d0cf0108099f6b0274867f.jpg,Liriodendron tulipifera,usda:LITU
plantnet300k-v2:00220453,images/raw/plantnet300k-v2/liriodendron_tulipifera/b6ecfa476093a42f22345abf19ff8ab9c4b4733d.jpg,Liriodendron tulipifera,usda:LITU
plantnet300k-v2:00219266,images/raw/plantnet300k-v2/liriodendron_tulipifera/23a0d8a28ba5818898b3ccf405149ef313d13e2d.jpg,Liriodendron tulipifera,usda:LITU
plantnet300k-v2:00220765,images/raw/plantnet300k-v2/liriodendron_tulipifera/dc74fc04ee4956a7a85c5f36fd79755bae91d702.jpg,Liriodendron tulipifera,usda:LITU
plantnet300k-v2:00220683,images/raw/plantnet300k-v2/liriodendron_tulipifera/d1ccb0e88914cd6fb2070323b38615f5c3af8e6b.jpg,Liriodendron tulipifera,usda:LITU
plantnet300k-v2:00219488,images/raw/plantnet300k-v2/liriodendron_tulipifera/406117e9ae5050e1a2e7b5ccb750abfe26374ffb.jpg,Liriodendron tulipifera,usda:LITU
gbif-inat:00000983,images/raw/gbif-inat/liriodendron_tulipifera/5938572738_1.jpg,Liriodendron tulipifera,usda:LITU
plantnet300k-v2:00219453,images/raw/plantnet300k-v2/liriodendron_tulipifera/3b37a2046563043ab81286cc46bbb0de19f1d02b.jpg,Liriodendron tulipifera,usda:LITU
plantnet300k-v2:00027820,images/raw/plantnet300k-v2/liriodendron_tulipifera/1ef01ac015ce946dd9a4b918cea722a3965da4c8.jpg,Liriodendron tulipifera,usda:LITU
plantnet300k-v2:00219364,images/raw/plantnet300k-v2/liriodendron_tulipifera/2f88f116df21c518a96322376888b4b57e95c7b1.jpg,Liriodendron tulipifera,usda:LITU
gbif-inat:00000990,images/raw/gbif-inat/liriodendron_tulipifera/5938715683_1.jpg,Liriodendron tulipifera,usda:LITU
plantnet300k-v2:00220311,images/raw/plantnet300k-v2/liriodendron_tulipifera/a5da57398aba86de03189507da79cf62862057c6.jpg,Liriodendron tulipifera,usda:LITU
plantnet300k-v2:00218995,images/raw/plantnet300k-v2/liriodendron_tulipifera/01e533b100a0f05cccf8ef121f74d90dd1f8d7bb.jpg,Liriodendron tulipifera,usda:LITU
plantnet300k-v2:00302765,images/raw/plantnet300k-v2/liriodendron_tulipifera/0e5114aab433f0df516f5e02320b85e79892bf1e.jpg,Liriodendron tulipifera,usda:LITU
plantnet300k-v2:00027843,images/raw/plantnet300k-v2/liriodendron_tulipifera/2d965d2e6d3314b12cdd8049052942473fc8d397.jpg,Liriodendron tulipifera,usda:LITU
plantnet300k-v2:00219576,images/raw/plantnet300k-v2/liriodendron_tulipifera/4b8eecb749dd6f010b0e0d6d3e3e2d5829aaa99e.jpg,Liriodendron tulipifera,usda:LITU
plantnet300k-v2:00221041,images/raw/plantnet300k-v2/liriodendron_tulipifera/fd21781ffd38786c18b1327047c368bae5d41365.jpg,Liriodendron tulipifera,usda:LITU
plantnet300k-v2:00220190,images/raw/plantnet300k-v2/liriodendron_tulipifera/98356c9d14b92eb8fbd5ff45b40c39053664b250.jpg,Liriodendron tulipifera,usda:LITU
plantnet300k-v2:00302990,images/raw/plantnet300k-v2/liriodendron_tulipifera/eb10ed9d599e403b81d7cf1c19beaf3f91c74fd5.jpg,Liriodendron tulipifera,usda:LITU
plantnet300k-v2:00219431,images/raw/plantnet300k-v2/liriodendron_tulipifera/37c14f4507c3359c7fdd1c6faabf76413c9b2e2e.jpg,Liriodendron tulipifera,usda:LITU
plantnet300k-v2:00027878,images/raw/plantnet300k-v2/liriodendron_tulipifera/4c273e7b299f7927b88131fa34ef19f9f8ddf9af.jpg,Liriodendron tulipifera,usda:LITU
plantnet300k-v2:00220418,images/raw/plantnet300k-v2/liriodendron_tulipifera/b15dffababf29df2c66c77a181ea95f3f67549f2.jpg,Liriodendron tulipifera,usda:LITU
plantnet300k-v2:00220370,images/raw/plantnet300k-v2/liriodendron_tulipifera/ac2f6ecf2a6d1b8ac4f8fd576e7c9a91bf70dddd.jpg,Liriodendron tulipifera,usda:LITU
plantnet300k-v2:00219906,images/raw/plantnet300k-v2/liriodendron_tulipifera/7384ed8be800aef5ad7b58b5b2f1eb651e3905e7.jpg,Liriodendron tulipifera,usda:LITU
plantnet300k-v2:00027887,images/raw/plantnet300k-v2/liriodendron_tulipifera/59e0b0f6ec558a7251e55666cbb1b3ab206ad126.jpg,Liriodendron tulipifera,usda:LITU
plantnet300k-v2:00220489,images/raw/plantnet300k-v2/liriodendron_tulipifera/bb3accb5df9f0759f16da070bc1e9698e5d72c96.jpg,Liriodendron tulipifera,usda:LITU
plantnet300k-v2:00219585,images/raw/plantnet300k-v2/liriodendron_tulipifera/4c660474508e475c391598553ee98a5b1e132f4a.jpg,Liriodendron tulipifera,usda:LITU
plantnet300k-v2:00219136,images/raw/plantnet300k-v2/liriodendron_tulipifera/13e0310b0059acfb044304ecf891abf8b51bec2a.jpg,Liriodendron tulipifera,usda:LITU
plantnet300k-v2:00220095,images/raw/plantnet300k-v2/liriodendron_tulipifera/8b0ffa3f8e39ffa07f6b83acf4389f2adc6ab8f3.jpg,Liriodendron tulipifera,usda:LITU
plantnet300k-v2:00302958,images/raw/plantnet300k-v2/liriodendron_tulipifera/cc0b561ffae92a36c0682ebdad904b2fa31d146f.jpg,Liriodendron tulipifera,usda:LITU
plantnet300k-v2:00220475,images/raw/plantnet300k-v2/liriodendron_tulipifera/b976b690ea7935f0dddda85ac13d096e3ef60364.jpg,Liriodendron tulipifera,usda:LITU
plantnet300k-v2:00219508,images/raw/plantnet300k-v2/liriodendron_tulipifera/43373881d21d5c5d277eada611b4957596af94bf.jpg,Liriodendron tulipifera,usda:LITU
plantnet300k-v2:00220283,images/raw/plantnet300k-v2/liriodendron_tulipifera/a326bc9ee69b471a127c6f134f90b5ef56aa5429.jpg,Liriodendron tulipifera,usda:LITU
plantnet300k-v2:00220182,images/raw/plantnet300k-v2/liriodendron_tulipifera/9700d8aab6d8fb30c2b689154445a9ba537ae41e.jpg,Liriodendron tulipifera,usda:LITU
plantnet300k-v2:00220376,images/raw/plantnet300k-v2/liriodendron_tulipifera/acc1cb056bbdc84294475df38356f97823002533.jpg,Liriodendron tulipifera,usda:LITU
plantnet300k-v2:00219901,images/raw/plantnet300k-v2/liriodendron_tulipifera/72e1c51f37ffa78f8fb31f28b7415e56a63e85be.jpg,Liriodendron tulipifera,usda:LITU
plantnet300k-v2:00221009,images/raw/plantnet300k-v2/liriodendron_tulipifera/f9f3d7d42404afcbc1ed28c42c8f1f7df3b38f20.jpg,Liriodendron tulipifera,usda:LITU
plantnet300k-v2:00220105,images/raw/plantnet300k-v2/liriodendron_tulipifera/8ca2ecdc0370accceafeb0353ac8e9b3dfc852d5.jpg,Liriodendron tulipifera,usda:LITU
plantnet300k-v2:00027825,images/raw/plantnet300k-v2/liriodendron_tulipifera/21975b9b6eec856e23ccfc6e9e1a8ecb0eca709d.jpg,Liriodendron tulipifera,usda:LITU
plantnet300k-v2:00027915,images/raw/plantnet300k-v2/liriodendron_tulipifera/74b463f07d582090f66f8ac879c8c25f4fde32cf.jpg,Liriodendron tulipifera,usda:LITU
plantnet300k-v2:00027900,images/raw/plantnet300k-v2/liriodendron_tulipifera/68cbe5b83fd8a4da30a98f0bb19b285e67d3f94a.jpg,Liriodendron tulipifera,usda:LITU
plantnet300k-v2:00219844,images/raw/plantnet300k-v2/liriodendron_tulipifera/6adada6ecce38fefc1d83b807520c3443da0a4c3.jpg,Liriodendron tulipifera,usda:LITU
plantnet300k-v2:00219928,images/raw/plantnet300k-v2/liriodendron_tulipifera/7696a6e2ffd312c58bfb0c5f81ad82dd611092d3.jpg,Liriodendron tulipifera,usda:LITU
plantnet300k-v2:00220350,images/raw/plantnet300k-v2/liriodendron_tulipifera/aa5b2ff2ab27045b5a6de0e96585469713b1a33f.jpg,Liriodendron tulipifera,usda:LITU
plantnet300k-v2:00303002,images/raw/plantnet300k-v2/liriodendron_tulipifera/f5e9d64070224621f57a54862d29c9afcf30cdcd.jpg,Liriodendron tulipifera,usda:LITU
plantnet300k-v2:00302845,images/raw/plantnet300k-v2/liriodendron_tulipifera/5173048e9de14be6a5650580c2a591d8946df50c.jpg,Liriodendron tulipifera,usda:LITU
plantnet300k-v2:00218997,images/raw/plantnet300k-v2/liriodendron_tulipifera/0203445785c7c5bb2f13e5764bfc7570d1862a5d.jpg,Liriodendron tulipifera,usda:LITU
plantnet300k-v2:00219926,images/raw/plantnet300k-v2/liriodendron_tulipifera/7670b93f8f7a36cb75d7226d34d69ab6b3dd14a0.jpg,Liriodendron tulipifera,usda:LITU
plantnet300k-v2:00027796,images/raw/plantnet300k-v2/liriodendron_tulipifera/0ec795eda9b2ffb5f83924e3e2d3ebbd3b067444.jpg,Liriodendron tulipifera,usda:LITU
plantnet300k-v2:00220614,images/raw/plantnet300k-v2/liriodendron_tulipifera/ca4d3108744210c7891017512a4025e81999c5aa.jpg,Liriodendron tulipifera,usda:LITU
gbif-inat:00003663,images/raw/gbif-inat/liriodendron_tulipifera/6130707529_1.jpg,Liriodendron tulipifera,usda:LITU
plantnet300k-v2:00219652,images/raw/plantnet300k-v2/liriodendron_tulipifera/53d7cb14466d011203924d87a3d9d9bc9819dc60.jpg,Liriodendron tulipifera,usda:LITU
plantnet300k-v2:00219045,images/raw/plantnet300k-v2/liriodendron_tulipifera/0867c1636301aa62119664cb03432bc3d7c1a642.jpg,Liriodendron tulipifera,usda:LITU
plantnet300k-v2:00302816,images/raw/plantnet300k-v2/liriodendron_tulipifera/3b4d36e9ac6e45efd461a00c7037a300fcdf082d.jpg,Liriodendron tulipifera,usda:LITU
plantnet300k-v2:00219091,images/raw/plantnet300k-v2/liriodendron_tulipifera/0da4de54bcb9db209f6894b173fd886e5775eb38.jpg,Liriodendron tulipifera,usda:LITU
plantnet300k-v2:00220547,images/raw/plantnet300k-v2/liriodendron_tulipifera/c3304474be88ae8da36049a60062d03d480fdb20.jpg,Liriodendron tulipifera,usda:LITU
plantnet300k-v2:00219144,images/raw/plantnet300k-v2/liriodendron_tulipifera/1518bb1fb0a4720dc707a57aed3a7f300d6565c8.jpg,Liriodendron tulipifera,usda:LITU
plantnet300k-v2:00027924,images/raw/plantnet300k-v2/liriodendron_tulipifera/7af69e0666ec9c3f36ce01b6bc7961fcba33c348.jpg,Liriodendron tulipifera,usda:LITU
plantnet300k-v2:00027787,images/raw/plantnet300k-v2/liriodendron_tulipifera/02daf0cce6492cc3819114842a5784dda125455f.jpg,Liriodendron tulipifera,usda:LITU
plantnet300k-v2:00220053,images/raw/plantnet300k-v2/liriodendron_tulipifera/855075d4ebd576648317c5def72bd60010601ee0.jpg,Liriodendron tulipifera,usda:LITU
plantnet300k-v2:00220883,images/raw/plantnet300k-v2/liriodendron_tulipifera/ea7836373f598b85cc48430c41af2fd7d26440be.jpg,Liriodendron tulipifera,usda:LITU
plantnet300k-v2:00027950,images/raw/plantnet300k-v2/liriodendron_tulipifera/99a33066c90b318193382226c5f2925331b362a2.jpg,Liriodendron tulipifera,usda:LITU
plantnet300k-v2:00027977,images/raw/plantnet300k-v2/liriodendron_tulipifera/b5703200cfc6ed02a82472b8b3b43023bc081011.jpg,Liriodendron tulipifera,usda:LITU
plantnet300k-v2:00027944,images/raw/plantnet300k-v2/liriodendron_tulipifera/8edc27a880fc1deb043001e6530f91eeb29fa78c.jpg,Liriodendron tulipifera,usda:LITU
plantnet300k-v2:00219076,images/raw/plantnet300k-v2/liriodendron_tulipifera/0c4b8e243dc8ebd1e0632ed3576b20b3db93f338.jpg,Liriodendron tulipifera,usda:LITU
plantnet300k-v2:00220729,images/raw/plantnet300k-v2/liriodendron_tulipifera/d76834e75aa0035b579fddb55be0e78d0df324a0.jpg,Liriodendron tulipifera,usda:LITU
plantnet300k-v2:00220295,images/raw/plantnet300k-v2/liriodendron_tulipifera/a47a09ba30361026c6f6bb2fced9a07015771f7b.jpg,Liriodendron tulipifera,usda:LITU
plantnet300k-v2:00220662,images/raw/plantnet300k-v2/liriodendron_tulipifera/cfd428fc5bf0ed6a62393058af13ae217557d0db.jpg,Liriodendron tulipifera,usda:LITU
plantnet300k-v2:00220625,images/raw/plantnet300k-v2/liriodendron_tulipifera/cb784bfc11dd4f1ce0e58932dbdb892bb54fd2df.jpg,Liriodendron tulipifera,usda:LITU
plantnet300k-v2:00219355,images/raw/plantnet300k-v2/liriodendron_tulipifera/2e622e5fee2eefbf1a4a4d6fae5a5e9a68c869a5.jpg,Liriodendron tulipifera,usda:LITU
plantnet300k-v2:00027881,images/raw/plantnet300k-v2/liriodendron_tulipifera/5229520803193976c133c1dfdc204dd09893001d.jpg,Liriodendron tulipifera,usda:LITU
plantnet300k-v2:00218981,images/raw/plantnet300k-v2/liriodendron_tulipifera/00cc1618c15dd0c22d1d8981f85e0aa8d9014933.jpg,Liriodendron tulipifera,usda:LITU
plantnet300k-v2:00219477,images/raw/plantnet300k-v2/liriodendron_tulipifera/3e648fb15a5b1150211485a79b5262ad6607136f.jpg,Liriodendron tulipifera,usda:LITU
plantnet300k-v2:00302751,images/raw/plantnet300k-v2/liriodendron_tulipifera/0288a90c8fea44b46cca9ef84d4701c3c918b42c.jpg,Liriodendron tulipifera,usda:LITU
plantnet300k-v2:00220201,images/raw/plantnet300k-v2/liriodendron_tulipifera/998252d8af129e005e29146cc80a661d62a56571.jpg,Liriodendron tulipifera,usda:LITU
plantnet300k-v2:00220393,images/raw/plantnet300k-v2/liriodendron_tulipifera/ae70ef5837fb98db2c81ab1694f8ecb8098a776f.jpg,Liriodendron tulipifera,usda:LITU
plantnet300k-v2:00028028,images/raw/plantnet300k-v2/liriodendron_tulipifera/ee0eab73530cf8a0d4c0bdd882424a52c6025738.jpg,Liriodendron tulipifera,usda:LITU
plantnet300k-v2:00218993,images/raw/plantnet300k-v2/liriodendron_tulipifera/01dd09b2999f98b1bc31541d6d82f66ecb8d5f35.jpg,Liriodendron tulipifera,usda:LITU
plantnet300k-v2:00219330,images/raw/plantnet300k-v2/liriodendron_tulipifera/2bd6bdf1a15d9c6e62ebc06a863a19f656628d38.jpg,Liriodendron tulipifera,usda:LITU
plantnet300k-v2:00303004,images/raw/plantnet300k-v2/liriodendron_tulipifera/f7c9c9021d23cc5d52c24cb00e0b3b016e9ceff0.jpg,Liriodendron tulipifera,usda:LITU
plantnet300k-v2:00219904,images/raw/plantnet300k-v2/liriodendron_tulipifera/731f3011f5f3ca8c6d692dd639dcc06041e7447d.jpg,Liriodendron tulipifera,usda:LITU
plantnet300k-v2:00028032,images/raw/plantnet300k-v2/liriodendron_tulipifera/f201375771a7037b0844924fe21e253047aa50da.jpg,Liriodendron tulipifera,usda:LITU
plantnet300k-v2:00220419,images/raw/plantnet300k-v2/liriodendron_tulipifera/b183aa8005e4b3ec0aa79c43f727953ae0b1e1fe.jpg,Liriodendron tulipifera,usda:LITU
plantnet300k-v2:00220514,images/raw/plantnet300k-v2/liriodendron_tulipifera/be90f0a0a9b67b63622dccc9c53d5f42773f5f19.jpg,Liriodendron tulipifera,usda:LITU
plantnet300k-v2:00219063,images/raw/plantnet300k-v2/liriodendron_tulipifera/0a450071cdcde6ac6b5176d15b989608f0302291.jpg,Liriodendron tulipifera,usda:LITU
plantnet300k-v2:00219890,images/raw/plantnet300k-v2/liriodendron_tulipifera/70941d2f6f77bc2273b070fdec4294634853b5be.jpg,Liriodendron tulipifera,usda:LITU
plantnet300k-v2:00220071,images/raw/plantnet300k-v2/liriodendron_tulipifera/87acfd2a5aedc01faa6bd39e046625b8c0f58d1d.jpg,Liriodendron tulipifera,usda:LITU
gbif-inat:00003659,images/raw/gbif-inat/liriodendron_tulipifera/6130612861_1.jpg,Liriodendron tulipifera,usda:LITU
plantnet300k-v2:00219859,images/raw/plantnet300k-v2/liriodendron_tulipifera/6d3dd3631da3fcde7a3536d2b98aabf12c4938d3.jpg,Liriodendron tulipifera,usda:LITU
plantnet300k-v2:00220189,images/raw/plantnet300k-v2/liriodendron_tulipifera/982ff13675f76d2f4834dca38ad4b6388a8552f6.jpg,Liriodendron tulipifera,usda:LITU
plantnet300k-v2:00220874,images/raw/plantnet300k-v2/liriodendron_tulipifera/e976207831aa57e803aadb492d7b73269463d716.jpg,Liriodendron tulipifera,usda:LITU
plantnet300k-v2:00219947,images/raw/plantnet300k-v2/liriodendron_tulipifera/78f7cbb6d7692c32753e75bf8fd79266b24619d1.jpg,Liriodendron tulipifera,usda:LITU
plantnet300k-v2:00220398,images/raw/plantnet300k-v2/liriodendron_tulipifera/aeefa68e8d697fe4e7c481383e327303388d9428.jpg,Liriodendron tulipifera,usda:LITU
plantnet300k-v2:00220492,images/raw/plantnet300k-v2/liriodendron_tulipifera/bbee363e76d0245678af2a8061145233079951db.jpg,Liriodendron tulipifera,usda:LITU
plantnet300k-v2:00219793,images/raw/plantnet300k-v2/liriodendron_tulipifera/6432988144c8fa4b357ce0de658d1859cef9c936.jpg,Liriodendron tulipifera,usda:LITU
plantnet300k-v2:00219865,images/raw/plantnet300k-v2/liriodendron_tulipifera/6dba1ac2b634c1d5241b2ec282b5739ddd990e33.jpg,Liriodendron tulipifera,usda:LITU
plantnet300k-v2:00219066,images/raw/plantnet300k-v2/liriodendron_tulipifera/0b12edfb19a94f9363a9931037015460655d5ea7.jpg,Liriodendron tulipifera,usda:LITU
plantnet300k-v2:00220192,images/raw/plantnet300k-v2/liriodendron_tulipifera/98cb3f03107bc7be184fbaa1cb14ce4e7bf8c3e0.jpg,Liriodendron tulipifera,usda:LITU
plantnet300k-v2:00220536,images/raw/plantnet300k-v2/liriodendron_tulipifera/c17d47261a0945d25e0716933dc27e9159730607.jpg,Liriodendron tulipifera,usda:LITU
plantnet300k-v2:00219898,images/raw/plantnet300k-v2/liriodendron_tulipifera/71dcf0b342d443427249f351b633a133cd7c2e65.jpg,Liriodendron tulipifera,usda:LITU
plantnet300k-v2:00220943,images/raw/plantnet300k-v2/liriodendron_tulipifera/f23f09c5f204b3940250253773d0bd6ffd6548bd.jpg,Liriodendron tulipifera,usda:LITU
gbif-inat:00000966,images/raw/gbif-inat/liriodendron_tulipifera/5938107595_1.jpg,Liriodendron tulipifera,usda:LITU
plantnet300k-v2:00302767,images/raw/plantnet300k-v2/liriodendron_tulipifera/0f31bf4e7813aa58748c72fc95c2b9f59f9da966.jpg,Liriodendron tulipifera,usda:LITU
plantnet300k-v2:00220048,images/raw/plantnet300k-v2/liriodendron_tulipifera/842dc4300dac1a7fac53200bb108684a4ba0d35c.jpg,Liriodendron tulipifera,usda:LITU
plantnet300k-v2:00219058,images/raw/plantnet300k-v2/liriodendron_tulipifera/09a0ce2ccd809c4671f44f1caa10d4cd97123c79.jpg,Liriodendron tulipifera,usda:LITU
plantnet300k-v2:00220437,images/raw/plantnet300k-v2/liriodendron_tulipifera/b4243247eeb72bce0691259719fc1f1a83d00fda.jpg,Liriodendron tulipifera,usda:LITU
plantnet300k-v2:00220422,images/raw/plantnet300k-v2/liriodendron_tulipifera/b219e237a78d610547980c2f8ecdb0bad2055e90.jpg,Liriodendron tulipifera,usda:LITU
plantnet300k-v2:00219967,images/raw/plantnet300k-v2/liriodendron_tulipifera/7c1eba3f7698cce7eec7e34b47f68db6ce89bfdf.jpg,Liriodendron tulipifera,usda:LITU
plantnet300k-v2:00302918,images/raw/plantnet300k-v2/liriodendron_tulipifera/a41c8050c9a2cc89883a50ace301af90380902c4.jpg,Liriodendron tulipifera,usda:LITU
gbif-inat:00003646,images/raw/gbif-inat/liriodendron_tulipifera/6130359621_3.jpg,Liriodendron tulipifera,usda:LITU
plantnet300k-v2:00219129,images/raw/plantnet300k-v2/liriodendron_tulipifera/133024e462c3d34d19204f241abe5d08e3cc0a80.jpg,Liriodendron tulipifera,usda:LITU
plantnet300k-v2:00220754,images/raw/plantnet300k-v2/liriodendron_tulipifera/db6b3f4bbde62d0a9cc149f6c7e6de7ff7957822.jpg,Liriodendron tulipifera,usda:LITU
plantnet300k-v2:00219555,images/raw/plantnet300k-v2/liriodendron_tulipifera/48c075dd9f988f0f760875f516c2bd91ca5ebcd5.jpg,Liriodendron tulipifera,usda:LITU
plantnet300k-v2:00219186,images/raw/plantnet300k-v2/liriodendron_tulipifera/1a19b1be9ea4e8d48f070ad5fde29fc638c1a7cc.jpg,Liriodendron tulipifera,usda:LITU
plantnet300k-v2:00220421,images/raw/plantnet300k-v2/liriodendron_tulipifera/b1aa640092113719134ca46c30ba8148a27fff43.jpg,Liriodendron tulipifera,usda:LITU
plantnet300k-v2:00218999,images/raw/plantnet300k-v2/liriodendron_tulipifera/0225ab1d852bef7420ee0aeb23938a62771c355b.jpg,Liriodendron tulipifera,usda:LITU
plantnet300k-v2:00220651,images/raw/plantnet300k-v2/liriodendron_tulipifera/cea884da6b06b93c008630d20754a195573ca87a.jpg,Liriodendron tulipifera,usda:LITU
plantnet300k-v2:00220922,images/raw/plantnet300k-v2/liriodendron_tulipifera/effc2f5097e3f9175bb997f2b8282ebc4ba19ab7.jpg,Liriodendron tulipifera,usda:LITU
plantnet300k-v2:00219920,images/raw/plantnet300k-v2/liriodendron_tulipifera/756faeeba92459d7854ff9fe3afd972ecee93331.jpg,Liriodendron tulipifera,usda:LITU
plantnet300k-v2:00219198,images/raw/plantnet300k-v2/liriodendron_tulipifera/1b61b3788646f1fcfcf68e8c9a46f8c60109b43b.jpg,Liriodendron tulipifera,usda:LITU
plantnet300k-v2:00220022,images/raw/plantnet300k-v2/liriodendron_tulipifera/81736aa2d023147adce8de9444a8f4a6772c1048.jpg,Liriodendron tulipifera,usda:LITU
plantnet300k-v2:00220896,images/raw/plantnet300k-v2/liriodendron_tulipifera/ebc89378d0bdbc61cd144dc3d6e161903d724e46.jpg,Liriodendron tulipifera,usda:LITU
plantnet300k-v2:00220859,images/raw/plantnet300k-v2/liriodendron_tulipifera/e869c504b3113cb4c850f8492619bf7105570e57.jpg,Liriodendron tulipifera,usda:LITU
plantnet300k-v2:00219893,images/raw/plantnet300k-v2/liriodendron_tulipifera/70fa90009aa8c9279883b0271bbe0fbaef934e17.jpg,Liriodendron tulipifera,usda:LITU
plantnet300k-v2:00219123,images/raw/plantnet300k-v2/liriodendron_tulipifera/122657628377ead279cffb4281d94f138ed1862b.jpg,Liriodendron tulipifera,usda:LITU
plantnet300k-v2:00220505,images/raw/plantnet300k-v2/liriodendron_tulipifera/bd7106e539087e59f1b66a92fcedaa948ab7f7d7.jpg,Liriodendron tulipifera,usda:LITU
plantnet300k-v2:00219932,images/raw/plantnet300k-v2/liriodendron_tulipifera/76dacf2b7c795d09a879c130ca8d9f9f57e48dc6.jpg,Liriodendron tulipifera,usda:LITU
plantnet300k-v2:00219884,images/raw/plantnet300k-v2/liriodendron_tulipifera/6fe3855f2bf9be3d0e265e2fe3041687bb774f0f.jpg,Liriodendron tulipifera,usda:LITU
plantnet300k-v2:00220442,images/raw/plantnet300k-v2/liriodendron_tulipifera/b575c8d7ae1550ea5bf5bb0e80149932ea37ee6d.jpg,Liriodendron tulipifera,usda:LITU
plantnet300k-v2:00220693,images/raw/plantnet300k-v2/liriodendron_tulipifera/d3ac12d04d523e0238982647c6224bdc4278eb2d.jpg,Liriodendron tulipifera,usda:LITU
plantnet300k-v2:00219399,images/raw/plantnet300k-v2/liriodendron_tulipifera/33d3371e95ccdfcef0318b1bf5deb850b2bfa2db.jpg,Liriodendron tulipifera,usda:LITU
plantnet300k-v2:00219299,images/raw/plantnet300k-v2/liriodendron_tulipifera/271bc099679798257b67c2a913f890a09dd63eba.jpg,Liriodendron tulipifera,usda:LITU
plantnet300k-v2:00220037,images/raw/plantnet300k-v2/liriodendron_tulipifera/8359d340c277ff456b5b2c5c58a38df338d56c6b.jpg,Liriodendron tulipifera,usda:LITU
plantnet300k-v2:00219328,images/raw/plantnet300k-v2/liriodendron_tulipifera/2bc5cd5128640dcbc2867e29c0963f9cfbc86bd7.jpg,Liriodendron tulipifera,usda:LITU
gbif-inat:00003660,images/raw/gbif-inat/liriodendron_tulipifera/6130643898_1.jpg,Liriodendron tulipifera,usda:LITU
plantnet300k-v2:00302894,images/raw/plantnet300k-v2/liriodendron_tulipifera/89d922d26613bf8615a4a6480d912f7610617c32.jpg,Liriodendron tulipifera,usda:LITU
plantnet300k-v2:00220142,images/raw/plantnet300k-v2/liriodendron_tulipifera/90d938b1c93be93213b7745b961d62a3bba7a111.jpg,Liriodendron tulipifera,usda:LITU
plantnet300k-v2:00219972,images/raw/plantnet300k-v2/liriodendron_tulipifera/7c62a063d6b7c98b939068c2e3704a7c30bc1a67.jpg,Liriodendron tulipifera,usda:LITU
plantnet300k-v2:00220652,images/raw/plantnet300k-v2/liriodendron_tulipifera/cecca468fe27d4cc7065265858ddcede0c118544.jpg,Liriodendron tulipifera,usda:LITU
plantnet300k-v2:00219207,images/raw/plantnet300k-v2/liriodendron_tulipifera/1c7d8e56696631a8de02c898c70c3e113b99334d.jpg,Liriodendron tulipifera,usda:LITU
plantnet300k-v2:00221000,images/raw/plantnet300k-v2/liriodendron_tulipifera/f8aacca773d577d9c67597e8178c6bc31b064f22.jpg,Liriodendron tulipifera,usda:LITU
plantnet300k-v2:00220377,images/raw/plantnet300k-v2/liriodendron_tulipifera/acc7f9a468edce22e51e346d99e15bad138b6259.jpg,Liriodendron tulipifera,usda:LITU
plantnet300k-v2:00219925,images/raw/plantnet300k-v2/liriodendron_tulipifera/76403ea40828f2860e41ce8bdb28d7c3d4b76b45.jpg,Liriodendron tulipifera,usda:LITU
plantnet300k-v2:00220495,images/raw/plantnet300k-v2/liriodendron_tulipifera/bc7f0e71ac55c50f689f948ce96e06a2e3b64af0.jpg,Liriodendron tulipifera,usda:LITU
plantnet300k-v2:00027993,images/raw/plantnet300k-v2/liriodendron_tulipifera/c62fecc856f776f76bcaa052af9997135cd15877.jpg,Liriodendron tulipifera,usda:LITU
plantnet300k-v2:00219584,images/raw/plantnet300k-v2/liriodendron_tulipifera/4c566f7edc8bcc1b394599eceae37351723997e0.jpg,Liriodendron tulipifera,usda:LITU
plantnet300k-v2:00219523,images/raw/plantnet300k-v2/liriodendron_tulipifera/457de63bb03c05bb979afa8237bf174e914e8d3f.jpg,Liriodendron tulipifera,usda:LITU
plantnet300k-v2:00027945,images/raw/plantnet300k-v2/liriodendron_tulipifera/8f62c19f47c4a96d0c5a1caac979cdcd83bb813c.jpg,Liriodendron tulipifera,usda:LITU
plantnet300k-v2:00220519,images/raw/plantnet300k-v2/liriodendron_tulipifera/bef9c6de92267767fdebdbdc14d4531e12992931.jpg,Liriodendron tulipifera,usda:LITU
plantnet300k-v2:00220973,images/raw/plantnet300k-v2/liriodendron_tulipifera/f5336126e0f2da3751607f080c52206f9adc705d.jpg,Liriodendron tulipifera,usda:LITU
plantnet300k-v2:00220299,images/raw/plantnet300k-v2/liriodendron_tulipifera/a4a7430296712f8bda3a3c10d413a4c97d42724c.jpg,Liriodendron tulipifera,usda:LITU
plantnet300k-v2:00219229,images/raw/plantnet300k-v2/liriodendron_tulipifera/1e08d8004042c6b2f9b8f649bbdbc8c08080e330.jpg,Liriodendron tulipifera,usda:LITU
plantnet300k-v2:00302876,images/raw/plantnet300k-v2/liriodendron_tulipifera/74dedb5285dc935490282b4c4c857d4d0a29b824.jpg,Liriodendron tulipifera,usda:LITU
plantnet300k-v2:00220441,images/raw/plantnet300k-v2/liriodendron_tulipifera/b4e416c7491da1278f2768e84afe842c2c825565.jpg,Liriodendron tulipifera,usda:LITU
plantnet300k-v2:00220992,images/raw/plantnet300k-v2/liriodendron_tulipifera/f794b416cafa6e31ff3212c12727df762ca4c461.jpg,Liriodendron tulipifera,usda:LITU
gbif-inat:00003668,images/raw/gbif-inat/liriodendron_tulipifera/6130789653_2.jpg,Liriodendron tulipifera,usda:LITU
plantnet300k-v2:00219321,images/raw/plantnet300k-v2/liriodendron_tulipifera/2aa8071abc4affa2c494cecbf23aaf0ebb774779.jpg,Liriodendron tulipifera,usda:LITU
plantnet300k-v2:00220116,images/raw/plantnet300k-v2/liriodendron_tulipifera/8e0830f28ab4eb87e7357fa93b36870209ca9274.jpg,Liriodendron tulipifera,usda:LITU
plantnet300k-v2:00219261,images/raw/plantnet300k-v2/liriodendron_tulipifera/22cfb4ce7fdd6930ac08952636ee8349e373826d.jpg,Liriodendron tulipifera,usda:LITU
plantnet300k-v2:00220864,images/raw/plantnet300k-v2/liriodendron_tulipifera/e8f81770f0804762f8c1c516d59ea1cf19844378.jpg,Liriodendron tulipifera,usda:LITU
plantnet300k-v2:00302877,images/raw/plantnet300k-v2/liriodendron_tulipifera/75b83da5388576120f0f9ffada67630709e57a95.jpg,Liriodendron tulipifera,usda:LITU
plantnet300k-v2:00219704,images/raw/plantnet300k-v2/liriodendron_tulipifera/5a45342b6f63aed8271ec4117884e802e98ceb77.jpg,Liriodendron tulipifera,usda:LITU
plantnet300k-v2:00220796,images/raw/plantnet300k-v2/liriodendron_tulipifera/e0b447adc6b20dc1ce73404741c07fa85f3f0a9d.jpg,Liriodendron tulipifera,usda:LITU
plantnet300k-v2:00219990,images/raw/plantnet300k-v2/liriodendron_tulipifera/7d6fb7e60d519c64ad186a5812ab6847fb56a1d2.jpg,Liriodendron tulipifera,usda:LITU
plantnet300k-v2:00219426,images/raw/plantnet300k-v2/liriodendron_tulipifera/3718e83180233d8166a992d50fb0a06e2392de1d.jpg,Liriodendron tulipifera,usda:LITU
plantnet300k-v2:00220371,images/raw/plantnet300k-v2/liriodendron_tulipifera/ac3415136dd57d4424f06f3b95d5308eb2d8fefe.jpg,Liriodendron tulipifera,usda:LITU
plantnet300k-v2:00219869,images/raw/plantnet300k-v2/liriodendron_tulipifera/6e6b335fc342dc5eb193bf2d99997bc8052daa93.jpg,Liriodendron tulipifera,usda:LITU
plantnet300k-v2:00028020,images/raw/plantnet300k-v2/liriodendron_tulipifera/e1ae46faac6d0866faa1e5a6e5a71f4aaa7ecbbd.jpg,Liriodendron tulipifera,usda:LITU
plantnet300k-v2:00302993,images/raw/plantnet300k-v2/liriodendron_tulipifera/edd1cb24e9b8e22157fcb7cd976017e75b5ca8a3.jpg,Liriodendron tulipifera,usda:LITU
plantnet300k-v2:00219422,images/raw/plantnet300k-v2/liriodendron_tulipifera/36a8686527bd2eedb1238a26ba653776f78dbd93.jpg,Liriodendron tulipifera,usda:LITU
plantnet300k-v2:00302776,images/raw/plantnet300k-v2/liriodendron_tulipifera/162f19edde5300eb8955adc18f8c710d3b1de501.jpg,Liriodendron tulipifera,usda:LITU
plantnet300k-v2:00219653,images/raw/plantnet300k-v2/liriodendron_tulipifera/54258ea38a106ead9e2237865e7f8920279457f4.jpg,Liriodendron tulipifera,usda:LITU
plantnet300k-v2:00221049,images/raw/plantnet300k-v2/liriodendron_tulipifera/fe07f40364d6500804405444310c6ead170abd4a.jpg,Liriodendron tulipifera,usda:LITU
plantnet300k-v2:00218986,images/raw/plantnet300k-v2/liriodendron_tulipifera/01627b4f08c1a00830c36fb1a05ef18b0d749652.jpg,Liriodendron tulipifera,usda:LITU
plantnet300k-v2:00219424,images/raw/plantnet300k-v2/liriodendron_tulipifera/36e94e6deaa2968d275e8eae147d96dfe3993dca.jpg,Liriodendron tulipifera,usda:LITU
plantnet300k-v2:00219326,images/raw/plantnet300k-v2/liriodendron_tulipifera/2b6169095d8ee07bd40511a4e2fdc9f0b1475219.jpg,Liriodendron tulipifera,usda:LITU
plantnet300k-v2:00220194,images/raw/plantnet300k-v2/liriodendron_tulipifera/98ddcfae7402e129f7aef1dbdd03c6ecd189df49.jpg,Liriodendron tulipifera,usda:LITU
plantnet300k-v2:00218988,images/raw/plantnet300k-v2/liriodendron_tulipifera/01858b6b5c604e388efcd5ccbd52dcda943abadf.jpg,Liriodendron tulipifera,usda:LITU
plantnet300k-v2:00220130,images/raw/plantnet300k-v2/liriodendron_tulipifera/8fe718a3dccddf65ae1a751f4d833c916a3561e4.jpg,Liriodendron tulipifera,usda:LITU
plantnet300k-v2:00220223,images/raw/plantnet300k-v2/liriodendron_tulipifera/9c580e16e76670e513f49707c6d9c5253eb19634.jpg,Liriodendron tulipifera,usda:LITU
plantnet300k-v2:00302797,images/raw/plantnet300k-v2/liriodendron_tulipifera/2c00543f3c8244f9d9987ab6d9ebe36e9ed654ec.jpg,Liriodendron tulipifera,usda:LITU
plantnet300k-v2:00219298,images/raw/plantnet300k-v2/liriodendron_tulipifera/26f6917c80571ab2f6ba8135b8fb8442e1c6171a.jpg,Liriodendron tulipifera,usda:LITU
plantnet300k-v2:00219637,images/raw/plantnet300k-v2/liriodendron_tulipifera/51559a919c0248ea64c5ce9b8cff6279bd08507e.jpg,Liriodendron tulipifera,usda:LITU
plantnet300k-v2:00220508,images/raw/plantnet300k-v2/liriodendron_tulipifera/be17af2c40f70c703136f5642bae99f53ca941b7.jpg,Liriodendron tulipifera,usda:LITU
plantnet300k-v2:00302860,images/raw/plantnet300k-v2/liriodendron_tulipifera/62ef01eafcc532ef3b6eb714a4f4895120634efc.jpg,Liriodendron tulipifera,usda:LITU
plantnet300k-v2:00220794,images/raw/plantnet300k-v2/liriodendron_tulipifera/e055100ac00259f1e82b30b8aeaa82469a14b859.jpg,Liriodendron tulipifera,usda:LITU
plantnet300k-v2:00219235,images/raw/plantnet300k-v2/liriodendron_tulipifera/1ead3f42202698273153caef3eb9595ac78be6d3.jpg,Liriodendron tulipifera,usda:LITU
plantnet300k-v2:00219141,images/raw/plantnet300k-v2/liriodendron_tulipifera/14b624c99b1049a4aa3787ffa3cdec2f7d76ac51.jpg,Liriodendron tulipifera,usda:LITU
plantnet300k-v2:00302819,images/raw/plantnet300k-v2/liriodendron_tulipifera/3f163557e8aa6222b48737bbed8e79eee074c052.jpg,Liriodendron tulipifera,usda:LITU
plantnet300k-v2:00220102,images/raw/plantnet300k-v2/liriodendron_tulipifera/8c50ec655e3018982b94c2bb447649a9e42b4a0c.jpg,Liriodendron tulipifera,usda:LITU
plantnet300k-v2:00219492,images/raw/plantnet300k-v2/liriodendron_tulipifera/4107d6e84847f97d97f41e9d43b840f507b60121.jpg,Liriodendron tulipifera,usda:LITU
plantnet300k-v2:00219064,images/raw/plantnet300k-v2/liriodendron_tulipifera/0a54be18d54c183506ee5f440596aad43048ec94.jpg,Liriodendron tulipifera,usda:LITU
plantnet300k-v2:00220890,images/raw/plantnet300k-v2/liriodendron_tulipifera/eb6054424dac726cc5708a06efcfa945e4b48ef5.jpg,Liriodendron tulipifera,usda:LITU
plantnet300k-v2:00220674,images/raw/plantnet300k-v2/liriodendron_tulipifera/d05f6a285673834ad5f4367fa98b28377a2e99a9.jpg,Liriodendron tulipifera,usda:LITU
plantnet300k-v2:00220742,images/raw/plantnet300k-v2/liriodendron_tulipifera/d98416c91f64db4daf06ecdbdc99490917eb76c6.jpg,Liriodendron tulipifera,usda:LITU
plantnet300k-v2:00219324,images/raw/plantnet300k-v2/liriodendron_tulipifera/2b09fb824251e35f9ea41fadecc1d1b88a2ccef5.jpg,Liriodendron tulipifera,usda:LITU
plantnet300k-v2:00219295,images/raw/plantnet300k-v2/liriodendron_tulipifera/269be4f00ebf8874e7a10acf42d03f2dc6eedd3a.jpg,Liriodendron tulipifera,usda:LITU
plantnet300k-v2:00219307,images/raw/plantnet300k-v2/liriodendron_tulipifera/285073a4910fd2d8b9328e02150ccf4ff05c0234.jpg,Liriodendron tulipifera,usda:LITU
plantnet300k-v2:00221024,images/raw/plantnet300k-v2/liriodendron_tulipifera/fb819bb32dd8ad883291168419cedfff611015e9.jpg,Liriodendron tulipifera,usda:LITU
plantnet300k-v2:00027979,images/raw/plantnet300k-v2/liriodendron_tulipifera/b7bcdd450a417ca7db1d8371c6b784fcf729b137.jpg,Liriodendron tulipifera,usda:LITU
plantnet300k-v2:00302851,images/raw/plantnet300k-v2/liriodendron_tulipifera/575d4f451ae5d302c0554907e9d21e9464a42d1b.jpg,Liriodendron tulipifera,usda:LITU
plantnet300k-v2:00219839,images/raw/plantnet300k-v2/liriodendron_tulipifera/6a562240ab52162aaa1e10a81ee174ec5a79ddeb.jpg,Liriodendron tulipifera,usda:LITU
plantnet300k-v2:00220171,images/raw/plantnet300k-v2/liriodendron_tulipifera/95161ee2f4c58297f2178661aa276bd38936ed5c.jpg,Liriodendron tulipifera,usda:LITU
plantnet300k-v2:00220139,images/raw/plantnet300k-v2/liriodendron_tulipifera/907e1f934fe8d116ff4b36c44d7e24d4a47487c5.jpg,Liriodendron tulipifera,usda:LITU
plantnet300k-v2:00220035,images/raw/plantnet300k-v2/liriodendron_tulipifera/830e1b49b762462333f242f6264389701cdb0b1c.jpg,Liriodendron tulipifera,usda:LITU
plantnet300k-v2:00220886,images/raw/plantnet300k-v2/liriodendron_tulipifera/eaec131a5a9e00e9193a4dae707c886d326a92ea.jpg,Liriodendron tulipifera,usda:LITU
plantnet300k-v2:00302794,images/raw/plantnet300k-v2/liriodendron_tulipifera/29ae17b6753a89451a2a6deaf35a9b1701901cbc.jpg,Liriodendron tulipifera,usda:LITU
plantnet300k-v2:00219624,images/raw/plantnet300k-v2/liriodendron_tulipifera/5032b8f5214a68122b7bf25160dd618eaf8ceed7.jpg,Liriodendron tulipifera,usda:LITU
plantnet300k-v2:00027985,images/raw/plantnet300k-v2/liriodendron_tulipifera/bb22e975e44dd24b9546cc9c8aa0d6c279776663.jpg,Liriodendron tulipifera,usda:LITU
plantnet300k-v2:00220330,images/raw/plantnet300k-v2/liriodendron_tulipifera/a8922b266a926ca120eee360dd5869dc55bb82f1.jpg,Liriodendron tulipifera,usda:LITU
plantnet300k-v2:00302802,images/raw/plantnet300k-v2/liriodendron_tulipifera/2eb8f43d43f5918b7a729495c4e11771509e0707.jpg,Liriodendron tulipifera,usda:LITU
plantnet300k-v2:00302893,images/raw/plantnet300k-v2/liriodendron_tulipifera/8888aa4a8ccd33b59b3b2f8b99e25cb5f61acda7.jpg,Liriodendron tulipifera,usda:LITU
plantnet300k-v2:00220428,images/raw/plantnet300k-v2/liriodendron_tulipifera/b2c7fcd38ee92d142cc0acf7987bba81f94b5b50.jpg,Liriodendron tulipifera,usda:LITU
plantnet300k-v2:00219681,images/raw/plantnet300k-v2/liriodendron_tulipifera/56c6e95bb20b0c55089d04e433a97c8ec6d52c58.jpg,Liriodendron tulipifera,usda:LITU
plantnet300k-v2:00220145,images/raw/plantnet300k-v2/liriodendron_tulipifera/90f5a8381a512c9ac731cd3f6649fd4a5e735b77.jpg,Liriodendron tulipifera,usda:LITU
plantnet300k-v2:00219347,images/raw/plantnet300k-v2/liriodendron_tulipifera/2d9af293e6e255f15d0c56cebb1e5100ad3eac93.jpg,Liriodendron tulipifera,usda:LITU
plantnet300k-v2:00302864,images/raw/plantnet300k-v2/liriodendron_tulipifera/68dde93f495ef602d2b82871ce935d2c14484b1c.jpg,Liriodendron tulipifera,usda:LITU
plantnet300k-v2:00219552,images/raw/plantnet300k-v2/liriodendron_tulipifera/486ec3a0c98b84cddbb828ff50280872ff8ed133.jpg,Liriodendron tulipifera,usda:LITU
plantnet300k-v2:00219502,images/raw/plantnet300k-v2/liriodendron_tulipifera/42545dafb17af534cca9aebf9113958bcc7fc485.jpg,Liriodendron tulipifera,usda:LITU
plantnet300k-v2:00027940,images/raw/plantnet300k-v2/liriodendron_tulipifera/8cca4c8bbb8fcc37cb3fe542404e3fa827742f80.jpg,Liriodendron tulipifera,usda:LITU
plantnet300k-v2:00219370,images/raw/plantnet300k-v2/liriodendron_tulipifera/3059bc9a147bde5068a2a8236c72f9a9256bf713.jpg,Liriodendron tulipifera,usda:LITU
plantnet300k-v2:00220253,images/raw/plantnet300k-v2/liriodendron_tulipifera/9ff14662d1abf731fbe76eedea1193dd5d676b80.jpg,Liriodendron tulipifera,usda:LITU
plantnet300k-v2:00218974,images/raw/plantnet300k-v2/liriodendron_tulipifera/00221e36df5701e4c224286eb8485264869b33a1.jpg,Liriodendron tulipifera,usda:LITU
plantnet300k-v2:00027958,images/raw/plantnet300k-v2/liriodendron_tulipifera/a1408b3f596fc06946b303557217f74391b52b83.jpg,Liriodendron tulipifera,usda:LITU
plantnet300k-v2:00302890,images/raw/plantnet300k-v2/liriodendron_tulipifera/849ef4b0b27c1b4c0d108106d7d8ed840aa7b83f.jpg,Liriodendron tulipifera,usda:LITU
plantnet300k-v2:00219873,images/raw/plantnet300k-v2/liriodendron_tulipifera/6ee505fe40122aab8df0e7a252a075ebb16e7837.jpg,Liriodendron tulipifera,usda:LITU
plantnet300k-v2:00220476,images/raw/plantnet300k-v2/liriodendron_tulipifera/b9b2b4631d8463e49d1ad939088f49214b3d0bf6.jpg,Liriodendron tulipifera,usda:LITU
plantnet300k-v2:00219412,images/raw/plantnet300k-v2/liriodendron_tulipifera/355ef6c8ac987c30ba77a5d0480de8ee02773bbf.jpg,Liriodendron tulipifera,usda:LITU
plantnet300k-v2:00219801,images/raw/plantnet300k-v2/liriodendron_tulipifera/6565e9166adf759ac50d6f7a5035b5120c7baaad.jpg,Liriodendron tulipifera,usda:LITU
plantnet300k-v2:00302798,images/raw/plantnet300k-v2/liriodendron_tulipifera/2c955443e67ae4b45478fc2e68c6659c91510700.jpg,Liriodendron tulipifera,usda:LITU
plantnet300k-v2:00219391,images/raw/plantnet300k-v2/liriodendron_tulipifera/332e81a83ed54db6c04782ccde070df811a656a3.jpg,Liriodendron tulipifera,usda:LITU
plantnet300k-v2:00220658,images/raw/plantnet300k-v2/liriodendron_tulipifera/cf9a65b8adea034a64838d858848f7661857cbcb.jpg,Liriodendron tulipifera,usda:LITU
plantnet300k-v2:00302870,images/raw/plantnet300k-v2/liriodendron_tulipifera/6aae3a7132806b1d925ad739cc69b3ec8db8eb7b.jpg,Liriodendron tulipifera,usda:LITU
plantnet300k-v2:00219999,images/raw/plantnet300k-v2/liriodendron_tulipifera/7e7b55b3e05996b482fa52adaffb67c9fd47b06a.jpg,Liriodendron tulipifera,usda:LITU
plantnet300k-v2:00219316,images/raw/plantnet300k-v2/liriodendron_tulipifera/293da9fc06911c2230bea05534d6d0a558e9b15b.jpg,Liriodendron tulipifera,usda:LITU
plantnet300k-v2:00220178,images/raw/plantnet300k-v2/liriodendron_tulipifera/95f52029af49cc41ed6c84013b4293ca6ba60f30.jpg,Liriodendron tulipifera,usda:LITU
plantnet300k-v2:00027791,images/raw/plantnet300k-v2/liriodendron_tulipifera/06a1a8c05002e80bda5af5e77cc5192d1d98c351.jpg,Liriodendron tulipifera,usda:LITU
plantnet300k-v2:00219810,images/raw/plantnet300k-v2/liriodendron_tulipifera/6675109893d1169a816198ed6f80116b8289fe9e.jpg,Liriodendron tulipifera,usda:LITU
plantnet300k-v2:00220660,images/raw/plantnet300k-v2/liriodendron_tulipifera/cfb2c5796088f1ac9fcffd2bbd185f4545ae7279.jpg,Liriodendron tulipifera,usda:LITU
plantnet300k-v2:00219959,images/raw/plantnet300k-v2/liriodendron_tulipifera/7aad5cdc93e9d1e29cbb0028fd3feba9ed05a06f.jpg,Liriodendron tulipifera,usda:LITU
plantnet300k-v2:00220151,images/raw/plantnet300k-v2/liriodendron_tulipifera/91cfe4d9d6564a0024c6f3131297c9ee305d7dc7.jpg,Liriodendron tulipifera,usda:LITU
plantnet300k-v2:00220862,images/raw/plantnet300k-v2/liriodendron_tulipifera/e8f1411ccf50f354b889326b26ad1082b1389989.jpg,Liriodendron tulipifera,usda:LITU
plantnet300k-v2:00219178,images/raw/plantnet300k-v2/liriodendron_tulipifera/1934a079ad7c67523bb2e80bc6634f03ace596f8.jpg,Liriodendron tulipifera,usda:LITU
plantnet300k-v2:00219153,images/raw/plantnet300k-v2/liriodendron_tulipifera/1619e1d2f6873a067c0257d04b7c10cbb44908c9.jpg,Liriodendron tulipifera,usda:LITU
plantnet300k-v2:00219350,images/raw/plantnet300k-v2/liriodendron_tulipifera/2dfeb799c56185c3ac297cbb71fe2b08bbf5e2c2.jpg,Liriodendron tulipifera,usda:LITU
plantnet300k-v2:00027947,images/raw/plantnet300k-v2/liriodendron_tulipifera/8fb4d577d2a9b445b94b077038a4b1c366f601e4.jpg,Liriodendron tulipifera,usda:LITU
plantnet300k-v2:00219224,images/raw/plantnet300k-v2/liriodendron_tulipifera/1dc881d52a6d06629b47d50a62c5b8c8679cef0a.jpg,Liriodendron tulipifera,usda:LITU
plantnet300k-v2:00027975,images/raw/plantnet300k-v2/liriodendron_tulipifera/b34b9dd940fa3c890b5fccd87232c2bb37cab8ef.jpg,Liriodendron tulipifera,usda:LITU
plantnet300k-v2:00220251,images/raw/plantnet300k-v2/liriodendron_tulipifera/9fa9a4b97b3135c467ddf5094b0cca8e923591c7.jpg,Liriodendron tulipifera,usda:LITU
plantnet300k-v2:00027868,images/raw/plantnet300k-v2/liriodendron_tulipifera/4152778e505d451947ffd137cdd26c51ad7eea4b.jpg,Liriodendron tulipifera,usda:LITU
plantnet300k-v2:00220097,images/raw/plantnet300k-v2/liriodendron_tulipifera/8b3e3ffce411e504376b117f672b3840385e9b32.jpg,Liriodendron tulipifera,usda:LITU
plantnet300k-v2:00219322,images/raw/plantnet300k-v2/liriodendron_tulipifera/2ab710426a6e3a448bcab8e47ec1b25217e3da5d.jpg,Liriodendron tulipifera,usda:LITU
plantnet300k-v2:00219190,images/raw/plantnet300k-v2/liriodendron_tulipifera/1a605043accd68f4de4d9ad51e488655c223db17.jpg,Liriodendron tulipifera,usda:LITU
plantnet300k-v2:00220521,images/raw/plantnet300k-v2/liriodendron_tulipifera/bf96b5e274fd5bad84709d5067323ff6fc08acb9.jpg,Liriodendron tulipifera,usda:LITU
plantnet300k-v2:00219564,images/raw/plantnet300k-v2/liriodendron_tulipifera/49cd7a3e41b1eb90e72fbeab06fe6982d5e96c06.jpg,Liriodendron tulipifera,usda:LITU
plantnet300k-v2:00302932,images/raw/plantnet300k-v2/liriodendron_tulipifera/b87f9b3bc1d2300c0524b9d709de62da1573a705.jpg,Liriodendron tulipifera,usda:LITU
plantnet300k-v2:00219627,images/raw/plantnet300k-v2/liriodendron_tulipifera/5094cb3dba5bddfec86c27bfb4b0b88d8dd88510.jpg,Liriodendron tulipifera,usda:LITU
plantnet300k-v2:00302849,images/raw/plantnet300k-v2/liriodendron_tulipifera/5459b4ae07c5267213999e7c5372a5619635b576.jpg,Liriodendron tulipifera,usda:LITU
plantnet300k-v2:00219609,images/raw/plantnet300k-v2/liriodendron_tulipifera/4eaccbb6206578b1800dbe032c94d278915a893b.jpg,Liriodendron tulipifera,usda:LITU
plantnet300k-v2:00220717,images/raw/plantnet300k-v2/liriodendron_tulipifera/d6084691558b6894bfb5b6a303b74d1bf1f736f9.jpg,Liriodendron tulipifera,usda:LITU
plantnet300k-v2:00302822,images/raw/plantnet300k-v2/liriodendron_tulipifera/4092bb51fbb2b76dba590ea630c8a8fa518dfe17.jpg,Liriodendron tulipifera,usda:LITU
plantnet300k-v2:00219111,images/raw/plantnet300k-v2/liriodendron_tulipifera/103b69142a3a0c3ef604615154651256efea24dc.jpg,Liriodendron tulipifera,usda:LITU
plantnet300k-v2:00219770,images/raw/plantnet300k-v2/liriodendron_tulipifera/61e50bb3ac6df4a6824f06d44793c8e38b2bfd88.jpg,Liriodendron tulipifera,usda:LITU
plantnet300k-v2:00219739,images/raw/plantnet300k-v2/liriodendron_tulipifera/5d92808141586e2c0cf89009f89df4347bcc0c74.jpg,Liriodendron tulipifera,usda:LITU
plantnet300k-v2:00302836,images/raw/plantnet300k-v2/liriodendron_tulipifera/4b2277047fae8d4ac598b281fa149f8a008dcb2d.jpg,Liriodendron tulipifera,usda:LITU
plantnet300k-v2:00219565,images/raw/plantnet300k-v2/liriodendron_tulipifera/49e9852f6cf724bd71b9ac241db3cc28bdfd15aa.jpg,Liriodendron tulipifera,usda:LITU
plantnet300k-v2:00220060,images/raw/plantnet300k-v2/liriodendron_tulipifera/863ae605bbcac112814b5e949cf25da010e95a74.jpg,Liriodendron tulipifera,usda:LITU
plantnet300k-v2:00220631,images/raw/plantnet300k-v2/liriodendron_tulipifera/cc5a66f3cd5b87c2cb3a1a1a46fd048c39529858.jpg,Liriodendron tulipifera,usda:LITU
plantnet300k-v2:00220396,images/raw/plantnet300k-v2/liriodendron_tulipifera/aedba442b38052b632f6a7ecae6b93f6b763ad4a.jpg,Liriodendron tulipifera,usda:LITU
plantnet300k-v2:00027948,images/raw/plantnet300k-v2/liriodendron_tulipifera/912590ea60ff571c3f0bf8a61569f493454ca6db.jpg,Liriodendron tulipifera,usda:LITU
plantnet300k-v2:00220460,images/raw/plantnet300k-v2/liriodendron_tulipifera/b7c1169099797a5fe52ec760ae856b811073e603.jpg,Liriodendron tulipifera,usda:LITU
plantnet300k-v2:00220724,images/raw/plantnet300k-v2/liriodendron_tulipifera/d6ba632669a68b530b1c098dd04cf31053d073d4.jpg,Liriodendron tulipifera,usda:LITU
plantnet300k-v2:00220411,images/raw/plantnet300k-v2/liriodendron_tulipifera/b086edc949b43bada0a2d92f4088552339aabb06.jpg,Liriodendron tulipifera,usda:LITU
plantnet300k-v2:00302955,images/raw/plantnet300k-v2/liriodendron_tulipifera/cb1e5e430b3b4a4192df2e104cca072c99f81929.jpg,Liriodendron tulipifera,usda:LITU
plantnet300k-v2:00219481,images/raw/plantnet300k-v2/liriodendron_tulipifera/3ef670b8b53edff06475b68da4d8e88a19f9e91a.jpg,Liriodendron tulipifera,usda:LITU
plantnet300k-v2:00302875,images/raw/plantnet300k-v2/liriodendron_tulipifera/73f0ce571677a4361f14a6cdf8979cb92720bdc6.jpg,Liriodendron tulipifera,usda:LITU
plantnet300k-v2:00219945,images/raw/plantnet300k-v2/liriodendron_tulipifera/78e0e4261acb16989a9128f30fe7c0368c8c6d91.jpg,Liriodendron tulipifera,usda:LITU
plantnet300k-v2:00303011,images/raw/plantnet300k-v2/liriodendron_tulipifera/ff7d9106488c3adf7b405571ffb79cfe4512ea72.jpg,Liriodendron tulipifera,usda:LITU
plantnet300k-v2:00302941,images/raw/plantnet300k-v2/liriodendron_tulipifera/bf9a7fcf7cc8a5d8eda593feb2914b9314554009.jpg,Liriodendron tulipifera,usda:LITU
plantnet300k-v2:00219394,images/raw/plantnet300k-v2/liriodendron_tulipifera/336051d8fc8f1d70cc02b4db1a41df15290959a6.jpg,Liriodendron tulipifera,usda:LITU
plantnet300k-v2:00220905,images/raw/plantnet300k-v2/liriodendron_tulipifera/ecc717bcbd9bbf8f369e687ea3cab924f87357ee.jpg,Liriodendron tulipifera,usda:LITU
plantnet300k-v2:00219837,images/raw/plantnet300k-v2/liriodendron_tulipifera/69f19dbd17fe991eba48af38d3ae8445ca5d6cd8.jpg,Liriodendron tulipifera,usda:LITU
gbif-inat:00001177,images/raw/gbif-inat/nerium_oleander/6131356396_1.jpg,Nerium oleander,usda:NEOL
gbif-inat-toxic-round2:00315684,images/raw/gbif-inat-toxic-round2/nerium_oleander/5140808521_1.jpg,Nerium oleander,usda:NEOL
gbif-inat-toxic-round2:00315492,images/raw/gbif-inat-toxic-round2/nerium_oleander/6234692496_1.jpg,Nerium oleander,usda:NEOL
gbif-inat-toxic-round2:00315613,images/raw/gbif-inat-toxic-round2/nerium_oleander/5087328719_1.jpg,Nerium oleander,usda:NEOL
gbif-inat-toxic-round2:00315869,images/raw/gbif-inat-toxic-round2/nerium_oleander/5198847315_1.jpg,Nerium oleander,usda:NEOL
gbif-inat-toxic-round2:00315525,images/raw/gbif-inat-toxic-round2/nerium_oleander/6251460674_1.jpg,Nerium oleander,usda:NEOL
gbif-inat-toxic-round2:00315701,images/raw/gbif-inat-toxic-round2/nerium_oleander/5153084446_1.jpg,Nerium oleander,usda:NEOL
gbif-inat-toxic-round2:00315537,images/raw/gbif-inat-toxic-round2/nerium_oleander/6252565762_1.jpg,Nerium oleander,usda:NEOL
gbif-inat:00004157,images/raw/gbif-inat/nerium_oleander/6185220986_1.jpg,Nerium oleander,usda:NEOL
gbif-inat-toxic-round2:00315768,images/raw/gbif-inat-toxic-round2/nerium_oleander/5167359954_1.jpg,Nerium oleander,usda:NEOL
gbif-inat-toxic-round2:00315866,images/raw/gbif-inat-toxic-round2/nerium_oleander/5198596535_3.jpg,Nerium oleander,usda:NEOL
gbif-inat-toxic-round2:00315796,images/raw/gbif-inat-toxic-round2/nerium_oleander/5176927496_1.jpg,Nerium oleander,usda:NEOL
gbif-inat-toxic-round2:00315837,images/raw/gbif-inat-toxic-round2/nerium_oleander/5187614314_1.jpg,Nerium oleander,usda:NEOL
gbif-inat-toxic-round2:00315688,images/raw/gbif-inat-toxic-round2/nerium_oleander/5140900885_1.jpg,Nerium oleander,usda:NEOL
gbif-inat-toxic-round2:00315770,images/raw/gbif-inat-toxic-round2/nerium_oleander/5167472110_1.jpg,Nerium oleander,usda:NEOL
gbif-inat:00004132,images/raw/gbif-inat/nerium_oleander/6178335764_1.jpg,Nerium oleander,usda:NEOL
gbif-inat-toxic-round2:00315835,images/raw/gbif-inat-toxic-round2/nerium_oleander/5177362552_1.jpg,Nerium oleander,usda:NEOL
gbif-inat-toxic-round2:00315559,images/raw/gbif-inat-toxic-round2/nerium_oleander/6321071026_1.jpg,Nerium oleander,usda:NEOL
gbif-inat:00001174,images/raw/gbif-inat/nerium_oleander/6131128065_1.jpg,Nerium oleander,usda:NEOL
gbif-inat-toxic-round2:00315578,images/raw/gbif-inat-toxic-round2/nerium_oleander/6320894079_1.jpg,Nerium oleander,usda:NEOL
gbif-inat:00004140,images/raw/gbif-inat/nerium_oleander/6179147096_3.jpg,Nerium oleander,usda:NEOL
gbif-inat-toxic-round2:00315642,images/raw/gbif-inat-toxic-round2/nerium_oleander/5133839715_2.jpg,Nerium oleander,usda:NEOL
gbif-inat:00004124,images/raw/gbif-inat/nerium_oleander/6171125475_2.jpg,Nerium oleander,usda:NEOL
gbif-inat-toxic-round2:00315751,images/raw/gbif-inat-toxic-round2/nerium_oleander/5154251793_1.jpg,Nerium oleander,usda:NEOL
gbif-inat-toxic-round2:00315594,images/raw/gbif-inat-toxic-round2/nerium_oleander/5076882330_1.jpg,Nerium oleander,usda:NEOL
gbif-inat-toxic-round2:00315533,images/raw/gbif-inat-toxic-round2/nerium_oleander/6251911984_3.jpg,Nerium oleander,usda:NEOL
gbif-inat-toxic-round2:00315802,images/raw/gbif-inat-toxic-round2/nerium_oleander/5177290797_1.jpg,Nerium oleander,usda:NEOL
gbif-inat-toxic-round2:00315738,images/raw/gbif-inat-toxic-round2/nerium_oleander/5153076855_1.jpg,Nerium oleander,usda:NEOL
gbif-inat-toxic-round2:00315848,images/raw/gbif-inat-toxic-round2/nerium_oleander/5188095089_1.jpg,Nerium oleander,usda:NEOL
gbif-inat-toxic-round2:00315624,images/raw/gbif-inat-toxic-round2/nerium_oleander/5104326559_1.jpg,Nerium oleander,usda:NEOL
gbif-inat:00001173,images/raw/gbif-inat/nerium_oleander/6131083850_1.jpg,Nerium oleander,usda:NEOL
gbif-inat:00001199,images/raw/gbif-inat/nerium_oleander/6147709719_1.jpg,Nerium oleander,usda:NEOL
gbif-inat-toxic-round2:00315551,images/raw/gbif-inat-toxic-round2/nerium_oleander/6320107414_3.jpg,Nerium oleander,usda:NEOL
gbif-inat:00001187,images/raw/gbif-inat/nerium_oleander/6133478570_1.jpg,Nerium oleander,usda:NEOL
gbif-inat-toxic-round2:00315870,images/raw/gbif-inat-toxic-round2/nerium_oleander/5198888943_1.jpg,Nerium oleander,usda:NEOL
gbif-inat-toxic-round2:00315527,images/raw/gbif-inat-toxic-round2/nerium_oleander/6251460674_3.jpg,Nerium oleander,usda:NEOL
gbif-inat-toxic-round2:00315609,images/raw/gbif-inat-toxic-round2/nerium_oleander/5077055261_2.jpg,Nerium oleander,usda:NEOL
gbif-inat-toxic-round2:00315584,images/raw/gbif-inat-toxic-round2/nerium_oleander/5063099506_1.jpg,Nerium oleander,usda:NEOL
gbif-inat-toxic-round2:00315747,images/raw/gbif-inat-toxic-round2/nerium_oleander/5153639414_1.jpg,Nerium oleander,usda:NEOL
gbif-inat:00004173,images/raw/gbif-inat/nerium_oleander/6195245078_1.jpg,Nerium oleander,usda:NEOL
gbif-inat-toxic-round2:00315864,images/raw/gbif-inat-toxic-round2/nerium_oleander/5198596535_1.jpg,Nerium oleander,usda:NEOL
gbif-inat-toxic-round2:00315794,images/raw/gbif-inat-toxic-round2/nerium_oleander/5176922705_1.jpg,Nerium oleander,usda:NEOL
gbif-inat-toxic-round2:00315644,images/raw/gbif-inat-toxic-round2/nerium_oleander/5134052545_2.jpg,Nerium oleander,usda:NEOL
gbif-inat-toxic-round2:00315662,images/raw/gbif-inat-toxic-round2/nerium_oleander/5140302491_3.jpg,Nerium oleander,usda:NEOL
gbif-inat:00004142,images/raw/gbif-inat/nerium_oleander/6179246355_1.jpg,Nerium oleander,usda:NEOL
gbif-inat-toxic-round2:00315740,images/raw/gbif-inat-toxic-round2/nerium_oleander/5153115853_2.jpg,Nerium oleander,usda:NEOL
gbif-inat-toxic-round2:00315589,images/raw/gbif-inat-toxic-round2/nerium_oleander/5063198986_1.jpg,Nerium oleander,usda:NEOL
gbif-inat-toxic-round2:00315779,images/raw/gbif-inat-toxic-round2/nerium_oleander/5167899623_1.jpg,Nerium oleander,usda:NEOL
gbif-inat:00004164,images/raw/gbif-inat/nerium_oleander/6186026307_2.jpg,Nerium oleander,usda:NEOL
gbif-inat-toxic-round2:00315717,images/raw/gbif-inat-toxic-round2/nerium_oleander/5153826659_9.jpg,Nerium oleander,usda:NEOL
gbif-inat-toxic-round2:00315732,images/raw/gbif-inat-toxic-round2/nerium_oleander/5168331557_1.jpg,Nerium oleander,usda:NEOL
gbif-inat:00004148,images/raw/gbif-inat/nerium_oleander/6184737499_1.jpg,Nerium oleander,usda:NEOL
gbif-inat-toxic-round2:00315652,images/raw/gbif-inat-toxic-round2/nerium_oleander/5134460928_1.jpg,Nerium oleander,usda:NEOL
gbif-inat-toxic-round2:00315800,images/raw/gbif-inat-toxic-round2/nerium_oleander/5177050938_1.jpg,Nerium oleander,usda:NEOL
gbif-inat-toxic-round2:00315824,images/raw/gbif-inat-toxic-round2/nerium_oleander/5760160371_8.jpg,Nerium oleander,usda:NEOL
gbif-inat-toxic-round2:00315737,images/raw/gbif-inat-toxic-round2/nerium_oleander/6178535650_1.jpg,Nerium oleander,usda:NEOL
gbif-inat-toxic-round2:00315759,images/raw/gbif-inat-toxic-round2/nerium_oleander/5154966598_1.jpg,Nerium oleander,usda:NEOL
gbif-inat-toxic-round2:00315615,images/raw/gbif-inat-toxic-round2/nerium_oleander/5153009577_1.jpg,Nerium oleander,usda:NEOL
gbif-inat:00004125,images/raw/gbif-inat/nerium_oleander/6171181621_1.jpg,Nerium oleander,usda:NEOL
gbif-inat-toxic-round2:00315756,images/raw/gbif-inat-toxic-round2/nerium_oleander/5154697251_1.jpg,Nerium oleander,usda:NEOL
gbif-inat:00004118,images/raw/gbif-inat/nerium_oleander/6170838946_1.jpg,Nerium oleander,usda:NEOL
gbif-inat-toxic-round2:00315553,images/raw/gbif-inat-toxic-round2/nerium_oleander/6320107414_5.jpg,Nerium oleander,usda:NEOL
gbif-inat-toxic-round2:00315702,images/raw/gbif-inat-toxic-round2/nerium_oleander/5153380208_1.jpg,Nerium oleander,usda:NEOL
gbif-inat-toxic-round2:00315814,images/raw/gbif-inat-toxic-round2/nerium_oleander/5230941768_1.jpg,Nerium oleander,usda:NEOL
gbif-inat-toxic-round2:00315763,images/raw/gbif-inat-toxic-round2/nerium_oleander/5167044003_2.jpg,Nerium oleander,usda:NEOL
gbif-inat-toxic-round2:00315703,images/raw/gbif-inat-toxic-round2/nerium_oleander/5153446843_1.jpg,Nerium oleander,usda:NEOL
gbif-inat-toxic-round2:00315638,images/raw/gbif-inat-toxic-round2/nerium_oleander/5133362560_1.jpg,Nerium oleander,usda:NEOL
gbif-inat-toxic-round2:00315514,images/raw/gbif-inat-toxic-round2/nerium_oleander/6235744041_1.jpg,Nerium oleander,usda:NEOL
gbif-inat-toxic-round2:00315807,images/raw/gbif-inat-toxic-round2/nerium_oleander/5187773713_2.jpg,Nerium oleander,usda:NEOL
gbif-inat-toxic-round2:00315868,images/raw/gbif-inat-toxic-round2/nerium_oleander/5198691832_1.jpg,Nerium oleander,usda:NEOL
gbif-inat-toxic-round2:00315769,images/raw/gbif-inat-toxic-round2/nerium_oleander/5167375766_1.jpg,Nerium oleander,usda:NEOL
gbif-inat-toxic-round2:00315543,images/raw/gbif-inat-toxic-round2/nerium_oleander/6273980063_3.jpg,Nerium oleander,usda:NEOL
gbif-inat-toxic-round2:00315811,images/raw/gbif-inat-toxic-round2/nerium_oleander/5216840844_1.jpg,Nerium oleander,usda:NEOL
gbif-inat:00004126,images/raw/gbif-inat/nerium_oleander/6171181621_2.jpg,Nerium oleander,usda:NEOL
gbif-inat-toxic-round2:00315501,images/raw/gbif-inat-toxic-round2/nerium_oleander/6234979358_3.jpg,Nerium oleander,usda:NEOL
gbif-inat-toxic-round2:00315847,images/raw/gbif-inat-toxic-round2/nerium_oleander/5188074320_1.jpg,Nerium oleander,usda:NEOL
gbif-inat-toxic-round2:00315545,images/raw/gbif-inat-toxic-round2/nerium_oleander/6274175681_2.jpg,Nerium oleander,usda:NEOL
gbif-inat:00004122,images/raw/gbif-inat/nerium_oleander/6170935984_1.jpg,Nerium oleander,usda:NEOL
gbif-inat-toxic-round2:00315690,images/raw/gbif-inat-toxic-round2/nerium_oleander/5140998355_1.jpg,Nerium oleander,usda:NEOL
gbif-inat-toxic-round2:00315857,images/raw/gbif-inat-toxic-round2/nerium_oleander/5188372278_1.jpg,Nerium oleander,usda:NEOL
gbif-inat-toxic-round2:00315709,images/raw/gbif-inat-toxic-round2/nerium_oleander/5153826659_1.jpg,Nerium oleander,usda:NEOL
gbif-inat-toxic-round2:00315630,images/raw/gbif-inat-toxic-round2/nerium_oleander/5108423171_2.jpg,Nerium oleander,usda:NEOL
gbif-inat-toxic-round2:00315532,images/raw/gbif-inat-toxic-round2/nerium_oleander/6251911984_2.jpg,Nerium oleander,usda:NEOL
gbif-inat-toxic-round2:00315546,images/raw/gbif-inat-toxic-round2/nerium_oleander/6274175681_3.jpg,Nerium oleander,usda:NEOL
gbif-inat-toxic-round2:00315787,images/raw/gbif-inat-toxic-round2/nerium_oleander/5168321989_1.jpg,Nerium oleander,usda:NEOL
gbif-inat:00004174,images/raw/gbif-inat/nerium_oleander/6195439828_1.jpg,Nerium oleander,usda:NEOL
gbif-inat:00001191,images/raw/gbif-inat/nerium_oleander/6133478570_5.jpg,Nerium oleander,usda:NEOL
gbif-inat-toxic-round2:00315793,images/raw/gbif-inat-toxic-round2/nerium_oleander/5176617661_1.jpg,Nerium oleander,usda:NEOL
gbif-inat-toxic-round2:00315605,images/raw/gbif-inat-toxic-round2/nerium_oleander/5069947433_1.jpg,Nerium oleander,usda:NEOL
gbif-inat-toxic-round2:00315790,images/raw/gbif-inat-toxic-round2/nerium_oleander/5168470881_1.jpg,Nerium oleander,usda:NEOL
gbif-inat:00001195,images/raw/gbif-inat/nerium_oleander/6147314011_3.jpg,Nerium oleander,usda:NEOL
gbif-inat:00001175,images/raw/gbif-inat/nerium_oleander/6131128065_2.jpg,Nerium oleander,usda:NEOL
gbif-inat-toxic-round2:00315587,images/raw/gbif-inat-toxic-round2/nerium_oleander/5063099506_4.jpg,Nerium oleander,usda:NEOL
gbif-inat-toxic-round2:00315481,images/raw/gbif-inat-toxic-round2/nerium_oleander/6195845686_1.jpg,Nerium oleander,usda:NEOL
gbif-inat-toxic-round2:00315843,images/raw/gbif-inat-toxic-round2/nerium_oleander/5187856764_2.jpg,Nerium oleander,usda:NEOL
gbif-inat-toxic-round2:00315570,images/raw/gbif-inat-toxic-round2/nerium_oleander/6320220415_1.jpg,Nerium oleander,usda:NEOL
gbif-inat-toxic-round2:00315571,images/raw/gbif-inat-toxic-round2/nerium_oleander/6320283135_1.jpg,Nerium oleander,usda:NEOL
gbif-inat:00001176,images/raw/gbif-inat/nerium_oleander/6131128065_3.jpg,Nerium oleander,usda:NEOL
gbif-inat-toxic-round2:00315634,images/raw/gbif-inat-toxic-round2/nerium_oleander/5140010620_1.jpg,Nerium oleander,usda:NEOL
gbif-inat-toxic-round2:00315727,images/raw/gbif-inat-toxic-round2/nerium_oleander/5154900923_2.jpg,Nerium oleander,usda:NEOL
gbif-inat-toxic-round2:00315512,images/raw/gbif-inat-toxic-round2/nerium_oleander/6235686452_2.jpg,Nerium oleander,usda:NEOL
gbif-inat-toxic-round2:00315863,images/raw/gbif-inat-toxic-round2/nerium_oleander/5198517866_1.jpg,Nerium oleander,usda:NEOL
gbif-inat-toxic-round2:00315563,images/raw/gbif-inat-toxic-round2/nerium_oleander/6273182051_1.jpg,Nerium oleander,usda:NEOL
gbif-inat-toxic-round2:00315708,images/raw/gbif-inat-toxic-round2/nerium_oleander/5153736291_2.jpg,Nerium oleander,usda:NEOL
gbif-inat-toxic-round2:00315765,images/raw/gbif-inat-toxic-round2/nerium_oleander/5167052253_1.jpg,Nerium oleander,usda:NEOL
gbif-inat-toxic-round2:00315699,images/raw/gbif-inat-toxic-round2/nerium_oleander/5153035920_3.jpg,Nerium oleander,usda:NEOL
gbif-inat-toxic-round2:00315720,images/raw/gbif-inat-toxic-round2/nerium_oleander/5153828647_1.jpg,Nerium oleander,usda:NEOL
gbif-inat-toxic-round2:00315846,images/raw/gbif-inat-toxic-round2/nerium_oleander/5188037048_1.jpg,Nerium oleander,usda:NEOL
gbif-inat:00004151,images/raw/gbif-inat/nerium_oleander/6184866956_1.jpg,Nerium oleander,usda:NEOL
gbif-inat-toxic-round2:00315804,images/raw/gbif-inat-toxic-round2/nerium_oleander/5187650661_1.jpg,Nerium oleander,usda:NEOL
gbif-inat-toxic-round2:00315672,images/raw/gbif-inat-toxic-round2/nerium_oleander/5140602634_1.jpg,Nerium oleander,usda:NEOL
gbif-inat:00001183,images/raw/gbif-inat/nerium_oleander/6133311415_1.jpg,Nerium oleander,usda:NEOL
gbif-inat:00001194,images/raw/gbif-inat/nerium_oleander/6147314011_2.jpg,Nerium oleander,usda:NEOL
gbif-inat:00004179,images/raw/gbif-inat/nerium_oleander/6195680001_1.jpg,Nerium oleander,usda:NEOL
gbif-inat-toxic-round2:00315552,images/raw/gbif-inat-toxic-round2/nerium_oleander/6320107414_4.jpg,Nerium oleander,usda:NEOL
gbif-inat-toxic-round2:00315502,images/raw/gbif-inat-toxic-round2/nerium_oleander/6234979358_4.jpg,Nerium oleander,usda:NEOL
gbif-inat-toxic-round2:00315599,images/raw/gbif-inat-toxic-round2/nerium_oleander/5063810619_1.jpg,Nerium oleander,usda:NEOL
gbif-inat-toxic-round2:00315812,images/raw/gbif-inat-toxic-round2/nerium_oleander/5216840844_2.jpg,Nerium oleander,usda:NEOL
gbif-inat-toxic-round2:00315773,images/raw/gbif-inat-toxic-round2/nerium_oleander/5167638172_1.jpg,Nerium oleander,usda:NEOL
gbif-inat:00001172,images/raw/gbif-inat/nerium_oleander/6130639614_1.jpg,Nerium oleander,usda:NEOL
gbif-inat-toxic-round2:00315654,images/raw/gbif-inat-toxic-round2/nerium_oleander/5134833730_1.jpg,Nerium oleander,usda:NEOL
gbif-inat:00004130,images/raw/gbif-inat/nerium_oleander/6178632205_2.jpg,Nerium oleander,usda:NEOL
gbif-inat:00004123,images/raw/gbif-inat/nerium_oleander/6171125475_1.jpg,Nerium oleander,usda:NEOL
gbif-inat-toxic-round2:00315859,images/raw/gbif-inat-toxic-round2/nerium_oleander/5198352642_1.jpg,Nerium oleander,usda:NEOL
gbif-inat-toxic-round2:00315782,images/raw/gbif-inat-toxic-round2/nerium_oleander/5168049259_1.jpg,Nerium oleander,usda:NEOL
gbif-inat-toxic-round2:00315503,images/raw/gbif-inat-toxic-round2/nerium_oleander/6234979358_5.jpg,Nerium oleander,usda:NEOL
gbif-inat-toxic-round2:00315719,images/raw/gbif-inat-toxic-round2/nerium_oleander/5153826659_11.jpg,Nerium oleander,usda:NEOL
gbif-inat-toxic-round2:00315590,images/raw/gbif-inat-toxic-round2/nerium_oleander/5063198986_2.jpg,Nerium oleander,usda:NEOL
gbif-inat-toxic-round2:00315576,images/raw/gbif-inat-toxic-round2/nerium_oleander/6320688409_2.jpg,Nerium oleander,usda:NEOL
gbif-inat-toxic-round2:00315574,images/raw/gbif-inat-toxic-round2/nerium_oleander/6320554038_1.jpg,Nerium oleander,usda:NEOL
gbif-inat-toxic-round2:00315745,images/raw/gbif-inat-toxic-round2/nerium_oleander/5153199685_1.jpg,Nerium oleander,usda:NEOL
gbif-inat-toxic-round2:00315788,images/raw/gbif-inat-toxic-round2/nerium_oleander/5168354084_1.jpg,Nerium oleander,usda:NEOL
gbif-inat-toxic-round2:00315616,images/raw/gbif-inat-toxic-round2/nerium_oleander/6178495004_1.jpg,Nerium oleander,usda:NEOL
gbif-inat-toxic-round2:00315617,images/raw/gbif-inat-toxic-round2/nerium_oleander/6178495004_2.jpg,Nerium oleander,usda:NEOL
gbif-inat-toxic-round2:00315776,images/raw/gbif-inat-toxic-round2/nerium_oleander/5167855500_1.jpg,Nerium oleander,usda:NEOL
gbif-inat-toxic-round2:00315801,images/raw/gbif-inat-toxic-round2/nerium_oleander/5177205572_1.jpg,Nerium oleander,usda:NEOL
gbif-inat-toxic-round2:00315493,images/raw/gbif-inat-toxic-round2/nerium_oleander/6234815474_1.jpg,Nerium oleander,usda:NEOL
gbif-inat-toxic-round2:00315685,images/raw/gbif-inat-toxic-round2/nerium_oleander/5140837017_1.jpg,Nerium oleander,usda:NEOL
gbif-inat:00004146,images/raw/gbif-inat/nerium_oleander/6179388068_1.jpg,Nerium oleander,usda:NEOL
gbif-inat-toxic-round2:00315494,images/raw/gbif-inat-toxic-round2/nerium_oleander/6234817055_1.jpg,Nerium oleander,usda:NEOL
gbif-inat-toxic-round2:00315850,images/raw/gbif-inat-toxic-round2/nerium_oleander/5188163075_2.jpg,Nerium oleander,usda:NEOL
gbif-inat:00004168,images/raw/gbif-inat/nerium_oleander/6195835629_1.jpg,Nerium oleander,usda:NEOL
gbif-inat-toxic-round2:00315579,images/raw/gbif-inat-toxic-round2/nerium_oleander/6320913876_1.jpg,Nerium oleander,usda:NEOL
gbif-inat-toxic-round2:00315510,images/raw/gbif-inat-toxic-round2/nerium_oleander/6235620868_2.jpg,Nerium oleander,usda:NEOL
gbif-inat-toxic-round2:00315780,images/raw/gbif-inat-toxic-round2/nerium_oleander/5167904493_1.jpg,Nerium oleander,usda:NEOL
gbif-inat:00001179,images/raw/gbif-inat/nerium_oleander/6133234051_1.jpg,Nerium oleander,usda:NEOL
gbif-inat-toxic-round2:00315660,images/raw/gbif-inat-toxic-round2/nerium_oleander/5140302491_1.jpg,Nerium oleander,usda:NEOL
gbif-inat-toxic-round2:00315626,images/raw/gbif-inat-toxic-round2/nerium_oleander/5104513493_1.jpg,Nerium oleander,usda:NEOL
gbif-inat-toxic-round2:00315592,images/raw/gbif-inat-toxic-round2/nerium_oleander/5063436249_1.jpg,Nerium oleander,usda:NEOL
gbif-inat-toxic-round2:00315714,images/raw/gbif-inat-toxic-round2/nerium_oleander/5153826659_6.jpg,Nerium oleander,usda:NEOL
gbif-inat-toxic-round2:00315643,images/raw/gbif-inat-toxic-round2/nerium_oleander/5134052545_1.jpg,Nerium oleander,usda:NEOL
gbif-inat-toxic-round2:00315484,images/raw/gbif-inat-toxic-round2/nerium_oleander/6195859525_1.jpg,Nerium oleander,usda:NEOL
gbif-inat-toxic-round2:00315666,images/raw/gbif-inat-toxic-round2/nerium_oleander/5140420999_1.jpg,Nerium oleander,usda:NEOL
gbif-inat-toxic-round2:00315667,images/raw/gbif-inat-toxic-round2/nerium_oleander/5140420999_2.jpg,Nerium oleander,usda:NEOL
gbif-inat-toxic-round2:00315585,images/raw/gbif-inat-toxic-round2/nerium_oleander/5063099506_2.jpg,Nerium oleander,usda:NEOL
gbif-inat-toxic-round2:00315558,images/raw/gbif-inat-toxic-round2/nerium_oleander/6320919450_3.jpg,Nerium oleander,usda:NEOL
gbif-inat:00004159,images/raw/gbif-inat/nerium_oleander/6185704588_1.jpg,Nerium oleander,usda:NEOL
gbif-inat-toxic-round2:00315786,images/raw/gbif-inat-toxic-round2/nerium_oleander/5168301392_1.jpg,Nerium oleander,usda:NEOL
gbif-inat-toxic-round2:00315721,images/raw/gbif-inat-toxic-round2/nerium_oleander/5154260829_1.jpg,Nerium oleander,usda:NEOL
gbif-inat-toxic-round2:00315618,images/raw/gbif-inat-toxic-round2/nerium_oleander/5087465389_1.jpg,Nerium oleander,usda:NEOL
gbif-inat-toxic-round2:00315580,images/raw/gbif-inat-toxic-round2/nerium_oleander/6320913876_2.jpg,Nerium oleander,usda:NEOL
gbif-inat-toxic-round2:00315530,images/raw/gbif-inat-toxic-round2/nerium_oleander/6251862876_1.jpg,Nerium oleander,usda:NEOL
gbif-inat-toxic-round2:00315485,images/raw/gbif-inat-toxic-round2/nerium_oleander/6195928455_1.jpg,Nerium oleander,usda:NEOL
gbif-inat-toxic-round2:00315713,images/raw/gbif-inat-toxic-round2/nerium_oleander/5153826659_5.jpg,Nerium oleander,usda:NEOL
gbif-inat-toxic-round2:00315761,images/raw/gbif-inat-toxic-round2/nerium_oleander/5166985926_1.jpg,Nerium oleander,usda:NEOL
gbif-inat-toxic-round2:00315827,images/raw/gbif-inat-toxic-round2/nerium_oleander/5897528680_1.jpg,Nerium oleander,usda:NEOL
gbif-inat-toxic-round2:00315523,images/raw/gbif-inat-toxic-round2/nerium_oleander/6236535729_1.jpg,Nerium oleander,usda:NEOL
gbif-inat-toxic-round2:00315729,images/raw/gbif-inat-toxic-round2/nerium_oleander/5154900923_4.jpg,Nerium oleander,usda:NEOL
gbif-inat-toxic-round2:00315785,images/raw/gbif-inat-toxic-round2/nerium_oleander/5168296519_1.jpg,Nerium oleander,usda:NEOL
gbif-inat-toxic-round2:00315500,images/raw/gbif-inat-toxic-round2/nerium_oleander/6234979358_2.jpg,Nerium oleander,usda:NEOL
gbif-inat-toxic-round2:00315541,images/raw/gbif-inat-toxic-round2/nerium_oleander/6273980063_1.jpg,Nerium oleander,usda:NEOL
gbif-inat-toxic-round2:00315867,images/raw/gbif-inat-toxic-round2/nerium_oleander/5198679868_1.jpg,Nerium oleander,usda:NEOL
gbif-inat-toxic-round2:00315706,images/raw/gbif-inat-toxic-round2/nerium_oleander/5153669545_1.jpg,Nerium oleander,usda:NEOL
gbif-inat-toxic-round2:00315700,images/raw/gbif-inat-toxic-round2/nerium_oleander/5153035920_4.jpg,Nerium oleander,usda:NEOL
gbif-inat-toxic-round2:00315733,images/raw/gbif-inat-toxic-round2/nerium_oleander/5206104485_1.jpg,Nerium oleander,usda:NEOL
gbif-inat-toxic-round2:00315565,images/raw/gbif-inat-toxic-round2/nerium_oleander/6274167099_1.jpg,Nerium oleander,usda:NEOL
gbif-inat-toxic-round2:00315819,images/raw/gbif-inat-toxic-round2/nerium_oleander/5760160371_3.jpg,Nerium oleander,usda:NEOL
gbif-inat:00004120,images/raw/gbif-inat/nerium_oleander/6170862719_1.jpg,Nerium oleander,usda:NEOL
gbif-inat-toxic-round2:00315742,images/raw/gbif-inat-toxic-round2/nerium_oleander/5153192698_1.jpg,Nerium oleander,usda:NEOL
gbif-inat-toxic-round2:00315596,images/raw/gbif-inat-toxic-round2/nerium_oleander/5063667177_1.jpg,Nerium oleander,usda:NEOL
gbif-inat:00001181,images/raw/gbif-inat/nerium_oleander/6133234051_3.jpg,Nerium oleander,usda:NEOL
gbif-inat-toxic-round2:00315730,images/raw/gbif-inat-toxic-round2/nerium_oleander/5167290868_1.jpg,Nerium oleander,usda:NEOL
gbif-inat-toxic-round2:00315682,images/raw/gbif-inat-toxic-round2/nerium_oleander/5140731040_6.jpg,Nerium oleander,usda:NEOL
gbif-inat-toxic-round2:00315860,images/raw/gbif-inat-toxic-round2/nerium_oleander/5198420705_1.jpg,Nerium oleander,usda:NEOL
gbif-inat:00004134,images/raw/gbif-inat/nerium_oleander/6178561635_1.jpg,Nerium oleander,usda:NEOL
gbif-inat-toxic-round2:00315539,images/raw/gbif-inat-toxic-round2/nerium_oleander/6273415668_1.jpg,Nerium oleander,usda:NEOL
gbif-inat-toxic-round2:00315734,images/raw/gbif-inat-toxic-round2/nerium_oleander/5206104485_2.jpg,Nerium oleander,usda:NEOL
gbif-inat-toxic-round2:00315692,images/raw/gbif-inat-toxic-round2/nerium_oleander/5141025644_1.jpg,Nerium oleander,usda:NEOL
gbif-inat-toxic-round2:00315511,images/raw/gbif-inat-toxic-round2/nerium_oleander/6235686452_1.jpg,Nerium oleander,usda:NEOL
gbif-inat-toxic-round2:00315871,images/raw/gbif-inat-toxic-round2/nerium_oleander/5198970063_1.jpg,Nerium oleander,usda:NEOL
gbif-inat-toxic-round2:00315499,images/raw/gbif-inat-toxic-round2/nerium_oleander/6234979358_1.jpg,Nerium oleander,usda:NEOL
gbif-inat:00001186,images/raw/gbif-inat/nerium_oleander/6171421880_1.jpg,Nerium oleander,usda:NEOL
gbif-inat-toxic-round2:00315784,images/raw/gbif-inat-toxic-round2/nerium_oleander/5168229306_1.jpg,Nerium oleander,usda:NEOL
gbif-inat-toxic-round2:00315728,images/raw/gbif-inat-toxic-round2/nerium_oleander/5154900923_3.jpg,Nerium oleander,usda:NEOL
gbif-inat:00004156,images/raw/gbif-inat/nerium_oleander/6185220836_1.jpg,Nerium oleander,usda:NEOL
gbif-inat-toxic-round2:00315693,images/raw/gbif-inat-toxic-round2/nerium_oleander/5141035752_1.jpg,Nerium oleander,usda:NEOL
gbif-inat-toxic-round2:00315564,images/raw/gbif-inat-toxic-round2/nerium_oleander/6273952087_1.jpg,Nerium oleander,usda:NEOL
gbif-inat:00004117,images/raw/gbif-inat/nerium_oleander/6163171499_1.jpg,Nerium oleander,usda:NEOL
gbif-inat:00004150,images/raw/gbif-inat/nerium_oleander/6184737499_3.jpg,Nerium oleander,usda:NEOL
gbif-inat-toxic-round2:00315677,images/raw/gbif-inat-toxic-round2/nerium_oleander/5140731040_1.jpg,Nerium oleander,usda:NEOL
gbif-inat-toxic-round2:00315670,images/raw/gbif-inat-toxic-round2/nerium_oleander/5140547348_1.jpg,Nerium oleander,usda:NEOL
gbif-inat-toxic-round2:00315593,images/raw/gbif-inat-toxic-round2/nerium_oleander/5063716354_1.jpg,Nerium oleander,usda:NEOL
gbif-inat-toxic-round2:00315772,images/raw/gbif-inat-toxic-round2/nerium_oleander/5167618394_1.jpg,Nerium oleander,usda:NEOL
gbif-inat:00001178,images/raw/gbif-inat/nerium_oleander/6131356396_2.jpg,Nerium oleander,usda:NEOL
gbif-inat-toxic-round2:00315640,images/raw/gbif-inat-toxic-round2/nerium_oleander/5133576752_1.jpg,Nerium oleander,usda:NEOL
gbif-inat-toxic-round2:00315528,images/raw/gbif-inat-toxic-round2/nerium_oleander/6251650249_1.jpg,Nerium oleander,usda:NEOL
gbif-inat:00001196,images/raw/gbif-inat/nerium_oleander/6147314011_4.jpg,Nerium oleander,usda:NEOL
gbif-inat-toxic-round2:00315829,images/raw/gbif-inat-toxic-round2/nerium_oleander/5908914230_1.jpg,Nerium oleander,usda:NEOL
gbif-inat:00001193,images/raw/gbif-inat/nerium_oleander/6147314011_1.jpg,Nerium oleander,usda:NEOL
gbif-inat-toxic-round2:00315715,images/raw/gbif-inat-toxic-round2/nerium_oleander/5153826659_7.jpg,Nerium oleander,usda:NEOL
gbif-inat-toxic-round2:00315524,images/raw/gbif-inat-toxic-round2/nerium_oleander/6251438588_1.jpg,Nerium oleander,usda:NEOL
gbif-inat-toxic-round2:00315841,images/raw/gbif-inat-toxic-round2/nerium_oleander/5187825528_1.jpg,Nerium oleander,usda:NEOL
gbif-inat-toxic-round2:00315676,images/raw/gbif-inat-toxic-round2/nerium_oleander/5140716301_1.jpg,Nerium oleander,usda:NEOL
gbif-inat-toxic-round2:00315795,images/raw/gbif-inat-toxic-round2/nerium_oleander/5176922705_2.jpg,Nerium oleander,usda:NEOL
gbif-inat:00004177,images/raw/gbif-inat/nerium_oleander/6195467672_1.jpg,Nerium oleander,usda:NEOL
gbif-inat-toxic-round2:00315547,images/raw/gbif-inat-toxic-round2/nerium_oleander/6274175681_4.jpg,Nerium oleander,usda:NEOL
gbif-inat-toxic-round2:00315830,images/raw/gbif-inat-toxic-round2/nerium_oleander/6170822251_1.jpg,Nerium oleander,usda:NEOL
gbif-inat-toxic-round2:00315607,images/raw/gbif-inat-toxic-round2/nerium_oleander/5077049223_1.jpg,Nerium oleander,usda:NEOL
gbif-inat-toxic-round2:00315597,images/raw/gbif-inat-toxic-round2/nerium_oleander/5063723292_1.jpg,Nerium oleander,usda:NEOL
gbif-inat-toxic-round2:00315645,images/raw/gbif-inat-toxic-round2/nerium_oleander/5134052545_3.jpg,Nerium oleander,usda:NEOL
gbif-inat-toxic-round2:00315821,images/raw/gbif-inat-toxic-round2/nerium_oleander/5760160371_5.jpg,Nerium oleander,usda:NEOL
gbif-inat-toxic-round2:00315507,images/raw/gbif-inat-toxic-round2/nerium_oleander/6235521899_1.jpg,Nerium oleander,usda:NEOL
gbif-inat:00004143,images/raw/gbif-inat/nerium_oleander/6179246355_2.jpg,Nerium oleander,usda:NEOL
gbif-inat:00001182,images/raw/gbif-inat/nerium_oleander/6133278466_1.jpg,Nerium oleander,usda:NEOL
gbif-inat-toxic-round2:00315561,images/raw/gbif-inat-toxic-round2/nerium_oleander/6252841167_1.jpg,Nerium oleander,usda:NEOL
gbif-inat:00004166,images/raw/gbif-inat/nerium_oleander/6186159397_1.jpg,Nerium oleander,usda:NEOL
gbif-inat-toxic-round2:00315649,images/raw/gbif-inat-toxic-round2/nerium_oleander/5134159508_1.jpg,Nerium oleander,usda:NEOL
gbif-inat-toxic-round2:00315875,images/raw/gbif-inat-toxic-round2/nerium_oleander/5199025645_2.jpg,Nerium oleander,usda:NEOL
gbif-inat-toxic-round2:00315758,images/raw/gbif-inat-toxic-round2/nerium_oleander/5154738623_1.jpg,Nerium oleander,usda:NEOL
gbif-inat-toxic-round2:00315612,images/raw/gbif-inat-toxic-round2/nerium_oleander/5087301438_1.jpg,Nerium oleander,usda:NEOL
gbif-inat-toxic-round2:00315600,images/raw/gbif-inat-toxic-round2/nerium_oleander/5063865404_1.jpg,Nerium oleander,usda:NEOL
gbif-inat-toxic-round2:00315517,images/raw/gbif-inat-toxic-round2/nerium_oleander/6235931312_3.jpg,Nerium oleander,usda:NEOL
gbif-inat-toxic-round2:00315858,images/raw/gbif-inat-toxic-round2/nerium_oleander/5188462354_1.jpg,Nerium oleander,usda:NEOL
gbif-inat-toxic-round2:00315832,images/raw/gbif-inat-toxic-round2/nerium_oleander/5176637639_1.jpg,Nerium oleander,usda:NEOL
gbif-inat-toxic-round2:00315508,images/raw/gbif-inat-toxic-round2/nerium_oleander/6235601321_1.jpg,Nerium oleander,usda:NEOL
gbif-inat:00004178,images/raw/gbif-inat/nerium_oleander/6195469391_1.jpg,Nerium oleander,usda:NEOL
gbif-inat:00004133,images/raw/gbif-inat/nerium_oleander/6178345708_1.jpg,Nerium oleander,usda:NEOL
gbif-inat-toxic-round2:00315651,images/raw/gbif-inat-toxic-round2/nerium_oleander/5134421802_1.jpg,Nerium oleander,usda:NEOL
gbif-inat-toxic-round2:00315861,images/raw/gbif-inat-toxic-round2/nerium_oleander/5198476956_1.jpg,Nerium oleander,usda:NEOL
gbif-inat-toxic-round2:00315566,images/raw/gbif-inat-toxic-round2/nerium_oleander/6274219426_1.jpg,Nerium oleander,usda:NEOL
gbif-inat-toxic-round2:00315842,images/raw/gbif-inat-toxic-round2/nerium_oleander/5187856764_1.jpg,Nerium oleander,usda:NEOL
gbif-inat-toxic-round2:00315675,images/raw/gbif-inat-toxic-round2/nerium_oleander/5140633758_1.jpg,Nerium oleander,usda:NEOL
gbif-inat:00004169,images/raw/gbif-inat/nerium_oleander/6187966622_1.jpg,Nerium oleander,usda:NEOL
gbif-inat-toxic-round2:00315498,images/raw/gbif-inat-toxic-round2/nerium_oleander/6234837447_1.jpg,Nerium oleander,usda:NEOL
gbif-inat-toxic-round2:00315637,images/raw/gbif-inat-toxic-round2/nerium_oleander/6178645487_3.jpg,Nerium oleander,usda:NEOL
gbif-inat-toxic-round2:00315603,images/raw/gbif-inat-toxic-round2/nerium_oleander/5063903483_3.jpg,Nerium oleander,usda:NEOL
gbif-inat-toxic-round2:00315556,images/raw/gbif-inat-toxic-round2/nerium_oleander/6320919450_1.jpg,Nerium oleander,usda:NEOL
gbif-inat-toxic-round2:00315816,images/raw/gbif-inat-toxic-round2/nerium_oleander/5231077657_1.jpg,Nerium oleander,usda:NEOL
gbif-inat-toxic-round2:00315549,images/raw/gbif-inat-toxic-round2/nerium_oleander/6320107414_1.jpg,Nerium oleander,usda:NEOL
gbif-inat-toxic-round2:00315739,images/raw/gbif-inat-toxic-round2/nerium_oleander/5153115853_1.jpg,Nerium oleander,usda:NEOL
gbif-inat-toxic-round2:00315704,images/raw/gbif-inat-toxic-round2/nerium_oleander/5153628476_1.jpg,Nerium oleander,usda:NEOL
gbif-inat-toxic-round2:00315657,images/raw/gbif-inat-toxic-round2/nerium_oleander/5140245223_1.jpg,Nerium oleander,usda:NEOL
gbif-inat:00001180,images/raw/gbif-inat/nerium_oleander/6133234051_2.jpg,Nerium oleander,usda:NEOL
gbif-inat-toxic-round2:00315697,images/raw/gbif-inat-toxic-round2/nerium_oleander/5153035920_1.jpg,Nerium oleander,usda:NEOL
gbif-inat:00001171,images/raw/gbif-inat/nerium_oleander/6130197216_1.jpg,Nerium oleander,usda:NEOL
gbif-inat-toxic-round2:00315778,images/raw/gbif-inat-toxic-round2/nerium_oleander/5167897238_1.jpg,Nerium oleander,usda:NEOL
gbif-inat-toxic-round2:00315610,images/raw/gbif-inat-toxic-round2/nerium_oleander/5087212187_1.jpg,Nerium oleander,usda:NEOL
gbif-inat-toxic-round2:00315488,images/raw/gbif-inat-toxic-round2/nerium_oleander/6196020147_1.jpg,Nerium oleander,usda:NEOL
gbif-inat-toxic-round2:00315562,images/raw/gbif-inat-toxic-round2/nerium_oleander/6252872288_1.jpg,Nerium oleander,usda:NEOL
gbif-inat-toxic-round2:00315749,images/raw/gbif-inat-toxic-round2/nerium_oleander/5153889835_1.jpg,Nerium oleander,usda:NEOL
gbif-inat-toxic-round2:00315754,images/raw/gbif-inat-toxic-round2/nerium_oleander/5154644878_1.jpg,Nerium oleander,usda:NEOL
gbif-inat-toxic-round2:00315521,images/raw/gbif-inat-toxic-round2/nerium_oleander/6236185680_1.jpg,Nerium oleander,usda:NEOL
gbif-inat-toxic-round2:00315828,images/raw/gbif-inat-toxic-round2/nerium_oleander/5897732697_1.jpg,Nerium oleander,usda:NEOL
gbif-inat-toxic-round2:00315491,images/raw/gbif-inat-toxic-round2/nerium_oleander/6234418310_1.jpg,Nerium oleander,usda:NEOL
gbif-inat-toxic-round2:00315683,images/raw/gbif-inat-toxic-round2/nerium_oleander/5140751733_1.jpg,Nerium oleander,usda:NEOL
gbif-inat:00004165,images/raw/gbif-inat/nerium_oleander/6186026307_3.jpg,Nerium oleander,usda:NEOL
gbif-inat-toxic-round2:00315486,images/raw/gbif-inat-toxic-round2/nerium_oleander/6195943620_1.jpg,Nerium oleander,usda:NEOL
gbif-inat-toxic-round2:00315535,images/raw/gbif-inat-toxic-round2/nerium_oleander/6252337793_1.jpg,Nerium oleander,usda:NEOL
gbif-inat-toxic-round2:00315705,images/raw/gbif-inat-toxic-round2/nerium_oleander/5153628476_2.jpg,Nerium oleander,usda:NEOL
gbif-inat-toxic-round2:00315629,images/raw/gbif-inat-toxic-round2/nerium_oleander/5108423171_1.jpg,Nerium oleander,usda:NEOL
gbif-inat-toxic-round2:00315710,images/raw/gbif-inat-toxic-round2/nerium_oleander/5153826659_2.jpg,Nerium oleander,usda:NEOL
gbif-inat-toxic-round2:00315625,images/raw/gbif-inat-toxic-round2/nerium_oleander/5104460383_1.jpg,Nerium oleander,usda:NEOL
gbif-inat-toxic-round2:00315775,images/raw/gbif-inat-toxic-round2/nerium_oleander/5167815185_1.jpg,Nerium oleander,usda:NEOL
gbif-inat-toxic-round2:00315621,images/raw/gbif-inat-toxic-round2/nerium_oleander/5087964602_1.jpg,Nerium oleander,usda:NEOL
gbif-inat-toxic-round2:00315653,images/raw/gbif-inat-toxic-round2/nerium_oleander/5134485546_1.jpg,Nerium oleander,usda:NEOL
gbif-inat-toxic-round2:00315803,images/raw/gbif-inat-toxic-round2/nerium_oleander/5177313801_1.jpg,Nerium oleander,usda:NEOL
gbif-inat-toxic-round2:00315554,images/raw/gbif-inat-toxic-round2/nerium_oleander/6320107414_6.jpg,Nerium oleander,usda:NEOL
gbif-inat-toxic-round2:00315635,images/raw/gbif-inat-toxic-round2/nerium_oleander/6178645487_1.jpg,Nerium oleander,usda:NEOL
gbif-inat-toxic-round2:00315482,images/raw/gbif-inat-toxic-round2/nerium_oleander/6195845686_2.jpg,Nerium oleander,usda:NEOL
gbif-inat-toxic-round2:00315581,images/raw/gbif-inat-toxic-round2/nerium_oleander/6320949797_1.jpg,Nerium oleander,usda:NEOL
gbif-inat:00004147,images/raw/gbif-inat/nerium_oleander/6179502974_1.jpg,Nerium oleander,usda:NEOL
gbif-inat-toxic-round2:00315686,images/raw/gbif-inat-toxic-round2/nerium_oleander/5140872726_1.jpg,Nerium oleander,usda:NEOL
gbif-inat:00004119,images/raw/gbif-inat/nerium_oleander/6170843652_1.jpg,Nerium oleander,usda:NEOL
gbif-inat-toxic-round2:00315741,images/raw/gbif-inat-toxic-round2/nerium_oleander/5153115853_3.jpg,Nerium oleander,usda:NEOL
gbif-inat-toxic-round2:00315619,images/raw/gbif-inat-toxic-round2/nerium_oleander/5087647678_1.jpg,Nerium oleander,usda:NEOL
gbif-inat-toxic-round2:00315663,images/raw/gbif-inat-toxic-round2/nerium_oleander/5140393198_1.jpg,Nerium oleander,usda:NEOL
gbif-inat-toxic-round2:00315516,images/raw/gbif-inat-toxic-round2/nerium_oleander/6235931312_2.jpg,Nerium oleander,usda:NEOL
gbif-inat-toxic-round2:00315825,images/raw/gbif-inat-toxic-round2/nerium_oleander/5844259438_1.jpg,Nerium oleander,usda:NEOL
gbif-inat-toxic-round2:00315764,images/raw/gbif-inat-toxic-round2/nerium_oleander/5167047595_1.jpg,Nerium oleander,usda:NEOL
gbif-inat-toxic-round2:00315834,images/raw/gbif-inat-toxic-round2/nerium_oleander/5176839009_1.jpg,Nerium oleander,usda:NEOL
gbif-inat-toxic-round2:00315687,images/raw/gbif-inat-toxic-round2/nerium_oleander/5140877878_1.jpg,Nerium oleander,usda:NEOL
gbif-inat:00004113,images/raw/gbif-inat/nerium_oleander/6163064455_1.jpg,Nerium oleander,usda:NEOL
gbif-inat:00004175,images/raw/gbif-inat/nerium_oleander/6195439828_2.jpg,Nerium oleander,usda:NEOL
gbif-inat-toxic-round2:00315614,images/raw/gbif-inat-toxic-round2/nerium_oleander/5087328719_2.jpg,Nerium oleander,usda:NEOL
gbif-inat-toxic-round2:00315575,images/raw/gbif-inat-toxic-round2/nerium_oleander/6320688409_1.jpg,Nerium oleander,usda:NEOL
gbif-inat-toxic-round2:00315762,images/raw/gbif-inat-toxic-round2/nerium_oleander/5167044003_1.jpg,Nerium oleander,usda:NEOL
gbif-inat-toxic-round2:00315750,images/raw/gbif-inat-toxic-round2/nerium_oleander/5153905699_1.jpg,Nerium oleander,usda:NEOL
gbif-inat-toxic-round2:00315836,images/raw/gbif-inat-toxic-round2/nerium_oleander/5187528255_1.jpg,Nerium oleander,usda:NEOL
gbif-inat-toxic-round2:00315480,images/raw/gbif-inat-toxic-round2/nerium_oleander/6195766351_1.jpg,Nerium oleander,usda:NEOL
gbif-inat-toxic-round2:00315823,images/raw/gbif-inat-toxic-round2/nerium_oleander/5760160371_7.jpg,Nerium oleander,usda:NEOL
gbif-inat-toxic-round2:00315623,images/raw/gbif-inat-toxic-round2/nerium_oleander/5088043490_1.jpg,Nerium oleander,usda:NEOL
gbif-inat-toxic-round2:00315519,images/raw/gbif-inat-toxic-round2/nerium_oleander/6236177731_1.jpg,Nerium oleander,usda:NEOL
gbif-inat-toxic-round2:00315673,images/raw/gbif-inat-toxic-round2/nerium_oleander/5140626800_1.jpg,Nerium oleander,usda:NEOL
gbif-inat-toxic-round2:00315598,images/raw/gbif-inat-toxic-round2/nerium_oleander/5063723292_2.jpg,Nerium oleander,usda:NEOL
gbif-inat-toxic-round2:00315855,images/raw/gbif-inat-toxic-round2/nerium_oleander/5188364520_2.jpg,Nerium oleander,usda:NEOL
gbif-inat-toxic-round2:00315840,images/raw/gbif-inat-toxic-round2/nerium_oleander/5187782036_1.jpg,Nerium oleander,usda:NEOL
gbif-inat-toxic-round2:00315766,images/raw/gbif-inat-toxic-round2/nerium_oleander/5167192113_1.jpg,Nerium oleander,usda:NEOL
gbif-inat:00004170,images/raw/gbif-inat/nerium_oleander/6188204407_1.jpg,Nerium oleander,usda:NEOL
gbif-inat-toxic-round2:00315873,images/raw/gbif-inat-toxic-round2/nerium_oleander/5199012843_1.jpg,Nerium oleander,usda:NEOL
gbif-inat:00004136,images/raw/gbif-inat/nerium_oleander/6178606358_1.jpg,Nerium oleander,usda:NEOL
gbif-inat-toxic-round2:00315820,images/raw/gbif-inat-toxic-round2/nerium_oleander/5760160371_4.jpg,Nerium oleander,usda:NEOL
gbif-inat:00004145,images/raw/gbif-inat/nerium_oleander/6179329520_1.jpg,Nerium oleander,usda:NEOL
gbif-inat-toxic-round2:00315691,images/raw/gbif-inat-toxic-round2/nerium_oleander/5141019467_1.jpg,Nerium oleander,usda:NEOL
gbif-inat:00004144,images/raw/gbif-inat/nerium_oleander/6179246355_3.jpg,Nerium oleander,usda:NEOL
gbif-inat-toxic-round2:00315876,images/raw/gbif-inat-toxic-round2/nerium_oleander/5199101698_1.jpg,Nerium oleander,usda:NEOL
gbif-inat-toxic-round2:00315797,images/raw/gbif-inat-toxic-round2/nerium_oleander/5176944796_1.jpg,Nerium oleander,usda:NEOL
gbif-inat-toxic-round2:00315534,images/raw/gbif-inat-toxic-round2/nerium_oleander/6251911984_4.jpg,Nerium oleander,usda:NEOL
gbif-inat-toxic-round2:00315716,images/raw/gbif-inat-toxic-round2/nerium_oleander/5153826659_8.jpg,Nerium oleander,usda:NEOL
gbif-inat-toxic-round2:00315606,images/raw/gbif-inat-toxic-round2/nerium_oleander/5077022809_1.jpg,Nerium oleander,usda:NEOL
gbif-inat-toxic-round2:00315628,images/raw/gbif-inat-toxic-round2/nerium_oleander/5104700247_1.jpg,Nerium oleander,usda:NEOL
gbif-inat-toxic-round2:00315569,images/raw/gbif-inat-toxic-round2/nerium_oleander/6320198422_1.jpg,Nerium oleander,usda:NEOL
gbif-inat-toxic-round2:00315731,images/raw/gbif-inat-toxic-round2/nerium_oleander/5167678989_1.jpg,Nerium oleander,usda:NEOL
gbif-inat-toxic-round2:00315658,images/raw/gbif-inat-toxic-round2/nerium_oleander/5140260605_1.jpg,Nerium oleander,usda:NEOL
gbif-inat-toxic-round2:00315636,images/raw/gbif-inat-toxic-round2/nerium_oleander/6178645487_2.jpg,Nerium oleander,usda:NEOL
gbif-inat:00004161,images/raw/gbif-inat/nerium_oleander/6185704588_3.jpg,Nerium oleander,usda:NEOL
gbif-inat:00001188,images/raw/gbif-inat/nerium_oleander/6133478570_2.jpg,Nerium oleander,usda:NEOL
gbif-inat-toxic-round2:00315655,images/raw/gbif-inat-toxic-round2/nerium_oleander/5140088329_1.jpg,Nerium oleander,usda:NEOL
gbif-inat-toxic-round2:00315743,images/raw/gbif-inat-toxic-round2/nerium_oleander/5153192698_2.jpg,Nerium oleander,usda:NEOL
gbif-inat-toxic-round2:00315774,images/raw/gbif-inat-toxic-round2/nerium_oleander/5167688282_1.jpg,Nerium oleander,usda:NEOL
gbif-inat:00004155,images/raw/gbif-inat/nerium_oleander/6185052779_2.jpg,Nerium oleander,usda:NEOL
gbif-inat-toxic-round2:00315726,images/raw/gbif-inat-toxic-round2/nerium_oleander/5154900923_1.jpg,Nerium oleander,usda:NEOL
gbif-inat-toxic-round2:00315479,images/raw/gbif-inat-toxic-round2/nerium_oleander/6195758933_1.jpg,Nerium oleander,usda:NEOL
gbif-inat-toxic-round2:00315568,images/raw/gbif-inat-toxic-round2/nerium_oleander/6320082422_1.jpg,Nerium oleander,usda:NEOL
gbif-inat:00004171,images/raw/gbif-inat/nerium_oleander/6188407098_1.jpg,Nerium oleander,usda:NEOL
gbif-inat-toxic-round2:00315698,images/raw/gbif-inat-toxic-round2/nerium_oleander/5153035920_2.jpg,Nerium oleander,usda:NEOL
gbif-inat:00004127,images/raw/gbif-inat/nerium_oleander/6171181621_3.jpg,Nerium oleander,usda:NEOL
gbif-inat-toxic-round2:00315806,images/raw/gbif-inat-toxic-round2/nerium_oleander/5187773713_1.jpg,Nerium oleander,usda:NEOL
gbif-inat-toxic-round2:00315582,images/raw/gbif-inat-toxic-round2/nerium_oleander/5007716028_1.jpg,Nerium oleander,usda:NEOL
gbif-inat-toxic-round2:00315490,images/raw/gbif-inat-toxic-round2/nerium_oleander/6234279602_1.jpg,Nerium oleander,usda:NEOL
gbif-inat-toxic-round2:00315805,images/raw/gbif-inat-toxic-round2/nerium_oleander/5187748607_1.jpg,Nerium oleander,usda:NEOL
gbif-inat:00004111,images/raw/gbif-inat/nerium_oleander/6162803040_1.jpg,Nerium oleander,usda:NEOL
gbif-inat-toxic-round2:00315674,images/raw/gbif-inat-toxic-round2/nerium_oleander/5140631711_1.jpg,Nerium oleander,usda:NEOL
gbif-inat:00001192,images/raw/gbif-inat/nerium_oleander/6147280690_1.jpg,Nerium oleander,usda:NEOL
gbif-inat-toxic-round2:00315664,images/raw/gbif-inat-toxic-round2/nerium_oleander/5140399940_1.jpg,Nerium oleander,usda:NEOL
gbif-inat-toxic-round2:00315799,images/raw/gbif-inat-toxic-round2/nerium_oleander/5177019084_1.jpg,Nerium oleander,usda:NEOL
gbif-inat-toxic-round2:00315854,images/raw/gbif-inat-toxic-round2/nerium_oleander/5188364520_1.jpg,Nerium oleander,usda:NEOL
gbif-inat-toxic-round2:00315712,images/raw/gbif-inat-toxic-round2/nerium_oleander/5153826659_4.jpg,Nerium oleander,usda:NEOL
gbif-inat-toxic-round2:00315513,images/raw/gbif-inat-toxic-round2/nerium_oleander/6235686452_3.jpg,Nerium oleander,usda:NEOL
gbif-inat-toxic-round2:00315602,images/raw/gbif-inat-toxic-round2/nerium_oleander/5063903483_2.jpg,Nerium oleander,usda:NEOL
gbif-inat:00001184,images/raw/gbif-inat/nerium_oleander/6133559305_1.jpg,Nerium oleander,usda:NEOL
gbif-inat:00002102,images/raw/gbif-inat/opuntia_humifusa/6163033846_8.jpg,Opuntia humifusa,usda:OPHU
gbif-inat:00000317,images/raw/gbif-inat/opuntia_humifusa/6130221660_2.jpg,Opuntia humifusa,usda:OPHU
gbif-inat:00002146,images/raw/gbif-inat/opuntia_humifusa/6178739422_1.jpg,Opuntia humifusa,usda:OPHU
gbif-inat:00000303,images/raw/gbif-inat/opuntia_humifusa/5938263965_2.jpg,Opuntia humifusa,usda:OPHU
gbif-inat:00002125,images/raw/gbif-inat/opuntia_humifusa/6171347204_1.jpg,Opuntia humifusa,usda:OPHU
gbif-inat:00002109,images/raw/gbif-inat/opuntia_humifusa/6163180736_1.jpg,Opuntia humifusa,usda:OPHU
gbif-inat:00000314,images/raw/gbif-inat/opuntia_humifusa/6129949912_1.jpg,Opuntia humifusa,usda:OPHU
gbif-inat:00002144,images/raw/gbif-inat/opuntia_humifusa/6178416917_2.jpg,Opuntia humifusa,usda:OPHU
gbif-inat:00002137,images/raw/gbif-inat/opuntia_humifusa/6178295884_2.jpg,Opuntia humifusa,usda:OPHU
gbif-inat:00002129,images/raw/gbif-inat/opuntia_humifusa/6179066159_1.jpg,Opuntia humifusa,usda:OPHU
gbif-inat:00002104,images/raw/gbif-inat/opuntia_humifusa/6163074957_2.jpg,Opuntia humifusa,usda:OPHU
gbif-inat:00002088,images/raw/gbif-inat/opuntia_humifusa/6159427226_2.jpg,Opuntia humifusa,usda:OPHU
gbif-inat:00002126,images/raw/gbif-inat/opuntia_humifusa/6171347204_2.jpg,Opuntia humifusa,usda:OPHU
gbif-inat:00002145,images/raw/gbif-inat/opuntia_humifusa/6178723613_1.jpg,Opuntia humifusa,usda:OPHU
gbif-inat:00002143,images/raw/gbif-inat/opuntia_humifusa/6178416917_1.jpg,Opuntia humifusa,usda:OPHU
gbif-inat:00000311,images/raw/gbif-inat/opuntia_humifusa/6129893880_1.jpg,Opuntia humifusa,usda:OPHU
gbif-inat:00002135,images/raw/gbif-inat/opuntia_humifusa/6171296522_2.jpg,Opuntia humifusa,usda:OPHU
gbif-inat:00002103,images/raw/gbif-inat/opuntia_humifusa/6163074957_1.jpg,Opuntia humifusa,usda:OPHU
gbif-inat:00002141,images/raw/gbif-inat/opuntia_humifusa/6178339594_1.jpg,Opuntia humifusa,usda:OPHU
gbif-inat:00002114,images/raw/gbif-inat/opuntia_humifusa/6171085203_1.jpg,Opuntia humifusa,usda:OPHU
gbif-inat:00002127,images/raw/gbif-inat/opuntia_humifusa/6171347204_3.jpg,Opuntia humifusa,usda:OPHU
gbif-inat:00002142,images/raw/gbif-inat/opuntia_humifusa/6178367254_1.jpg,Opuntia humifusa,usda:OPHU
gbif-inat:00002134,images/raw/gbif-inat/opuntia_humifusa/6171296522_1.jpg,Opuntia humifusa,usda:OPHU
gbif-inat:00002138,images/raw/gbif-inat/opuntia_humifusa/6178318835_1.jpg,Opuntia humifusa,usda:OPHU
gbif-inat:00002086,images/raw/gbif-inat/opuntia_humifusa/6159404240_1.jpg,Opuntia humifusa,usda:OPHU
gbif-inat:00000315,images/raw/gbif-inat/opuntia_humifusa/6130009706_1.jpg,Opuntia humifusa,usda:OPHU
gbif-inat:00000324,images/raw/gbif-inat/opuntia_humifusa/6131321040_1.jpg,Opuntia humifusa,usda:OPHU
gbif-inat:00002091,images/raw/gbif-inat/opuntia_humifusa/6162832640_1.jpg,Opuntia humifusa,usda:OPHU
gbif-inat:00002149,images/raw/gbif-inat/opuntia_humifusa/6178787603_1.jpg,Opuntia humifusa,usda:OPHU
gbif-inat:00000313,images/raw/gbif-inat/opuntia_humifusa/6129911822_1.jpg,Opuntia humifusa,usda:OPHU
gbif-inat:00000308,images/raw/gbif-inat/opuntia_humifusa/5938616009_1.jpg,Opuntia humifusa,usda:OPHU
gbif-inat:00002123,images/raw/gbif-inat/opuntia_humifusa/6171264871_1.jpg,Opuntia humifusa,usda:OPHU
gbif-inat:00002085,images/raw/gbif-inat/opuntia_humifusa/6159299374_1.jpg,Opuntia humifusa,usda:OPHU
gbif-inat:00002115,images/raw/gbif-inat/opuntia_humifusa/6171209900_1.jpg,Opuntia humifusa,usda:OPHU
gbif-inat:00002106,images/raw/gbif-inat/opuntia_humifusa/6163074957_4.jpg,Opuntia humifusa,usda:OPHU
gbif-inat:00002092,images/raw/gbif-inat/opuntia_humifusa/6162908818_1.jpg,Opuntia humifusa,usda:OPHU
gbif-inat:00002118,images/raw/gbif-inat/opuntia_humifusa/6171209900_4.jpg,Opuntia humifusa,usda:OPHU
gbif-inat:00002083,images/raw/gbif-inat/opuntia_humifusa/6178588150_1.jpg,Opuntia humifusa,usda:OPHU
gbif-inat:00002147,images/raw/gbif-inat/opuntia_humifusa/6178744946_1.jpg,Opuntia humifusa,usda:OPHU
gbif-inat:00002081,images/raw/gbif-inat/opuntia_humifusa/6131688725_1.jpg,Opuntia humifusa,usda:OPHU
gbif-inat:00000305,images/raw/gbif-inat/opuntia_humifusa/5938454635_1.jpg,Opuntia humifusa,usda:OPHU
gbif-inat:00000318,images/raw/gbif-inat/opuntia_humifusa/6130221660_3.jpg,Opuntia humifusa,usda:OPHU
gbif-inat:00002093,images/raw/gbif-inat/opuntia_humifusa/6162939386_1.jpg,Opuntia humifusa,usda:OPHU
gbif-inat:00002139,images/raw/gbif-inat/opuntia_humifusa/6178321814_1.jpg,Opuntia humifusa,usda:OPHU
gbif-inat:00000319,images/raw/gbif-inat/opuntia_humifusa/6130345693_1.jpg,Opuntia humifusa,usda:OPHU
gbif-inat:00002097,images/raw/gbif-inat/opuntia_humifusa/6163033846_3.jpg,Opuntia humifusa,usda:OPHU
gbif-inat:00002122,images/raw/gbif-inat/opuntia_humifusa/6171238572_2.jpg,Opuntia humifusa,usda:OPHU
gbif-inat:00002132,images/raw/gbif-inat/opuntia_humifusa/6170828343_1.jpg,Opuntia humifusa,usda:OPHU
gbif-inat:00000302,images/raw/gbif-inat/opuntia_humifusa/5938263965_1.jpg,Opuntia humifusa,usda:OPHU
gbif-inat:00002120,images/raw/gbif-inat/opuntia_humifusa/6171209900_6.jpg,Opuntia humifusa,usda:OPHU
gbif-inat:00002084,images/raw/gbif-inat/opuntia_humifusa/6186152941_1.jpg,Opuntia humifusa,usda:OPHU
gbif-inat:00002119,images/raw/gbif-inat/opuntia_humifusa/6171209900_5.jpg,Opuntia humifusa,usda:OPHU
gbif-inat:00002095,images/raw/gbif-inat/opuntia_humifusa/6163033846_1.jpg,Opuntia humifusa,usda:OPHU
gbif-inat:00002130,images/raw/gbif-inat/opuntia_humifusa/6184908507_1.jpg,Opuntia humifusa,usda:OPHU
gbif-inat:00002117,images/raw/gbif-inat/opuntia_humifusa/6171209900_3.jpg,Opuntia humifusa,usda:OPHU
gbif-inat:00002136,images/raw/gbif-inat/opuntia_humifusa/6178295884_1.jpg,Opuntia humifusa,usda:OPHU
gbif-inat:00002148,images/raw/gbif-inat/opuntia_humifusa/6178744946_2.jpg,Opuntia humifusa,usda:OPHU
gbif-inat:00000327,images/raw/gbif-inat/opuntia_humifusa/6131562791_1.jpg,Opuntia humifusa,usda:OPHU
gbif-inat:00000310,images/raw/gbif-inat/opuntia_humifusa/6129850926_2.jpg,Opuntia humifusa,usda:OPHU
gbif-inat:00000323,images/raw/gbif-inat/opuntia_humifusa/6131182742_1.jpg,Opuntia humifusa,usda:OPHU
gbif-inat:00002096,images/raw/gbif-inat/opuntia_humifusa/6163033846_2.jpg,Opuntia humifusa,usda:OPHU
gbif-inat:00002131,images/raw/gbif-inat/opuntia_humifusa/6185056393_1.jpg,Opuntia humifusa,usda:OPHU
gbif-inat:00002101,images/raw/gbif-inat/opuntia_humifusa/6163033846_7.jpg,Opuntia humifusa,usda:OPHU
gbif-inat:00000328,images/raw/gbif-inat/opuntia_humifusa/6131562791_2.jpg,Opuntia humifusa,usda:OPHU
gbif-inat:00002111,images/raw/gbif-inat/opuntia_humifusa/6163259607_1.jpg,Opuntia humifusa,usda:OPHU
gbif-inat:00002099,images/raw/gbif-inat/opuntia_humifusa/6163033846_5.jpg,Opuntia humifusa,usda:OPHU
gbif-inat:00002094,images/raw/gbif-inat/opuntia_humifusa/6162946919_1.jpg,Opuntia humifusa,usda:OPHU
gbif-inat:00002121,images/raw/gbif-inat/opuntia_humifusa/6171238572_1.jpg,Opuntia humifusa,usda:OPHU
gbif-inat:00002150,images/raw/gbif-inat/opuntia_humifusa/6178787603_2.jpg,Opuntia humifusa,usda:OPHU
gbif-inat:00002110,images/raw/gbif-inat/opuntia_humifusa/6163207377_1.jpg,Opuntia humifusa,usda:OPHU
gbif-inat-toxic-round2:00314522,images/raw/gbif-inat-toxic-round2/phytolacca_americana/6184731854_1.jpg,Phytolacca americana,usda:PHAM4
gbif-inat-toxic-round2:00314556,images/raw/gbif-inat-toxic-round2/phytolacca_americana/6184880887_3.jpg,Phytolacca americana,usda:PHAM4
gbif-inat-toxic-round2:00314596,images/raw/gbif-inat-toxic-round2/phytolacca_americana/6185151114_1.jpg,Phytolacca americana,usda:PHAM4
gbif-inat-toxic-round2:00314509,images/raw/gbif-inat-toxic-round2/phytolacca_americana/6179406507_1.jpg,Phytolacca americana,usda:PHAM4
gbif-inat-toxic-round2:00314492,images/raw/gbif-inat-toxic-round2/phytolacca_americana/6179220441_1.jpg,Phytolacca americana,usda:PHAM4
gbif-inat-toxic-round2:00314290,images/raw/gbif-inat-toxic-round2/phytolacca_americana/6133178273_1.jpg,Phytolacca americana,usda:PHAM4
gbif-inat-toxic-round2:00314435,images/raw/gbif-inat-toxic-round2/phytolacca_americana/6178664640_1.jpg,Phytolacca americana,usda:PHAM4
gbif-inat-toxic-round2:00314304,images/raw/gbif-inat-toxic-round2/phytolacca_americana/6133345353_1.jpg,Phytolacca americana,usda:PHAM4
gbif-inat-toxic-round2:00314628,images/raw/gbif-inat-toxic-round2/phytolacca_americana/6185446536_2.jpg,Phytolacca americana,usda:PHAM4
gbif-inat-toxic-round2:00314617,images/raw/gbif-inat-toxic-round2/phytolacca_americana/6185330269_3.jpg,Phytolacca americana,usda:PHAM4
gbif-inat:00003912,images/raw/gbif-inat/phytolacca_americana/6130305728_2.jpg,Phytolacca americana,usda:PHAM4
gbif-inat-toxic-round2:00314315,images/raw/gbif-inat-toxic-round2/phytolacca_americana/6133551424_1.jpg,Phytolacca americana,usda:PHAM4
gbif-inat-toxic-round2:00314613,images/raw/gbif-inat-toxic-round2/phytolacca_americana/6185314605_1.jpg,Phytolacca americana,usda:PHAM4
gbif-inat-toxic-round2:00314325,images/raw/gbif-inat-toxic-round2/phytolacca_americana/6147239320_1.jpg,Phytolacca americana,usda:PHAM4
gbif-inat-toxic-round2:00314344,images/raw/gbif-inat-toxic-round2/phytolacca_americana/6159529768_1.jpg,Phytolacca americana,usda:PHAM4
gbif-inat-toxic-round2:00314560,images/raw/gbif-inat-toxic-round2/phytolacca_americana/6184898263_2.jpg,Phytolacca americana,usda:PHAM4
gbif-inat-toxic-round2:00314648,images/raw/gbif-inat-toxic-round2/phytolacca_americana/6185597265_1.jpg,Phytolacca americana,usda:PHAM4
gbif-inat-toxic-round2:00314451,images/raw/gbif-inat-toxic-round2/phytolacca_americana/6178764623_1.jpg,Phytolacca americana,usda:PHAM4
gbif-inat:00003969,images/raw/gbif-inat/phytolacca_americana/6133065435_1.jpg,Phytolacca americana,usda:PHAM4
gbif-inat-toxic-round2:00314338,images/raw/gbif-inat-toxic-round2/phytolacca_americana/6159288126_1.jpg,Phytolacca americana,usda:PHAM4
gbif-inat-toxic-round2:00314311,images/raw/gbif-inat-toxic-round2/phytolacca_americana/6133455633_1.jpg,Phytolacca americana,usda:PHAM4
gbif-inat-toxic-round2:00314521,images/raw/gbif-inat-toxic-round2/phytolacca_americana/6184720410_1.jpg,Phytolacca americana,usda:PHAM4
gbif-inat:00003906,images/raw/gbif-inat/phytolacca_americana/6130272789_4.jpg,Phytolacca americana,usda:PHAM4
gbif-inat-toxic-round2:00314408,images/raw/gbif-inat-toxic-round2/phytolacca_americana/6178303381_1.jpg,Phytolacca americana,usda:PHAM4
gbif-inat:00003957,images/raw/gbif-inat/phytolacca_americana/6131542838_3.jpg,Phytolacca americana,usda:PHAM4
gbif-inat-toxic-round2:00314632,images/raw/gbif-inat-toxic-round2/phytolacca_americana/6185477543_2.jpg,Phytolacca americana,usda:PHAM4
gbif-inat-toxic-round2:00314436,images/raw/gbif-inat-toxic-round2/phytolacca_americana/6178664640_2.jpg,Phytolacca americana,usda:PHAM4
gbif-inat-toxic-round2:00314386,images/raw/gbif-inat-toxic-round2/phytolacca_americana/6170881639_1.jpg,Phytolacca americana,usda:PHAM4
gbif-inat-toxic-round2:00314526,images/raw/gbif-inat-toxic-round2/phytolacca_americana/6184749343_2.jpg,Phytolacca americana,usda:PHAM4
gbif-inat:00001093,images/raw/gbif-inat/phytolacca_americana/5938418624_1.jpg,Phytolacca americana,usda:PHAM4
gbif-inat:00001106,images/raw/gbif-inat/phytolacca_americana/6129993964_1.jpg,Phytolacca americana,usda:PHAM4
gbif-inat-toxic-round2:00314362,images/raw/gbif-inat-toxic-round2/phytolacca_americana/6163009693_1.jpg,Phytolacca americana,usda:PHAM4
gbif-inat-toxic-round2:00314356,images/raw/gbif-inat-toxic-round2/phytolacca_americana/6162924700_1.jpg,Phytolacca americana,usda:PHAM4
gbif-inat-toxic-round2:00314389,images/raw/gbif-inat-toxic-round2/phytolacca_americana/6170976420_1.jpg,Phytolacca americana,usda:PHAM4
gbif-inat-toxic-round2:00314472,images/raw/gbif-inat-toxic-round2/phytolacca_americana/6179022357_2.jpg,Phytolacca americana,usda:PHAM4
gbif-inat:00001084,images/raw/gbif-inat/phytolacca_americana/5938131094_1.jpg,Phytolacca americana,usda:PHAM4
gbif-inat-toxic-round2:00314438,images/raw/gbif-inat-toxic-round2/phytolacca_americana/6178684425_1.jpg,Phytolacca americana,usda:PHAM4
gbif-inat-toxic-round2:00314523,images/raw/gbif-inat-toxic-round2/phytolacca_americana/6184731854_2.jpg,Phytolacca americana,usda:PHAM4
gbif-inat-toxic-round2:00314329,images/raw/gbif-inat-toxic-round2/phytolacca_americana/6147473470_2.jpg,Phytolacca americana,usda:PHAM4
gbif-inat-toxic-round2:00314432,images/raw/gbif-inat-toxic-round2/phytolacca_americana/6178648990_1.jpg,Phytolacca americana,usda:PHAM4
gbif-inat-toxic-round2:00314321,images/raw/gbif-inat-toxic-round2/phytolacca_americana/6162838581_1.jpg,Phytolacca americana,usda:PHAM4
gbif-inat-toxic-round2:00314594,images/raw/gbif-inat-toxic-round2/phytolacca_americana/6185144398_1.jpg,Phytolacca americana,usda:PHAM4
gbif-inat-toxic-round2:00314621,images/raw/gbif-inat-toxic-round2/phytolacca_americana/6185387821_1.jpg,Phytolacca americana,usda:PHAM4
gbif-inat:00003949,images/raw/gbif-inat/phytolacca_americana/6131515688_1.jpg,Phytolacca americana,usda:PHAM4
gbif-inat-toxic-round2:00314314,images/raw/gbif-inat-toxic-round2/phytolacca_americana/6133538654_1.jpg,Phytolacca americana,usda:PHAM4
gbif-inat-toxic-round2:00314467,images/raw/gbif-inat-toxic-round2/phytolacca_americana/6178975968_2.jpg,Phytolacca americana,usda:PHAM4
gbif-inat-toxic-round2:00314294,images/raw/gbif-inat-toxic-round2/phytolacca_americana/6133230816_2.jpg,Phytolacca americana,usda:PHAM4
gbif-inat:00003955,images/raw/gbif-inat/phytolacca_americana/6131542838_1.jpg,Phytolacca americana,usda:PHAM4
gbif-inat-toxic-round2:00314609,images/raw/gbif-inat-toxic-round2/phytolacca_americana/6185284235_5.jpg,Phytolacca americana,usda:PHAM4
gbif-inat-toxic-round2:00314642,images/raw/gbif-inat-toxic-round2/phytolacca_americana/6185542356_3.jpg,Phytolacca americana,usda:PHAM4
gbif-inat-toxic-round2:00314387,images/raw/gbif-inat-toxic-round2/phytolacca_americana/6170926608_1.jpg,Phytolacca americana,usda:PHAM4
gbif-inat-toxic-round2:00314519,images/raw/gbif-inat-toxic-round2/phytolacca_americana/6179555153_2.jpg,Phytolacca americana,usda:PHAM4
gbif-inat-toxic-round2:00314548,images/raw/gbif-inat-toxic-round2/phytolacca_americana/6184857685_2.jpg,Phytolacca americana,usda:PHAM4
gbif-inat-toxic-round2:00314673,images/raw/gbif-inat-toxic-round2/phytolacca_americana/6185779618_5.jpg,Phytolacca americana,usda:PHAM4
gbif-inat-toxic-round2:00314631,images/raw/gbif-inat-toxic-round2/phytolacca_americana/6185477543_1.jpg,Phytolacca americana,usda:PHAM4
gbif-inat-toxic-round2:00314626,images/raw/gbif-inat-toxic-round2/phytolacca_americana/6185420005_1.jpg,Phytolacca americana,usda:PHAM4
gbif-inat:00003968,images/raw/gbif-inat/phytolacca_americana/6131699122_1.jpg,Phytolacca americana,usda:PHAM4
gbif-inat-toxic-round2:00314378,images/raw/gbif-inat-toxic-round2/phytolacca_americana/6163265345_1.jpg,Phytolacca americana,usda:PHAM4
gbif-inat-toxic-round2:00314586,images/raw/gbif-inat-toxic-round2/phytolacca_americana/6185057948_1.jpg,Phytolacca americana,usda:PHAM4
gbif-inat:00003951,images/raw/gbif-inat/phytolacca_americana/6131519071_1.jpg,Phytolacca americana,usda:PHAM4
gbif-inat-toxic-round2:00314627,images/raw/gbif-inat-toxic-round2/phytolacca_americana/6185446536_1.jpg,Phytolacca americana,usda:PHAM4
gbif-inat-toxic-round2:00314456,images/raw/gbif-inat-toxic-round2/phytolacca_americana/6178867624_2.jpg,Phytolacca americana,usda:PHAM4
gbif-inat-toxic-round2:00314470,images/raw/gbif-inat-toxic-round2/phytolacca_americana/6179009582_3.jpg,Phytolacca americana,usda:PHAM4
gbif-inat-toxic-round2:00314665,images/raw/gbif-inat-toxic-round2/phytolacca_americana/6185740455_1.jpg,Phytolacca americana,usda:PHAM4
gbif-inat-toxic-round2:00314612,images/raw/gbif-inat-toxic-round2/phytolacca_americana/6185313023_1.jpg,Phytolacca americana,usda:PHAM4
gbif-inat-toxic-round2:00314285,images/raw/gbif-inat-toxic-round2/phytolacca_americana/6133109953_1.jpg,Phytolacca americana,usda:PHAM4
gbif-inat-toxic-round2:00314516,images/raw/gbif-inat-toxic-round2/phytolacca_americana/6179521732_1.jpg,Phytolacca americana,usda:PHAM4
gbif-inat-toxic-round2:00314440,images/raw/gbif-inat-toxic-round2/phytolacca_americana/6178699899_1.jpg,Phytolacca americana,usda:PHAM4
gbif-inat-toxic-round2:00314422,images/raw/gbif-inat-toxic-round2/phytolacca_americana/6178489963_3.jpg,Phytolacca americana,usda:PHAM4
gbif-inat:00003962,images/raw/gbif-inat/phytolacca_americana/6131624720_1.jpg,Phytolacca americana,usda:PHAM4
gbif-inat:00003931,images/raw/gbif-inat/phytolacca_americana/6130771914_1.jpg,Phytolacca americana,usda:PHAM4
gbif-inat-toxic-round2:00314396,images/raw/gbif-inat-toxic-round2/phytolacca_americana/6171138144_1.jpg,Phytolacca americana,usda:PHAM4
gbif-inat-toxic-round2:00314619,images/raw/gbif-inat-toxic-round2/phytolacca_americana/6185383905_1.jpg,Phytolacca americana,usda:PHAM4
gbif-inat-toxic-round2:00314339,images/raw/gbif-inat-toxic-round2/phytolacca_americana/6159397090_1.jpg,Phytolacca americana,usda:PHAM4
gbif-inat-toxic-round2:00314653,images/raw/gbif-inat-toxic-round2/phytolacca_americana/6185600261_1.jpg,Phytolacca americana,usda:PHAM4
gbif-inat-toxic-round2:00314316,images/raw/gbif-inat-toxic-round2/phytolacca_americana/6133551424_2.jpg,Phytolacca americana,usda:PHAM4
gbif-inat:00003960,images/raw/gbif-inat/phytolacca_americana/6131580538_2.jpg,Phytolacca americana,usda:PHAM4
gbif-inat-toxic-round2:00314553,images/raw/gbif-inat-toxic-round2/phytolacca_americana/6184867644_2.jpg,Phytolacca americana,usda:PHAM4
gbif-inat:00003919,images/raw/gbif-inat/phytolacca_americana/6130462418_1.jpg,Phytolacca americana,usda:PHAM4
gbif-inat-toxic-round2:00314584,images/raw/gbif-inat-toxic-round2/phytolacca_americana/6185057326_3.jpg,Phytolacca americana,usda:PHAM4
gbif-inat-toxic-round2:00314413,images/raw/gbif-inat-toxic-round2/phytolacca_americana/6178475294_1.jpg,Phytolacca americana,usda:PHAM4
gbif-inat-toxic-round2:00314427,images/raw/gbif-inat-toxic-round2/phytolacca_americana/6178563249_2.jpg,Phytolacca americana,usda:PHAM4
gbif-inat-toxic-round2:00314634,images/raw/gbif-inat-toxic-round2/phytolacca_americana/6185477543_4.jpg,Phytolacca americana,usda:PHAM4
gbif-inat-toxic-round2:00314455,images/raw/gbif-inat-toxic-round2/phytolacca_americana/6178867624_1.jpg,Phytolacca americana,usda:PHAM4
gbif-inat-toxic-round2:00314403,images/raw/gbif-inat-toxic-round2/phytolacca_americana/6171371476_1.jpg,Phytolacca americana,usda:PHAM4
gbif-inat-toxic-round2:00314675,images/raw/gbif-inat-toxic-round2/phytolacca_americana/6185792639_2.jpg,Phytolacca americana,usda:PHAM4
gbif-inat-toxic-round2:00314499,images/raw/gbif-inat-toxic-round2/phytolacca_americana/6179308206_1.jpg,Phytolacca americana,usda:PHAM4
gbif-inat-toxic-round2:00314503,images/raw/gbif-inat-toxic-round2/phytolacca_americana/6179359007_1.jpg,Phytolacca americana,usda:PHAM4
gbif-inat-toxic-round2:00314308,images/raw/gbif-inat-toxic-round2/phytolacca_americana/6133449115_1.jpg,Phytolacca americana,usda:PHAM4
gbif-inat-toxic-round2:00314577,images/raw/gbif-inat-toxic-round2/phytolacca_americana/6185016488_2.jpg,Phytolacca americana,usda:PHAM4
gbif-inat-toxic-round2:00314326,images/raw/gbif-inat-toxic-round2/phytolacca_americana/6147352093_1.jpg,Phytolacca americana,usda:PHAM4
gbif-inat-toxic-round2:00314352,images/raw/gbif-inat-toxic-round2/phytolacca_americana/6159681367_1.jpg,Phytolacca americana,usda:PHAM4
gbif-inat:00001108,images/raw/gbif-inat/phytolacca_americana/6130090363_1.jpg,Phytolacca americana,usda:PHAM4
gbif-inat-toxic-round2:00314554,images/raw/gbif-inat-toxic-round2/phytolacca_americana/6184880887_1.jpg,Phytolacca americana,usda:PHAM4
gbif-inat-toxic-round2:00314502,images/raw/gbif-inat-toxic-round2/phytolacca_americana/6179348487_1.jpg,Phytolacca americana,usda:PHAM4
gbif-inat:00003965,images/raw/gbif-inat/phytolacca_americana/6131647302_1.jpg,Phytolacca americana,usda:PHAM4
gbif-inat-toxic-round2:00314670,images/raw/gbif-inat-toxic-round2/phytolacca_americana/6185779618_2.jpg,Phytolacca americana,usda:PHAM4
gbif-inat-toxic-round2:00314360,images/raw/gbif-inat-toxic-round2/phytolacca_americana/6162969706_2.jpg,Phytolacca americana,usda:PHAM4
gbif-inat:00003943,images/raw/gbif-inat/phytolacca_americana/6131124897_2.jpg,Phytolacca americana,usda:PHAM4
gbif-inat:00003937,images/raw/gbif-inat/phytolacca_americana/6130910888_1.jpg,Phytolacca americana,usda:PHAM4
gbif-inat:00003930,images/raw/gbif-inat/phytolacca_americana/6130753532_1.jpg,Phytolacca americana,usda:PHAM4
gbif-inat-toxic-round2:00314611,images/raw/gbif-inat-toxic-round2/phytolacca_americana/6185306510_1.jpg,Phytolacca americana,usda:PHAM4
gbif-inat-toxic-round2:00314573,images/raw/gbif-inat-toxic-round2/phytolacca_americana/6185007341_1.jpg,Phytolacca americana,usda:PHAM4
gbif-inat-toxic-round2:00314481,images/raw/gbif-inat-toxic-round2/phytolacca_americana/6179079706_1.jpg,Phytolacca americana,usda:PHAM4
gbif-inat-toxic-round2:00314624,images/raw/gbif-inat-toxic-round2/phytolacca_americana/6185418519_1.jpg,Phytolacca americana,usda:PHAM4
gbif-inat-toxic-round2:00314296,images/raw/gbif-inat-toxic-round2/phytolacca_americana/6133243596_1.jpg,Phytolacca americana,usda:PHAM4
gbif-inat-toxic-round2:00314495,images/raw/gbif-inat-toxic-round2/phytolacca_americana/6179276083_1.jpg,Phytolacca americana,usda:PHAM4
gbif-inat-toxic-round2:00314407,images/raw/gbif-inat-toxic-round2/phytolacca_americana/6171098495_1.jpg,Phytolacca americana,usda:PHAM4
gbif-inat-toxic-round2:00314655,images/raw/gbif-inat-toxic-round2/phytolacca_americana/6185605528_2.jpg,Phytolacca americana,usda:PHAM4
gbif-inat-toxic-round2:00314367,images/raw/gbif-inat-toxic-round2/phytolacca_americana/6163096395_1.jpg,Phytolacca americana,usda:PHAM4
gbif-inat-toxic-round2:00314630,images/raw/gbif-inat-toxic-round2/phytolacca_americana/6185469769_1.jpg,Phytolacca americana,usda:PHAM4
gbif-inat:00003928,images/raw/gbif-inat/phytolacca_americana/6130610561_3.jpg,Phytolacca americana,usda:PHAM4
gbif-inat-toxic-round2:00314466,images/raw/gbif-inat-toxic-round2/phytolacca_americana/6178975968_1.jpg,Phytolacca americana,usda:PHAM4
gbif-inat-toxic-round2:00314380,images/raw/gbif-inat-toxic-round2/phytolacca_americana/6163269249_2.jpg,Phytolacca americana,usda:PHAM4
gbif-inat-toxic-round2:00314579,images/raw/gbif-inat-toxic-round2/phytolacca_americana/6185037175_1.jpg,Phytolacca americana,usda:PHAM4
gbif-inat-toxic-round2:00314287,images/raw/gbif-inat-toxic-round2/phytolacca_americana/6133153137_1.jpg,Phytolacca americana,usda:PHAM4
gbif-inat-toxic-round2:00314283,images/raw/gbif-inat-toxic-round2/phytolacca_americana/6133097337_1.jpg,Phytolacca americana,usda:PHAM4
gbif-inat:00001086,images/raw/gbif-inat/phytolacca_americana/5938147567_1.jpg,Phytolacca americana,usda:PHAM4
gbif-inat-toxic-round2:00314404,images/raw/gbif-inat-toxic-round2/phytolacca_americana/6185348782_1.jpg,Phytolacca americana,usda:PHAM4
gbif-inat-toxic-round2:00314342,images/raw/gbif-inat-toxic-round2/phytolacca_americana/6159419844_1.jpg,Phytolacca americana,usda:PHAM4
gbif-inat:00003947,images/raw/gbif-inat/phytolacca_americana/6131358758_2.jpg,Phytolacca americana,usda:PHAM4
gbif-inat-toxic-round2:00314666,images/raw/gbif-inat-toxic-round2/phytolacca_americana/6185743661_1.jpg,Phytolacca americana,usda:PHAM4
gbif-inat-toxic-round2:00314310,images/raw/gbif-inat-toxic-round2/phytolacca_americana/6133449115_3.jpg,Phytolacca americana,usda:PHAM4
gbif-inat:00003918,images/raw/gbif-inat/phytolacca_americana/6130375737_1.jpg,Phytolacca americana,usda:PHAM4
gbif-inat-toxic-round2:00314319,images/raw/gbif-inat-toxic-round2/phytolacca_americana/6147277733_1.jpg,Phytolacca americana,usda:PHAM4
gbif-inat:00003932,images/raw/gbif-inat/phytolacca_americana/6130771914_2.jpg,Phytolacca americana,usda:PHAM4
gbif-inat:00003934,images/raw/gbif-inat/phytolacca_americana/6130771914_4.jpg,Phytolacca americana,usda:PHAM4
gbif-inat-toxic-round2:00314507,images/raw/gbif-inat-toxic-round2/phytolacca_americana/6179385385_2.jpg,Phytolacca americana,usda:PHAM4
gbif-inat:00003901,images/raw/gbif-inat/phytolacca_americana/6130121080_1.jpg,Phytolacca americana,usda:PHAM4
gbif-inat:00001104,images/raw/gbif-inat/phytolacca_americana/6129824124_5.jpg,Phytolacca americana,usda:PHAM4
gbif-inat-toxic-round2:00314478,images/raw/gbif-inat-toxic-round2/phytolacca_americana/6179040460_2.jpg,Phytolacca americana,usda:PHAM4
gbif-inat:00003950,images/raw/gbif-inat/phytolacca_americana/6131515688_2.jpg,Phytolacca americana,usda:PHAM4
gbif-inat-toxic-round2:00314450,images/raw/gbif-inat-toxic-round2/phytolacca_americana/6178752371_1.jpg,Phytolacca americana,usda:PHAM4
gbif-inat-toxic-round2:00314561,images/raw/gbif-inat-toxic-round2/phytolacca_americana/6184899024_1.jpg,Phytolacca americana,usda:PHAM4
gbif-inat-toxic-round2:00314633,images/raw/gbif-inat-toxic-round2/phytolacca_americana/6185477543_3.jpg,Phytolacca americana,usda:PHAM4
gbif-inat-toxic-round2:00314412,images/raw/gbif-inat-toxic-round2/phytolacca_americana/6178470373_1.jpg,Phytolacca americana,usda:PHAM4
gbif-inat-toxic-round2:00314324,images/raw/gbif-inat-toxic-round2/phytolacca_americana/6178851103_1.jpg,Phytolacca americana,usda:PHAM4
gbif-inat:00003954,images/raw/gbif-inat/phytolacca_americana/6131531131_2.jpg,Phytolacca americana,usda:PHAM4
gbif-inat-toxic-round2:00314417,images/raw/gbif-inat-toxic-round2/phytolacca_americana/6178484278_2.jpg,Phytolacca americana,usda:PHAM4
gbif-inat:00001089,images/raw/gbif-inat/phytolacca_americana/5938312181_1.jpg,Phytolacca americana,usda:PHAM4
gbif-inat-toxic-round2:00314489,images/raw/gbif-inat-toxic-round2/phytolacca_americana/6179166117_1.jpg,Phytolacca americana,usda:PHAM4
gbif-inat:00003961,images/raw/gbif-inat/phytolacca_americana/6131580538_3.jpg,Phytolacca americana,usda:PHAM4
gbif-inat-toxic-round2:00314578,images/raw/gbif-inat-toxic-round2/phytolacca_americana/6185024614_1.jpg,Phytolacca americana,usda:PHAM4
gbif-inat-toxic-round2:00314513,images/raw/gbif-inat-toxic-round2/phytolacca_americana/6179491513_2.jpg,Phytolacca americana,usda:PHAM4
gbif-inat-toxic-round2:00314302,images/raw/gbif-inat-toxic-round2/phytolacca_americana/6133321756_1.jpg,Phytolacca americana,usda:PHAM4
gbif-inat-toxic-round2:00314496,images/raw/gbif-inat-toxic-round2/phytolacca_americana/6179300954_1.jpg,Phytolacca americana,usda:PHAM4
gbif-inat-toxic-round2:00314447,images/raw/gbif-inat-toxic-round2/phytolacca_americana/6178737420_1.jpg,Phytolacca americana,usda:PHAM4
gbif-inat-toxic-round2:00314345,images/raw/gbif-inat-toxic-round2/phytolacca_americana/6159529768_2.jpg,Phytolacca americana,usda:PHAM4
gbif-inat:00003927,images/raw/gbif-inat/phytolacca_americana/6130610561_2.jpg,Phytolacca americana,usda:PHAM4
gbif-inat-toxic-round2:00314395,images/raw/gbif-inat-toxic-round2/phytolacca_americana/6171126378_1.jpg,Phytolacca americana,usda:PHAM4
gbif-inat-toxic-round2:00314559,images/raw/gbif-inat-toxic-round2/phytolacca_americana/6184898263_1.jpg,Phytolacca americana,usda:PHAM4
gbif-inat-toxic-round2:00314525,images/raw/gbif-inat-toxic-round2/phytolacca_americana/6184749343_1.jpg,Phytolacca americana,usda:PHAM4
gbif-inat-toxic-round2:00314454,images/raw/gbif-inat-toxic-round2/phytolacca_americana/6178854701_1.jpg,Phytolacca americana,usda:PHAM4
gbif-inat:00003907,images/raw/gbif-inat/phytolacca_americana/6130272789_5.jpg,Phytolacca americana,usda:PHAM4
gbif-inat-toxic-round2:00314277,images/raw/gbif-inat-toxic-round2/phytolacca_americana/6133066849_2.jpg,Phytolacca americana,usda:PHAM4
gbif-inat-toxic-round2:00314510,images/raw/gbif-inat-toxic-round2/phytolacca_americana/6179449696_1.jpg,Phytolacca americana,usda:PHAM4
gbif-inat-toxic-round2:00314390,images/raw/gbif-inat-toxic-round2/phytolacca_americana/6171049893_1.jpg,Phytolacca americana,usda:PHAM4
gbif-inat-toxic-round2:00314569,images/raw/gbif-inat-toxic-round2/phytolacca_americana/6184977219_2.jpg,Phytolacca americana,usda:PHAM4
gbif-inat-toxic-round2:00314424,images/raw/gbif-inat-toxic-round2/phytolacca_americana/6178532151_1.jpg,Phytolacca americana,usda:PHAM4
gbif-inat-toxic-round2:00314351,images/raw/gbif-inat-toxic-round2/phytolacca_americana/6159612391_1.jpg,Phytolacca americana,usda:PHAM4
gbif-inat-toxic-round2:00314279,images/raw/gbif-inat-toxic-round2/phytolacca_americana/6133088188_2.jpg,Phytolacca americana,usda:PHAM4
gbif-inat-toxic-round2:00314353,images/raw/gbif-inat-toxic-round2/phytolacca_americana/6159696994_1.jpg,Phytolacca americana,usda:PHAM4
gbif-inat-toxic-round2:00314491,images/raw/gbif-inat-toxic-round2/phytolacca_americana/6179210700_1.jpg,Phytolacca americana,usda:PHAM4
gbif-inat:00001096,images/raw/gbif-inat/phytolacca_americana/5938601616_1.jpg,Phytolacca americana,usda:PHAM4
gbif-inat:00001090,images/raw/gbif-inat/phytolacca_americana/5938367713_1.jpg,Phytolacca americana,usda:PHAM4
gbif-inat-toxic-round2:00314366,images/raw/gbif-inat-toxic-round2/phytolacca_americana/6163083246_1.jpg,Phytolacca americana,usda:PHAM4
gbif-inat:00003959,images/raw/gbif-inat/phytolacca_americana/6131580538_1.jpg,Phytolacca americana,usda:PHAM4
gbif-inat-toxic-round2:00314557,images/raw/gbif-inat-toxic-round2/phytolacca_americana/6184888626_1.jpg,Phytolacca americana,usda:PHAM4
gbif-inat:00003938,images/raw/gbif-inat/phytolacca_americana/6130931919_1.jpg,Phytolacca americana,usda:PHAM4
gbif-inat-toxic-round2:00314299,images/raw/gbif-inat-toxic-round2/phytolacca_americana/6133253890_1.jpg,Phytolacca americana,usda:PHAM4
gbif-inat-toxic-round2:00314606,images/raw/gbif-inat-toxic-round2/phytolacca_americana/6185284235_2.jpg,Phytolacca americana,usda:PHAM4
gbif-inat-toxic-round2:00314623,images/raw/gbif-inat-toxic-round2/phytolacca_americana/6185415085_2.jpg,Phytolacca americana,usda:PHAM4
gbif-inat-toxic-round2:00314591,images/raw/gbif-inat-toxic-round2/phytolacca_americana/6185109785_2.jpg,Phytolacca americana,usda:PHAM4
gbif-inat:00001105,images/raw/gbif-inat/phytolacca_americana/6129870964_1.jpg,Phytolacca americana,usda:PHAM4
gbif-inat-toxic-round2:00314647,images/raw/gbif-inat-toxic-round2/phytolacca_americana/6185593285_1.jpg,Phytolacca americana,usda:PHAM4
gbif-inat-toxic-round2:00314375,images/raw/gbif-inat-toxic-round2/phytolacca_americana/6163203429_1.jpg,Phytolacca americana,usda:PHAM4
gbif-inat-toxic-round2:00314384,images/raw/gbif-inat-toxic-round2/phytolacca_americana/6163351193_1.jpg,Phytolacca americana,usda:PHAM4
gbif-inat-toxic-round2:00314379,images/raw/gbif-inat-toxic-round2/phytolacca_americana/6163269249_1.jpg,Phytolacca americana,usda:PHAM4
gbif-inat-toxic-round2:00314593,images/raw/gbif-inat-toxic-round2/phytolacca_americana/6185138906_2.jpg,Phytolacca americana,usda:PHAM4
gbif-inat-toxic-round2:00314663,images/raw/gbif-inat-toxic-round2/phytolacca_americana/6185686709_3.jpg,Phytolacca americana,usda:PHAM4
gbif-inat-toxic-round2:00314555,images/raw/gbif-inat-toxic-round2/phytolacca_americana/6184880887_2.jpg,Phytolacca americana,usda:PHAM4
gbif-inat-toxic-round2:00314585,images/raw/gbif-inat-toxic-round2/phytolacca_americana/6185057326_4.jpg,Phytolacca americana,usda:PHAM4
gbif-inat-toxic-round2:00314458,images/raw/gbif-inat-toxic-round2/phytolacca_americana/6178909407_2.jpg,Phytolacca americana,usda:PHAM4
gbif-inat-toxic-round2:00314399,images/raw/gbif-inat-toxic-round2/phytolacca_americana/6171199417_1.jpg,Phytolacca americana,usda:PHAM4
gbif-inat:00001099,images/raw/gbif-inat/phytolacca_americana/5938695176_2.jpg,Phytolacca americana,usda:PHAM4
gbif-inat-toxic-round2:00314307,images/raw/gbif-inat-toxic-round2/phytolacca_americana/6133446153_1.jpg,Phytolacca americana,usda:PHAM4
gbif-inat-toxic-round2:00314328,images/raw/gbif-inat-toxic-round2/phytolacca_americana/6147473470_1.jpg,Phytolacca americana,usda:PHAM4
gbif-inat:00003944,images/raw/gbif-inat/phytolacca_americana/6131124897_3.jpg,Phytolacca americana,usda:PHAM4
gbif-inat-toxic-round2:00314602,images/raw/gbif-inat-toxic-round2/phytolacca_americana/6185200611_1.jpg,Phytolacca americana,usda:PHAM4
gbif-inat-toxic-round2:00314313,images/raw/gbif-inat-toxic-round2/phytolacca_americana/6133510465_2.jpg,Phytolacca americana,usda:PHAM4
gbif-inat-toxic-round2:00314358,images/raw/gbif-inat-toxic-round2/phytolacca_americana/6162937061_1.jpg,Phytolacca americana,usda:PHAM4
gbif-inat:00003916,images/raw/gbif-inat/phytolacca_americana/6130356910_1.jpg,Phytolacca americana,usda:PHAM4
gbif-inat-toxic-round2:00314312,images/raw/gbif-inat-toxic-round2/phytolacca_americana/6133510465_1.jpg,Phytolacca americana,usda:PHAM4
gbif-inat-toxic-round2:00314373,images/raw/gbif-inat-toxic-round2/phytolacca_americana/6163188284_1.jpg,Phytolacca americana,usda:PHAM4
gbif-inat-toxic-round2:00314518,images/raw/gbif-inat-toxic-round2/phytolacca_americana/6179555153_1.jpg,Phytolacca americana,usda:PHAM4
gbif-inat-toxic-round2:00314350,images/raw/gbif-inat-toxic-round2/phytolacca_americana/6159592005_1.jpg,Phytolacca americana,usda:PHAM4
gbif-inat-toxic-round2:00314514,images/raw/gbif-inat-toxic-round2/phytolacca_americana/6179491513_3.jpg,Phytolacca americana,usda:PHAM4
gbif-inat-toxic-round2:00314421,images/raw/gbif-inat-toxic-round2/phytolacca_americana/6178489963_2.jpg,Phytolacca americana,usda:PHAM4
gbif-inat-toxic-round2:00314441,images/raw/gbif-inat-toxic-round2/phytolacca_americana/6178709427_1.jpg,Phytolacca americana,usda:PHAM4
gbif-inat:00001103,images/raw/gbif-inat/phytolacca_americana/6129824124_4.jpg,Phytolacca americana,usda:PHAM4
gbif-inat-toxic-round2:00314490,images/raw/gbif-inat-toxic-round2/phytolacca_americana/6179200599_1.jpg,Phytolacca americana,usda:PHAM4
gbif-inat-toxic-round2:00314431,images/raw/gbif-inat-toxic-round2/phytolacca_americana/6178595502_2.jpg,Phytolacca americana,usda:PHAM4
gbif-inat-toxic-round2:00314629,images/raw/gbif-inat-toxic-round2/phytolacca_americana/6185448193_1.jpg,Phytolacca americana,usda:PHAM4
gbif-inat-toxic-round2:00314361,images/raw/gbif-inat-toxic-round2/phytolacca_americana/6162969706_3.jpg,Phytolacca americana,usda:PHAM4
gbif-inat-toxic-round2:00314418,images/raw/gbif-inat-toxic-round2/phytolacca_americana/6178484278_3.jpg,Phytolacca americana,usda:PHAM4
gbif-inat:00003921,images/raw/gbif-inat/phytolacca_americana/6130525293_2.jpg,Phytolacca americana,usda:PHAM4
gbif-inat-toxic-round2:00314474,images/raw/gbif-inat-toxic-round2/phytolacca_americana/6179031429_1.jpg,Phytolacca americana,usda:PHAM4
gbif-inat:00001085,images/raw/gbif-inat/phytolacca_americana/5938132553_1.jpg,Phytolacca americana,usda:PHAM4
gbif-inat-toxic-round2:00314374,images/raw/gbif-inat-toxic-round2/phytolacca_americana/6163196885_1.jpg,Phytolacca americana,usda:PHAM4
gbif-inat-toxic-round2:00314520,images/raw/gbif-inat-toxic-round2/phytolacca_americana/6179562505_1.jpg,Phytolacca americana,usda:PHAM4
gbif-inat-toxic-round2:00314547,images/raw/gbif-inat-toxic-round2/phytolacca_americana/6184857685_1.jpg,Phytolacca americana,usda:PHAM4
gbif-inat-toxic-round2:00314597,images/raw/gbif-inat-toxic-round2/phytolacca_americana/6185158542_1.jpg,Phytolacca americana,usda:PHAM4
gbif-inat-toxic-round2:00314479,images/raw/gbif-inat-toxic-round2/phytolacca_americana/6179061337_1.jpg,Phytolacca americana,usda:PHAM4
gbif-inat-toxic-round2:00314599,images/raw/gbif-inat-toxic-round2/phytolacca_americana/6185176616_1.jpg,Phytolacca americana,usda:PHAM4
gbif-inat-toxic-round2:00314405,images/raw/gbif-inat-toxic-round2/phytolacca_americana/6273598852_1.jpg,Phytolacca americana,usda:PHAM4
gbif-inat-toxic-round2:00314638,images/raw/gbif-inat-toxic-round2/phytolacca_americana/6185521577_2.jpg,Phytolacca americana,usda:PHAM4
gbif-inat:00003910,images/raw/gbif-inat/phytolacca_americana/6130283998_1.jpg,Phytolacca americana,usda:PHAM4
gbif-inat:00001100,images/raw/gbif-inat/phytolacca_americana/6129824124_1.jpg,Phytolacca americana,usda:PHAM4
gbif-inat-toxic-round2:00314588,images/raw/gbif-inat-toxic-round2/phytolacca_americana/6185074031_1.jpg,Phytolacca americana,usda:PHAM4
gbif-inat:00003929,images/raw/gbif-inat/phytolacca_americana/6130610561_4.jpg,Phytolacca americana,usda:PHAM4
gbif-inat-toxic-round2:00314428,images/raw/gbif-inat-toxic-round2/phytolacca_americana/6178563249_3.jpg,Phytolacca americana,usda:PHAM4
gbif-inat-toxic-round2:00314449,images/raw/gbif-inat-toxic-round2/phytolacca_americana/6178743289_1.jpg,Phytolacca americana,usda:PHAM4
gbif-inat-toxic-round2:00314534,images/raw/gbif-inat-toxic-round2/phytolacca_americana/6184784149_1.jpg,Phytolacca americana,usda:PHAM4
gbif-inat-toxic-round2:00314355,images/raw/gbif-inat-toxic-round2/phytolacca_americana/6162922076_1.jpg,Phytolacca americana,usda:PHAM4
gbif-inat-toxic-round2:00314369,images/raw/gbif-inat-toxic-round2/phytolacca_americana/6163160054_2.jpg,Phytolacca americana,usda:PHAM4
gbif-inat-toxic-round2:00314306,images/raw/gbif-inat-toxic-round2/phytolacca_americana/6133420069_1.jpg,Phytolacca americana,usda:PHAM4
gbif-inat-toxic-round2:00314637,images/raw/gbif-inat-toxic-round2/phytolacca_americana/6185521577_1.jpg,Phytolacca americana,usda:PHAM4
gbif-inat-toxic-round2:00314659,images/raw/gbif-inat-toxic-round2/phytolacca_americana/6185656635_1.jpg,Phytolacca americana,usda:PHAM4
gbif-inat-toxic-round2:00314486,images/raw/gbif-inat-toxic-round2/phytolacca_americana/6179118519_2.jpg,Phytolacca americana,usda:PHAM4
gbif-inat-toxic-round2:00314416,images/raw/gbif-inat-toxic-round2/phytolacca_americana/6178484278_1.jpg,Phytolacca americana,usda:PHAM4
gbif-inat-toxic-round2:00314281,images/raw/gbif-inat-toxic-round2/phytolacca_americana/6133092788_1.jpg,Phytolacca americana,usda:PHAM4
gbif-inat:00001110,images/raw/gbif-inat/phytolacca_americana/6130093077_1.jpg,Phytolacca americana,usda:PHAM4
gbif-inat:00003924,images/raw/gbif-inat/phytolacca_americana/6130559767_2.jpg,Phytolacca americana,usda:PHAM4
gbif-inat-toxic-round2:00314603,images/raw/gbif-inat-toxic-round2/phytolacca_americana/6185235946_1.jpg,Phytolacca americana,usda:PHAM4
gbif-inat-toxic-round2:00314309,images/raw/gbif-inat-toxic-round2/phytolacca_americana/6133449115_2.jpg,Phytolacca americana,usda:PHAM4
gbif-inat-toxic-round2:00314370,images/raw/gbif-inat-toxic-round2/phytolacca_americana/6163160054_3.jpg,Phytolacca americana,usda:PHAM4
gbif-inat:00003940,images/raw/gbif-inat/phytolacca_americana/6131037395_1.jpg,Phytolacca americana,usda:PHAM4
gbif-inat-toxic-round2:00314622,images/raw/gbif-inat-toxic-round2/phytolacca_americana/6185415085_1.jpg,Phytolacca americana,usda:PHAM4
gbif-inat-toxic-round2:00314645,images/raw/gbif-inat-toxic-round2/phytolacca_americana/6185587442_1.jpg,Phytolacca americana,usda:PHAM4
gbif-inat-toxic-round2:00314385,images/raw/gbif-inat-toxic-round2/phytolacca_americana/6163360663_1.jpg,Phytolacca americana,usda:PHAM4
gbif-inat-toxic-round2:00314278,images/raw/gbif-inat-toxic-round2/phytolacca_americana/6133088188_1.jpg,Phytolacca americana,usda:PHAM4
gbif-inat-toxic-round2:00314286,images/raw/gbif-inat-toxic-round2/phytolacca_americana/6133109953_2.jpg,Phytolacca americana,usda:PHAM4
gbif-inat-toxic-round2:00314298,images/raw/gbif-inat-toxic-round2/phytolacca_americana/6133244364_1.jpg,Phytolacca americana,usda:PHAM4
gbif-inat-toxic-round2:00314469,images/raw/gbif-inat-toxic-round2/phytolacca_americana/6179009582_2.jpg,Phytolacca americana,usda:PHAM4
gbif-inat-toxic-round2:00314668,images/raw/gbif-inat-toxic-round2/phytolacca_americana/6185769548_1.jpg,Phytolacca americana,usda:PHAM4
gbif-inat:00003909,images/raw/gbif-inat/phytolacca_americana/6130272789_7.jpg,Phytolacca americana,usda:PHAM4
gbif-inat-toxic-round2:00314643,images/raw/gbif-inat-toxic-round2/phytolacca_americana/6185556392_1.jpg,Phytolacca americana,usda:PHAM4
gbif-inat-toxic-round2:00314592,images/raw/gbif-inat-toxic-round2/phytolacca_americana/6185138906_1.jpg,Phytolacca americana,usda:PHAM4
gbif-inat-toxic-round2:00314383,images/raw/gbif-inat-toxic-round2/phytolacca_americana/6163332725_1.jpg,Phytolacca americana,usda:PHAM4
gbif-inat-toxic-round2:00314498,images/raw/gbif-inat-toxic-round2/phytolacca_americana/6179300954_3.jpg,Phytolacca americana,usda:PHAM4
gbif-inat-toxic-round2:00314303,images/raw/gbif-inat-toxic-round2/phytolacca_americana/6133327840_1.jpg,Phytolacca americana,usda:PHAM4
gbif-inat-toxic-round2:00314433,images/raw/gbif-inat-toxic-round2/phytolacca_americana/6178653079_1.jpg,Phytolacca americana,usda:PHAM4
gbif-inat-toxic-round2:00314291,images/raw/gbif-inat-toxic-round2/phytolacca_americana/6133196127_1.jpg,Phytolacca americana,usda:PHAM4
gbif-inat-toxic-round2:00314391,images/raw/gbif-inat-toxic-round2/phytolacca_americana/6171079521_1.jpg,Phytolacca americana,usda:PHAM4
gbif-inat-toxic-round2:00314485,images/raw/gbif-inat-toxic-round2/phytolacca_americana/6179118519_1.jpg,Phytolacca americana,usda:PHAM4
gbif-inat-toxic-round2:00314614,images/raw/gbif-inat-toxic-round2/phytolacca_americana/6185320288_1.jpg,Phytolacca americana,usda:PHAM4
gbif-inat-toxic-round2:00314347,images/raw/gbif-inat-toxic-round2/phytolacca_americana/6159591216_1.jpg,Phytolacca americana,usda:PHAM4
gbif-inat-toxic-round2:00314598,images/raw/gbif-inat-toxic-round2/phytolacca_americana/6185163848_1.jpg,Phytolacca americana,usda:PHAM4
gbif-inat-toxic-round2:00314346,images/raw/gbif-inat-toxic-round2/phytolacca_americana/6159584746_1.jpg,Phytolacca americana,usda:PHAM4
gbif-inat-toxic-round2:00314465,images/raw/gbif-inat-toxic-round2/phytolacca_americana/6178971599_1.jpg,Phytolacca americana,usda:PHAM4
gbif-inat-toxic-round2:00314322,images/raw/gbif-inat-toxic-round2/phytolacca_americana/6162838581_2.jpg,Phytolacca americana,usda:PHAM4
gbif-inat-toxic-round2:00314660,images/raw/gbif-inat-toxic-round2/phytolacca_americana/6185659337_1.jpg,Phytolacca americana,usda:PHAM4
gbif-inat-toxic-round2:00314538,images/raw/gbif-inat-toxic-round2/phytolacca_americana/6184803204_2.jpg,Phytolacca americana,usda:PHAM4
gbif-inat:00001109,images/raw/gbif-inat/phytolacca_americana/6130090363_2.jpg,Phytolacca americana,usda:PHAM4
gbif-inat-toxic-round2:00314532,images/raw/gbif-inat-toxic-round2/phytolacca_americana/6184766155_4.jpg,Phytolacca americana,usda:PHAM4
gbif-inat:00003922,images/raw/gbif-inat/phytolacca_americana/6130531892_1.jpg,Phytolacca americana,usda:PHAM4
gbif-inat-toxic-round2:00314423,images/raw/gbif-inat-toxic-round2/phytolacca_americana/6178508898_1.jpg,Phytolacca americana,usda:PHAM4
gbif-inat-toxic-round2:00314475,images/raw/gbif-inat-toxic-round2/phytolacca_americana/6179032794_1.jpg,Phytolacca americana,usda:PHAM4
gbif-inat-toxic-round2:00314341,images/raw/gbif-inat-toxic-round2/phytolacca_americana/6159418522_2.jpg,Phytolacca americana,usda:PHAM4
gbif-inat-toxic-round2:00314540,images/raw/gbif-inat-toxic-round2/phytolacca_americana/6184807376_1.jpg,Phytolacca americana,usda:PHAM4
gbif-inat-toxic-round2:00314462,images/raw/gbif-inat-toxic-round2/phytolacca_americana/6178917261_1.jpg,Phytolacca americana,usda:PHAM4
gbif-inat-toxic-round2:00314542,images/raw/gbif-inat-toxic-round2/phytolacca_americana/6184839499_2.jpg,Phytolacca americana,usda:PHAM4
gbif-inat-toxic-round2:00314562,images/raw/gbif-inat-toxic-round2/phytolacca_americana/6184915534_1.jpg,Phytolacca americana,usda:PHAM4
gbif-inat-toxic-round2:00314305,images/raw/gbif-inat-toxic-round2/phytolacca_americana/6133410007_1.jpg,Phytolacca americana,usda:PHAM4
gbif-inat:00003942,images/raw/gbif-inat/phytolacca_americana/6131124897_1.jpg,Phytolacca americana,usda:PHAM4
gbif-inat-toxic-round2:00314524,images/raw/gbif-inat-toxic-round2/phytolacca_americana/6184738611_1.jpg,Phytolacca americana,usda:PHAM4
gbif-inat:00003913,images/raw/gbif-inat/phytolacca_americana/6130305728_3.jpg,Phytolacca americana,usda:PHAM4
gbif-inat-toxic-round2:00314635,images/raw/gbif-inat-toxic-round2/phytolacca_americana/6185477543_5.jpg,Phytolacca americana,usda:PHAM4
gbif-inat-toxic-round2:00314539,images/raw/gbif-inat-toxic-round2/phytolacca_americana/6184803697_1.jpg,Phytolacca americana,usda:PHAM4
gbif-inat:00001083,images/raw/gbif-inat/phytolacca_americana/5938074100_2.jpg,Phytolacca americana,usda:PHAM4
gbif-inat-toxic-round2:00314544,images/raw/gbif-inat-toxic-round2/phytolacca_americana/6184841751_1.jpg,Phytolacca americana,usda:PHAM4
gbif-inat-toxic-round2:00314457,images/raw/gbif-inat-toxic-round2/phytolacca_americana/6178909407_1.jpg,Phytolacca americana,usda:PHAM4
gbif-inat:00001081,images/raw/gbif-inat/phytolacca_americana/5938027958_1.jpg,Phytolacca americana,usda:PHAM4
gbif-inat:00003935,images/raw/gbif-inat/phytolacca_americana/6130831502_1.jpg,Phytolacca americana,usda:PHAM4
gbif-inat-toxic-round2:00314654,images/raw/gbif-inat-toxic-round2/phytolacca_americana/6185605528_1.jpg,Phytolacca americana,usda:PHAM4
gbif-inat-toxic-round2:00314649,images/raw/gbif-inat-toxic-round2/phytolacca_americana/6185597265_2.jpg,Phytolacca americana,usda:PHAM4
gbif-inat:00003963,images/raw/gbif-inat/phytolacca_americana/6131624720_2.jpg,Phytolacca americana,usda:PHAM4
gbif-inat:00001095,images/raw/gbif-inat/phytolacca_americana/5938418624_3.jpg,Phytolacca americana,usda:PHAM4
gbif-inat:00003905,images/raw/gbif-inat/phytolacca_americana/6130272789_3.jpg,Phytolacca americana,usda:PHAM4
gbif-inat-toxic-round2:00314480,images/raw/gbif-inat-toxic-round2/phytolacca_americana/6179062383_1.jpg,Phytolacca americana,usda:PHAM4
gbif-inat:00003915,images/raw/gbif-inat/phytolacca_americana/6130356800_2.jpg,Phytolacca americana,usda:PHAM4
gbif-inat-toxic-round2:00314419,images/raw/gbif-inat-toxic-round2/phytolacca_americana/6178485388_1.jpg,Phytolacca americana,usda:PHAM4
gbif-inat-toxic-round2:00314558,images/raw/gbif-inat-toxic-round2/phytolacca_americana/6184896676_1.jpg,Phytolacca americana,usda:PHAM4
gbif-inat-toxic-round2:00314446,images/raw/gbif-inat-toxic-round2/phytolacca_americana/6178722814_1.jpg,Phytolacca americana,usda:PHAM4
gbif-inat:00003908,images/raw/gbif-inat/phytolacca_americana/6130272789_6.jpg,Phytolacca americana,usda:PHAM4
gbif-inat-toxic-round2:00314574,images/raw/gbif-inat-toxic-round2/phytolacca_americana/6185007341_2.jpg,Phytolacca americana,usda:PHAM4
gbif-inat:00001107,images/raw/gbif-inat/phytolacca_americana/6129993964_2.jpg,Phytolacca americana,usda:PHAM4
gbif-inat:00001092,images/raw/gbif-inat/phytolacca_americana/5938386159_2.jpg,Phytolacca americana,usda:PHAM4
gbif-inat-toxic-round2:00314444,images/raw/gbif-inat-toxic-round2/phytolacca_americana/6178711510_3.jpg,Phytolacca americana,usda:PHAM4
gbif-inat:00003925,images/raw/gbif-inat/phytolacca_americana/6130562220_1.jpg,Phytolacca americana,usda:PHAM4
gbif-inat-toxic-round2:00314297,images/raw/gbif-inat-toxic-round2/phytolacca_americana/6133243596_2.jpg,Phytolacca americana,usda:PHAM4
gbif-inat:00001082,images/raw/gbif-inat/phytolacca_americana/5938074100_1.jpg,Phytolacca americana,usda:PHAM4
gbif-inat-toxic-round2:00314529,images/raw/gbif-inat-toxic-round2/phytolacca_americana/6184766155_1.jpg,Phytolacca americana,usda:PHAM4
gbif-inat-toxic-round2:00314301,images/raw/gbif-inat-toxic-round2/phytolacca_americana/6133316587_1.jpg,Phytolacca americana,usda:PHAM4
gbif-inat-toxic-round2:00314415,images/raw/gbif-inat-toxic-round2/phytolacca_americana/6178479518_2.jpg,Phytolacca americana,usda:PHAM4
gbif-inat-toxic-round2:00314288,images/raw/gbif-inat-toxic-round2/phytolacca_americana/6133153137_2.jpg,Phytolacca americana,usda:PHAM4
gbif-inat-toxic-round2:00314460,images/raw/gbif-inat-toxic-round2/phytolacca_americana/6178909407_4.jpg,Phytolacca americana,usda:PHAM4
gbif-inat-toxic-round2:00314515,images/raw/gbif-inat-toxic-round2/phytolacca_americana/6179510289_1.jpg,Phytolacca americana,usda:PHAM4
gbif-inat-toxic-round2:00314662,images/raw/gbif-inat-toxic-round2/phytolacca_americana/6185686709_2.jpg,Phytolacca americana,usda:PHAM4
gbif-inat:00003902,images/raw/gbif-inat/phytolacca_americana/6130121080_2.jpg,Phytolacca americana,usda:PHAM4
gbif-inat-toxic-round2:00314537,images/raw/gbif-inat-toxic-round2/phytolacca_americana/6184803204_1.jpg,Phytolacca americana,usda:PHAM4
gbif-inat-toxic-round2:00314570,images/raw/gbif-inat-toxic-round2/phytolacca_americana/6184991154_1.jpg,Phytolacca americana,usda:PHAM4
gbif-inat-toxic-round2:00314376,images/raw/gbif-inat-toxic-round2/phytolacca_americana/6163203429_2.jpg,Phytolacca americana,usda:PHAM4
gbif-inat-toxic-round2:00314452,images/raw/gbif-inat-toxic-round2/phytolacca_americana/6178831470_1.jpg,Phytolacca americana,usda:PHAM4
gbif-inat-toxic-round2:00314477,images/raw/gbif-inat-toxic-round2/phytolacca_americana/6179040460_1.jpg,Phytolacca americana,usda:PHAM4
gbif-inat-toxic-round2:00314437,images/raw/gbif-inat-toxic-round2/phytolacca_americana/6178664640_3.jpg,Phytolacca americana,usda:PHAM4
gbif-inat-toxic-round2:00314354,images/raw/gbif-inat-toxic-round2/phytolacca_americana/6162849419_1.jpg,Phytolacca americana,usda:PHAM4
gbif-inat-toxic-round2:00314494,images/raw/gbif-inat-toxic-round2/phytolacca_americana/6179231334_1.jpg,Phytolacca americana,usda:PHAM4
gbif-inat-toxic-round2:00314295,images/raw/gbif-inat-toxic-round2/phytolacca_americana/6133240510_1.jpg,Phytolacca americana,usda:PHAM4
gbif-inat-toxic-round2:00314414,images/raw/gbif-inat-toxic-round2/phytolacca_americana/6178479518_1.jpg,Phytolacca americana,usda:PHAM4
gbif-inat-toxic-round2:00314292,images/raw/gbif-inat-toxic-round2/phytolacca_americana/6133197867_1.jpg,Phytolacca americana,usda:PHAM4
gbif-inat-toxic-round2:00314484,images/raw/gbif-inat-toxic-round2/phytolacca_americana/6179088830_3.jpg,Phytolacca americana,usda:PHAM4
gbif-inat-toxic-round2:00314541,images/raw/gbif-inat-toxic-round2/phytolacca_americana/6184839499_1.jpg,Phytolacca americana,usda:PHAM4
gbif-inat-toxic-round2:00314282,images/raw/gbif-inat-toxic-round2/phytolacca_americana/6133095459_1.jpg,Phytolacca americana,usda:PHAM4
gbif-inat-toxic-round2:00314616,images/raw/gbif-inat-toxic-round2/phytolacca_americana/6185330269_2.jpg,Phytolacca americana,usda:PHAM4
gbif-inat-toxic-round2:00314371,images/raw/gbif-inat-toxic-round2/phytolacca_americana/6163160104_1.jpg,Phytolacca americana,usda:PHAM4
gbif-inat-toxic-round2:00314549,images/raw/gbif-inat-toxic-round2/phytolacca_americana/6184865864_1.jpg,Phytolacca americana,usda:PHAM4
gbif-inat:00003941,images/raw/gbif-inat/phytolacca_americana/6131054338_1.jpg,Phytolacca americana,usda:PHAM4
gbif-inat-toxic-round2:00314448,images/raw/gbif-inat-toxic-round2/phytolacca_americana/6178737420_2.jpg,Phytolacca americana,usda:PHAM4
gbif-inat:00003970,images/raw/gbif-inat/phytolacca_americana/6133066849_1.jpg,Phytolacca americana,usda:PHAM4
gbif-inat-toxic-round2:00314535,images/raw/gbif-inat-toxic-round2/phytolacca_americana/6184790557_1.jpg,Phytolacca americana,usda:PHAM4
gbif-inat-toxic-round2:00314323,images/raw/gbif-inat-toxic-round2/phytolacca_americana/6162838581_3.jpg,Phytolacca americana,usda:PHAM4
gbif-inat:00003946,images/raw/gbif-inat/phytolacca_americana/6131358758_1.jpg,Phytolacca americana,usda:PHAM4
gbif-inat:00003958,images/raw/gbif-inat/phytolacca_americana/6131542838_4.jpg,Phytolacca americana,usda:PHAM4
gbif-inat:00003945,images/raw/gbif-inat/phytolacca_americana/6131192605_1.jpg,Phytolacca americana,usda:PHAM4
gbif-inat-toxic-round2:00314667,images/raw/gbif-inat-toxic-round2/phytolacca_americana/6185753908_1.jpg,Phytolacca americana,usda:PHAM4
gbif-inat:00003953,images/raw/gbif-inat/phytolacca_americana/6131531131_1.jpg,Phytolacca americana,usda:PHAM4
gbif-inat-toxic-round2:00314672,images/raw/gbif-inat-toxic-round2/phytolacca_americana/6185779618_4.jpg,Phytolacca americana,usda:PHAM4
gbif-inat-toxic-round2:00314676,images/raw/gbif-inat-toxic-round2/phytolacca_americana/6185792639_3.jpg,Phytolacca americana,usda:PHAM4
gbif-inat-toxic-round2:00314550,images/raw/gbif-inat-toxic-round2/phytolacca_americana/6184865864_2.jpg,Phytolacca americana,usda:PHAM4
gbif-inat-toxic-round2:00314464,images/raw/gbif-inat-toxic-round2/phytolacca_americana/6178954405_1.jpg,Phytolacca americana,usda:PHAM4
gbif-inat-toxic-round2:00314545,images/raw/gbif-inat-toxic-round2/phytolacca_americana/6184857651_1.jpg,Phytolacca americana,usda:PHAM4
gbif-inat:00003967,images/raw/gbif-inat/phytolacca_americana/6131681991_2.jpg,Phytolacca americana,usda:PHAM4
gbif-inat-toxic-round2:00314293,images/raw/gbif-inat-toxic-round2/phytolacca_americana/6133230816_1.jpg,Phytolacca americana,usda:PHAM4
gbif-inat-toxic-round2:00314618,images/raw/gbif-inat-toxic-round2/phytolacca_americana/6185382707_1.jpg,Phytolacca americana,usda:PHAM4
gbif-inat-toxic-round2:00314333,images/raw/gbif-inat-toxic-round2/phytolacca_americana/6147683622_1.jpg,Phytolacca americana,usda:PHAM4
gbif-inat-toxic-round2:00314640,images/raw/gbif-inat-toxic-round2/phytolacca_americana/6185542356_1.jpg,Phytolacca americana,usda:PHAM4
gbif-inat-toxic-round2:00314531,images/raw/gbif-inat-toxic-round2/phytolacca_americana/6184766155_3.jpg,Phytolacca americana,usda:PHAM4
gbif-inat-toxic-round2:00314568,images/raw/gbif-inat-toxic-round2/phytolacca_americana/6184977219_1.jpg,Phytolacca americana,usda:PHAM4
gbif-inat:00001094,images/raw/gbif-inat/phytolacca_americana/5938418624_2.jpg,Phytolacca americana,usda:PHAM4
gbif-inat:00000879,images/raw/gbif-inat/pinus_strobus/5938087079_1.jpg,Pinus strobus,usda:PIST
gbif-inat:00003434,images/raw/gbif-inat/pinus_strobus/5938599911_1.jpg,Pinus strobus,usda:PIST
gbif-inat:00000881,images/raw/gbif-inat/pinus_strobus/5938109663_1.jpg,Pinus strobus,usda:PIST
gbif-inat:00000888,images/raw/gbif-inat/pinus_strobus/5938162692_2.jpg,Pinus strobus,usda:PIST
gbif-inat:00003460,images/raw/gbif-inat/pinus_strobus/6129877593_4.jpg,Pinus strobus,usda:PIST
gbif-inat:00000893,images/raw/gbif-inat/pinus_strobus/5938210756_1.jpg,Pinus strobus,usda:PIST
gbif-inat:00000898,images/raw/gbif-inat/pinus_strobus/5938324017_1.jpg,Pinus strobus,usda:PIST
gbif-inat:00000872,images/raw/gbif-inat/pinus_strobus/5938032829_1.jpg,Pinus strobus,usda:PIST
gbif-inat:00003441,images/raw/gbif-inat/pinus_strobus/6129816575_1.jpg,Pinus strobus,usda:PIST
gbif-inat:00003476,images/raw/gbif-inat/pinus_strobus/6129944682_1.jpg,Pinus strobus,usda:PIST
gbif-inat:00003418,images/raw/gbif-inat/pinus_strobus/5938498433_1.jpg,Pinus strobus,usda:PIST
gbif-inat:00003466,images/raw/gbif-inat/pinus_strobus/6129890488_1.jpg,Pinus strobus,usda:PIST
gbif-inat:00003414,images/raw/gbif-inat/pinus_strobus/5938453083_2.jpg,Pinus strobus,usda:PIST
gbif-inat:00003419,images/raw/gbif-inat/pinus_strobus/5938514142_1.jpg,Pinus strobus,usda:PIST
gbif-inat:00003426,images/raw/gbif-inat/pinus_strobus/5938531663_1.jpg,Pinus strobus,usda:PIST
gbif-inat:00000873,images/raw/gbif-inat/pinus_strobus/5938036644_1.jpg,Pinus strobus,usda:PIST
gbif-inat:00003464,images/raw/gbif-inat/pinus_strobus/6129878545_1.jpg,Pinus strobus,usda:PIST
gbif-inat:00000894,images/raw/gbif-inat/pinus_strobus/5938222201_1.jpg,Pinus strobus,usda:PIST
gbif-inat:00003448,images/raw/gbif-inat/pinus_strobus/6129858697_1.jpg,Pinus strobus,usda:PIST
gbif-inat:00000876,images/raw/gbif-inat/pinus_strobus/5938075579_1.jpg,Pinus strobus,usda:PIST
gbif-inat:00003446,images/raw/gbif-inat/pinus_strobus/6129843932_2.jpg,Pinus strobus,usda:PIST
gbif-inat:00003447,images/raw/gbif-inat/pinus_strobus/6129844756_1.jpg,Pinus strobus,usda:PIST
gbif-inat:00003454,images/raw/gbif-inat/pinus_strobus/6129864384_2.jpg,Pinus strobus,usda:PIST
gbif-inat:00000895,images/raw/gbif-inat/pinus_strobus/5938233527_1.jpg,Pinus strobus,usda:PIST
gbif-inat:00003455,images/raw/gbif-inat/pinus_strobus/6129869349_1.jpg,Pinus strobus,usda:PIST
gbif-inat:00003432,images/raw/gbif-inat/pinus_strobus/5938595731_2.jpg,Pinus strobus,usda:PIST
gbif-inat:00003479,images/raw/gbif-inat/pinus_strobus/6129962043_1.jpg,Pinus strobus,usda:PIST
gbif-inat:00000883,images/raw/gbif-inat/pinus_strobus/5938111516_1.jpg,Pinus strobus,usda:PIST
gbif-inat:00003440,images/raw/gbif-inat/pinus_strobus/5938699294_1.jpg,Pinus strobus,usda:PIST
gbif-inat:00003475,images/raw/gbif-inat/pinus_strobus/6129927686_1.jpg,Pinus strobus,usda:PIST
gbif-inat:00003443,images/raw/gbif-inat/pinus_strobus/6129824764_1.jpg,Pinus strobus,usda:PIST
gbif-inat:00000875,images/raw/gbif-inat/pinus_strobus/5938069061_2.jpg,Pinus strobus,usda:PIST
gbif-inat:00003465,images/raw/gbif-inat/pinus_strobus/6129878736_1.jpg,Pinus strobus,usda:PIST
gbif-inat:00003421,images/raw/gbif-inat/pinus_strobus/5938514142_3.jpg,Pinus strobus,usda:PIST
gbif-inat:00003435,images/raw/gbif-inat/pinus_strobus/5938638105_1.jpg,Pinus strobus,usda:PIST
gbif-inat:00003462,images/raw/gbif-inat/pinus_strobus/6129877593_6.jpg,Pinus strobus,usda:PIST
gbif-inat:00003439,images/raw/gbif-inat/pinus_strobus/5938693923_1.jpg,Pinus strobus,usda:PIST
gbif-inat:00003433,images/raw/gbif-inat/pinus_strobus/5938595731_3.jpg,Pinus strobus,usda:PIST
gbif-inat:00003424,images/raw/gbif-inat/pinus_strobus/5938514159_1.jpg,Pinus strobus,usda:PIST
gbif-inat:00003438,images/raw/gbif-inat/pinus_strobus/5938669383_1.jpg,Pinus strobus,usda:PIST
gbif-inat:00000880,images/raw/gbif-inat/pinus_strobus/5938093547_1.jpg,Pinus strobus,usda:PIST
gbif-inat:00000890,images/raw/gbif-inat/pinus_strobus/5938164894_1.jpg,Pinus strobus,usda:PIST
gbif-inat:00003437,images/raw/gbif-inat/pinus_strobus/5938649639_2.jpg,Pinus strobus,usda:PIST
gbif-inat:00003468,images/raw/gbif-inat/pinus_strobus/6129904401_1.jpg,Pinus strobus,usda:PIST
gbif-inat:00003431,images/raw/gbif-inat/pinus_strobus/5938595731_1.jpg,Pinus strobus,usda:PIST
gbif-inat:00000891,images/raw/gbif-inat/pinus_strobus/5938200116_1.jpg,Pinus strobus,usda:PIST
gbif-inat:00003477,images/raw/gbif-inat/pinus_strobus/6129956493_1.jpg,Pinus strobus,usda:PIST
gbif-inat:00003425,images/raw/gbif-inat/pinus_strobus/5938519095_1.jpg,Pinus strobus,usda:PIST
gbif-inat:00000897,images/raw/gbif-inat/pinus_strobus/5938319674_1.jpg,Pinus strobus,usda:PIST
gbif-inat:00000877,images/raw/gbif-inat/pinus_strobus/5938075579_2.jpg,Pinus strobus,usda:PIST
gbif-inat:00003471,images/raw/gbif-inat/pinus_strobus/6129916541_1.jpg,Pinus strobus,usda:PIST
gbif-inat:00003459,images/raw/gbif-inat/pinus_strobus/6129877593_3.jpg,Pinus strobus,usda:PIST
gbif-inat:00003456,images/raw/gbif-inat/pinus_strobus/6129870802_1.jpg,Pinus strobus,usda:PIST
gbif-inat:00003457,images/raw/gbif-inat/pinus_strobus/6129877593_1.jpg,Pinus strobus,usda:PIST
gbif-inat:00000900,images/raw/gbif-inat/pinus_strobus/5938387658_1.jpg,Pinus strobus,usda:PIST
gbif-inat:00003417,images/raw/gbif-inat/pinus_strobus/5938488063_1.jpg,Pinus strobus,usda:PIST
gbif-inat:00003428,images/raw/gbif-inat/pinus_strobus/5938574551_2.jpg,Pinus strobus,usda:PIST
gbif-inat:00000889,images/raw/gbif-inat/pinus_strobus/5938162692_3.jpg,Pinus strobus,usda:PIST
gbif-inat:00003461,images/raw/gbif-inat/pinus_strobus/6129877593_5.jpg,Pinus strobus,usda:PIST
gbif-inat:00003412,images/raw/gbif-inat/pinus_strobus/5938421974_2.jpg,Pinus strobus,usda:PIST
gbif-inat:00003463,images/raw/gbif-inat/pinus_strobus/6129877593_7.jpg,Pinus strobus,usda:PIST
gbif-inat:00003427,images/raw/gbif-inat/pinus_strobus/5938574551_1.jpg,Pinus strobus,usda:PIST
gbif-inat:00003415,images/raw/gbif-inat/pinus_strobus/5938453083_3.jpg,Pinus strobus,usda:PIST
gbif-inat:00000896,images/raw/gbif-inat/pinus_strobus/5938306835_1.jpg,Pinus strobus,usda:PIST
gbif-inat:00003474,images/raw/gbif-inat/pinus_strobus/6129918439_1.jpg,Pinus strobus,usda:PIST
gbif-inat:00000892,images/raw/gbif-inat/pinus_strobus/5938201068_1.jpg,Pinus strobus,usda:PIST
gbif-inat:00003478,images/raw/gbif-inat/pinus_strobus/6129960599_1.jpg,Pinus strobus,usda:PIST
gbif-inat:00003411,images/raw/gbif-inat/pinus_strobus/5938421974_1.jpg,Pinus strobus,usda:PIST
gbif-inat:00003449,images/raw/gbif-inat/pinus_strobus/6129858697_2.jpg,Pinus strobus,usda:PIST
gbif-inat:00003423,images/raw/gbif-inat/pinus_strobus/5938514142_5.jpg,Pinus strobus,usda:PIST
gbif-inat:00004459,images/raw/gbif-inat/plantago_major/6171087340_1.jpg,Plantago major,usda:PLMA2
gbif-inat:00004435,images/raw/gbif-inat/plantago_major/6159328736_1.jpg,Plantago major,usda:PLMA2
gbif-inat:00004404,images/raw/gbif-inat/plantago_major/6131675502_1.jpg,Plantago major,usda:PLMA2
gbif-inat:00004396,images/raw/gbif-inat/plantago_major/6131095736_5.jpg,Plantago major,usda:PLMA2
gbif-inat:00004405,images/raw/gbif-inat/plantago_major/6133088528_1.jpg,Plantago major,usda:PLMA2
gbif-inat:00004393,images/raw/gbif-inat/plantago_major/6131095736_2.jpg,Plantago major,usda:PLMA2
gbif-inat:00001302,images/raw/gbif-inat/plantago_major/6130125187_1.jpg,Plantago major,usda:PLMA2
gbif-inat:00004448,images/raw/gbif-inat/plantago_major/6163250720_3.jpg,Plantago major,usda:PLMA2
gbif-inat:00001299,images/raw/gbif-inat/plantago_major/6130057254_1.jpg,Plantago major,usda:PLMA2
gbif-inat:00001317,images/raw/gbif-inat/plantago_major/6130768983_2.jpg,Plantago major,usda:PLMA2
gbif-inat:00001306,images/raw/gbif-inat/plantago_major/6130341782_1.jpg,Plantago major,usda:PLMA2
gbif-inat:00004411,images/raw/gbif-inat/plantago_major/6133333024_1.jpg,Plantago major,usda:PLMA2
gbif-inat:00001318,images/raw/gbif-inat/plantago_major/6130785633_1.jpg,Plantago major,usda:PLMA2
gbif-inat:00001304,images/raw/gbif-inat/plantago_major/6130294199_1.jpg,Plantago major,usda:PLMA2
gbif-inat:00001297,images/raw/gbif-inat/plantago_major/6129976217_1.jpg,Plantago major,usda:PLMA2
gbif-inat:00001292,images/raw/gbif-inat/plantago_major/6129831897_2.jpg,Plantago major,usda:PLMA2
gbif-inat:00004423,images/raw/gbif-inat/plantago_major/6147471786_4.jpg,Plantago major,usda:PLMA2
gbif-inat:00004391,images/raw/gbif-inat/plantago_major/6131070012_2.jpg,Plantago major,usda:PLMA2
gbif-inat:00004438,images/raw/gbif-inat/plantago_major/6159579004_1.jpg,Plantago major,usda:PLMA2
gbif-inat:00001308,images/raw/gbif-inat/plantago_major/6130647414_1.jpg,Plantago major,usda:PLMA2
gbif-inat:00001316,images/raw/gbif-inat/plantago_major/6130768983_1.jpg,Plantago major,usda:PLMA2
gbif-inat:00004427,images/raw/gbif-inat/plantago_major/6133220409_1.jpg,Plantago major,usda:PLMA2
gbif-inat:00004454,images/raw/gbif-inat/plantago_major/6170970957_1.jpg,Plantago major,usda:PLMA2
gbif-inat:00004460,images/raw/gbif-inat/plantago_major/6171121035_1.jpg,Plantago major,usda:PLMA2
gbif-inat:00004415,images/raw/gbif-inat/plantago_major/6133484357_1.jpg,Plantago major,usda:PLMA2
gbif-inat:00004440,images/raw/gbif-inat/plantago_major/6162846890_1.jpg,Plantago major,usda:PLMA2
gbif-inat:00004439,images/raw/gbif-inat/plantago_major/6162764142_1.jpg,Plantago major,usda:PLMA2
gbif-inat:00004417,images/raw/gbif-inat/plantago_major/6133499748_1.jpg,Plantago major,usda:PLMA2
gbif-inat:00001303,images/raw/gbif-inat/plantago_major/6130229352_1.jpg,Plantago major,usda:PLMA2
gbif-inat:00004425,images/raw/gbif-inat/plantago_major/6188300854_1.jpg,Plantago major,usda:PLMA2
gbif-inat:00004400,images/raw/gbif-inat/plantago_major/6131489267_1.jpg,Plantago major,usda:PLMA2
gbif-inat:00004403,images/raw/gbif-inat/plantago_major/6131670503_1.jpg,Plantago major,usda:PLMA2
gbif-inat:00004450,images/raw/gbif-inat/plantago_major/6170849440_1.jpg,Plantago major,usda:PLMA2
gbif-inat:00001298,images/raw/gbif-inat/plantago_major/6129987130_1.jpg,Plantago major,usda:PLMA2
gbif-inat:00004420,images/raw/gbif-inat/plantago_major/6147471786_1.jpg,Plantago major,usda:PLMA2
gbif-inat:00004443,images/raw/gbif-inat/plantago_major/6162944501_1.jpg,Plantago major,usda:PLMA2
gbif-inat:00004395,images/raw/gbif-inat/plantago_major/6131095736_4.jpg,Plantago major,usda:PLMA2
gbif-inat:00004457,images/raw/gbif-inat/plantago_major/6171018128_2.jpg,Plantago major,usda:PLMA2
gbif-inat:00001320,images/raw/gbif-inat/plantago_major/6131070012_1.jpg,Plantago major,usda:PLMA2
gbif-inat:00004455,images/raw/gbif-inat/plantago_major/6170970957_2.jpg,Plantago major,usda:PLMA2
gbif-inat:00001309,images/raw/gbif-inat/plantago_major/6130739755_1.jpg,Plantago major,usda:PLMA2
gbif-inat:00004436,images/raw/gbif-inat/plantago_major/6159328736_2.jpg,Plantago major,usda:PLMA2
gbif-inat:00004418,images/raw/gbif-inat/plantago_major/6133517488_1.jpg,Plantago major,usda:PLMA2
gbif-inat:00004452,images/raw/gbif-inat/plantago_major/6170926517_1.jpg,Plantago major,usda:PLMA2
gbif-inat:00004422,images/raw/gbif-inat/plantago_major/6147471786_3.jpg,Plantago major,usda:PLMA2
gbif-inat:00004412,images/raw/gbif-inat/plantago_major/6133340287_1.jpg,Plantago major,usda:PLMA2
gbif-inat:00004451,images/raw/gbif-inat/plantago_major/6170906201_1.jpg,Plantago major,usda:PLMA2
gbif-inat:00004431,images/raw/gbif-inat/plantago_major/6147376367_3.jpg,Plantago major,usda:PLMA2
gbif-inat:00004402,images/raw/gbif-inat/plantago_major/6131625585_1.jpg,Plantago major,usda:PLMA2
gbif-inat:00001315,images/raw/gbif-inat/plantago_major/6130755340_2.jpg,Plantago major,usda:PLMA2
gbif-inat:00004413,images/raw/gbif-inat/plantago_major/6133383522_1.jpg,Plantago major,usda:PLMA2
gbif-inat:00004416,images/raw/gbif-inat/plantago_major/6133484357_2.jpg,Plantago major,usda:PLMA2
gbif-inat:00001296,images/raw/gbif-inat/plantago_major/6129909987_3.jpg,Plantago major,usda:PLMA2
gbif-inat:00004421,images/raw/gbif-inat/plantago_major/6147471786_2.jpg,Plantago major,usda:PLMA2
gbif-inat:00004426,images/raw/gbif-inat/plantago_major/6188357442_1.jpg,Plantago major,usda:PLMA2
gbif-inat:00004409,images/raw/gbif-inat/plantago_major/6133088528_5.jpg,Plantago major,usda:PLMA2
gbif-inat:00004446,images/raw/gbif-inat/plantago_major/6163250720_1.jpg,Plantago major,usda:PLMA2
gbif-inat:00004406,images/raw/gbif-inat/plantago_major/6133088528_2.jpg,Plantago major,usda:PLMA2
gbif-inat:00004449,images/raw/gbif-inat/plantago_major/6170847697_1.jpg,Plantago major,usda:PLMA2
gbif-inat:00004399,images/raw/gbif-inat/plantago_major/6131456135_1.jpg,Plantago major,usda:PLMA2
gbif-inat:00001307,images/raw/gbif-inat/plantago_major/6130341782_2.jpg,Plantago major,usda:PLMA2
gbif-inat:00004447,images/raw/gbif-inat/plantago_major/6163250720_2.jpg,Plantago major,usda:PLMA2
gbif-inat:00004430,images/raw/gbif-inat/plantago_major/6147376367_2.jpg,Plantago major,usda:PLMA2
gbif-inat:00004432,images/raw/gbif-inat/plantago_major/6147376367_4.jpg,Plantago major,usda:PLMA2
gbif-inat:00001300,images/raw/gbif-inat/plantago_major/6130074818_1.jpg,Plantago major,usda:PLMA2
gbif-inat:00004458,images/raw/gbif-inat/plantago_major/6171056358_1.jpg,Plantago major,usda:PLMA2
gbif-inat:00004437,images/raw/gbif-inat/plantago_major/6159328736_3.jpg,Plantago major,usda:PLMA2
gbif-inat:00004433,images/raw/gbif-inat/plantago_major/6159251124_1.jpg,Plantago major,usda:PLMA2
gbif-inat:00004408,images/raw/gbif-inat/plantago_major/6133088528_4.jpg,Plantago major,usda:PLMA2
gbif-inat:00004397,images/raw/gbif-inat/plantago_major/6131193397_1.jpg,Plantago major,usda:PLMA2
gbif-inat:00002787,images/raw/gbif-inat/prunus_serotina/6130081220_1.jpg,Prunus serotina,usda:PRSE2
gbif-inat:00000617,images/raw/gbif-inat/prunus_serotina/5938587471_1.jpg,Prunus serotina,usda:PRSE2
gbif-inat:00002818,images/raw/gbif-inat/prunus_serotina/6130498455_1.jpg,Prunus serotina,usda:PRSE2
gbif-inat:00000611,images/raw/gbif-inat/prunus_serotina/5938404176_1.jpg,Prunus serotina,usda:PRSE2
gbif-inat:00002844,images/raw/gbif-inat/prunus_serotina/6130843774_4.jpg,Prunus serotina,usda:PRSE2
gbif-inat:00002790,images/raw/gbif-inat/prunus_serotina/6130135816_1.jpg,Prunus serotina,usda:PRSE2
gbif-inat:00000630,images/raw/gbif-inat/prunus_serotina/6129941276_2.jpg,Prunus serotina,usda:PRSE2
gbif-inat:00002835,images/raw/gbif-inat/prunus_serotina/6130764334_1.jpg,Prunus serotina,usda:PRSE2
gbif-inat:00002802,images/raw/gbif-inat/prunus_serotina/6130349149_2.jpg,Prunus serotina,usda:PRSE2
gbif-inat:00002792,images/raw/gbif-inat/prunus_serotina/6130177810_1.jpg,Prunus serotina,usda:PRSE2
gbif-inat:00002840,images/raw/gbif-inat/prunus_serotina/6130839971_1.jpg,Prunus serotina,usda:PRSE2
gbif-inat:00000624,images/raw/gbif-inat/prunus_serotina/6129888564_1.jpg,Prunus serotina,usda:PRSE2
gbif-inat:00002799,images/raw/gbif-inat/prunus_serotina/6130311740_1.jpg,Prunus serotina,usda:PRSE2
gbif-inat:00002804,images/raw/gbif-inat/prunus_serotina/6130349149_4.jpg,Prunus serotina,usda:PRSE2
gbif-inat:00002801,images/raw/gbif-inat/prunus_serotina/6130349149_1.jpg,Prunus serotina,usda:PRSE2
gbif-inat:00002842,images/raw/gbif-inat/prunus_serotina/6130843774_2.jpg,Prunus serotina,usda:PRSE2
gbif-inat:00002786,images/raw/gbif-inat/prunus_serotina/6130078489_2.jpg,Prunus serotina,usda:PRSE2
gbif-inat:00002815,images/raw/gbif-inat/prunus_serotina/6130436481_1.jpg,Prunus serotina,usda:PRSE2
gbif-inat:00002850,images/raw/gbif-inat/prunus_serotina/6130895998_1.jpg,Prunus serotina,usda:PRSE2
gbif-inat:00000613,images/raw/gbif-inat/prunus_serotina/5938527584_1.jpg,Prunus serotina,usda:PRSE2
gbif-inat:00000614,images/raw/gbif-inat/prunus_serotina/5938527584_2.jpg,Prunus serotina,usda:PRSE2
gbif-inat:00002803,images/raw/gbif-inat/prunus_serotina/6130349149_3.jpg,Prunus serotina,usda:PRSE2
gbif-inat:00002816,images/raw/gbif-inat/prunus_serotina/6130483373_1.jpg,Prunus serotina,usda:PRSE2
gbif-inat:00000612,images/raw/gbif-inat/prunus_serotina/5938509606_1.jpg,Prunus serotina,usda:PRSE2
gbif-inat:00002848,images/raw/gbif-inat/prunus_serotina/6130875199_1.jpg,Prunus serotina,usda:PRSE2
gbif-inat:00002819,images/raw/gbif-inat/prunus_serotina/6130504030_1.jpg,Prunus serotina,usda:PRSE2
gbif-inat:00002845,images/raw/gbif-inat/prunus_serotina/6130843774_5.jpg,Prunus serotina,usda:PRSE2
gbif-inat:00000622,images/raw/gbif-inat/prunus_serotina/6129843805_2.jpg,Prunus serotina,usda:PRSE2
gbif-inat:00002783,images/raw/gbif-inat/prunus_serotina/6130023977_1.jpg,Prunus serotina,usda:PRSE2
gbif-inat:00000615,images/raw/gbif-inat/prunus_serotina/5938527584_3.jpg,Prunus serotina,usda:PRSE2
gbif-inat:00002793,images/raw/gbif-inat/prunus_serotina/6130194187_1.jpg,Prunus serotina,usda:PRSE2
gbif-inat:00002827,images/raw/gbif-inat/prunus_serotina/6130659365_1.jpg,Prunus serotina,usda:PRSE2
gbif-inat:00002831,images/raw/gbif-inat/prunus_serotina/6130754484_1.jpg,Prunus serotina,usda:PRSE2
gbif-inat:00000610,images/raw/gbif-inat/prunus_serotina/5938381824_1.jpg,Prunus serotina,usda:PRSE2
gbif-inat:00002849,images/raw/gbif-inat/prunus_serotina/6130875199_2.jpg,Prunus serotina,usda:PRSE2
gbif-inat:00000620,images/raw/gbif-inat/prunus_serotina/6129833320_1.jpg,Prunus serotina,usda:PRSE2
gbif-inat:00002836,images/raw/gbif-inat/prunus_serotina/6130765580_1.jpg,Prunus serotina,usda:PRSE2
gbif-inat:00002834,images/raw/gbif-inat/prunus_serotina/6130759189_1.jpg,Prunus serotina,usda:PRSE2
gbif-inat:00000621,images/raw/gbif-inat/prunus_serotina/6129843805_1.jpg,Prunus serotina,usda:PRSE2
gbif-inat:00002797,images/raw/gbif-inat/prunus_serotina/6130247665_1.jpg,Prunus serotina,usda:PRSE2
gbif-inat:00002846,images/raw/gbif-inat/prunus_serotina/6130855950_1.jpg,Prunus serotina,usda:PRSE2
gbif-inat:00000623,images/raw/gbif-inat/prunus_serotina/6129843805_3.jpg,Prunus serotina,usda:PRSE2
gbif-inat:00002822,images/raw/gbif-inat/prunus_serotina/6130575584_1.jpg,Prunus serotina,usda:PRSE2
gbif-inat:00002820,images/raw/gbif-inat/prunus_serotina/6130532284_1.jpg,Prunus serotina,usda:PRSE2
gbif-inat:00002839,images/raw/gbif-inat/prunus_serotina/6130828232_1.jpg,Prunus serotina,usda:PRSE2
gbif-inat:00000602,images/raw/gbif-inat/prunus_serotina/5938135298_1.jpg,Prunus serotina,usda:PRSE2
gbif-inat:00002824,images/raw/gbif-inat/prunus_serotina/6130599932_1.jpg,Prunus serotina,usda:PRSE2
gbif-inat:00000601,images/raw/gbif-inat/prunus_serotina/5938087636_1.jpg,Prunus serotina,usda:PRSE2
gbif-inat:00002829,images/raw/gbif-inat/prunus_serotina/6130719986_1.jpg,Prunus serotina,usda:PRSE2
gbif-inat:00000607,images/raw/gbif-inat/prunus_serotina/5938249923_1.jpg,Prunus serotina,usda:PRSE2
gbif-inat:00002811,images/raw/gbif-inat/prunus_serotina/6130423025_2.jpg,Prunus serotina,usda:PRSE2
gbif-inat:00002791,images/raw/gbif-inat/prunus_serotina/6130155324_1.jpg,Prunus serotina,usda:PRSE2
gbif-inat:00002796,images/raw/gbif-inat/prunus_serotina/6130243834_1.jpg,Prunus serotina,usda:PRSE2
gbif-inat:00002814,images/raw/gbif-inat/prunus_serotina/6130423025_5.jpg,Prunus serotina,usda:PRSE2
gbif-inat:00002841,images/raw/gbif-inat/prunus_serotina/6130843774_1.jpg,Prunus serotina,usda:PRSE2
gbif-inat:00000605,images/raw/gbif-inat/prunus_serotina/5938210511_1.jpg,Prunus serotina,usda:PRSE2
gbif-inat:00000609,images/raw/gbif-inat/prunus_serotina/5938347152_1.jpg,Prunus serotina,usda:PRSE2
gbif-inat:00002813,images/raw/gbif-inat/prunus_serotina/6130423025_4.jpg,Prunus serotina,usda:PRSE2
gbif-inat:00002807,images/raw/gbif-inat/prunus_serotina/6130349149_7.jpg,Prunus serotina,usda:PRSE2
gbif-inat:00002805,images/raw/gbif-inat/prunus_serotina/6130349149_5.jpg,Prunus serotina,usda:PRSE2
gbif-inat:00002788,images/raw/gbif-inat/prunus_serotina/6130105732_1.jpg,Prunus serotina,usda:PRSE2
gbif-inat:00000629,images/raw/gbif-inat/prunus_serotina/6129941276_1.jpg,Prunus serotina,usda:PRSE2
gbif-inat:00002798,images/raw/gbif-inat/prunus_serotina/6130250678_1.jpg,Prunus serotina,usda:PRSE2
gbif-inat:00000625,images/raw/gbif-inat/prunus_serotina/6129894515_1.jpg,Prunus serotina,usda:PRSE2
gbif-inat:00002812,images/raw/gbif-inat/prunus_serotina/6130423025_3.jpg,Prunus serotina,usda:PRSE2
gbif-inat:00002830,images/raw/gbif-inat/prunus_serotina/6130747228_1.jpg,Prunus serotina,usda:PRSE2
gbif-inat:00002847,images/raw/gbif-inat/prunus_serotina/6130857503_1.jpg,Prunus serotina,usda:PRSE2
gbif-inat:00002784,images/raw/gbif-inat/prunus_serotina/6130074475_1.jpg,Prunus serotina,usda:PRSE2
gbif-inat:00002821,images/raw/gbif-inat/prunus_serotina/6130537416_1.jpg,Prunus serotina,usda:PRSE2
gbif-inat:00002810,images/raw/gbif-inat/prunus_serotina/6130423025_1.jpg,Prunus serotina,usda:PRSE2
gbif-inat:00002872,images/raw/gbif-inat/quercus_alba/6129959723_7.jpg,Quercus alba,usda:QUAL
gbif-inat:00002914,images/raw/gbif-inat/quercus_alba/6130202712_1.jpg,Quercus alba,usda:QUAL
gbif-inat:00002861,images/raw/gbif-inat/quercus_alba/6129945177_1.jpg,Quercus alba,usda:QUAL
gbif-inat:00000641,images/raw/gbif-inat/quercus_alba/5938277040_1.jpg,Quercus alba,usda:QUAL
gbif-inat:00002855,images/raw/gbif-inat/quercus_alba/6129908215_1.jpg,Quercus alba,usda:QUAL
gbif-inat:00000644,images/raw/gbif-inat/quercus_alba/5938563461_1.jpg,Quercus alba,usda:QUAL
gbif-inat:00002903,images/raw/gbif-inat/quercus_alba/6130139242_1.jpg,Quercus alba,usda:QUAL
gbif-inat:00002879,images/raw/gbif-inat/quercus_alba/6130010601_1.jpg,Quercus alba,usda:QUAL
gbif-inat:00000633,images/raw/gbif-inat/quercus_alba/5938102437_1.jpg,Quercus alba,usda:QUAL
gbif-inat:00000632,images/raw/gbif-inat/quercus_alba/5938050882_2.jpg,Quercus alba,usda:QUAL
gbif-inat:00002888,images/raw/gbif-inat/quercus_alba/6130039357_1.jpg,Quercus alba,usda:QUAL
gbif-inat:00002851,images/raw/gbif-inat/quercus_alba/6129877962_1.jpg,Quercus alba,usda:QUAL
gbif-inat:00002886,images/raw/gbif-inat/quercus_alba/6130031160_1.jpg,Quercus alba,usda:QUAL
gbif-inat:00002863,images/raw/gbif-inat/quercus_alba/6129947163_2.jpg,Quercus alba,usda:QUAL
gbif-inat:00000635,images/raw/gbif-inat/quercus_alba/5938140878_2.jpg,Quercus alba,usda:QUAL
gbif-inat:00002852,images/raw/gbif-inat/quercus_alba/6129895884_1.jpg,Quercus alba,usda:QUAL
gbif-inat:00002891,images/raw/gbif-inat/quercus_alba/6130064363_1.jpg,Quercus alba,usda:QUAL
gbif-inat:00002867,images/raw/gbif-inat/quercus_alba/6129959723_2.jpg,Quercus alba,usda:QUAL
gbif-inat:00002868,images/raw/gbif-inat/quercus_alba/6129959723_3.jpg,Quercus alba,usda:QUAL
gbif-inat:00000634,images/raw/gbif-inat/quercus_alba/5938140878_1.jpg,Quercus alba,usda:QUAL
gbif-inat:00002856,images/raw/gbif-inat/quercus_alba/6129908545_1.jpg,Quercus alba,usda:QUAL
gbif-inat:00002898,images/raw/gbif-inat/quercus_alba/6130095603_1.jpg,Quercus alba,usda:QUAL
gbif-inat:00002882,images/raw/gbif-inat/quercus_alba/6130022094_1.jpg,Quercus alba,usda:QUAL
gbif-inat:00002866,images/raw/gbif-inat/quercus_alba/6129959723_1.jpg,Quercus alba,usda:QUAL
gbif-inat:00002892,images/raw/gbif-inat/quercus_alba/6130070168_1.jpg,Quercus alba,usda:QUAL
gbif-inat:00000637,images/raw/gbif-inat/quercus_alba/5938221721_1.jpg,Quercus alba,usda:QUAL
gbif-inat:00000631,images/raw/gbif-inat/quercus_alba/5938050882_1.jpg,Quercus alba,usda:QUAL
gbif-inat:00000655,images/raw/gbif-inat/quercus_alba/6129824273_1.jpg,Quercus alba,usda:QUAL
gbif-inat:00002854,images/raw/gbif-inat/quercus_alba/6129898316_1.jpg,Quercus alba,usda:QUAL
gbif-inat:00002862,images/raw/gbif-inat/quercus_alba/6129947163_1.jpg,Quercus alba,usda:QUAL
gbif-inat:00002900,images/raw/gbif-inat/quercus_alba/6130108259_1.jpg,Quercus alba,usda:QUAL
gbif-inat:00002907,images/raw/gbif-inat/quercus_alba/6130166667_1.jpg,Quercus alba,usda:QUAL
gbif-inat:00002908,images/raw/gbif-inat/quercus_alba/6130169019_1.jpg,Quercus alba,usda:QUAL
gbif-inat:00000636,images/raw/gbif-inat/quercus_alba/5938140878_3.jpg,Quercus alba,usda:QUAL
gbif-inat:00002887,images/raw/gbif-inat/quercus_alba/6130032627_1.jpg,Quercus alba,usda:QUAL
gbif-inat:00002875,images/raw/gbif-inat/quercus_alba/6129966123_1.jpg,Quercus alba,usda:QUAL
gbif-inat:00002880,images/raw/gbif-inat/quercus_alba/6130010601_2.jpg,Quercus alba,usda:QUAL
gbif-inat:00002916,images/raw/gbif-inat/quercus_alba/6130216025_1.jpg,Quercus alba,usda:QUAL
gbif-inat:00000640,images/raw/gbif-inat/quercus_alba/5938221721_4.jpg,Quercus alba,usda:QUAL
gbif-inat:00002869,images/raw/gbif-inat/quercus_alba/6129959723_4.jpg,Quercus alba,usda:QUAL
gbif-inat:00002897,images/raw/gbif-inat/quercus_alba/6130095602_1.jpg,Quercus alba,usda:QUAL
gbif-inat:00002881,images/raw/gbif-inat/quercus_alba/6130010601_3.jpg,Quercus alba,usda:QUAL
gbif-inat:00000656,images/raw/gbif-inat/quercus_alba/6129824273_2.jpg,Quercus alba,usda:QUAL
gbif-inat:00002893,images/raw/gbif-inat/quercus_alba/6130071247_1.jpg,Quercus alba,usda:QUAL
gbif-inat:00002896,images/raw/gbif-inat/quercus_alba/6130092481_1.jpg,Quercus alba,usda:QUAL
gbif-inat:00002915,images/raw/gbif-inat/quercus_alba/6130203737_1.jpg,Quercus alba,usda:QUAL
gbif-inat:00002860,images/raw/gbif-inat/quercus_alba/6129945132_1.jpg,Quercus alba,usda:QUAL
gbif-inat:00002918,images/raw/gbif-inat/quercus_alba/6130223907_1.jpg,Quercus alba,usda:QUAL
gbif-inat:00002910,images/raw/gbif-inat/quercus_alba/6130186177_1.jpg,Quercus alba,usda:QUAL
gbif-inat:00002878,images/raw/gbif-inat/quercus_alba/6129979846_1.jpg,Quercus alba,usda:QUAL
gbif-inat:00002877,images/raw/gbif-inat/quercus_alba/6129974300_1.jpg,Quercus alba,usda:QUAL
gbif-inat:00002904,images/raw/gbif-inat/quercus_alba/6130155156_1.jpg,Quercus alba,usda:QUAL
gbif-inat:00000648,images/raw/gbif-inat/quercus_alba/5938650442_2.jpg,Quercus alba,usda:QUAL
gbif-inat:00002913,images/raw/gbif-inat/quercus_alba/6130198914_1.jpg,Quercus alba,usda:QUAL
gbif-inat:00000638,images/raw/gbif-inat/quercus_alba/5938221721_2.jpg,Quercus alba,usda:QUAL
gbif-inat:00002874,images/raw/gbif-inat/quercus_alba/6129965522_1.jpg,Quercus alba,usda:QUAL
gbif-inat:00000658,images/raw/gbif-inat/quercus_alba/6129833379_1.jpg,Quercus alba,usda:QUAL
gbif-inat:00002853,images/raw/gbif-inat/quercus_alba/6129896376_1.jpg,Quercus alba,usda:QUAL
gbif-inat:00000653,images/raw/gbif-inat/quercus_alba/5938700524_3.jpg,Quercus alba,usda:QUAL
gbif-inat:00002909,images/raw/gbif-inat/quercus_alba/6130181499_1.jpg,Quercus alba,usda:QUAL
gbif-inat:00002901,images/raw/gbif-inat/quercus_alba/6130113732_1.jpg,Quercus alba,usda:QUAL
gbif-inat:00002871,images/raw/gbif-inat/quercus_alba/6129959723_6.jpg,Quercus alba,usda:QUAL
gbif-inat:00002894,images/raw/gbif-inat/quercus_alba/6130083840_1.jpg,Quercus alba,usda:QUAL
gbif-inat:00000651,images/raw/gbif-inat/quercus_alba/5938700524_1.jpg,Quercus alba,usda:QUAL
gbif-inat:00000660,images/raw/gbif-inat/quercus_alba/6129877756_1.jpg,Quercus alba,usda:QUAL
gbif-inat:00000639,images/raw/gbif-inat/quercus_alba/5938221721_3.jpg,Quercus alba,usda:QUAL
gbif-inat:00002902,images/raw/gbif-inat/quercus_alba/6130139234_1.jpg,Quercus alba,usda:QUAL
gbif-inat:00000645,images/raw/gbif-inat/quercus_alba/5938618493_1.jpg,Quercus alba,usda:QUAL
gbif-inat:00000649,images/raw/gbif-inat/quercus_alba/5938695197_1.jpg,Quercus alba,usda:QUAL
gbif-inat:00002864,images/raw/gbif-inat/quercus_alba/6129950123_1.jpg,Quercus alba,usda:QUAL
gbif-inat:00002956,images/raw/gbif-inat/quercus_rubra/6130759915_1.jpg,Quercus rubra,usda:QURU
gbif-inat:00002930,images/raw/gbif-inat/quercus_rubra/6130149786_3.jpg,Quercus rubra,usda:QURU
gbif-inat:00002982,images/raw/gbif-inat/quercus_rubra/6131287081_1.jpg,Quercus rubra,usda:QURU
gbif-inat:00002947,images/raw/gbif-inat/quercus_rubra/6130584612_1.jpg,Quercus rubra,usda:QURU
gbif-inat:00002972,images/raw/gbif-inat/quercus_rubra/6131163672_1.jpg,Quercus rubra,usda:QURU
gbif-inat:00000687,images/raw/gbif-inat/quercus_rubra/6130040874_1.jpg,Quercus rubra,usda:QURU
gbif-inat:00000666,images/raw/gbif-inat/quercus_rubra/5938210762_1.jpg,Quercus rubra,usda:QURU
gbif-inat:00002974,images/raw/gbif-inat/quercus_rubra/6131199411_1.jpg,Quercus rubra,usda:QURU
gbif-inat:00000672,images/raw/gbif-inat/quercus_rubra/5938486207_1.jpg,Quercus rubra,usda:QURU
gbif-inat:00002953,images/raw/gbif-inat/quercus_rubra/6130734834_1.jpg,Quercus rubra,usda:QURU
gbif-inat:00002926,images/raw/gbif-inat/quercus_rubra/6130140971_1.jpg,Quercus rubra,usda:QURU
gbif-inat:00002970,images/raw/gbif-inat/quercus_rubra/6131099535_1.jpg,Quercus rubra,usda:QURU
gbif-inat:00002990,images/raw/gbif-inat/quercus_rubra/6131566339_1.jpg,Quercus rubra,usda:QURU
gbif-inat:00002973,images/raw/gbif-inat/quercus_rubra/6131175383_1.jpg,Quercus rubra,usda:QURU
gbif-inat:00002958,images/raw/gbif-inat/quercus_rubra/6130796686_1.jpg,Quercus rubra,usda:QURU
gbif-inat:00002952,images/raw/gbif-inat/quercus_rubra/6130665013_1.jpg,Quercus rubra,usda:QURU
gbif-inat:00002989,images/raw/gbif-inat/quercus_rubra/6131552889_1.jpg,Quercus rubra,usda:QURU
gbif-inat:00002957,images/raw/gbif-inat/quercus_rubra/6130779089_1.jpg,Quercus rubra,usda:QURU
gbif-inat:00002964,images/raw/gbif-inat/quercus_rubra/6130975283_1.jpg,Quercus rubra,usda:QURU
gbif-inat:00002971,images/raw/gbif-inat/quercus_rubra/6131113883_1.jpg,Quercus rubra,usda:QURU
gbif-inat:00000671,images/raw/gbif-inat/quercus_rubra/5938476749_1.jpg,Quercus rubra,usda:QURU
gbif-inat:00002981,images/raw/gbif-inat/quercus_rubra/6131271153_1.jpg,Quercus rubra,usda:QURU
gbif-inat:00002943,images/raw/gbif-inat/quercus_rubra/6130571655_1.jpg,Quercus rubra,usda:QURU
gbif-inat:00002962,images/raw/gbif-inat/quercus_rubra/6130872589_1.jpg,Quercus rubra,usda:QURU
gbif-inat:00002954,images/raw/gbif-inat/quercus_rubra/6130736948_1.jpg,Quercus rubra,usda:QURU
gbif-inat:00002934,images/raw/gbif-inat/quercus_rubra/6130220906_1.jpg,Quercus rubra,usda:QURU
gbif-inat:00002987,images/raw/gbif-inat/quercus_rubra/6131441353_1.jpg,Quercus rubra,usda:QURU
gbif-inat:00000684,images/raw/gbif-inat/quercus_rubra/6130001722_1.jpg,Quercus rubra,usda:QURU
gbif-inat:00002967,images/raw/gbif-inat/quercus_rubra/6131008637_1.jpg,Quercus rubra,usda:QURU
gbif-inat:00002977,images/raw/gbif-inat/quercus_rubra/6131215380_2.jpg,Quercus rubra,usda:QURU
gbif-inat:00002978,images/raw/gbif-inat/quercus_rubra/6131215380_3.jpg,Quercus rubra,usda:QURU
gbif-inat:00002968,images/raw/gbif-inat/quercus_rubra/6131064501_1.jpg,Quercus rubra,usda:QURU
gbif-inat:00002923,images/raw/gbif-inat/quercus_rubra/6130130581_2.jpg,Quercus rubra,usda:QURU
gbif-inat:00002921,images/raw/gbif-inat/quercus_rubra/6130109169_1.jpg,Quercus rubra,usda:QURU
gbif-inat:00000668,images/raw/gbif-inat/quercus_rubra/5938231773_2.jpg,Quercus rubra,usda:QURU
gbif-inat:00000679,images/raw/gbif-inat/quercus_rubra/6129888363_1.jpg,Quercus rubra,usda:QURU
gbif-inat:00002980,images/raw/gbif-inat/quercus_rubra/6131268795_1.jpg,Quercus rubra,usda:QURU
gbif-inat:00002937,images/raw/gbif-inat/quercus_rubra/6130411644_1.jpg,Quercus rubra,usda:QURU
gbif-inat:00002986,images/raw/gbif-inat/quercus_rubra/6131394876_1.jpg,Quercus rubra,usda:QURU
gbif-inat:00002924,images/raw/gbif-inat/quercus_rubra/6130130581_3.jpg,Quercus rubra,usda:QURU
gbif-inat:00000688,images/raw/gbif-inat/quercus_rubra/6130045535_1.jpg,Quercus rubra,usda:QURU
gbif-inat:00000663,images/raw/gbif-inat/quercus_rubra/5938142675_2.jpg,Quercus rubra,usda:QURU
gbif-inat:00000686,images/raw/gbif-inat/quercus_rubra/6130034237_1.jpg,Quercus rubra,usda:QURU
gbif-inat:00002936,images/raw/gbif-inat/quercus_rubra/6130362378_1.jpg,Quercus rubra,usda:QURU
gbif-inat:00002984,images/raw/gbif-inat/quercus_rubra/6131361054_2.jpg,Quercus rubra,usda:QURU
gbif-inat:00000669,images/raw/gbif-inat/quercus_rubra/5938258569_1.jpg,Quercus rubra,usda:QURU
gbif-inat:00002946,images/raw/gbif-inat/quercus_rubra/6130571655_4.jpg,Quercus rubra,usda:QURU
gbif-inat:00000675,images/raw/gbif-inat/quercus_rubra/5938631739_2.jpg,Quercus rubra,usda:QURU
gbif-inat:00000680,images/raw/gbif-inat/quercus_rubra/6129919199_1.jpg,Quercus rubra,usda:QURU
gbif-inat:00002966,images/raw/gbif-inat/quercus_rubra/6131003101_1.jpg,Quercus rubra,usda:QURU
gbif-inat:00002950,images/raw/gbif-inat/quercus_rubra/6130611537_3.jpg,Quercus rubra,usda:QURU
gbif-inat:00000661,images/raw/gbif-inat/quercus_rubra/5938063976_1.jpg,Quercus rubra,usda:QURU
gbif-inat:00000662,images/raw/gbif-inat/quercus_rubra/5938142675_1.jpg,Quercus rubra,usda:QURU
gbif-inat:00000682,images/raw/gbif-inat/quercus_rubra/6129950124_1.jpg,Quercus rubra,usda:QURU
gbif-inat:00002975,images/raw/gbif-inat/quercus_rubra/6131199411_2.jpg,Quercus rubra,usda:QURU
gbif-inat:00002965,images/raw/gbif-inat/quercus_rubra/6130982910_1.jpg,Quercus rubra,usda:QURU
gbif-inat:00002942,images/raw/gbif-inat/quercus_rubra/6130469448_1.jpg,Quercus rubra,usda:QURU
gbif-inat:00002927,images/raw/gbif-inat/quercus_rubra/6130149752_1.jpg,Quercus rubra,usda:QURU
gbif-inat:00000678,images/raw/gbif-inat/quercus_rubra/6129858030_1.jpg,Quercus rubra,usda:QURU
gbif-inat:00002949,images/raw/gbif-inat/quercus_rubra/6130611537_2.jpg,Quercus rubra,usda:QURU
gbif-inat:00002988,images/raw/gbif-inat/quercus_rubra/6131455570_1.jpg,Quercus rubra,usda:QURU
gbif-inat:00000683,images/raw/gbif-inat/quercus_rubra/6129992169_1.jpg,Quercus rubra,usda:QURU
gbif-inat:00002941,images/raw/gbif-inat/quercus_rubra/6130448356_2.jpg,Quercus rubra,usda:QURU
gbif-inat:00000665,images/raw/gbif-inat/quercus_rubra/5938204730_1.jpg,Quercus rubra,usda:QURU
gbif-inat:00002959,images/raw/gbif-inat/quercus_rubra/6130810222_1.jpg,Quercus rubra,usda:QURU
gbif-inat:00000690,images/raw/gbif-inat/quercus_rubra/6130070169_1.jpg,Quercus rubra,usda:QURU
gbif-inat:00002969,images/raw/gbif-inat/quercus_rubra/6131066779_1.jpg,Quercus rubra,usda:QURU
gbif-inat:00002961,images/raw/gbif-inat/quercus_rubra/6130832751_1.jpg,Quercus rubra,usda:QURU
gbif-inat:00002938,images/raw/gbif-inat/quercus_rubra/6130428690_1.jpg,Quercus rubra,usda:QURU
gbif-inat:00002945,images/raw/gbif-inat/quercus_rubra/6130571655_3.jpg,Quercus rubra,usda:QURU
gbif-inat:00002399,images/raw/gbif-inat/rubus_allegheniensis/6273579971_1.jpg,Rubus allegheniensis,usda:RUAL
gbif-inat:00000435,images/raw/gbif-inat/rubus_allegheniensis/6185607947_2.jpg,Rubus allegheniensis,usda:RUAL
gbif-inat:00002372,images/raw/gbif-inat/rubus_allegheniensis/6251783402_4.jpg,Rubus allegheniensis,usda:RUAL
gbif-inat:00000433,images/raw/gbif-inat/rubus_allegheniensis/6179165425_4.jpg,Rubus allegheniensis,usda:RUAL
gbif-inat:00002390,images/raw/gbif-inat/rubus_allegheniensis/6252909767_1.jpg,Rubus allegheniensis,usda:RUAL
gbif-inat:00002384,images/raw/gbif-inat/rubus_allegheniensis/6252253203_3.jpg,Rubus allegheniensis,usda:RUAL
gbif-inat:00002424,images/raw/gbif-inat/rubus_allegheniensis/6274166388_6.jpg,Rubus allegheniensis,usda:RUAL
gbif-inat:00002391,images/raw/gbif-inat/rubus_allegheniensis/6253052303_1.jpg,Rubus allegheniensis,usda:RUAL
gbif-inat:00002381,images/raw/gbif-inat/rubus_allegheniensis/6252076461_1.jpg,Rubus allegheniensis,usda:RUAL
gbif-inat:00000425,images/raw/gbif-inat/rubus_allegheniensis/6178342270_1.jpg,Rubus allegheniensis,usda:RUAL
gbif-inat:00000434,images/raw/gbif-inat/rubus_allegheniensis/6185607947_1.jpg,Rubus allegheniensis,usda:RUAL
gbif-inat:00002377,images/raw/gbif-inat/rubus_allegheniensis/6251988550_2.jpg,Rubus allegheniensis,usda:RUAL
gbif-inat:00000431,images/raw/gbif-inat/rubus_allegheniensis/6179165425_2.jpg,Rubus allegheniensis,usda:RUAL
gbif-inat:00002376,images/raw/gbif-inat/rubus_allegheniensis/6251988550_1.jpg,Rubus allegheniensis,usda:RUAL
gbif-inat:00002423,images/raw/gbif-inat/rubus_allegheniensis/6274166388_5.jpg,Rubus allegheniensis,usda:RUAL
gbif-inat:00000440,images/raw/gbif-inat/rubus_allegheniensis/6185607947_7.jpg,Rubus allegheniensis,usda:RUAL
gbif-inat:00002393,images/raw/gbif-inat/rubus_allegheniensis/6253262660_2.jpg,Rubus allegheniensis,usda:RUAL
gbif-inat:00000430,images/raw/gbif-inat/rubus_allegheniensis/6179165425_1.jpg,Rubus allegheniensis,usda:RUAL
gbif-inat:00002409,images/raw/gbif-inat/rubus_allegheniensis/6273236161_2.jpg,Rubus allegheniensis,usda:RUAL
gbif-inat:00002383,images/raw/gbif-inat/rubus_allegheniensis/6252253203_2.jpg,Rubus allegheniensis,usda:RUAL
gbif-inat:00002413,images/raw/gbif-inat/rubus_allegheniensis/6273391038_1.jpg,Rubus allegheniensis,usda:RUAL
gbif-inat:00002425,images/raw/gbif-inat/rubus_allegheniensis/6274166388_7.jpg,Rubus allegheniensis,usda:RUAL
gbif-inat:00002395,images/raw/gbif-inat/rubus_allegheniensis/6253371513_1.jpg,Rubus allegheniensis,usda:RUAL
gbif-inat:00002367,images/raw/gbif-inat/rubus_allegheniensis/6251472150_1.jpg,Rubus allegheniensis,usda:RUAL
gbif-inat:00000437,images/raw/gbif-inat/rubus_allegheniensis/6185607947_4.jpg,Rubus allegheniensis,usda:RUAL
gbif-inat:00002365,images/raw/gbif-inat/rubus_allegheniensis/6235814089_2.jpg,Rubus allegheniensis,usda:RUAL
gbif-inat:00002418,images/raw/gbif-inat/rubus_allegheniensis/6274110956_3.jpg,Rubus allegheniensis,usda:RUAL
gbif-inat:00002373,images/raw/gbif-inat/rubus_allegheniensis/6251804254_1.jpg,Rubus allegheniensis,usda:RUAL
gbif-inat:00002378,images/raw/gbif-inat/rubus_allegheniensis/6251988550_3.jpg,Rubus allegheniensis,usda:RUAL
gbif-inat:00000438,images/raw/gbif-inat/rubus_allegheniensis/6185607947_5.jpg,Rubus allegheniensis,usda:RUAL
gbif-inat:00002417,images/raw/gbif-inat/rubus_allegheniensis/6274110956_2.jpg,Rubus allegheniensis,usda:RUAL
gbif-inat:00002387,images/raw/gbif-inat/rubus_allegheniensis/6252342290_1.jpg,Rubus allegheniensis,usda:RUAL
gbif-inat:00002389,images/raw/gbif-inat/rubus_allegheniensis/6252342290_3.jpg,Rubus allegheniensis,usda:RUAL
gbif-inat:00002361,images/raw/gbif-inat/rubus_allegheniensis/6235191228_7.jpg,Rubus allegheniensis,usda:RUAL
gbif-inat:00002400,images/raw/gbif-inat/rubus_allegheniensis/6273778311_1.jpg,Rubus allegheniensis,usda:RUAL
gbif-inat:00000426,images/raw/gbif-inat/rubus_allegheniensis/6178342270_2.jpg,Rubus allegheniensis,usda:RUAL
gbif-inat:00002414,images/raw/gbif-inat/rubus_allegheniensis/6273391038_2.jpg,Rubus allegheniensis,usda:RUAL
gbif-inat:00002421,images/raw/gbif-inat/rubus_allegheniensis/6274166388_3.jpg,Rubus allegheniensis,usda:RUAL
gbif-inat:00002371,images/raw/gbif-inat/rubus_allegheniensis/6251783402_3.jpg,Rubus allegheniensis,usda:RUAL
gbif-inat:00000436,images/raw/gbif-inat/rubus_allegheniensis/6185607947_3.jpg,Rubus allegheniensis,usda:RUAL
gbif-inat:00000427,images/raw/gbif-inat/rubus_allegheniensis/6178342270_3.jpg,Rubus allegheniensis,usda:RUAL
gbif-inat:00002370,images/raw/gbif-inat/rubus_allegheniensis/6251783402_2.jpg,Rubus allegheniensis,usda:RUAL
gbif-inat:00002404,images/raw/gbif-inat/rubus_allegheniensis/6253239225_1.jpg,Rubus allegheniensis,usda:RUAL
gbif-inat:00002380,images/raw/gbif-inat/rubus_allegheniensis/6252073274_1.jpg,Rubus allegheniensis,usda:RUAL
gbif-inat:00000439,images/raw/gbif-inat/rubus_allegheniensis/6185607947_6.jpg,Rubus allegheniensis,usda:RUAL
gbif-inat:00002374,images/raw/gbif-inat/rubus_allegheniensis/6251819769_1.jpg,Rubus allegheniensis,usda:RUAL
gbif-inat:00002401,images/raw/gbif-inat/rubus_allegheniensis/6274206092_1.jpg,Rubus allegheniensis,usda:RUAL
gbif-inat:00002394,images/raw/gbif-inat/rubus_allegheniensis/6253262660_3.jpg,Rubus allegheniensis,usda:RUAL
gbif-inat:00000444,images/raw/gbif-inat/rubus_allegheniensis/6234642979_1.jpg,Rubus allegheniensis,usda:RUAL
gbif-inat:00000441,images/raw/gbif-inat/rubus_allegheniensis/6185652734_1.jpg,Rubus allegheniensis,usda:RUAL
gbif-inat:00002415,images/raw/gbif-inat/rubus_allegheniensis/6273391038_3.jpg,Rubus allegheniensis,usda:RUAL
gbif-inat:00002422,images/raw/gbif-inat/rubus_allegheniensis/6274166388_4.jpg,Rubus allegheniensis,usda:RUAL
gbif-inat:00002364,images/raw/gbif-inat/rubus_allegheniensis/6235814089_1.jpg,Rubus allegheniensis,usda:RUAL
gbif-inat:00000443,images/raw/gbif-inat/rubus_allegheniensis/6185652734_3.jpg,Rubus allegheniensis,usda:RUAL
gbif-inat:00000442,images/raw/gbif-inat/rubus_allegheniensis/6185652734_2.jpg,Rubus allegheniensis,usda:RUAL
gbif-inat:00000445,images/raw/gbif-inat/rubus_allegheniensis/6235191228_1.jpg,Rubus allegheniensis,usda:RUAL
gbif-inat:00000424,images/raw/gbif-inat/rubus_allegheniensis/6179247675_4.jpg,Rubus allegheniensis,usda:RUAL
gbif-inat:00002362,images/raw/gbif-inat/rubus_allegheniensis/6235191228_8.jpg,Rubus allegheniensis,usda:RUAL
gbif-inat:00002403,images/raw/gbif-inat/rubus_allegheniensis/6252806851_1.jpg,Rubus allegheniensis,usda:RUAL
gbif-inat:00000428,images/raw/gbif-inat/rubus_allegheniensis/6178342270_4.jpg,Rubus allegheniensis,usda:RUAL
gbif-inat:00002407,images/raw/gbif-inat/rubus_allegheniensis/6253307658_1.jpg,Rubus allegheniensis,usda:RUAL
gbif-inat:00002427,images/raw/gbif-inat/rubus_allegheniensis/6274166388_9.jpg,Rubus allegheniensis,usda:RUAL
gbif-inat:00002430,images/raw/gbif-inat/rubus_allegheniensis/6274166388_12.jpg,Rubus allegheniensis,usda:RUAL
gbif-inat:00002385,images/raw/gbif-inat/rubus_allegheniensis/6252253203_4.jpg,Rubus allegheniensis,usda:RUAL
gbif-inat:00000423,images/raw/gbif-inat/rubus_allegheniensis/6179247675_3.jpg,Rubus allegheniensis,usda:RUAL
gbif-inat:00000432,images/raw/gbif-inat/rubus_allegheniensis/6179165425_3.jpg,Rubus allegheniensis,usda:RUAL
gbif-inat:00002412,images/raw/gbif-inat/rubus_allegheniensis/6273275402_1.jpg,Rubus allegheniensis,usda:RUAL
gbif-inat:00002379,images/raw/gbif-inat/rubus_allegheniensis/6251988550_4.jpg,Rubus allegheniensis,usda:RUAL
gbif-inat:00002410,images/raw/gbif-inat/rubus_allegheniensis/6273236161_3.jpg,Rubus allegheniensis,usda:RUAL
gbif-inat:00002406,images/raw/gbif-inat/rubus_allegheniensis/6253239225_3.jpg,Rubus allegheniensis,usda:RUAL
gbif-inat:00002499,images/raw/gbif-inat/rubus_idaeus/6321087737_2.jpg,Rubus idaeus,usda:RUID
gbif-inat:00002463,images/raw/gbif-inat/rubus_idaeus/6274176429_2.jpg,Rubus idaeus,usda:RUID
gbif-inat:00002475,images/raw/gbif-inat/rubus_idaeus/6273237387_2.jpg,Rubus idaeus,usda:RUID
gbif-inat:00002493,images/raw/gbif-inat/rubus_idaeus/6274292700_1.jpg,Rubus idaeus,usda:RUID
gbif-inat:00002455,images/raw/gbif-inat/rubus_idaeus/6252722945_1.jpg,Rubus idaeus,usda:RUID
gbif-inat:00002440,images/raw/gbif-inat/rubus_idaeus/6236541478_4.jpg,Rubus idaeus,usda:RUID
gbif-inat:00002488,images/raw/gbif-inat/rubus_idaeus/6273897576_1.jpg,Rubus idaeus,usda:RUID
gbif-inat:00002445,images/raw/gbif-inat/rubus_idaeus/6236541478_9.jpg,Rubus idaeus,usda:RUID
gbif-inat:00000455,images/raw/gbif-inat/rubus_idaeus/6185450353_1.jpg,Rubus idaeus,usda:RUID
gbif-inat:00002459,images/raw/gbif-inat/rubus_idaeus/6253100766_1.jpg,Rubus idaeus,usda:RUID
gbif-inat:00002452,images/raw/gbif-inat/rubus_idaeus/6252413444_1.jpg,Rubus idaeus,usda:RUID
gbif-inat:00002444,images/raw/gbif-inat/rubus_idaeus/6236541478_8.jpg,Rubus idaeus,usda:RUID
gbif-inat:00000452,images/raw/gbif-inat/rubus_idaeus/6179178906_2.jpg,Rubus idaeus,usda:RUID
gbif-inat:00002471,images/raw/gbif-inat/rubus_idaeus/6253146133_1.jpg,Rubus idaeus,usda:RUID
gbif-inat:00000468,images/raw/gbif-inat/rubus_idaeus/6234994504_3.jpg,Rubus idaeus,usda:RUID
gbif-inat:00002462,images/raw/gbif-inat/rubus_idaeus/6274176429_1.jpg,Rubus idaeus,usda:RUID
gbif-inat:00002478,images/raw/gbif-inat/rubus_idaeus/6273526988_1.jpg,Rubus idaeus,usda:RUID
gbif-inat:00002481,images/raw/gbif-inat/rubus_idaeus/6273565039_2.jpg,Rubus idaeus,usda:RUID
gbif-inat:00002435,images/raw/gbif-inat/rubus_idaeus/6236510820_2.jpg,Rubus idaeus,usda:RUID
gbif-inat:00002438,images/raw/gbif-inat/rubus_idaeus/6236541478_2.jpg,Rubus idaeus,usda:RUID
gbif-inat:00002485,images/raw/gbif-inat/rubus_idaeus/6273603455_3.jpg,Rubus idaeus,usda:RUID
gbif-inat:00000463,images/raw/gbif-inat/rubus_idaeus/6234863882_1.jpg,Rubus idaeus,usda:RUID
gbif-inat:00002451,images/raw/gbif-inat/rubus_idaeus/6252378565_1.jpg,Rubus idaeus,usda:RUID
gbif-inat:00002487,images/raw/gbif-inat/rubus_idaeus/6273796597_2.jpg,Rubus idaeus,usda:RUID
gbif-inat:00000466,images/raw/gbif-inat/rubus_idaeus/6234994504_1.jpg,Rubus idaeus,usda:RUID
gbif-inat:00000474,images/raw/gbif-inat/rubus_idaeus/6235767294_2.jpg,Rubus idaeus,usda:RUID
gbif-inat:00000469,images/raw/gbif-inat/rubus_idaeus/6234994504_4.jpg,Rubus idaeus,usda:RUID
gbif-inat:00002433,images/raw/gbif-inat/rubus_idaeus/6236316675_1.jpg,Rubus idaeus,usda:RUID
gbif-inat:00002465,images/raw/gbif-inat/rubus_idaeus/6320768090_1.jpg,Rubus idaeus,usda:RUID
gbif-inat:00002489,images/raw/gbif-inat/rubus_idaeus/6273928970_1.jpg,Rubus idaeus,usda:RUID
gbif-inat:00002434,images/raw/gbif-inat/rubus_idaeus/6236510820_1.jpg,Rubus idaeus,usda:RUID
gbif-inat:00002442,images/raw/gbif-inat/rubus_idaeus/6236541478_6.jpg,Rubus idaeus,usda:RUID
gbif-inat:00002439,images/raw/gbif-inat/rubus_idaeus/6236541478_3.jpg,Rubus idaeus,usda:RUID
gbif-inat:00000479,images/raw/gbif-inat/rubus_idaeus/6235971356_1.jpg,Rubus idaeus,usda:RUID
gbif-inat:00000465,images/raw/gbif-inat/rubus_idaeus/6234917701_1.jpg,Rubus idaeus,usda:RUID
gbif-inat:00002492,images/raw/gbif-inat/rubus_idaeus/6274113509_1.jpg,Rubus idaeus,usda:RUID
gbif-inat:00002494,images/raw/gbif-inat/rubus_idaeus/6320292559_1.jpg,Rubus idaeus,usda:RUID
gbif-inat:00000472,images/raw/gbif-inat/rubus_idaeus/6235672402_1.jpg,Rubus idaeus,usda:RUID
gbif-inat:00000462,images/raw/gbif-inat/rubus_idaeus/6234645962_3.jpg,Rubus idaeus,usda:RUID
gbif-inat:00000478,images/raw/gbif-inat/rubus_idaeus/6235767294_6.jpg,Rubus idaeus,usda:RUID
gbif-inat:00002437,images/raw/gbif-inat/rubus_idaeus/6236541478_1.jpg,Rubus idaeus,usda:RUID
gbif-inat:00000459,images/raw/gbif-inat/rubus_idaeus/6188350411_3.jpg,Rubus idaeus,usda:RUID
gbif-inat:00002443,images/raw/gbif-inat/rubus_idaeus/6236541478_7.jpg,Rubus idaeus,usda:RUID
gbif-inat:00002461,images/raw/gbif-inat/rubus_idaeus/6273273351_1.jpg,Rubus idaeus,usda:RUID
gbif-inat:00002491,images/raw/gbif-inat/rubus_idaeus/6274066656_2.jpg,Rubus idaeus,usda:RUID
gbif-inat:00002468,images/raw/gbif-inat/rubus_idaeus/6321169709_2.jpg,Rubus idaeus,usda:RUID
gbif-inat:00000476,images/raw/gbif-inat/rubus_idaeus/6235767294_4.jpg,Rubus idaeus,usda:RUID
gbif-inat:00000477,images/raw/gbif-inat/rubus_idaeus/6235767294_5.jpg,Rubus idaeus,usda:RUID
gbif-inat:00002482,images/raw/gbif-inat/rubus_idaeus/6273565039_3.jpg,Rubus idaeus,usda:RUID
gbif-inat:00002473,images/raw/gbif-inat/rubus_idaeus/6253146133_3.jpg,Rubus idaeus,usda:RUID
gbif-inat:00002498,images/raw/gbif-inat/rubus_idaeus/6321087737_1.jpg,Rubus idaeus,usda:RUID
gbif-inat:00002496,images/raw/gbif-inat/rubus_idaeus/6320420380_1.jpg,Rubus idaeus,usda:RUID
gbif-inat:00002483,images/raw/gbif-inat/rubus_idaeus/6273603455_1.jpg,Rubus idaeus,usda:RUID
gbif-inat:00002500,images/raw/gbif-inat/rubus_idaeus/6321143941_1.jpg,Rubus idaeus,usda:RUID
gbif-inat:00000470,images/raw/gbif-inat/rubus_idaeus/6235030303_1.jpg,Rubus idaeus,usda:RUID
gbif-inat:00002486,images/raw/gbif-inat/rubus_idaeus/6273796597_1.jpg,Rubus idaeus,usda:RUID
gbif-inat:00000453,images/raw/gbif-inat/rubus_idaeus/6178421237_1.jpg,Rubus idaeus,usda:RUID
gbif-inat:00002469,images/raw/gbif-inat/rubus_idaeus/6251583098_1.jpg,Rubus idaeus,usda:RUID
gbif-inat:00002454,images/raw/gbif-inat/rubus_idaeus/6252521437_1.jpg,Rubus idaeus,usda:RUID
gbif-inat:00002466,images/raw/gbif-inat/rubus_idaeus/6321058487_1.jpg,Rubus idaeus,usda:RUID
gbif-inat:00002453,images/raw/gbif-inat/rubus_idaeus/6252413444_2.jpg,Rubus idaeus,usda:RUID
gbif-inat:00002456,images/raw/gbif-inat/rubus_idaeus/6252742319_1.jpg,Rubus idaeus,usda:RUID
gbif-inat:00002449,images/raw/gbif-inat/rubus_idaeus/6252356917_2.jpg,Rubus idaeus,usda:RUID
gbif-inat:00002476,images/raw/gbif-inat/rubus_idaeus/6273441630_1.jpg,Rubus idaeus,usda:RUID
gbif-inat:00000471,images/raw/gbif-inat/rubus_idaeus/6235066337_1.jpg,Rubus idaeus,usda:RUID
gbif-inat:00002460,images/raw/gbif-inat/rubus_idaeus/6253149408_1.jpg,Rubus idaeus,usda:RUID
gbif-inat:00002458,images/raw/gbif-inat/rubus_idaeus/6252746441_2.jpg,Rubus idaeus,usda:RUID
gbif-inat:00000475,images/raw/gbif-inat/rubus_idaeus/6235767294_3.jpg,Rubus idaeus,usda:RUID
gbif-inat:00002432,images/raw/gbif-inat/rubus_idaeus/6236201124_1.jpg,Rubus idaeus,usda:RUID
gbif-inat:00002436,images/raw/gbif-inat/rubus_idaeus/6236518767_1.jpg,Rubus idaeus,usda:RUID
gbif-inat:00002696,images/raw/gbif-inat/sambucus_nigra/2984422472_1.jpg,Sambucus nigra,usda:SANIC4
gbif-inat:00002674,images/raw/gbif-inat/sambucus_nigra/3784911358_1.jpg,Sambucus nigra,usda:SANIC4
gbif-inat:00000541,images/raw/gbif-inat/sambucus_nigra/6185300112_1.jpg,Sambucus nigra,usda:SANIC4
gbif-inat:00000559,images/raw/gbif-inat/sambucus_nigra/4901818550_3.jpg,Sambucus nigra,usda:SANIC4
gbif-inat:00002642,images/raw/gbif-inat/sambucus_nigra/4400230961_1.jpg,Sambucus nigra,usda:SANIC4
gbif-inat:00002690,images/raw/gbif-inat/sambucus_nigra/2856519499_2.jpg,Sambucus nigra,usda:SANIC4
gbif-inat:00000549,images/raw/gbif-inat/sambucus_nigra/5198576579_1.jpg,Sambucus nigra,usda:SANIC4
gbif-inat:00002688,images/raw/gbif-inat/sambucus_nigra/4145442321_1.jpg,Sambucus nigra,usda:SANIC4
gbif-inat:00002709,images/raw/gbif-inat/sambucus_nigra/5282037613_1.jpg,Sambucus nigra,usda:SANIC4
gbif-inat:00002693,images/raw/gbif-inat/sambucus_nigra/2984388429_1.jpg,Sambucus nigra,usda:SANIC4
gbif-inat:00000570,images/raw/gbif-inat/sambucus_nigra/4400148496_1.jpg,Sambucus nigra,usda:SANIC4
gbif-inat:00002685,images/raw/gbif-inat/sambucus_nigra/2814475867_1.jpg,Sambucus nigra,usda:SANIC4
gbif-inat:00002653,images/raw/gbif-inat/sambucus_nigra/4407342063_1.jpg,Sambucus nigra,usda:SANIC4
gbif-inat:00002681,images/raw/gbif-inat/sambucus_nigra/3355236749_1.jpg,Sambucus nigra,usda:SANIC4
gbif-inat:00002691,images/raw/gbif-inat/sambucus_nigra/2856519499_3.jpg,Sambucus nigra,usda:SANIC4
gbif-inat:00002649,images/raw/gbif-inat/sambucus_nigra/4407530033_1.jpg,Sambucus nigra,usda:SANIC4
gbif-inat:00000546,images/raw/gbif-inat/sambucus_nigra/5140246193_1.jpg,Sambucus nigra,usda:SANIC4
gbif-inat:00000548,images/raw/gbif-inat/sambucus_nigra/5176401056_1.jpg,Sambucus nigra,usda:SANIC4
gbif-inat:00002686,images/raw/gbif-inat/sambucus_nigra/2814475867_2.jpg,Sambucus nigra,usda:SANIC4
gbif-inat:00000561,images/raw/gbif-inat/sambucus_nigra/4923965464_1.jpg,Sambucus nigra,usda:SANIC4
gbif-inat:00000544,images/raw/gbif-inat/sambucus_nigra/5134708327_3.jpg,Sambucus nigra,usda:SANIC4
gbif-inat:00000563,images/raw/gbif-inat/sambucus_nigra/4126869752_1.jpg,Sambucus nigra,usda:SANIC4
gbif-inat:00002697,images/raw/gbif-inat/sambucus_nigra/2984422472_2.jpg,Sambucus nigra,usda:SANIC4
gbif-inat:00000553,images/raw/gbif-inat/sambucus_nigra/5840010733_2.jpg,Sambucus nigra,usda:SANIC4
gbif-inat:00002655,images/raw/gbif-inat/sambucus_nigra/4407453055_2.jpg,Sambucus nigra,usda:SANIC4
gbif-inat:00000555,images/raw/gbif-inat/sambucus_nigra/5908742153_1.jpg,Sambucus nigra,usda:SANIC4
gbif-inat:00002702,images/raw/gbif-inat/sambucus_nigra/5292862571_1.jpg,Sambucus nigra,usda:SANIC4
gbif-inat:00000551,images/raw/gbif-inat/sambucus_nigra/5198945462_1.jpg,Sambucus nigra,usda:SANIC4
gbif-inat:00002683,images/raw/gbif-inat/sambucus_nigra/4458321535_1.jpg,Sambucus nigra,usda:SANIC4
gbif-inat:00002665,images/raw/gbif-inat/sambucus_nigra/4075627647_2.jpg,Sambucus nigra,usda:SANIC4
gbif-inat:00000560,images/raw/gbif-inat/sambucus_nigra/4946313593_1.jpg,Sambucus nigra,usda:SANIC4
gbif-inat:00002700,images/raw/gbif-inat/sambucus_nigra/2984500476_2.jpg,Sambucus nigra,usda:SANIC4
gbif-inat:00002646,images/raw/gbif-inat/sambucus_nigra/4405587648_1.jpg,Sambucus nigra,usda:SANIC4
gbif-inat:00002671,images/raw/gbif-inat/sambucus_nigra/3902249414_3.jpg,Sambucus nigra,usda:SANIC4
gbif-inat:00000554,images/raw/gbif-inat/sambucus_nigra/5892975316_1.jpg,Sambucus nigra,usda:SANIC4
gbif-inat:00002660,images/raw/gbif-inat/sambucus_nigra/4414117907_1.jpg,Sambucus nigra,usda:SANIC4
gbif-inat:00002663,images/raw/gbif-inat/sambucus_nigra/4424507426_1.jpg,Sambucus nigra,usda:SANIC4
gbif-inat:00002666,images/raw/gbif-inat/sambucus_nigra/4075627647_3.jpg,Sambucus nigra,usda:SANIC4
gbif-inat:00002695,images/raw/gbif-inat/sambucus_nigra/2984388429_3.jpg,Sambucus nigra,usda:SANIC4
gbif-inat:00002650,images/raw/gbif-inat/sambucus_nigra/4407530033_2.jpg,Sambucus nigra,usda:SANIC4
gbif-inat:00000569,images/raw/gbif-inat/sambucus_nigra/5828109502_3.jpg,Sambucus nigra,usda:SANIC4
gbif-inat:00002680,images/raw/gbif-inat/sambucus_nigra/3858289783_2.jpg,Sambucus nigra,usda:SANIC4
gbif-inat:00000547,images/raw/gbif-inat/sambucus_nigra/5153956725_1.jpg,Sambucus nigra,usda:SANIC4
gbif-inat:00002664,images/raw/gbif-inat/sambucus_nigra/4075627647_1.jpg,Sambucus nigra,usda:SANIC4
gbif-inat:00002658,images/raw/gbif-inat/sambucus_nigra/4413435048_1.jpg,Sambucus nigra,usda:SANIC4
gbif-inat:00002704,images/raw/gbif-inat/sambucus_nigra/2984361344_1.jpg,Sambucus nigra,usda:SANIC4
gbif-inat:00002659,images/raw/gbif-inat/sambucus_nigra/4413908026_1.jpg,Sambucus nigra,usda:SANIC4
gbif-inat:00002703,images/raw/gbif-inat/sambucus_nigra/2984497336_1.jpg,Sambucus nigra,usda:SANIC4
gbif-inat:00002684,images/raw/gbif-inat/sambucus_nigra/2634037337_1.jpg,Sambucus nigra,usda:SANIC4
gbif-inat:00002707,images/raw/gbif-inat/sambucus_nigra/4458375671_1.jpg,Sambucus nigra,usda:SANIC4
gbif-inat:00002676,images/raw/gbif-inat/sambucus_nigra/4102633362_2.jpg,Sambucus nigra,usda:SANIC4
gbif-inat:00002675,images/raw/gbif-inat/sambucus_nigra/4102633362_1.jpg,Sambucus nigra,usda:SANIC4
gbif-inat:00000566,images/raw/gbif-inat/sambucus_nigra/4953093038_1.jpg,Sambucus nigra,usda:SANIC4
gbif-inat:00000557,images/raw/gbif-inat/sambucus_nigra/4901818550_1.jpg,Sambucus nigra,usda:SANIC4
gbif-inat:00002706,images/raw/gbif-inat/sambucus_nigra/5167017301_1.jpg,Sambucus nigra,usda:SANIC4
gbif-inat:00000545,images/raw/gbif-inat/sambucus_nigra/5134708327_4.jpg,Sambucus nigra,usda:SANIC4
gbif-inat:00002647,images/raw/gbif-inat/sambucus_nigra/4405587648_2.jpg,Sambucus nigra,usda:SANIC4
gbif-inat:00000550,images/raw/gbif-inat/sambucus_nigra/5198915113_1.jpg,Sambucus nigra,usda:SANIC4
gbif-inat:00002641,images/raw/gbif-inat/sambucus_nigra/4400148496_2.jpg,Sambucus nigra,usda:SANIC4
gbif-inat:00002654,images/raw/gbif-inat/sambucus_nigra/4407453055_1.jpg,Sambucus nigra,usda:SANIC4
gbif-inat:00002708,images/raw/gbif-inat/sambucus_nigra/5292728239_1.jpg,Sambucus nigra,usda:SANIC4
gbif-inat:00002670,images/raw/gbif-inat/sambucus_nigra/3902249414_2.jpg,Sambucus nigra,usda:SANIC4
gbif-inat:00002678,images/raw/gbif-inat/sambucus_nigra/4102633362_4.jpg,Sambucus nigra,usda:SANIC4
gbif-inat:00002657,images/raw/gbif-inat/sambucus_nigra/4407548796_1.jpg,Sambucus nigra,usda:SANIC4
gbif-inat:00000562,images/raw/gbif-inat/sambucus_nigra/4121455328_1.jpg,Sambucus nigra,usda:SANIC4
gbif-inat:00002699,images/raw/gbif-inat/sambucus_nigra/2984500476_1.jpg,Sambucus nigra,usda:SANIC4
gbif-inat:00000556,images/raw/gbif-inat/sambucus_nigra/5908742153_2.jpg,Sambucus nigra,usda:SANIC4
gbif-inat:00000542,images/raw/gbif-inat/sambucus_nigra/5134708327_1.jpg,Sambucus nigra,usda:SANIC4
gbif-inat:00002643,images/raw/gbif-inat/sambucus_nigra/4400431873_1.jpg,Sambucus nigra,usda:SANIC4
gbif-inat:00002651,images/raw/gbif-inat/sambucus_nigra/4407530033_3.jpg,Sambucus nigra,usda:SANIC4
gbif-inat-toxic-round2:00314985,images/raw/gbif-inat-toxic-round2/solanum_dulcamara/5063476845_1.jpg,Solanum dulcamara,usda:SODU
gbif-inat-toxic-round2:00314685,images/raw/gbif-inat-toxic-round2/solanum_dulcamara/6236435752_1.jpg,Solanum dulcamara,usda:SODU
gbif-inat-toxic-round2:00314679,images/raw/gbif-inat-toxic-round2/solanum_dulcamara/6236178605_1.jpg,Solanum dulcamara,usda:SODU
gbif-inat:00001136,images/raw/gbif-inat/solanum_dulcamara/6171067019_6.jpg,Solanum dulcamara,usda:SODU
gbif-inat-toxic-round2:00314923,images/raw/gbif-inat-toxic-round2/solanum_dulcamara/6320805561_1.jpg,Solanum dulcamara,usda:SODU
gbif-inat-toxic-round2:00314885,images/raw/gbif-inat-toxic-round2/solanum_dulcamara/6320528666_3.jpg,Solanum dulcamara,usda:SODU
gbif-inat-toxic-round2:00315033,images/raw/gbif-inat-toxic-round2/solanum_dulcamara/5140014970_1.jpg,Solanum dulcamara,usda:SODU
gbif-inat:00003972,images/raw/gbif-inat/solanum_dulcamara/6185734193_2.jpg,Solanum dulcamara,usda:SODU
gbif-inat-toxic-round2:00314830,images/raw/gbif-inat-toxic-round2/solanum_dulcamara/6274087825_2.jpg,Solanum dulcamara,usda:SODU
gbif-inat-toxic-round2:00314974,images/raw/gbif-inat-toxic-round2/solanum_dulcamara/5007767436_1.jpg,Solanum dulcamara,usda:SODU
gbif-inat:00003999,images/raw/gbif-inat/solanum_dulcamara/6234305413_2.jpg,Solanum dulcamara,usda:SODU
gbif-inat-toxic-round2:00315015,images/raw/gbif-inat-toxic-round2/solanum_dulcamara/5167311971_1.jpg,Solanum dulcamara,usda:SODU
gbif-inat-toxic-round2:00315050,images/raw/gbif-inat-toxic-round2/solanum_dulcamara/5140353934_1.jpg,Solanum dulcamara,usda:SODU
gbif-inat:00004036,images/raw/gbif-inat/solanum_dulcamara/6235962667_1.jpg,Solanum dulcamara,usda:SODU
gbif-inat-toxic-round2:00315076,images/raw/gbif-inat-toxic-round2/solanum_dulcamara/5140760239_1.jpg,Solanum dulcamara,usda:SODU
gbif-inat-toxic-round2:00314853,images/raw/gbif-inat-toxic-round2/solanum_dulcamara/6320058463_2.jpg,Solanum dulcamara,usda:SODU
gbif-inat-toxic-round2:00314859,images/raw/gbif-inat-toxic-round2/solanum_dulcamara/6320134768_1.jpg,Solanum dulcamara,usda:SODU
gbif-inat-toxic-round2:00314777,images/raw/gbif-inat-toxic-round2/solanum_dulcamara/6273368446_2.jpg,Solanum dulcamara,usda:SODU
gbif-inat-toxic-round2:00314724,images/raw/gbif-inat-toxic-round2/solanum_dulcamara/6252623026_4.jpg,Solanum dulcamara,usda:SODU
gbif-inat-toxic-round2:00315024,images/raw/gbif-inat-toxic-round2/solanum_dulcamara/5133873478_1.jpg,Solanum dulcamara,usda:SODU
gbif-inat-toxic-round2:00314795,images/raw/gbif-inat-toxic-round2/solanum_dulcamara/6273594612_1.jpg,Solanum dulcamara,usda:SODU
gbif-inat-toxic-round2:00314765,images/raw/gbif-inat-toxic-round2/solanum_dulcamara/6273289436_3.jpg,Solanum dulcamara,usda:SODU
gbif-inat-toxic-round2:00315029,images/raw/gbif-inat-toxic-round2/solanum_dulcamara/5134535797_1.jpg,Solanum dulcamara,usda:SODU
gbif-inat-toxic-round2:00314931,images/raw/gbif-inat-toxic-round2/solanum_dulcamara/6320895977_2.jpg,Solanum dulcamara,usda:SODU
gbif-inat-toxic-round2:00314689,images/raw/gbif-inat-toxic-round2/solanum_dulcamara/6236510343_1.jpg,Solanum dulcamara,usda:SODU
gbif-inat-toxic-round2:00314737,images/raw/gbif-inat-toxic-round2/solanum_dulcamara/6273617308_2.jpg,Solanum dulcamara,usda:SODU
gbif-inat:00001117,images/raw/gbif-inat/solanum_dulcamara/6131292951_3.jpg,Solanum dulcamara,usda:SODU
gbif-inat-toxic-round2:00315010,images/raw/gbif-inat-toxic-round2/solanum_dulcamara/5167112929_3.jpg,Solanum dulcamara,usda:SODU
gbif-inat-toxic-round2:00314847,images/raw/gbif-inat-toxic-round2/solanum_dulcamara/6274243741_1.jpg,Solanum dulcamara,usda:SODU
gbif-inat-toxic-round2:00314799,images/raw/gbif-inat-toxic-round2/solanum_dulcamara/6273652789_1.jpg,Solanum dulcamara,usda:SODU
gbif-inat-toxic-round2:00314812,images/raw/gbif-inat-toxic-round2/solanum_dulcamara/6273804080_1.jpg,Solanum dulcamara,usda:SODU
gbif-inat-toxic-round2:00315052,images/raw/gbif-inat-toxic-round2/solanum_dulcamara/5140382720_1.jpg,Solanum dulcamara,usda:SODU
gbif-inat:00003991,images/raw/gbif-inat/solanum_dulcamara/6234168696_1.jpg,Solanum dulcamara,usda:SODU
gbif-inat-toxic-round2:00314824,images/raw/gbif-inat-toxic-round2/solanum_dulcamara/6274009409_2.jpg,Solanum dulcamara,usda:SODU
gbif-inat-toxic-round2:00314717,images/raw/gbif-inat-toxic-round2/solanum_dulcamara/6252512114_1.jpg,Solanum dulcamara,usda:SODU
gbif-inat-toxic-round2:00314706,images/raw/gbif-inat-toxic-round2/solanum_dulcamara/6252139674_1.jpg,Solanum dulcamara,usda:SODU
gbif-inat-toxic-round2:00314764,images/raw/gbif-inat-toxic-round2/solanum_dulcamara/6273289436_2.jpg,Solanum dulcamara,usda:SODU
gbif-inat:00003995,images/raw/gbif-inat/solanum_dulcamara/6234230486_2.jpg,Solanum dulcamara,usda:SODU
gbif-inat:00003990,images/raw/gbif-inat/solanum_dulcamara/6195268676_1.jpg,Solanum dulcamara,usda:SODU
gbif-inat-toxic-round2:00314708,images/raw/gbif-inat-toxic-round2/solanum_dulcamara/6252140464_1.jpg,Solanum dulcamara,usda:SODU
gbif-inat-toxic-round2:00314912,images/raw/gbif-inat-toxic-round2/solanum_dulcamara/6320709655_1.jpg,Solanum dulcamara,usda:SODU
gbif-inat:00003982,images/raw/gbif-inat/solanum_dulcamara/6184962268_3.jpg,Solanum dulcamara,usda:SODU
gbif-inat-toxic-round2:00314889,images/raw/gbif-inat-toxic-round2/solanum_dulcamara/6320555902_2.jpg,Solanum dulcamara,usda:SODU
gbif-inat:00003993,images/raw/gbif-inat/solanum_dulcamara/6234223515_1.jpg,Solanum dulcamara,usda:SODU
gbif-inat-toxic-round2:00315061,images/raw/gbif-inat-toxic-round2/solanum_dulcamara/5140466679_1.jpg,Solanum dulcamara,usda:SODU
gbif-inat-toxic-round2:00314758,images/raw/gbif-inat-toxic-round2/solanum_dulcamara/6273164554_2.jpg,Solanum dulcamara,usda:SODU
gbif-inat-toxic-round2:00315011,images/raw/gbif-inat-toxic-round2/solanum_dulcamara/5167112929_4.jpg,Solanum dulcamara,usda:SODU
gbif-inat:00004030,images/raw/gbif-inat/solanum_dulcamara/6235574998_2.jpg,Solanum dulcamara,usda:SODU
gbif-inat-toxic-round2:00314884,images/raw/gbif-inat-toxic-round2/solanum_dulcamara/6320528666_2.jpg,Solanum dulcamara,usda:SODU
gbif-inat-toxic-round2:00314719,images/raw/gbif-inat-toxic-round2/solanum_dulcamara/6252529819_1.jpg,Solanum dulcamara,usda:SODU
gbif-inat-toxic-round2:00314766,images/raw/gbif-inat-toxic-round2/solanum_dulcamara/6273289436_4.jpg,Solanum dulcamara,usda:SODU
gbif-inat-toxic-round2:00314755,images/raw/gbif-inat-toxic-round2/solanum_dulcamara/6252732077_1.jpg,Solanum dulcamara,usda:SODU
gbif-inat-toxic-round2:00314887,images/raw/gbif-inat-toxic-round2/solanum_dulcamara/6320528666_5.jpg,Solanum dulcamara,usda:SODU
gbif-inat-toxic-round2:00314829,images/raw/gbif-inat-toxic-round2/solanum_dulcamara/6274087825_1.jpg,Solanum dulcamara,usda:SODU
gbif-inat-toxic-round2:00314725,images/raw/gbif-inat-toxic-round2/solanum_dulcamara/6252623026_5.jpg,Solanum dulcamara,usda:SODU
gbif-inat-toxic-round2:00315042,images/raw/gbif-inat-toxic-round2/solanum_dulcamara/5140045903_4.jpg,Solanum dulcamara,usda:SODU
gbif-inat-toxic-round2:00314839,images/raw/gbif-inat-toxic-round2/solanum_dulcamara/6274099454_1.jpg,Solanum dulcamara,usda:SODU
gbif-inat:00001123,images/raw/gbif-inat/solanum_dulcamara/6147603929_2.jpg,Solanum dulcamara,usda:SODU
gbif-inat:00003988,images/raw/gbif-inat/solanum_dulcamara/6188488506_1.jpg,Solanum dulcamara,usda:SODU
gbif-inat-toxic-round2:00314789,images/raw/gbif-inat-toxic-round2/solanum_dulcamara/6273491378_1.jpg,Solanum dulcamara,usda:SODU
gbif-inat-toxic-round2:00315054,images/raw/gbif-inat-toxic-round2/solanum_dulcamara/5140412512_1.jpg,Solanum dulcamara,usda:SODU
gbif-inat-toxic-round2:00314763,images/raw/gbif-inat-toxic-round2/solanum_dulcamara/6273289436_1.jpg,Solanum dulcamara,usda:SODU
gbif-inat-toxic-round2:00314997,images/raw/gbif-inat-toxic-round2/solanum_dulcamara/5077008863_2.jpg,Solanum dulcamara,usda:SODU
gbif-inat-toxic-round2:00314987,images/raw/gbif-inat-toxic-round2/solanum_dulcamara/5063476845_3.jpg,Solanum dulcamara,usda:SODU
gbif-inat-toxic-round2:00315044,images/raw/gbif-inat-toxic-round2/solanum_dulcamara/5140255673_1.jpg,Solanum dulcamara,usda:SODU
gbif-inat-toxic-round2:00314695,images/raw/gbif-inat-toxic-round2/solanum_dulcamara/6251499870_2.jpg,Solanum dulcamara,usda:SODU
gbif-inat:00003992,images/raw/gbif-inat/solanum_dulcamara/6234168696_2.jpg,Solanum dulcamara,usda:SODU
gbif-inat-toxic-round2:00314951,images/raw/gbif-inat-toxic-round2/solanum_dulcamara/6321049061_1.jpg,Solanum dulcamara,usda:SODU
gbif-inat-toxic-round2:00314785,images/raw/gbif-inat-toxic-round2/solanum_dulcamara/6273455304_1.jpg,Solanum dulcamara,usda:SODU
gbif-inat-toxic-round2:00314734,images/raw/gbif-inat-toxic-round2/solanum_dulcamara/6253298762_1.jpg,Solanum dulcamara,usda:SODU
gbif-inat:00004033,images/raw/gbif-inat/solanum_dulcamara/6235756759_2.jpg,Solanum dulcamara,usda:SODU
gbif-inat-toxic-round2:00314863,images/raw/gbif-inat-toxic-round2/solanum_dulcamara/6320168060_1.jpg,Solanum dulcamara,usda:SODU
gbif-inat-toxic-round2:00314967,images/raw/gbif-inat-toxic-round2/solanum_dulcamara/6321189582_4.jpg,Solanum dulcamara,usda:SODU
gbif-inat:00004039,images/raw/gbif-inat/solanum_dulcamara/6236083268_1.jpg,Solanum dulcamara,usda:SODU
gbif-inat:00004012,images/raw/gbif-inat/solanum_dulcamara/6234761862_2.jpg,Solanum dulcamara,usda:SODU
gbif-inat-toxic-round2:00314929,images/raw/gbif-inat-toxic-round2/solanum_dulcamara/6320820791_1.jpg,Solanum dulcamara,usda:SODU
gbif-inat-toxic-round2:00314738,images/raw/gbif-inat-toxic-round2/solanum_dulcamara/6273807889_1.jpg,Solanum dulcamara,usda:SODU
gbif-inat-toxic-round2:00315037,images/raw/gbif-inat-toxic-round2/solanum_dulcamara/5140030700_4.jpg,Solanum dulcamara,usda:SODU
gbif-inat:00004023,images/raw/gbif-inat/solanum_dulcamara/6235334401_3.jpg,Solanum dulcamara,usda:SODU
gbif-inat-toxic-round2:00314933,images/raw/gbif-inat-toxic-round2/solanum_dulcamara/6320904320_1.jpg,Solanum dulcamara,usda:SODU
gbif-inat-toxic-round2:00314973,images/raw/gbif-inat-toxic-round2/solanum_dulcamara/5007682008_3.jpg,Solanum dulcamara,usda:SODU
gbif-inat-toxic-round2:00314831,images/raw/gbif-inat-toxic-round2/solanum_dulcamara/6274087987_1.jpg,Solanum dulcamara,usda:SODU
gbif-inat-toxic-round2:00314794,images/raw/gbif-inat-toxic-round2/solanum_dulcamara/6273571338_2.jpg,Solanum dulcamara,usda:SODU
gbif-inat-toxic-round2:00314752,images/raw/gbif-inat-toxic-round2/solanum_dulcamara/6251946248_1.jpg,Solanum dulcamara,usda:SODU
gbif-inat:00004019,images/raw/gbif-inat/solanum_dulcamara/6235076790_1.jpg,Solanum dulcamara,usda:SODU
gbif-inat-toxic-round2:00314690,images/raw/gbif-inat-toxic-round2/solanum_dulcamara/6251496602_1.jpg,Solanum dulcamara,usda:SODU
gbif-inat-toxic-round2:00315046,images/raw/gbif-inat-toxic-round2/solanum_dulcamara/5140328064_1.jpg,Solanum dulcamara,usda:SODU
gbif-inat:00003980,images/raw/gbif-inat/solanum_dulcamara/6184962268_1.jpg,Solanum dulcamara,usda:SODU
gbif-inat-toxic-round2:00314792,images/raw/gbif-inat-toxic-round2/solanum_dulcamara/6273565585_2.jpg,Solanum dulcamara,usda:SODU
gbif-inat-toxic-round2:00314916,images/raw/gbif-inat-toxic-round2/solanum_dulcamara/6320748489_3.jpg,Solanum dulcamara,usda:SODU
gbif-inat-toxic-round2:00314821,images/raw/gbif-inat-toxic-round2/solanum_dulcamara/6273976926_1.jpg,Solanum dulcamara,usda:SODU
gbif-inat-toxic-round2:00314740,images/raw/gbif-inat-toxic-round2/solanum_dulcamara/6273935535_1.jpg,Solanum dulcamara,usda:SODU
gbif-inat:00004029,images/raw/gbif-inat/solanum_dulcamara/6235574998_1.jpg,Solanum dulcamara,usda:SODU
gbif-inat-toxic-round2:00314774,images/raw/gbif-inat-toxic-round2/solanum_dulcamara/6273348810_1.jpg,Solanum dulcamara,usda:SODU
gbif-inat-toxic-round2:00314767,images/raw/gbif-inat-toxic-round2/solanum_dulcamara/6273289436_5.jpg,Solanum dulcamara,usda:SODU
gbif-inat:00001137,images/raw/gbif-inat/solanum_dulcamara/6171346862_1.jpg,Solanum dulcamara,usda:SODU
gbif-inat-toxic-round2:00314836,images/raw/gbif-inat-toxic-round2/solanum_dulcamara/6274098913_4.jpg,Solanum dulcamara,usda:SODU
gbif-inat:00001118,images/raw/gbif-inat/solanum_dulcamara/6131292951_4.jpg,Solanum dulcamara,usda:SODU
gbif-inat:00004024,images/raw/gbif-inat/solanum_dulcamara/6235340053_1.jpg,Solanum dulcamara,usda:SODU
gbif-inat-toxic-round2:00314964,images/raw/gbif-inat-toxic-round2/solanum_dulcamara/6321189582_1.jpg,Solanum dulcamara,usda:SODU
gbif-inat-toxic-round2:00314950,images/raw/gbif-inat-toxic-round2/solanum_dulcamara/6321034330_4.jpg,Solanum dulcamara,usda:SODU
gbif-inat-toxic-round2:00314779,images/raw/gbif-inat-toxic-round2/solanum_dulcamara/6273394069_1.jpg,Solanum dulcamara,usda:SODU
gbif-inat-toxic-round2:00314681,images/raw/gbif-inat-toxic-round2/solanum_dulcamara/6236178605_3.jpg,Solanum dulcamara,usda:SODU
gbif-inat-toxic-round2:00314876,images/raw/gbif-inat-toxic-round2/solanum_dulcamara/6320391318_1.jpg,Solanum dulcamara,usda:SODU
gbif-inat:00003979,images/raw/gbif-inat/solanum_dulcamara/6184733297_3.jpg,Solanum dulcamara,usda:SODU
gbif-inat:00001126,images/raw/gbif-inat/solanum_dulcamara/6159208224_1.jpg,Solanum dulcamara,usda:SODU
gbif-inat-toxic-round2:00315075,images/raw/gbif-inat-toxic-round2/solanum_dulcamara/5140648916_1.jpg,Solanum dulcamara,usda:SODU
gbif-inat-toxic-round2:00314870,images/raw/gbif-inat-toxic-round2/solanum_dulcamara/6320308562_1.jpg,Solanum dulcamara,usda:SODU
gbif-inat-toxic-round2:00315055,images/raw/gbif-inat-toxic-round2/solanum_dulcamara/5140426960_1.jpg,Solanum dulcamara,usda:SODU
gbif-inat-toxic-round2:00314784,images/raw/gbif-inat-toxic-round2/solanum_dulcamara/6273426672_1.jpg,Solanum dulcamara,usda:SODU
gbif-inat:00001138,images/raw/gbif-inat/solanum_dulcamara/6171346862_2.jpg,Solanum dulcamara,usda:SODU
gbif-inat:00004021,images/raw/gbif-inat/solanum_dulcamara/6235334401_1.jpg,Solanum dulcamara,usda:SODU
gbif-inat-toxic-round2:00315048,images/raw/gbif-inat-toxic-round2/solanum_dulcamara/5140349571_1.jpg,Solanum dulcamara,usda:SODU
gbif-inat-toxic-round2:00315070,images/raw/gbif-inat-toxic-round2/solanum_dulcamara/5140616261_2.jpg,Solanum dulcamara,usda:SODU
gbif-inat-toxic-round2:00314751,images/raw/gbif-inat-toxic-round2/solanum_dulcamara/6251905882_2.jpg,Solanum dulcamara,usda:SODU
gbif-inat-toxic-round2:00314759,images/raw/gbif-inat-toxic-round2/solanum_dulcamara/6273189067_1.jpg,Solanum dulcamara,usda:SODU
gbif-inat-toxic-round2:00314903,images/raw/gbif-inat-toxic-round2/solanum_dulcamara/6320675618_1.jpg,Solanum dulcamara,usda:SODU
gbif-inat-toxic-round2:00314822,images/raw/gbif-inat-toxic-round2/solanum_dulcamara/6274002793_1.jpg,Solanum dulcamara,usda:SODU
gbif-inat-toxic-round2:00314803,images/raw/gbif-inat-toxic-round2/solanum_dulcamara/6273687058_1.jpg,Solanum dulcamara,usda:SODU
gbif-inat:00004000,images/raw/gbif-inat/solanum_dulcamara/6234305413_3.jpg,Solanum dulcamara,usda:SODU
gbif-inat-toxic-round2:00314802,images/raw/gbif-inat-toxic-round2/solanum_dulcamara/6273684149_1.jpg,Solanum dulcamara,usda:SODU
gbif-inat-toxic-round2:00315014,images/raw/gbif-inat-toxic-round2/solanum_dulcamara/5167112929_7.jpg,Solanum dulcamara,usda:SODU
gbif-inat-toxic-round2:00314977,images/raw/gbif-inat-toxic-round2/solanum_dulcamara/5037201762_1.jpg,Solanum dulcamara,usda:SODU
gbif-inat:00004009,images/raw/gbif-inat/solanum_dulcamara/6234645586_2.jpg,Solanum dulcamara,usda:SODU
gbif-inat:00004014,images/raw/gbif-inat/solanum_dulcamara/6234761862_4.jpg,Solanum dulcamara,usda:SODU
gbif-inat-toxic-round2:00314704,images/raw/gbif-inat-toxic-round2/solanum_dulcamara/6252000219_1.jpg,Solanum dulcamara,usda:SODU
gbif-inat-toxic-round2:00314893,images/raw/gbif-inat-toxic-round2/solanum_dulcamara/6320618803_1.jpg,Solanum dulcamara,usda:SODU
gbif-inat-toxic-round2:00314966,images/raw/gbif-inat-toxic-round2/solanum_dulcamara/6321189582_3.jpg,Solanum dulcamara,usda:SODU
gbif-inat:00004013,images/raw/gbif-inat/solanum_dulcamara/6234761862_3.jpg,Solanum dulcamara,usda:SODU
gbif-inat-toxic-round2:00315028,images/raw/gbif-inat-toxic-round2/solanum_dulcamara/5134468586_1.jpg,Solanum dulcamara,usda:SODU
gbif-inat-toxic-round2:00314782,images/raw/gbif-inat-toxic-round2/solanum_dulcamara/6273422873_2.jpg,Solanum dulcamara,usda:SODU
gbif-inat-toxic-round2:00314880,images/raw/gbif-inat-toxic-round2/solanum_dulcamara/6320471544_1.jpg,Solanum dulcamara,usda:SODU
gbif-inat-toxic-round2:00314943,images/raw/gbif-inat-toxic-round2/solanum_dulcamara/6320951645_3.jpg,Solanum dulcamara,usda:SODU
gbif-inat-toxic-round2:00314949,images/raw/gbif-inat-toxic-round2/solanum_dulcamara/6321034330_3.jpg,Solanum dulcamara,usda:SODU
gbif-inat-toxic-round2:00314735,images/raw/gbif-inat-toxic-round2/solanum_dulcamara/6253300117_1.jpg,Solanum dulcamara,usda:SODU
gbif-inat-toxic-round2:00314827,images/raw/gbif-inat-toxic-round2/solanum_dulcamara/6274068386_2.jpg,Solanum dulcamara,usda:SODU
gbif-inat-toxic-round2:00314891,images/raw/gbif-inat-toxic-round2/solanum_dulcamara/6320598889_1.jpg,Solanum dulcamara,usda:SODU
gbif-inat:00001119,images/raw/gbif-inat/solanum_dulcamara/6133439822_1.jpg,Solanum dulcamara,usda:SODU
gbif-inat-toxic-round2:00314728,images/raw/gbif-inat-toxic-round2/solanum_dulcamara/6252628799_2.jpg,Solanum dulcamara,usda:SODU
gbif-inat-toxic-round2:00314917,images/raw/gbif-inat-toxic-round2/solanum_dulcamara/6320748489_4.jpg,Solanum dulcamara,usda:SODU
gbif-inat-toxic-round2:00314956,images/raw/gbif-inat-toxic-round2/solanum_dulcamara/6321061362_1.jpg,Solanum dulcamara,usda:SODU
gbif-inat-toxic-round2:00314871,images/raw/gbif-inat-toxic-round2/solanum_dulcamara/6320316850_1.jpg,Solanum dulcamara,usda:SODU
gbif-inat-toxic-round2:00314908,images/raw/gbif-inat-toxic-round2/solanum_dulcamara/6320675618_6.jpg,Solanum dulcamara,usda:SODU
gbif-inat-toxic-round2:00314804,images/raw/gbif-inat-toxic-round2/solanum_dulcamara/6273687058_2.jpg,Solanum dulcamara,usda:SODU
gbif-inat-toxic-round2:00315053,images/raw/gbif-inat-toxic-round2/solanum_dulcamara/5140406813_1.jpg,Solanum dulcamara,usda:SODU
gbif-inat-toxic-round2:00314693,images/raw/gbif-inat-toxic-round2/solanum_dulcamara/6251496602_4.jpg,Solanum dulcamara,usda:SODU
gbif-inat-toxic-round2:00314778,images/raw/gbif-inat-toxic-round2/solanum_dulcamara/6273383612_1.jpg,Solanum dulcamara,usda:SODU
gbif-inat-toxic-round2:00315018,images/raw/gbif-inat-toxic-round2/solanum_dulcamara/5167993907_2.jpg,Solanum dulcamara,usda:SODU
gbif-inat-toxic-round2:00314872,images/raw/gbif-inat-toxic-round2/solanum_dulcamara/6320346051_1.jpg,Solanum dulcamara,usda:SODU
gbif-inat-toxic-round2:00314998,images/raw/gbif-inat-toxic-round2/solanum_dulcamara/5087722068_1.jpg,Solanum dulcamara,usda:SODU
gbif-inat-toxic-round2:00314731,images/raw/gbif-inat-toxic-round2/solanum_dulcamara/6253220118_1.jpg,Solanum dulcamara,usda:SODU
gbif-inat:00003986,images/raw/gbif-inat/solanum_dulcamara/6188347954_1.jpg,Solanum dulcamara,usda:SODU
gbif-inat-toxic-round2:00314849,images/raw/gbif-inat-toxic-round2/solanum_dulcamara/6274290911_1.jpg,Solanum dulcamara,usda:SODU
gbif-inat:00004037,images/raw/gbif-inat/solanum_dulcamara/6235998667_1.jpg,Solanum dulcamara,usda:SODU
gbif-inat-toxic-round2:00315072,images/raw/gbif-inat-toxic-round2/solanum_dulcamara/5140616261_4.jpg,Solanum dulcamara,usda:SODU
gbif-inat-toxic-round2:00314940,images/raw/gbif-inat-toxic-round2/solanum_dulcamara/6320941667_1.jpg,Solanum dulcamara,usda:SODU
gbif-inat-toxic-round2:00314837,images/raw/gbif-inat-toxic-round2/solanum_dulcamara/6274098913_5.jpg,Solanum dulcamara,usda:SODU
gbif-inat-toxic-round2:00314921,images/raw/gbif-inat-toxic-round2/solanum_dulcamara/6320781876_2.jpg,Solanum dulcamara,usda:SODU
gbif-inat-toxic-round2:00314905,images/raw/gbif-inat-toxic-round2/solanum_dulcamara/6320675618_3.jpg,Solanum dulcamara,usda:SODU
gbif-inat-toxic-round2:00314888,images/raw/gbif-inat-toxic-round2/solanum_dulcamara/6320555902_1.jpg,Solanum dulcamara,usda:SODU
gbif-inat-toxic-round2:00314981,images/raw/gbif-inat-toxic-round2/solanum_dulcamara/5063340960_3.jpg,Solanum dulcamara,usda:SODU
gbif-inat-toxic-round2:00314954,images/raw/gbif-inat-toxic-round2/solanum_dulcamara/6321049061_4.jpg,Solanum dulcamara,usda:SODU
gbif-inat:00001134,images/raw/gbif-inat/solanum_dulcamara/6171067019_4.jpg,Solanum dulcamara,usda:SODU
gbif-inat:00001140,images/raw/gbif-inat/solanum_dulcamara/6171430527_1.jpg,Solanum dulcamara,usda:SODU
gbif-inat-toxic-round2:00314911,images/raw/gbif-inat-toxic-round2/solanum_dulcamara/6320706054_2.jpg,Solanum dulcamara,usda:SODU
gbif-inat-toxic-round2:00314992,images/raw/gbif-inat-toxic-round2/solanum_dulcamara/5076823168_3.jpg,Solanum dulcamara,usda:SODU
gbif-inat:00001130,images/raw/gbif-inat/solanum_dulcamara/6171004375_4.jpg,Solanum dulcamara,usda:SODU
gbif-inat-toxic-round2:00314939,images/raw/gbif-inat-toxic-round2/solanum_dulcamara/6320936960_4.jpg,Solanum dulcamara,usda:SODU
gbif-inat-toxic-round2:00314975,images/raw/gbif-inat-toxic-round2/solanum_dulcamara/5036955435_1.jpg,Solanum dulcamara,usda:SODU
gbif-inat:00003977,images/raw/gbif-inat/solanum_dulcamara/6184733297_1.jpg,Solanum dulcamara,usda:SODU
gbif-inat-toxic-round2:00315020,images/raw/gbif-inat-toxic-round2/solanum_dulcamara/5167993907_4.jpg,Solanum dulcamara,usda:SODU
gbif-inat:00004001,images/raw/gbif-inat/solanum_dulcamara/6234305413_4.jpg,Solanum dulcamara,usda:SODU
gbif-inat-toxic-round2:00314983,images/raw/gbif-inat-toxic-round2/solanum_dulcamara/5063446398_1.jpg,Solanum dulcamara,usda:SODU
gbif-inat-toxic-round2:00314944,images/raw/gbif-inat-toxic-round2/solanum_dulcamara/6320967384_1.jpg,Solanum dulcamara,usda:SODU
gbif-inat-toxic-round2:00314771,images/raw/gbif-inat-toxic-round2/solanum_dulcamara/6273325706_3.jpg,Solanum dulcamara,usda:SODU
gbif-inat:00001128,images/raw/gbif-inat/solanum_dulcamara/6171004375_2.jpg,Solanum dulcamara,usda:SODU
gbif-inat-toxic-round2:00315041,images/raw/gbif-inat-toxic-round2/solanum_dulcamara/5140045903_3.jpg,Solanum dulcamara,usda:SODU
gbif-inat-toxic-round2:00314786,images/raw/gbif-inat-toxic-round2/solanum_dulcamara/6273481634_1.jpg,Solanum dulcamara,usda:SODU
gbif-inat:00004026,images/raw/gbif-inat/solanum_dulcamara/6235443949_1.jpg,Solanum dulcamara,usda:SODU
gbif-inat-toxic-round2:00314861,images/raw/gbif-inat-toxic-round2/solanum_dulcamara/6320151440_2.jpg,Solanum dulcamara,usda:SODU
gbif-inat-toxic-round2:00314729,images/raw/gbif-inat-toxic-round2/solanum_dulcamara/6252628799_3.jpg,Solanum dulcamara,usda:SODU
gbif-inat-toxic-round2:00315007,images/raw/gbif-inat-toxic-round2/solanum_dulcamara/5134650716_4.jpg,Solanum dulcamara,usda:SODU
gbif-inat-toxic-round2:00314776,images/raw/gbif-inat-toxic-round2/solanum_dulcamara/6273368446_1.jpg,Solanum dulcamara,usda:SODU
gbif-inat-toxic-round2:00314909,images/raw/gbif-inat-toxic-round2/solanum_dulcamara/6320692061_1.jpg,Solanum dulcamara,usda:SODU
gbif-inat-toxic-round2:00315074,images/raw/gbif-inat-toxic-round2/solanum_dulcamara/5140640807_1.jpg,Solanum dulcamara,usda:SODU
gbif-inat-toxic-round2:00315062,images/raw/gbif-inat-toxic-round2/solanum_dulcamara/5140466679_2.jpg,Solanum dulcamara,usda:SODU
gbif-inat-toxic-round2:00314715,images/raw/gbif-inat-toxic-round2/solanum_dulcamara/6252340582_1.jpg,Solanum dulcamara,usda:SODU
gbif-inat-toxic-round2:00314948,images/raw/gbif-inat-toxic-round2/solanum_dulcamara/6321034330_2.jpg,Solanum dulcamara,usda:SODU
gbif-inat-toxic-round2:00314696,images/raw/gbif-inat-toxic-round2/solanum_dulcamara/6251546903_1.jpg,Solanum dulcamara,usda:SODU
gbif-inat-toxic-round2:00315023,images/raw/gbif-inat-toxic-round2/solanum_dulcamara/5133573651_1.jpg,Solanum dulcamara,usda:SODU
gbif-inat-toxic-round2:00314899,images/raw/gbif-inat-toxic-round2/solanum_dulcamara/6320667053_3.jpg,Solanum dulcamara,usda:SODU
gbif-inat-toxic-round2:00314860,images/raw/gbif-inat-toxic-round2/solanum_dulcamara/6320151440_1.jpg,Solanum dulcamara,usda:SODU
gbif-inat-toxic-round2:00314742,images/raw/gbif-inat-toxic-round2/solanum_dulcamara/6274095428_1.jpg,Solanum dulcamara,usda:SODU
gbif-inat:00004018,images/raw/gbif-inat/solanum_dulcamara/6235044664_1.jpg,Solanum dulcamara,usda:SODU
gbif-inat-toxic-round2:00314844,images/raw/gbif-inat-toxic-round2/solanum_dulcamara/6274211630_1.jpg,Solanum dulcamara,usda:SODU
gbif-inat:00003984,images/raw/gbif-inat/solanum_dulcamara/6185448719_1.jpg,Solanum dulcamara,usda:SODU
gbif-inat-toxic-round2:00315071,images/raw/gbif-inat-toxic-round2/solanum_dulcamara/5140616261_3.jpg,Solanum dulcamara,usda:SODU
gbif-inat-toxic-round2:00315051,images/raw/gbif-inat-toxic-round2/solanum_dulcamara/5140377358_1.jpg,Solanum dulcamara,usda:SODU
gbif-inat-toxic-round2:00314736,images/raw/gbif-inat-toxic-round2/solanum_dulcamara/6273617308_1.jpg,Solanum dulcamara,usda:SODU
gbif-inat-toxic-round2:00314979,images/raw/gbif-inat-toxic-round2/solanum_dulcamara/5063340960_1.jpg,Solanum dulcamara,usda:SODU
gbif-inat-toxic-round2:00314744,images/raw/gbif-inat-toxic-round2/solanum_dulcamara/6274125337_2.jpg,Solanum dulcamara,usda:SODU
gbif-inat-toxic-round2:00314862,images/raw/gbif-inat-toxic-round2/solanum_dulcamara/6320151440_3.jpg,Solanum dulcamara,usda:SODU
gbif-inat-toxic-round2:00314739,images/raw/gbif-inat-toxic-round2/solanum_dulcamara/6273886685_1.jpg,Solanum dulcamara,usda:SODU
gbif-inat-toxic-round2:00314811,images/raw/gbif-inat-toxic-round2/solanum_dulcamara/6273774926_1.jpg,Solanum dulcamara,usda:SODU
gbif-inat-toxic-round2:00315022,images/raw/gbif-inat-toxic-round2/solanum_dulcamara/5133229830_1.jpg,Solanum dulcamara,usda:SODU
gbif-inat-toxic-round2:00314686,images/raw/gbif-inat-toxic-round2/solanum_dulcamara/6236479431_1.jpg,Solanum dulcamara,usda:SODU
gbif-inat-toxic-round2:00314677,images/raw/gbif-inat-toxic-round2/solanum_dulcamara/6236128595_2.jpg,Solanum dulcamara,usda:SODU
gbif-inat-toxic-round2:00314994,images/raw/gbif-inat-toxic-round2/solanum_dulcamara/5064056306_1.jpg,Solanum dulcamara,usda:SODU
gbif-inat-toxic-round2:00314750,images/raw/gbif-inat-toxic-round2/solanum_dulcamara/6251905882_1.jpg,Solanum dulcamara,usda:SODU
gbif-inat-toxic-round2:00314857,images/raw/gbif-inat-toxic-round2/solanum_dulcamara/6320093120_1.jpg,Solanum dulcamara,usda:SODU
gbif-inat:00004031,images/raw/gbif-inat/solanum_dulcamara/6235631813_1.jpg,Solanum dulcamara,usda:SODU
gbif-inat-toxic-round2:00314819,images/raw/gbif-inat-toxic-round2/solanum_dulcamara/6273946337_1.jpg,Solanum dulcamara,usda:SODU
gbif-inat-toxic-round2:00315027,images/raw/gbif-inat-toxic-round2/solanum_dulcamara/5134228903_3.jpg,Solanum dulcamara,usda:SODU
gbif-inat-toxic-round2:00315032,images/raw/gbif-inat-toxic-round2/solanum_dulcamara/5134535797_4.jpg,Solanum dulcamara,usda:SODU
gbif-inat-toxic-round2:00314773,images/raw/gbif-inat-toxic-round2/solanum_dulcamara/6273347472_1.jpg,Solanum dulcamara,usda:SODU
gbif-inat-toxic-round2:00314745,images/raw/gbif-inat-toxic-round2/solanum_dulcamara/6274197759_1.jpg,Solanum dulcamara,usda:SODU
gbif-inat-toxic-round2:00314875,images/raw/gbif-inat-toxic-round2/solanum_dulcamara/6320383444_2.jpg,Solanum dulcamara,usda:SODU
gbif-inat-toxic-round2:00314783,images/raw/gbif-inat-toxic-round2/solanum_dulcamara/6273423805_1.jpg,Solanum dulcamara,usda:SODU
gbif-inat-toxic-round2:00314702,images/raw/gbif-inat-toxic-round2/solanum_dulcamara/6251649039_1.jpg,Solanum dulcamara,usda:SODU
gbif-inat-toxic-round2:00314866,images/raw/gbif-inat-toxic-round2/solanum_dulcamara/6320186636_2.jpg,Solanum dulcamara,usda:SODU
gbif-inat-toxic-round2:00314980,images/raw/gbif-inat-toxic-round2/solanum_dulcamara/5063340960_2.jpg,Solanum dulcamara,usda:SODU
gbif-inat-toxic-round2:00315034,images/raw/gbif-inat-toxic-round2/solanum_dulcamara/5140030700_1.jpg,Solanum dulcamara,usda:SODU
gbif-inat-toxic-round2:00315068,images/raw/gbif-inat-toxic-round2/solanum_dulcamara/5140580208_2.jpg,Solanum dulcamara,usda:SODU
gbif-inat-toxic-round2:00314843,images/raw/gbif-inat-toxic-round2/solanum_dulcamara/6274207831_1.jpg,Solanum dulcamara,usda:SODU
gbif-inat-toxic-round2:00314687,images/raw/gbif-inat-toxic-round2/solanum_dulcamara/6236479431_2.jpg,Solanum dulcamara,usda:SODU
gbif-inat-toxic-round2:00314918,images/raw/gbif-inat-toxic-round2/solanum_dulcamara/6320748489_5.jpg,Solanum dulcamara,usda:SODU
gbif-inat-toxic-round2:00314682,images/raw/gbif-inat-toxic-round2/solanum_dulcamara/6236233713_1.jpg,Solanum dulcamara,usda:SODU
gbif-inat-toxic-round2:00314999,images/raw/gbif-inat-toxic-round2/solanum_dulcamara/5104562788_1.jpg,Solanum dulcamara,usda:SODU
gbif-inat-toxic-round2:00314710,images/raw/gbif-inat-toxic-round2/solanum_dulcamara/6252152884_1.jpg,Solanum dulcamara,usda:SODU
gbif-inat:00001124,images/raw/gbif-inat/solanum_dulcamara/6147603929_3.jpg,Solanum dulcamara,usda:SODU
gbif-inat:00004025,images/raw/gbif-inat/solanum_dulcamara/6235380871_1.jpg,Solanum dulcamara,usda:SODU
gbif-inat-toxic-round2:00314864,images/raw/gbif-inat-toxic-round2/solanum_dulcamara/6320179418_1.jpg,Solanum dulcamara,usda:SODU
gbif-inat-toxic-round2:00314962,images/raw/gbif-inat-toxic-round2/solanum_dulcamara/6321104792_2.jpg,Solanum dulcamara,usda:SODU
gbif-inat:00004017,images/raw/gbif-inat/solanum_dulcamara/6234960469_1.jpg,Solanum dulcamara,usda:SODU
gbif-inat:00003998,images/raw/gbif-inat/solanum_dulcamara/6234305413_1.jpg,Solanum dulcamara,usda:SODU
gbif-inat-toxic-round2:00314723,images/raw/gbif-inat-toxic-round2/solanum_dulcamara/6252623026_3.jpg,Solanum dulcamara,usda:SODU
gbif-inat-toxic-round2:00315001,images/raw/gbif-inat-toxic-round2/solanum_dulcamara/5108218537_1.jpg,Solanum dulcamara,usda:SODU
gbif-inat-toxic-round2:00314714,images/raw/gbif-inat-toxic-round2/solanum_dulcamara/6252325325_1.jpg,Solanum dulcamara,usda:SODU
gbif-inat-toxic-round2:00314873,images/raw/gbif-inat-toxic-round2/solanum_dulcamara/6320359833_1.jpg,Solanum dulcamara,usda:SODU
gbif-inat:00004006,images/raw/gbif-inat/solanum_dulcamara/6234532086_3.jpg,Solanum dulcamara,usda:SODU
gbif-inat-toxic-round2:00314867,images/raw/gbif-inat-toxic-round2/solanum_dulcamara/6320212627_1.jpg,Solanum dulcamara,usda:SODU
gbif-inat-toxic-round2:00315047,images/raw/gbif-inat-toxic-round2/solanum_dulcamara/5140347185_1.jpg,Solanum dulcamara,usda:SODU
gbif-inat-toxic-round2:00314788,images/raw/gbif-inat-toxic-round2/solanum_dulcamara/6273481634_3.jpg,Solanum dulcamara,usda:SODU
gbif-inat-toxic-round2:00315025,images/raw/gbif-inat-toxic-round2/solanum_dulcamara/5134228903_1.jpg,Solanum dulcamara,usda:SODU
gbif-inat:00001139,images/raw/gbif-inat/solanum_dulcamara/6171346862_3.jpg,Solanum dulcamara,usda:SODU
gbif-inat-toxic-round2:00314928,images/raw/gbif-inat-toxic-round2/solanum_dulcamara/6320820707_1.jpg,Solanum dulcamara,usda:SODU
gbif-inat-toxic-round2:00315064,images/raw/gbif-inat-toxic-round2/solanum_dulcamara/5140474081_2.jpg,Solanum dulcamara,usda:SODU
gbif-inat:00001127,images/raw/gbif-inat/solanum_dulcamara/6171004375_1.jpg,Solanum dulcamara,usda:SODU
gbif-inat-toxic-round2:00314825,images/raw/gbif-inat-toxic-round2/solanum_dulcamara/6274022654_1.jpg,Solanum dulcamara,usda:SODU
gbif-inat-toxic-round2:00315049,images/raw/gbif-inat-toxic-round2/solanum_dulcamara/5140349571_2.jpg,Solanum dulcamara,usda:SODU
gbif-inat-toxic-round2:00314748,images/raw/gbif-inat-toxic-round2/solanum_dulcamara/6274247853_1.jpg,Solanum dulcamara,usda:SODU
gbif-inat:00003987,images/raw/gbif-inat/solanum_dulcamara/6188019070_1.jpg,Solanum dulcamara,usda:SODU
gbif-inat-toxic-round2:00314868,images/raw/gbif-inat-toxic-round2/solanum_dulcamara/6320254348_1.jpg,Solanum dulcamara,usda:SODU
gbif-inat-toxic-round2:00314993,images/raw/gbif-inat-toxic-round2/solanum_dulcamara/5076826157_1.jpg,Solanum dulcamara,usda:SODU
gbif-inat-toxic-round2:00314996,images/raw/gbif-inat-toxic-round2/solanum_dulcamara/5077008863_1.jpg,Solanum dulcamara,usda:SODU
gbif-inat-toxic-round2:00315060,images/raw/gbif-inat-toxic-round2/solanum_dulcamara/5140457019_1.jpg,Solanum dulcamara,usda:SODU
gbif-inat:00001129,images/raw/gbif-inat/solanum_dulcamara/6171004375_3.jpg,Solanum dulcamara,usda:SODU
gbif-inat-toxic-round2:00314743,images/raw/gbif-inat-toxic-round2/solanum_dulcamara/6274125337_1.jpg,Solanum dulcamara,usda:SODU
gbif-inat-toxic-round2:00314984,images/raw/gbif-inat-toxic-round2/solanum_dulcamara/5063446398_2.jpg,Solanum dulcamara,usda:SODU
gbif-inat-toxic-round2:00314936,images/raw/gbif-inat-toxic-round2/solanum_dulcamara/6320936960_1.jpg,Solanum dulcamara,usda:SODU
gbif-inat-toxic-round2:00314930,images/raw/gbif-inat-toxic-round2/solanum_dulcamara/6320895977_1.jpg,Solanum dulcamara,usda:SODU
gbif-inat-toxic-round2:00314733,images/raw/gbif-inat-toxic-round2/solanum_dulcamara/6253271424_1.jpg,Solanum dulcamara,usda:SODU
gbif-inat-toxic-round2:00314926,images/raw/gbif-inat-toxic-round2/solanum_dulcamara/6320812411_1.jpg,Solanum dulcamara,usda:SODU
gbif-inat:00004008,images/raw/gbif-inat/solanum_dulcamara/6234645586_1.jpg,Solanum dulcamara,usda:SODU
gbif-inat:00004015,images/raw/gbif-inat/solanum_dulcamara/6234826872_1.jpg,Solanum dulcamara,usda:SODU
gbif-inat-toxic-round2:00314772,images/raw/gbif-inat-toxic-round2/solanum_dulcamara/6273333005_1.jpg,Solanum dulcamara,usda:SODU
gbif-inat-toxic-round2:00314768,images/raw/gbif-inat-toxic-round2/solanum_dulcamara/6273289436_6.jpg,Solanum dulcamara,usda:SODU
gbif-inat-toxic-round2:00314787,images/raw/gbif-inat-toxic-round2/solanum_dulcamara/6273481634_2.jpg,Solanum dulcamara,usda:SODU
gbif-inat:00001133,images/raw/gbif-inat/solanum_dulcamara/6171067019_3.jpg,Solanum dulcamara,usda:SODU
gbif-inat-toxic-round2:00314712,images/raw/gbif-inat-toxic-round2/solanum_dulcamara/6252203684_2.jpg,Solanum dulcamara,usda:SODU
gbif-inat-toxic-round2:00314900,images/raw/gbif-inat-toxic-round2/solanum_dulcamara/6320667053_4.jpg,Solanum dulcamara,usda:SODU
gbif-inat-toxic-round2:00315030,images/raw/gbif-inat-toxic-round2/solanum_dulcamara/5134535797_2.jpg,Solanum dulcamara,usda:SODU
gbif-inat-toxic-round2:00314838,images/raw/gbif-inat-toxic-round2/solanum_dulcamara/6274098913_6.jpg,Solanum dulcamara,usda:SODU
gbif-inat-toxic-round2:00315031,images/raw/gbif-inat-toxic-round2/solanum_dulcamara/5134535797_3.jpg,Solanum dulcamara,usda:SODU
gbif-inat-toxic-round2:00314970,images/raw/gbif-inat-toxic-round2/solanum_dulcamara/5007025187_1.jpg,Solanum dulcamara,usda:SODU
gbif-inat-toxic-round2:00315063,images/raw/gbif-inat-toxic-round2/solanum_dulcamara/5140474081_1.jpg,Solanum dulcamara,usda:SODU
gbif-inat-toxic-round2:00314747,images/raw/gbif-inat-toxic-round2/solanum_dulcamara/6274209321_2.jpg,Solanum dulcamara,usda:SODU
gbif-inat:00004002,images/raw/gbif-inat/solanum_dulcamara/6234449740_1.jpg,Solanum dulcamara,usda:SODU
gbif-inat-toxic-round2:00314698,images/raw/gbif-inat-toxic-round2/solanum_dulcamara/6251550783_2.jpg,Solanum dulcamara,usda:SODU
gbif-inat:00001115,images/raw/gbif-inat/solanum_dulcamara/6131292951_1.jpg,Solanum dulcamara,usda:SODU
gbif-inat-toxic-round2:00314886,images/raw/gbif-inat-toxic-round2/solanum_dulcamara/6320528666_4.jpg,Solanum dulcamara,usda:SODU
gbif-inat:00003971,images/raw/gbif-inat/solanum_dulcamara/6185734193_1.jpg,Solanum dulcamara,usda:SODU
gbif-inat-toxic-round2:00315059,images/raw/gbif-inat-toxic-round2/solanum_dulcamara/5140441168_1.jpg,Solanum dulcamara,usda:SODU
gbif-inat:00004035,images/raw/gbif-inat/solanum_dulcamara/6235853597_1.jpg,Solanum dulcamara,usda:SODU
gbif-inat-toxic-round2:00314941,images/raw/gbif-inat-toxic-round2/solanum_dulcamara/6320951645_1.jpg,Solanum dulcamara,usda:SODU
gbif-inat-toxic-round2:00314727,images/raw/gbif-inat-toxic-round2/solanum_dulcamara/6252628799_1.jpg,Solanum dulcamara,usda:SODU
gbif-inat:00003973,images/raw/gbif-inat/solanum_dulcamara/6178451683_1.jpg,Solanum dulcamara,usda:SODU
gbif-inat-toxic-round2:00314730,images/raw/gbif-inat-toxic-round2/solanum_dulcamara/6253173947_1.jpg,Solanum dulcamara,usda:SODU
gbif-inat-toxic-round2:00314848,images/raw/gbif-inat-toxic-round2/solanum_dulcamara/6274285726_1.jpg,Solanum dulcamara,usda:SODU
gbif-inat-toxic-round2:00314798,images/raw/gbif-inat-toxic-round2/solanum_dulcamara/6273633393_1.jpg,Solanum dulcamara,usda:SODU
gbif-inat-toxic-round2:00315057,images/raw/gbif-inat-toxic-round2/solanum_dulcamara/5140435371_1.jpg,Solanum dulcamara,usda:SODU
gbif-inat-toxic-round2:00314732,images/raw/gbif-inat-toxic-round2/solanum_dulcamara/6253258078_1.jpg,Solanum dulcamara,usda:SODU
gbif-inat:00001111,images/raw/gbif-inat/solanum_dulcamara/5938637741_1.jpg,Solanum dulcamara,usda:SODU
gbif-inat-toxic-round2:00314920,images/raw/gbif-inat-toxic-round2/solanum_dulcamara/6320781876_1.jpg,Solanum dulcamara,usda:SODU
gbif-inat-toxic-round2:00315000,images/raw/gbif-inat-toxic-round2/solanum_dulcamara/5104736565_1.jpg,Solanum dulcamara,usda:SODU
gbif-inat-toxic-round2:00314707,images/raw/gbif-inat-toxic-round2/solanum_dulcamara/6252139674_2.jpg,Solanum dulcamara,usda:SODU
gbif-inat-toxic-round2:00314855,images/raw/gbif-inat-toxic-round2/solanum_dulcamara/6320087675_1.jpg,Solanum dulcamara,usda:SODU
gbif-inat-toxic-round2:00314854,images/raw/gbif-inat-toxic-round2/solanum_dulcamara/6320066561_1.jpg,Solanum dulcamara,usda:SODU
gbif-inat:00001116,images/raw/gbif-inat/solanum_dulcamara/6131292951_2.jpg,Solanum dulcamara,usda:SODU
gbif-inat-toxic-round2:00314820,images/raw/gbif-inat-toxic-round2/solanum_dulcamara/6273959902_1.jpg,Solanum dulcamara,usda:SODU
gbif-inat-toxic-round2:00314910,images/raw/gbif-inat-toxic-round2/solanum_dulcamara/6320706054_1.jpg,Solanum dulcamara,usda:SODU
gbif-inat:00003981,images/raw/gbif-inat/solanum_dulcamara/6184962268_2.jpg,Solanum dulcamara,usda:SODU
gbif-inat-toxic-round2:00314934,images/raw/gbif-inat-toxic-round2/solanum_dulcamara/6320915034_1.jpg,Solanum dulcamara,usda:SODU
gbif-inat-toxic-round2:00314850,images/raw/gbif-inat-toxic-round2/solanum_dulcamara/6274306477_1.jpg,Solanum dulcamara,usda:SODU
gbif-inat-toxic-round2:00314915,images/raw/gbif-inat-toxic-round2/solanum_dulcamara/6320748489_2.jpg,Solanum dulcamara,usda:SODU
gbif-inat:00004027,images/raw/gbif-inat/solanum_dulcamara/6235541529_1.jpg,Solanum dulcamara,usda:SODU
gbif-inat:00004032,images/raw/gbif-inat/solanum_dulcamara/6235756759_1.jpg,Solanum dulcamara,usda:SODU
gbif-inat-toxic-round2:00314938,images/raw/gbif-inat-toxic-round2/solanum_dulcamara/6320936960_3.jpg,Solanum dulcamara,usda:SODU
gbif-inat-toxic-round2:00314805,images/raw/gbif-inat-toxic-round2/solanum_dulcamara/6273687058_3.jpg,Solanum dulcamara,usda:SODU
gbif-inat-toxic-round2:00314760,images/raw/gbif-inat-toxic-round2/solanum_dulcamara/6273231969_1.jpg,Solanum dulcamara,usda:SODU
gbif-inat-toxic-round2:00314945,images/raw/gbif-inat-toxic-round2/solanum_dulcamara/6320992459_1.jpg,Solanum dulcamara,usda:SODU
gbif-inat:00003974,images/raw/gbif-inat/solanum_dulcamara/6178869780_1.jpg,Solanum dulcamara,usda:SODU
gbif-inat-toxic-round2:00314942,images/raw/gbif-inat-toxic-round2/solanum_dulcamara/6320951645_2.jpg,Solanum dulcamara,usda:SODU
gbif-inat-toxic-round2:00314927,images/raw/gbif-inat-toxic-round2/solanum_dulcamara/6320814927_1.jpg,Solanum dulcamara,usda:SODU
gbif-inat:00004022,images/raw/gbif-inat/solanum_dulcamara/6235334401_2.jpg,Solanum dulcamara,usda:SODU
gbif-inat-toxic-round2:00314881,images/raw/gbif-inat-toxic-round2/solanum_dulcamara/6320492707_1.jpg,Solanum dulcamara,usda:SODU
gbif-inat-toxic-round2:00314892,images/raw/gbif-inat-toxic-round2/solanum_dulcamara/6320609931_1.jpg,Solanum dulcamara,usda:SODU
gbif-inat-toxic-round2:00314713,images/raw/gbif-inat-toxic-round2/solanum_dulcamara/6252203684_3.jpg,Solanum dulcamara,usda:SODU
gbif-inat-toxic-round2:00314722,images/raw/gbif-inat-toxic-round2/solanum_dulcamara/6252623026_2.jpg,Solanum dulcamara,usda:SODU
gbif-inat-toxic-round2:00314835,images/raw/gbif-inat-toxic-round2/solanum_dulcamara/6274098913_3.jpg,Solanum dulcamara,usda:SODU
gbif-inat:00001113,images/raw/gbif-inat/solanum_dulcamara/5938695029_2.jpg,Solanum dulcamara,usda:SODU
gbif-inat-toxic-round2:00314976,images/raw/gbif-inat-toxic-round2/solanum_dulcamara/5036955435_2.jpg,Solanum dulcamara,usda:SODU
gbif-inat-toxic-round2:00314834,images/raw/gbif-inat-toxic-round2/solanum_dulcamara/6274098913_2.jpg,Solanum dulcamara,usda:SODU
gbif-inat-toxic-round2:00315073,images/raw/gbif-inat-toxic-round2/solanum_dulcamara/5140640707_1.jpg,Solanum dulcamara,usda:SODU
gbif-inat-toxic-round2:00314879,images/raw/gbif-inat-toxic-round2/solanum_dulcamara/6320433039_1.jpg,Solanum dulcamara,usda:SODU
gbif-inat-toxic-round2:00314769,images/raw/gbif-inat-toxic-round2/solanum_dulcamara/6273325706_1.jpg,Solanum dulcamara,usda:SODU
gbif-inat-toxic-round2:00314953,images/raw/gbif-inat-toxic-round2/solanum_dulcamara/6321049061_3.jpg,Solanum dulcamara,usda:SODU
gbif-inat-toxic-round2:00315004,images/raw/gbif-inat-toxic-round2/solanum_dulcamara/5134650716_1.jpg,Solanum dulcamara,usda:SODU
gbif-inat-toxic-round2:00314840,images/raw/gbif-inat-toxic-round2/solanum_dulcamara/6274109416_1.jpg,Solanum dulcamara,usda:SODU
gbif-inat-toxic-round2:00314858,images/raw/gbif-inat-toxic-round2/solanum_dulcamara/6320125335_1.jpg,Solanum dulcamara,usda:SODU
gbif-inat:00004007,images/raw/gbif-inat/solanum_dulcamara/6234580477_1.jpg,Solanum dulcamara,usda:SODU
gbif-inat-toxic-round2:00314833,images/raw/gbif-inat-toxic-round2/solanum_dulcamara/6274098913_1.jpg,Solanum dulcamara,usda:SODU
gbif-inat-toxic-round2:00315045,images/raw/gbif-inat-toxic-round2/solanum_dulcamara/5140307035_1.jpg,Solanum dulcamara,usda:SODU
gbif-inat-toxic-round2:00314969,images/raw/gbif-inat-toxic-round2/solanum_dulcamara/5006869868_1.jpg,Solanum dulcamara,usda:SODU
gbif-inat-toxic-round2:00315036,images/raw/gbif-inat-toxic-round2/solanum_dulcamara/5140030700_3.jpg,Solanum dulcamara,usda:SODU
gbif-inat-toxic-round2:00314817,images/raw/gbif-inat-toxic-round2/solanum_dulcamara/6273891406_1.jpg,Solanum dulcamara,usda:SODU
gbif-inat:00003996,images/raw/gbif-inat/solanum_dulcamara/6234230486_3.jpg,Solanum dulcamara,usda:SODU
gbif-inat-toxic-round2:00314810,images/raw/gbif-inat-toxic-round2/solanum_dulcamara/6273744094_2.jpg,Solanum dulcamara,usda:SODU
gbif-inat-toxic-round2:00314694,images/raw/gbif-inat-toxic-round2/solanum_dulcamara/6251499870_1.jpg,Solanum dulcamara,usda:SODU
gbif-inat-toxic-round2:00314718,images/raw/gbif-inat-toxic-round2/solanum_dulcamara/6252516307_1.jpg,Solanum dulcamara,usda:SODU
gbif-inat-toxic-round2:00314691,images/raw/gbif-inat-toxic-round2/solanum_dulcamara/6251496602_2.jpg,Solanum dulcamara,usda:SODU
gbif-inat-toxic-round2:00314680,images/raw/gbif-inat-toxic-round2/solanum_dulcamara/6236178605_2.jpg,Solanum dulcamara,usda:SODU
gbif-inat-toxic-round2:00315006,images/raw/gbif-inat-toxic-round2/solanum_dulcamara/5134650716_3.jpg,Solanum dulcamara,usda:SODU
gbif-inat-toxic-round2:00314846,images/raw/gbif-inat-toxic-round2/solanum_dulcamara/6274224502_2.jpg,Solanum dulcamara,usda:SODU
gbif-inat-toxic-round2:00314797,images/raw/gbif-inat-toxic-round2/solanum_dulcamara/6273620010_1.jpg,Solanum dulcamara,usda:SODU
gbif-inat-toxic-round2:00314990,images/raw/gbif-inat-toxic-round2/solanum_dulcamara/5076823168_1.jpg,Solanum dulcamara,usda:SODU
gbif-inat-toxic-round2:00314749,images/raw/gbif-inat-toxic-round2/solanum_dulcamara/6251538508_1.jpg,Solanum dulcamara,usda:SODU
gbif-inat-toxic-round2:00314924,images/raw/gbif-inat-toxic-round2/solanum_dulcamara/6320805654_1.jpg,Solanum dulcamara,usda:SODU
gbif-inat-toxic-round2:00315069,images/raw/gbif-inat-toxic-round2/solanum_dulcamara/5140616261_1.jpg,Solanum dulcamara,usda:SODU
gbif-inat-toxic-round2:00314781,images/raw/gbif-inat-toxic-round2/solanum_dulcamara/6273422873_1.jpg,Solanum dulcamara,usda:SODU
gbif-inat-toxic-round2:00313731,images/raw/gbif-inat-toxic-round2/toxicodendron_diversilobum/6133598359_2.jpg,Toxicodendron diversilobum,usda:TODI
gbif-inat:00003819,images/raw/gbif-inat/toxicodendron_diversilobum/6130354618_2.jpg,Toxicodendron diversilobum,usda:TODI
gbif-inat-toxic-round2:00313480,images/raw/gbif-inat-toxic-round2/toxicodendron_diversilobum/6130504321_1.jpg,Toxicodendron diversilobum,usda:TODI
gbif-inat-toxic-round2:00313869,images/raw/gbif-inat-toxic-round2/toxicodendron_diversilobum/6147272168_1.jpg,Toxicodendron diversilobum,usda:TODI
gbif-inat-toxic-round2:00313517,images/raw/gbif-inat-toxic-round2/toxicodendron_diversilobum/6130806920_3.jpg,Toxicodendron diversilobum,usda:TODI
gbif-inat-toxic-round2:00313591,images/raw/gbif-inat-toxic-round2/toxicodendron_diversilobum/6131409439_1.jpg,Toxicodendron diversilobum,usda:TODI
gbif-inat:00001033,images/raw/gbif-inat/toxicodendron_diversilobum/5938680137_3.jpg,Toxicodendron diversilobum,usda:TODI
gbif-inat-toxic-round2:00313677,images/raw/gbif-inat-toxic-round2/toxicodendron_diversilobum/6133269192_2.jpg,Toxicodendron diversilobum,usda:TODI
gbif-inat:00003810,images/raw/gbif-inat/toxicodendron_diversilobum/6130282060_2.jpg,Toxicodendron diversilobum,usda:TODI
gbif-inat-toxic-round2:00313672,images/raw/gbif-inat-toxic-round2/toxicodendron_diversilobum/6133237321_2.jpg,Toxicodendron diversilobum,usda:TODI
gbif-inat-toxic-round2:00313715,images/raw/gbif-inat-toxic-round2/toxicodendron_diversilobum/6133531327_3.jpg,Toxicodendron diversilobum,usda:TODI
gbif-inat-toxic-round2:00313666,images/raw/gbif-inat-toxic-round2/toxicodendron_diversilobum/6133211279_1.jpg,Toxicodendron diversilobum,usda:TODI
gbif-inat:00003820,images/raw/gbif-inat/toxicodendron_diversilobum/6130354618_3.jpg,Toxicodendron diversilobum,usda:TODI
gbif-inat-toxic-round2:00313855,images/raw/gbif-inat-toxic-round2/toxicodendron_diversilobum/6147223595_1.jpg,Toxicodendron diversilobum,usda:TODI
gbif-inat:00001034,images/raw/gbif-inat/toxicodendron_diversilobum/6129829097_1.jpg,Toxicodendron diversilobum,usda:TODI
gbif-inat-toxic-round2:00313497,images/raw/gbif-inat-toxic-round2/toxicodendron_diversilobum/6130691108_1.jpg,Toxicodendron diversilobum,usda:TODI
gbif-inat-toxic-round2:00313528,images/raw/gbif-inat-toxic-round2/toxicodendron_diversilobum/6130886488_2.jpg,Toxicodendron diversilobum,usda:TODI
gbif-inat-toxic-round2:00313685,images/raw/gbif-inat-toxic-round2/toxicodendron_diversilobum/6133341867_1.jpg,Toxicodendron diversilobum,usda:TODI
gbif-inat-toxic-round2:00313796,images/raw/gbif-inat-toxic-round2/toxicodendron_diversilobum/6252461636_1.jpg,Toxicodendron diversilobum,usda:TODI
gbif-inat-toxic-round2:00313647,images/raw/gbif-inat-toxic-round2/toxicodendron_diversilobum/6133041512_1.jpg,Toxicodendron diversilobum,usda:TODI
gbif-inat:00003781,images/raw/gbif-inat/toxicodendron_diversilobum/6130104982_1.jpg,Toxicodendron diversilobum,usda:TODI
gbif-inat-toxic-round2:00313600,images/raw/gbif-inat-toxic-round2/toxicodendron_diversilobum/6131458457_4.jpg,Toxicodendron diversilobum,usda:TODI
gbif-inat-toxic-round2:00313658,images/raw/gbif-inat-toxic-round2/toxicodendron_diversilobum/6133122909_1.jpg,Toxicodendron diversilobum,usda:TODI
gbif-inat-toxic-round2:00313699,images/raw/gbif-inat-toxic-round2/toxicodendron_diversilobum/6133435465_2.jpg,Toxicodendron diversilobum,usda:TODI
gbif-inat-toxic-round2:00313604,images/raw/gbif-inat-toxic-round2/toxicodendron_diversilobum/6131465839_1.jpg,Toxicodendron diversilobum,usda:TODI
gbif-inat-toxic-round2:00313700,images/raw/gbif-inat-toxic-round2/toxicodendron_diversilobum/6133453804_1.jpg,Toxicodendron diversilobum,usda:TODI
gbif-inat-toxic-round2:00313561,images/raw/gbif-inat-toxic-round2/toxicodendron_diversilobum/6131188087_1.jpg,Toxicodendron diversilobum,usda:TODI
gbif-inat-toxic-round2:00313872,images/raw/gbif-inat-toxic-round2/toxicodendron_diversilobum/6147300695_1.jpg,Toxicodendron diversilobum,usda:TODI
gbif-inat:00003763,images/raw/gbif-inat/toxicodendron_diversilobum/6129966355_2.jpg,Toxicodendron diversilobum,usda:TODI
gbif-inat-toxic-round2:00313482,images/raw/gbif-inat-toxic-round2/toxicodendron_diversilobum/6130531929_1.jpg,Toxicodendron diversilobum,usda:TODI
gbif-inat-toxic-round2:00313531,images/raw/gbif-inat-toxic-round2/toxicodendron_diversilobum/6130912818_2.jpg,Toxicodendron diversilobum,usda:TODI
gbif-inat-toxic-round2:00313722,images/raw/gbif-inat-toxic-round2/toxicodendron_diversilobum/6133567840_1.jpg,Toxicodendron diversilobum,usda:TODI
gbif-inat-toxic-round2:00313802,images/raw/gbif-inat-toxic-round2/toxicodendron_diversilobum/6273930301_1.jpg,Toxicodendron diversilobum,usda:TODI
gbif-inat-toxic-round2:00313525,images/raw/gbif-inat-toxic-round2/toxicodendron_diversilobum/6130857373_1.jpg,Toxicodendron diversilobum,usda:TODI
gbif-inat-toxic-round2:00313811,images/raw/gbif-inat-toxic-round2/toxicodendron_diversilobum/6320656334_1.jpg,Toxicodendron diversilobum,usda:TODI
gbif-inat-toxic-round2:00313751,images/raw/gbif-inat-toxic-round2/toxicodendron_diversilobum/6147327159_1.jpg,Toxicodendron diversilobum,usda:TODI
gbif-inat-toxic-round2:00313708,images/raw/gbif-inat-toxic-round2/toxicodendron_diversilobum/6133525507_1.jpg,Toxicodendron diversilobum,usda:TODI
gbif-inat-toxic-round2:00313651,images/raw/gbif-inat-toxic-round2/toxicodendron_diversilobum/6133082933_1.jpg,Toxicodendron diversilobum,usda:TODI
gbif-inat:00001039,images/raw/gbif-inat/toxicodendron_diversilobum/6129851456_1.jpg,Toxicodendron diversilobum,usda:TODI
gbif-inat-toxic-round2:00313723,images/raw/gbif-inat-toxic-round2/toxicodendron_diversilobum/6133579391_1.jpg,Toxicodendron diversilobum,usda:TODI
gbif-inat:00001047,images/raw/gbif-inat/toxicodendron_diversilobum/6129910036_1.jpg,Toxicodendron diversilobum,usda:TODI
gbif-inat:00001038,images/raw/gbif-inat/toxicodendron_diversilobum/6129846032_2.jpg,Toxicodendron diversilobum,usda:TODI
gbif-inat-toxic-round2:00313797,images/raw/gbif-inat-toxic-round2/toxicodendron_diversilobum/6252461636_2.jpg,Toxicodendron diversilobum,usda:TODI
gbif-inat-toxic-round2:00313542,images/raw/gbif-inat-toxic-round2/toxicodendron_diversilobum/6131000952_1.jpg,Toxicodendron diversilobum,usda:TODI
gbif-inat-toxic-round2:00313750,images/raw/gbif-inat-toxic-round2/toxicodendron_diversilobum/6147270828_1.jpg,Toxicodendron diversilobum,usda:TODI
gbif-inat-toxic-round2:00313795,images/raw/gbif-inat-toxic-round2/toxicodendron_diversilobum/6236327845_1.jpg,Toxicodendron diversilobum,usda:TODI
gbif-inat-toxic-round2:00313568,images/raw/gbif-inat-toxic-round2/toxicodendron_diversilobum/6131237612_1.jpg,Toxicodendron diversilobum,usda:TODI
gbif-inat:00003829,images/raw/gbif-inat/toxicodendron_diversilobum/6130438403_1.jpg,Toxicodendron diversilobum,usda:TODI
gbif-inat-toxic-round2:00313748,images/raw/gbif-inat-toxic-round2/toxicodendron_diversilobum/6147252708_1.jpg,Toxicodendron diversilobum,usda:TODI
gbif-inat-toxic-round2:00313549,images/raw/gbif-inat-toxic-round2/toxicodendron_diversilobum/6131043861_2.jpg,Toxicodendron diversilobum,usda:TODI
gbif-inat-toxic-round2:00313590,images/raw/gbif-inat-toxic-round2/toxicodendron_diversilobum/6131400712_1.jpg,Toxicodendron diversilobum,usda:TODI
gbif-inat-toxic-round2:00313556,images/raw/gbif-inat-toxic-round2/toxicodendron_diversilobum/6131116289_2.jpg,Toxicodendron diversilobum,usda:TODI
gbif-inat-toxic-round2:00313687,images/raw/gbif-inat-toxic-round2/toxicodendron_diversilobum/6133348468_1.jpg,Toxicodendron diversilobum,usda:TODI
gbif-inat-toxic-round2:00313575,images/raw/gbif-inat-toxic-round2/toxicodendron_diversilobum/6131291579_1.jpg,Toxicodendron diversilobum,usda:TODI
gbif-inat-toxic-round2:00313783,images/raw/gbif-inat-toxic-round2/toxicodendron_diversilobum/6163167407_2.jpg,Toxicodendron diversilobum,usda:TODI
gbif-inat:00003826,images/raw/gbif-inat/toxicodendron_diversilobum/6130413809_1.jpg,Toxicodendron diversilobum,usda:TODI
gbif-inat-toxic-round2:00313519,images/raw/gbif-inat-toxic-round2/toxicodendron_diversilobum/6130806920_5.jpg,Toxicodendron diversilobum,usda:TODI
gbif-inat-toxic-round2:00313863,images/raw/gbif-inat-toxic-round2/toxicodendron_diversilobum/6147242537_2.jpg,Toxicodendron diversilobum,usda:TODI
gbif-inat-toxic-round2:00313759,images/raw/gbif-inat-toxic-round2/toxicodendron_diversilobum/6147445725_1.jpg,Toxicodendron diversilobum,usda:TODI
gbif-inat:00003794,images/raw/gbif-inat/toxicodendron_diversilobum/6130195225_1.jpg,Toxicodendron diversilobum,usda:TODI
gbif-inat-toxic-round2:00313545,images/raw/gbif-inat-toxic-round2/toxicodendron_diversilobum/6131041266_1.jpg,Toxicodendron diversilobum,usda:TODI
gbif-inat-toxic-round2:00313646,images/raw/gbif-inat-toxic-round2/toxicodendron_diversilobum/6133033226_1.jpg,Toxicodendron diversilobum,usda:TODI
gbif-inat-toxic-round2:00313778,images/raw/gbif-inat-toxic-round2/toxicodendron_diversilobum/6162884243_1.jpg,Toxicodendron diversilobum,usda:TODI
gbif-inat-toxic-round2:00313814,images/raw/gbif-inat-toxic-round2/toxicodendron_diversilobum/6320656334_4.jpg,Toxicodendron diversilobum,usda:TODI
gbif-inat:00003824,images/raw/gbif-inat/toxicodendron_diversilobum/6130406598_2.jpg,Toxicodendron diversilobum,usda:TODI
gbif-inat-toxic-round2:00313837,images/raw/gbif-inat-toxic-round2/toxicodendron_diversilobum/6133216669_1.jpg,Toxicodendron diversilobum,usda:TODI
gbif-inat-toxic-round2:00313843,images/raw/gbif-inat-toxic-round2/toxicodendron_diversilobum/6133508467_1.jpg,Toxicodendron diversilobum,usda:TODI
gbif-inat-toxic-round2:00313816,images/raw/gbif-inat-toxic-round2/toxicodendron_diversilobum/6320656334_6.jpg,Toxicodendron diversilobum,usda:TODI
gbif-inat-toxic-round2:00313697,images/raw/gbif-inat-toxic-round2/toxicodendron_diversilobum/6133434458_1.jpg,Toxicodendron diversilobum,usda:TODI
gbif-inat-toxic-round2:00313771,images/raw/gbif-inat-toxic-round2/toxicodendron_diversilobum/6147721621_1.jpg,Toxicodendron diversilobum,usda:TODI
gbif-inat-toxic-round2:00313801,images/raw/gbif-inat-toxic-round2/toxicodendron_diversilobum/6252529647_3.jpg,Toxicodendron diversilobum,usda:TODI
gbif-inat-toxic-round2:00313616,images/raw/gbif-inat-toxic-round2/toxicodendron_diversilobum/6131531167_3.jpg,Toxicodendron diversilobum,usda:TODI
gbif-inat-toxic-round2:00313565,images/raw/gbif-inat-toxic-round2/toxicodendron_diversilobum/6131215640_3.jpg,Toxicodendron diversilobum,usda:TODI
gbif-inat:00003771,images/raw/gbif-inat/toxicodendron_diversilobum/6130040431_1.jpg,Toxicodendron diversilobum,usda:TODI
gbif-inat-toxic-round2:00313577,images/raw/gbif-inat-toxic-round2/toxicodendron_diversilobum/6131308836_1.jpg,Toxicodendron diversilobum,usda:TODI
gbif-inat-toxic-round2:00313817,images/raw/gbif-inat-toxic-round2/toxicodendron_diversilobum/6320722364_1.jpg,Toxicodendron diversilobum,usda:TODI
gbif-inat:00001046,images/raw/gbif-inat/toxicodendron_diversilobum/6129909669_2.jpg,Toxicodendron diversilobum,usda:TODI
gbif-inat-toxic-round2:00313503,images/raw/gbif-inat-toxic-round2/toxicodendron_diversilobum/6130702215_1.jpg,Toxicodendron diversilobum,usda:TODI
gbif-inat-toxic-round2:00313760,images/raw/gbif-inat-toxic-round2/toxicodendron_diversilobum/6147541446_1.jpg,Toxicodendron diversilobum,usda:TODI
gbif-inat-toxic-round2:00313615,images/raw/gbif-inat-toxic-round2/toxicodendron_diversilobum/6131531167_2.jpg,Toxicodendron diversilobum,usda:TODI
gbif-inat-toxic-round2:00313527,images/raw/gbif-inat-toxic-round2/toxicodendron_diversilobum/6130886488_1.jpg,Toxicodendron diversilobum,usda:TODI
gbif-inat-toxic-round2:00313594,images/raw/gbif-inat-toxic-round2/toxicodendron_diversilobum/6131410088_1.jpg,Toxicodendron diversilobum,usda:TODI
gbif-inat:00003774,images/raw/gbif-inat/toxicodendron_diversilobum/6130069297_2.jpg,Toxicodendron diversilobum,usda:TODI
gbif-inat-toxic-round2:00313608,images/raw/gbif-inat-toxic-round2/toxicodendron_diversilobum/6131490749_2.jpg,Toxicodendron diversilobum,usda:TODI
gbif-inat-toxic-round2:00313562,images/raw/gbif-inat-toxic-round2/toxicodendron_diversilobum/6131189054_1.jpg,Toxicodendron diversilobum,usda:TODI
gbif-inat-toxic-round2:00313673,images/raw/gbif-inat-toxic-round2/toxicodendron_diversilobum/6133237321_3.jpg,Toxicodendron diversilobum,usda:TODI
gbif-inat:00003769,images/raw/gbif-inat/toxicodendron_diversilobum/6130036475_2.jpg,Toxicodendron diversilobum,usda:TODI
gbif-inat-toxic-round2:00313825,images/raw/gbif-inat-toxic-round2/toxicodendron_diversilobum/6133119803_2.jpg,Toxicodendron diversilobum,usda:TODI
gbif-inat-toxic-round2:00313481,images/raw/gbif-inat-toxic-round2/toxicodendron_diversilobum/6130525253_1.jpg,Toxicodendron diversilobum,usda:TODI
gbif-inat-toxic-round2:00313766,images/raw/gbif-inat-toxic-round2/toxicodendron_diversilobum/6147638711_1.jpg,Toxicodendron diversilobum,usda:TODI
gbif-inat-toxic-round2:00313648,images/raw/gbif-inat-toxic-round2/toxicodendron_diversilobum/6133061035_1.jpg,Toxicodendron diversilobum,usda:TODI
gbif-inat-toxic-round2:00313738,images/raw/gbif-inat-toxic-round2/toxicodendron_diversilobum/6147166872_1.jpg,Toxicodendron diversilobum,usda:TODI
gbif-inat-toxic-round2:00313732,images/raw/gbif-inat-toxic-round2/toxicodendron_diversilobum/6133598359_3.jpg,Toxicodendron diversilobum,usda:TODI
gbif-inat-toxic-round2:00313835,images/raw/gbif-inat-toxic-round2/toxicodendron_diversilobum/6133195592_1.jpg,Toxicodendron diversilobum,usda:TODI
gbif-inat:00003809,images/raw/gbif-inat/toxicodendron_diversilobum/6130282060_1.jpg,Toxicodendron diversilobum,usda:TODI
gbif-inat-toxic-round2:00313873,images/raw/gbif-inat-toxic-round2/toxicodendron_diversilobum/6147300695_2.jpg,Toxicodendron diversilobum,usda:TODI
gbif-inat-toxic-round2:00313689,images/raw/gbif-inat-toxic-round2/toxicodendron_diversilobum/6133348468_3.jpg,Toxicodendron diversilobum,usda:TODI
gbif-inat-toxic-round2:00313813,images/raw/gbif-inat-toxic-round2/toxicodendron_diversilobum/6320656334_3.jpg,Toxicodendron diversilobum,usda:TODI
gbif-inat-toxic-round2:00313768,images/raw/gbif-inat-toxic-round2/toxicodendron_diversilobum/6147652665_2.jpg,Toxicodendron diversilobum,usda:TODI
gbif-inat-toxic-round2:00313523,images/raw/gbif-inat-toxic-round2/toxicodendron_diversilobum/6130838455_2.jpg,Toxicodendron diversilobum,usda:TODI
gbif-inat:00003823,images/raw/gbif-inat/toxicodendron_diversilobum/6130406598_1.jpg,Toxicodendron diversilobum,usda:TODI
gbif-inat-toxic-round2:00313504,images/raw/gbif-inat-toxic-round2/toxicodendron_diversilobum/6130723892_1.jpg,Toxicodendron diversilobum,usda:TODI
gbif-inat-toxic-round2:00313876,images/raw/gbif-inat-toxic-round2/toxicodendron_diversilobum/6147311601_1.jpg,Toxicodendron diversilobum,usda:TODI
gbif-inat-toxic-round2:00313874,images/raw/gbif-inat-toxic-round2/toxicodendron_diversilobum/6147300695_3.jpg,Toxicodendron diversilobum,usda:TODI
gbif-inat-toxic-round2:00313573,images/raw/gbif-inat-toxic-round2/toxicodendron_diversilobum/6131266107_2.jpg,Toxicodendron diversilobum,usda:TODI
gbif-inat-toxic-round2:00313511,images/raw/gbif-inat-toxic-round2/toxicodendron_diversilobum/6130765653_1.jpg,Toxicodendron diversilobum,usda:TODI
gbif-inat-toxic-round2:00313485,images/raw/gbif-inat-toxic-round2/toxicodendron_diversilobum/6130581233_2.jpg,Toxicodendron diversilobum,usda:TODI
gbif-inat-toxic-round2:00313776,images/raw/gbif-inat-toxic-round2/toxicodendron_diversilobum/6159662099_1.jpg,Toxicodendron diversilobum,usda:TODI
gbif-inat:00001048,images/raw/gbif-inat/toxicodendron_diversilobum/6129916932_1.jpg,Toxicodendron diversilobum,usda:TODI
gbif-inat:00003782,images/raw/gbif-inat/toxicodendron_diversilobum/6130139818_1.jpg,Toxicodendron diversilobum,usda:TODI
gbif-inat:00003768,images/raw/gbif-inat/toxicodendron_diversilobum/6130036475_1.jpg,Toxicodendron diversilobum,usda:TODI
gbif-inat-toxic-round2:00313844,images/raw/gbif-inat-toxic-round2/toxicodendron_diversilobum/6133550859_1.jpg,Toxicodendron diversilobum,usda:TODI
gbif-inat-toxic-round2:00313721,images/raw/gbif-inat-toxic-round2/toxicodendron_diversilobum/6133558501_1.jpg,Toxicodendron diversilobum,usda:TODI
gbif-inat-toxic-round2:00313793,images/raw/gbif-inat-toxic-round2/toxicodendron_diversilobum/6195493387_5.jpg,Toxicodendron diversilobum,usda:TODI
gbif-inat-toxic-round2:00313803,images/raw/gbif-inat-toxic-round2/toxicodendron_diversilobum/6273930301_2.jpg,Toxicodendron diversilobum,usda:TODI
gbif-inat:00003797,images/raw/gbif-inat/toxicodendron_diversilobum/6130232691_1.jpg,Toxicodendron diversilobum,usda:TODI
gbif-inat-toxic-round2:00313670,images/raw/gbif-inat-toxic-round2/toxicodendron_diversilobum/6133223871_3.jpg,Toxicodendron diversilobum,usda:TODI
gbif-inat-toxic-round2:00313636,images/raw/gbif-inat-toxic-round2/toxicodendron_diversilobum/6131654154_1.jpg,Toxicodendron diversilobum,usda:TODI
gbif-inat-toxic-round2:00313524,images/raw/gbif-inat-toxic-round2/toxicodendron_diversilobum/6130848552_1.jpg,Toxicodendron diversilobum,usda:TODI
gbif-inat-toxic-round2:00313555,images/raw/gbif-inat-toxic-round2/toxicodendron_diversilobum/6131116289_1.jpg,Toxicodendron diversilobum,usda:TODI
gbif-inat-toxic-round2:00313570,images/raw/gbif-inat-toxic-round2/toxicodendron_diversilobum/6131240166_1.jpg,Toxicodendron diversilobum,usda:TODI
gbif-inat-toxic-round2:00313739,images/raw/gbif-inat-toxic-round2/toxicodendron_diversilobum/6147185142_1.jpg,Toxicodendron diversilobum,usda:TODI
gbif-inat-toxic-round2:00313621,images/raw/gbif-inat-toxic-round2/toxicodendron_diversilobum/6131587459_2.jpg,Toxicodendron diversilobum,usda:TODI
gbif-inat-toxic-round2:00313581,images/raw/gbif-inat-toxic-round2/toxicodendron_diversilobum/6131310731_1.jpg,Toxicodendron diversilobum,usda:TODI
gbif-inat-toxic-round2:00313635,images/raw/gbif-inat-toxic-round2/toxicodendron_diversilobum/6131633896_1.jpg,Toxicodendron diversilobum,usda:TODI
gbif-inat-toxic-round2:00313495,images/raw/gbif-inat-toxic-round2/toxicodendron_diversilobum/6130686568_1.jpg,Toxicodendron diversilobum,usda:TODI
gbif-inat-toxic-round2:00313537,images/raw/gbif-inat-toxic-round2/toxicodendron_diversilobum/6130987100_1.jpg,Toxicodendron diversilobum,usda:TODI
gbif-inat:00003775,images/raw/gbif-inat/toxicodendron_diversilobum/6130077975_1.jpg,Toxicodendron diversilobum,usda:TODI
gbif-inat-toxic-round2:00313791,images/raw/gbif-inat-toxic-round2/toxicodendron_diversilobum/6195493387_3.jpg,Toxicodendron diversilobum,usda:TODI
gbif-inat-toxic-round2:00313866,images/raw/gbif-inat-toxic-round2/toxicodendron_diversilobum/6147260813_1.jpg,Toxicodendron diversilobum,usda:TODI
gbif-inat-toxic-round2:00313686,images/raw/gbif-inat-toxic-round2/toxicodendron_diversilobum/6133342431_1.jpg,Toxicodendron diversilobum,usda:TODI
gbif-inat:00001042,images/raw/gbif-inat/toxicodendron_diversilobum/6129891676_2.jpg,Toxicodendron diversilobum,usda:TODI
gbif-inat:00003785,images/raw/gbif-inat/toxicodendron_diversilobum/6130144420_1.jpg,Toxicodendron diversilobum,usda:TODI
gbif-inat:00003802,images/raw/gbif-inat/toxicodendron_diversilobum/6130238210_3.jpg,Toxicodendron diversilobum,usda:TODI
gbif-inat-toxic-round2:00313541,images/raw/gbif-inat-toxic-round2/toxicodendron_diversilobum/6130999245_1.jpg,Toxicodendron diversilobum,usda:TODI
gbif-inat-toxic-round2:00313787,images/raw/gbif-inat-toxic-round2/toxicodendron_diversilobum/6178767941_3.jpg,Toxicodendron diversilobum,usda:TODI
gbif-inat-toxic-round2:00313745,images/raw/gbif-inat-toxic-round2/toxicodendron_diversilobum/6147241180_1.jpg,Toxicodendron diversilobum,usda:TODI
gbif-inat-toxic-round2:00313498,images/raw/gbif-inat-toxic-round2/toxicodendron_diversilobum/6130691108_2.jpg,Toxicodendron diversilobum,usda:TODI
gbif-inat-toxic-round2:00313839,images/raw/gbif-inat-toxic-round2/toxicodendron_diversilobum/6133221021_1.jpg,Toxicodendron diversilobum,usda:TODI
gbif-inat:00003814,images/raw/gbif-inat/toxicodendron_diversilobum/6130298465_1.jpg,Toxicodendron diversilobum,usda:TODI
gbif-inat-toxic-round2:00313662,images/raw/gbif-inat-toxic-round2/toxicodendron_diversilobum/6133167114_1.jpg,Toxicodendron diversilobum,usda:TODI
gbif-inat-toxic-round2:00313741,images/raw/gbif-inat-toxic-round2/toxicodendron_diversilobum/6147214262_1.jpg,Toxicodendron diversilobum,usda:TODI
gbif-inat-toxic-round2:00313552,images/raw/gbif-inat-toxic-round2/toxicodendron_diversilobum/6131092033_1.jpg,Toxicodendron diversilobum,usda:TODI
gbif-inat-toxic-round2:00313508,images/raw/gbif-inat-toxic-round2/toxicodendron_diversilobum/6130753298_1.jpg,Toxicodendron diversilobum,usda:TODI
gbif-inat-toxic-round2:00313611,images/raw/gbif-inat-toxic-round2/toxicodendron_diversilobum/6131521619_1.jpg,Toxicodendron diversilobum,usda:TODI
gbif-inat-toxic-round2:00313554,images/raw/gbif-inat-toxic-round2/toxicodendron_diversilobum/6131116094_2.jpg,Toxicodendron diversilobum,usda:TODI
gbif-inat-toxic-round2:00313786,images/raw/gbif-inat-toxic-round2/toxicodendron_diversilobum/6178767941_2.jpg,Toxicodendron diversilobum,usda:TODI
gbif-inat-toxic-round2:00313812,images/raw/gbif-inat-toxic-round2/toxicodendron_diversilobum/6320656334_2.jpg,Toxicodendron diversilobum,usda:TODI
gbif-inat:00003790,images/raw/gbif-inat/toxicodendron_diversilobum/6130159229_1.jpg,Toxicodendron diversilobum,usda:TODI
gbif-inat-toxic-round2:00313691,images/raw/gbif-inat-toxic-round2/toxicodendron_diversilobum/6133371122_1.jpg,Toxicodendron diversilobum,usda:TODI
gbif-inat-toxic-round2:00313641,images/raw/gbif-inat-toxic-round2/toxicodendron_diversilobum/6133023806_1.jpg,Toxicodendron diversilobum,usda:TODI
gbif-inat-toxic-round2:00313529,images/raw/gbif-inat-toxic-round2/toxicodendron_diversilobum/6130899316_1.jpg,Toxicodendron diversilobum,usda:TODI
gbif-inat-toxic-round2:00313719,images/raw/gbif-inat-toxic-round2/toxicodendron_diversilobum/6133557986_1.jpg,Toxicodendron diversilobum,usda:TODI
gbif-inat:00003807,images/raw/gbif-inat/toxicodendron_diversilobum/6130266220_2.jpg,Toxicodendron diversilobum,usda:TODI
gbif-inat-toxic-round2:00313515,images/raw/gbif-inat-toxic-round2/toxicodendron_diversilobum/6130806920_1.jpg,Toxicodendron diversilobum,usda:TODI
gbif-inat-toxic-round2:00313642,images/raw/gbif-inat-toxic-round2/toxicodendron_diversilobum/6133023806_2.jpg,Toxicodendron diversilobum,usda:TODI
gbif-inat:00003777,images/raw/gbif-inat/toxicodendron_diversilobum/6130092761_1.jpg,Toxicodendron diversilobum,usda:TODI
gbif-inat-toxic-round2:00313859,images/raw/gbif-inat-toxic-round2/toxicodendron_diversilobum/6147227016_1.jpg,Toxicodendron diversilobum,usda:TODI
gbif-inat-toxic-round2:00313592,images/raw/gbif-inat-toxic-round2/toxicodendron_diversilobum/6131409439_2.jpg,Toxicodendron diversilobum,usda:TODI
gbif-inat-toxic-round2:00313490,images/raw/gbif-inat-toxic-round2/toxicodendron_diversilobum/6130656691_1.jpg,Toxicodendron diversilobum,usda:TODI
gbif-inat-toxic-round2:00313789,images/raw/gbif-inat-toxic-round2/toxicodendron_diversilobum/6195493387_1.jpg,Toxicodendron diversilobum,usda:TODI
gbif-inat-toxic-round2:00313753,images/raw/gbif-inat-toxic-round2/toxicodendron_diversilobum/6147378493_1.jpg,Toxicodendron diversilobum,usda:TODI
gbif-inat-toxic-round2:00313842,images/raw/gbif-inat-toxic-round2/toxicodendron_diversilobum/6133449937_1.jpg,Toxicodendron diversilobum,usda:TODI
gbif-inat-toxic-round2:00313792,images/raw/gbif-inat-toxic-round2/toxicodendron_diversilobum/6195493387_4.jpg,Toxicodendron diversilobum,usda:TODI
gbif-inat-toxic-round2:00313769,images/raw/gbif-inat-toxic-round2/toxicodendron_diversilobum/6147678526_1.jpg,Toxicodendron diversilobum,usda:TODI
gbif-inat:00001050,images/raw/gbif-inat/toxicodendron_diversilobum/6129916932_3.jpg,Toxicodendron diversilobum,usda:TODI
gbif-inat:00003761,images/raw/gbif-inat/toxicodendron_diversilobum/6129938050_1.jpg,Toxicodendron diversilobum,usda:TODI
gbif-inat-toxic-round2:00313610,images/raw/gbif-inat-toxic-round2/toxicodendron_diversilobum/6131516463_2.jpg,Toxicodendron diversilobum,usda:TODI
gbif-inat:00003825,images/raw/gbif-inat/toxicodendron_diversilobum/6130406598_3.jpg,Toxicodendron diversilobum,usda:TODI
gbif-inat-toxic-round2:00313612,images/raw/gbif-inat-toxic-round2/toxicodendron_diversilobum/6131528587_1.jpg,Toxicodendron diversilobum,usda:TODI
gbif-inat-toxic-round2:00313625,images/raw/gbif-inat-toxic-round2/toxicodendron_diversilobum/6131602673_2.jpg,Toxicodendron diversilobum,usda:TODI
gbif-inat-toxic-round2:00313810,images/raw/gbif-inat-toxic-round2/toxicodendron_diversilobum/6320612605_1.jpg,Toxicodendron diversilobum,usda:TODI
gbif-inat-toxic-round2:00313840,images/raw/gbif-inat-toxic-round2/toxicodendron_diversilobum/6133221021_2.jpg,Toxicodendron diversilobum,usda:TODI
gbif-inat-toxic-round2:00313551,images/raw/gbif-inat-toxic-round2/toxicodendron_diversilobum/6131082359_1.jpg,Toxicodendron diversilobum,usda:TODI
gbif-inat-toxic-round2:00313737,images/raw/gbif-inat-toxic-round2/toxicodendron_diversilobum/6133609239_1.jpg,Toxicodendron diversilobum,usda:TODI
gbif-inat:00003830,images/raw/gbif-inat/toxicodendron_diversilobum/6130439988_1.jpg,Toxicodendron diversilobum,usda:TODI
gbif-inat-toxic-round2:00313707,images/raw/gbif-inat-toxic-round2/toxicodendron_diversilobum/6133507423_1.jpg,Toxicodendron diversilobum,usda:TODI
gbif-inat-toxic-round2:00313794,images/raw/gbif-inat-toxic-round2/toxicodendron_diversilobum/6195624713_1.jpg,Toxicodendron diversilobum,usda:TODI
gbif-inat-toxic-round2:00313871,images/raw/gbif-inat-toxic-round2/toxicodendron_diversilobum/6147280290_1.jpg,Toxicodendron diversilobum,usda:TODI
gbif-inat-toxic-round2:00313763,images/raw/gbif-inat-toxic-round2/toxicodendron_diversilobum/6147556829_1.jpg,Toxicodendron diversilobum,usda:TODI
gbif-inat-toxic-round2:00313509,images/raw/gbif-inat-toxic-round2/toxicodendron_diversilobum/6130753298_2.jpg,Toxicodendron diversilobum,usda:TODI
gbif-inat-toxic-round2:00313510,images/raw/gbif-inat-toxic-round2/toxicodendron_diversilobum/6130757113_1.jpg,Toxicodendron diversilobum,usda:TODI
gbif-inat-toxic-round2:00313848,images/raw/gbif-inat-toxic-round2/toxicodendron_diversilobum/6147181749_1.jpg,Toxicodendron diversilobum,usda:TODI
gbif-inat-toxic-round2:00313478,images/raw/gbif-inat-toxic-round2/toxicodendron_diversilobum/6130451022_1.jpg,Toxicodendron diversilobum,usda:TODI
gbif-inat-toxic-round2:00313757,images/raw/gbif-inat-toxic-round2/toxicodendron_diversilobum/6147434228_1.jpg,Toxicodendron diversilobum,usda:TODI
gbif-inat-toxic-round2:00313711,images/raw/gbif-inat-toxic-round2/toxicodendron_diversilobum/6133527577_1.jpg,Toxicodendron diversilobum,usda:TODI
gbif-inat-toxic-round2:00313601,images/raw/gbif-inat-toxic-round2/toxicodendron_diversilobum/6131458457_5.jpg,Toxicodendron diversilobum,usda:TODI
gbif-inat-toxic-round2:00313484,images/raw/gbif-inat-toxic-round2/toxicodendron_diversilobum/6130581233_1.jpg,Toxicodendron diversilobum,usda:TODI
gbif-inat-toxic-round2:00313867,images/raw/gbif-inat-toxic-round2/toxicodendron_diversilobum/6147261762_1.jpg,Toxicodendron diversilobum,usda:TODI
gbif-inat-toxic-round2:00313799,images/raw/gbif-inat-toxic-round2/toxicodendron_diversilobum/6252529647_1.jpg,Toxicodendron diversilobum,usda:TODI
gbif-inat:00001029,images/raw/gbif-inat/toxicodendron_diversilobum/5938467990_2.jpg,Toxicodendron diversilobum,usda:TODI
gbif-inat-toxic-round2:00313650,images/raw/gbif-inat-toxic-round2/toxicodendron_diversilobum/6133078178_1.jpg,Toxicodendron diversilobum,usda:TODI
gbif-inat-toxic-round2:00313627,images/raw/gbif-inat-toxic-round2/toxicodendron_diversilobum/6131602695_1.jpg,Toxicodendron diversilobum,usda:TODI
gbif-inat:00001049,images/raw/gbif-inat/toxicodendron_diversilobum/6129916932_2.jpg,Toxicodendron diversilobum,usda:TODI
gbif-inat:00001032,images/raw/gbif-inat/toxicodendron_diversilobum/5938680137_2.jpg,Toxicodendron diversilobum,usda:TODI
gbif-inat-toxic-round2:00313701,images/raw/gbif-inat-toxic-round2/toxicodendron_diversilobum/6133456879_1.jpg,Toxicodendron diversilobum,usda:TODI
gbif-inat-toxic-round2:00313639,images/raw/gbif-inat-toxic-round2/toxicodendron_diversilobum/6131663310_1.jpg,Toxicodendron diversilobum,usda:TODI
gbif-inat-toxic-round2:00313849,images/raw/gbif-inat-toxic-round2/toxicodendron_diversilobum/6147181749_2.jpg,Toxicodendron diversilobum,usda:TODI
gbif-inat:00003817,images/raw/gbif-inat/toxicodendron_diversilobum/6130349652_2.jpg,Toxicodendron diversilobum,usda:TODI
gbif-inat-toxic-round2:00313544,images/raw/gbif-inat-toxic-round2/toxicodendron_diversilobum/6131035542_1.jpg,Toxicodendron diversilobum,usda:TODI
gbif-inat-toxic-round2:00313583,images/raw/gbif-inat-toxic-round2/toxicodendron_diversilobum/6131356822_1.jpg,Toxicodendron diversilobum,usda:TODI
gbif-inat-toxic-round2:00313710,images/raw/gbif-inat-toxic-round2/toxicodendron_diversilobum/6133527405_1.jpg,Toxicodendron diversilobum,usda:TODI
gbif-inat-toxic-round2:00313860,images/raw/gbif-inat-toxic-round2/toxicodendron_diversilobum/6147230382_1.jpg,Toxicodendron diversilobum,usda:TODI
gbif-inat-toxic-round2:00313754,images/raw/gbif-inat-toxic-round2/toxicodendron_diversilobum/6147378493_2.jpg,Toxicodendron diversilobum,usda:TODI
gbif-inat-toxic-round2:00313579,images/raw/gbif-inat-toxic-round2/toxicodendron_diversilobum/6131308836_3.jpg,Toxicodendron diversilobum,usda:TODI
gbif-inat-toxic-round2:00313620,images/raw/gbif-inat-toxic-round2/toxicodendron_diversilobum/6131587459_1.jpg,Toxicodendron diversilobum,usda:TODI
gbif-inat-toxic-round2:00313864,images/raw/gbif-inat-toxic-round2/toxicodendron_diversilobum/6147248629_1.jpg,Toxicodendron diversilobum,usda:TODI
gbif-inat-toxic-round2:00313560,images/raw/gbif-inat-toxic-round2/toxicodendron_diversilobum/6131187755_1.jpg,Toxicodendron diversilobum,usda:TODI
gbif-inat-toxic-round2:00313631,images/raw/gbif-inat-toxic-round2/toxicodendron_diversilobum/6131632160_1.jpg,Toxicodendron diversilobum,usda:TODI
gbif-inat:00003789,images/raw/gbif-inat/toxicodendron_diversilobum/6130155311_3.jpg,Toxicodendron diversilobum,usda:TODI
gbif-inat-toxic-round2:00313852,images/raw/gbif-inat-toxic-round2/toxicodendron_diversilobum/6147190934_2.jpg,Toxicodendron diversilobum,usda:TODI
gbif-inat-toxic-round2:00313853,images/raw/gbif-inat-toxic-round2/toxicodendron_diversilobum/6147190934_3.jpg,Toxicodendron diversilobum,usda:TODI
gbif-inat-toxic-round2:00313851,images/raw/gbif-inat-toxic-round2/toxicodendron_diversilobum/6147190934_1.jpg,Toxicodendron diversilobum,usda:TODI
gbif-inat-toxic-round2:00313619,images/raw/gbif-inat-toxic-round2/toxicodendron_diversilobum/6131566334_1.jpg,Toxicodendron diversilobum,usda:TODI
gbif-inat:00003791,images/raw/gbif-inat/toxicodendron_diversilobum/6130159229_2.jpg,Toxicodendron diversilobum,usda:TODI
gbif-inat-toxic-round2:00313709,images/raw/gbif-inat-toxic-round2/toxicodendron_diversilobum/6133525507_2.jpg,Toxicodendron diversilobum,usda:TODI
gbif-inat-toxic-round2:00313728,images/raw/gbif-inat-toxic-round2/toxicodendron_diversilobum/6133582014_1.jpg,Toxicodendron diversilobum,usda:TODI
gbif-inat-toxic-round2:00313669,images/raw/gbif-inat-toxic-round2/toxicodendron_diversilobum/6133223871_2.jpg,Toxicodendron diversilobum,usda:TODI
gbif-inat-toxic-round2:00313755,images/raw/gbif-inat-toxic-round2/toxicodendron_diversilobum/6147395914_1.jpg,Toxicodendron diversilobum,usda:TODI
gbif-inat-toxic-round2:00313624,images/raw/gbif-inat-toxic-round2/toxicodendron_diversilobum/6131602673_1.jpg,Toxicodendron diversilobum,usda:TODI
gbif-inat-toxic-round2:00313675,images/raw/gbif-inat-toxic-round2/toxicodendron_diversilobum/6133261307_1.jpg,Toxicodendron diversilobum,usda:TODI
gbif-inat-toxic-round2:00313752,images/raw/gbif-inat-toxic-round2/toxicodendron_diversilobum/6147327159_2.jpg,Toxicodendron diversilobum,usda:TODI
gbif-inat-toxic-round2:00313727,images/raw/gbif-inat-toxic-round2/toxicodendron_diversilobum/6133581443_2.jpg,Toxicodendron diversilobum,usda:TODI
gbif-inat-toxic-round2:00313586,images/raw/gbif-inat-toxic-round2/toxicodendron_diversilobum/6131364098_1.jpg,Toxicodendron diversilobum,usda:TODI
gbif-inat-toxic-round2:00313576,images/raw/gbif-inat-toxic-round2/toxicodendron_diversilobum/6131298635_1.jpg,Toxicodendron diversilobum,usda:TODI
gbif-inat-toxic-round2:00313661,images/raw/gbif-inat-toxic-round2/toxicodendron_diversilobum/6133134173_2.jpg,Toxicodendron diversilobum,usda:TODI
gbif-inat:00001045,images/raw/gbif-inat/toxicodendron_diversilobum/6129909669_1.jpg,Toxicodendron diversilobum,usda:TODI
gbif-inat-toxic-round2:00313538,images/raw/gbif-inat-toxic-round2/toxicodendron_diversilobum/6130990074_1.jpg,Toxicodendron diversilobum,usda:TODI
gbif-inat-toxic-round2:00313571,images/raw/gbif-inat-toxic-round2/toxicodendron_diversilobum/6131241134_1.jpg,Toxicodendron diversilobum,usda:TODI
gbif-inat-toxic-round2:00313501,images/raw/gbif-inat-toxic-round2/toxicodendron_diversilobum/6130692741_1.jpg,Toxicodendron diversilobum,usda:TODI
gbif-inat-toxic-round2:00313539,images/raw/gbif-inat-toxic-round2/toxicodendron_diversilobum/6130990074_2.jpg,Toxicodendron diversilobum,usda:TODI
gbif-inat-toxic-round2:00313632,images/raw/gbif-inat-toxic-round2/toxicodendron_diversilobum/6131632160_2.jpg,Toxicodendron diversilobum,usda:TODI
gbif-inat-toxic-round2:00313518,images/raw/gbif-inat-toxic-round2/toxicodendron_diversilobum/6130806920_4.jpg,Toxicodendron diversilobum,usda:TODI
gbif-inat-toxic-round2:00313671,images/raw/gbif-inat-toxic-round2/toxicodendron_diversilobum/6133237321_1.jpg,Toxicodendron diversilobum,usda:TODI
gbif-inat-toxic-round2:00313540,images/raw/gbif-inat-toxic-round2/toxicodendron_diversilobum/6130997962_1.jpg,Toxicodendron diversilobum,usda:TODI
gbif-inat:00003795,images/raw/gbif-inat/toxicodendron_diversilobum/6130199819_1.jpg,Toxicodendron diversilobum,usda:TODI
gbif-inat:00003806,images/raw/gbif-inat/toxicodendron_diversilobum/6130266220_1.jpg,Toxicodendron diversilobum,usda:TODI
gbif-inat:00003788,images/raw/gbif-inat/toxicodendron_diversilobum/6130155311_2.jpg,Toxicodendron diversilobum,usda:TODI
gbif-inat-toxic-round2:00313500,images/raw/gbif-inat-toxic-round2/toxicodendron_diversilobum/6130692602_2.jpg,Toxicodendron diversilobum,usda:TODI
gbif-inat-toxic-round2:00313486,images/raw/gbif-inat-toxic-round2/toxicodendron_diversilobum/6130589320_1.jpg,Toxicodendron diversilobum,usda:TODI
gbif-inat:00003805,images/raw/gbif-inat/toxicodendron_diversilobum/6130253643_1.jpg,Toxicodendron diversilobum,usda:TODI
gbif-inat-toxic-round2:00313774,images/raw/gbif-inat-toxic-round2/toxicodendron_diversilobum/6159451355_1.jpg,Toxicodendron diversilobum,usda:TODI
gbif-inat:00001041,images/raw/gbif-inat/toxicodendron_diversilobum/6129891676_1.jpg,Toxicodendron diversilobum,usda:TODI
gbif-inat-toxic-round2:00313532,images/raw/gbif-inat-toxic-round2/toxicodendron_diversilobum/6130912818_3.jpg,Toxicodendron diversilobum,usda:TODI
gbif-inat-toxic-round2:00313653,images/raw/gbif-inat-toxic-round2/toxicodendron_diversilobum/6133089584_1.jpg,Toxicodendron diversilobum,usda:TODI
gbif-inat-toxic-round2:00313730,images/raw/gbif-inat-toxic-round2/toxicodendron_diversilobum/6133598359_1.jpg,Toxicodendron diversilobum,usda:TODI
gbif-inat-toxic-round2:00313847,images/raw/gbif-inat-toxic-round2/toxicodendron_diversilobum/6147180076_1.jpg,Toxicodendron diversilobum,usda:TODI
gbif-inat-toxic-round2:00313828,images/raw/gbif-inat-toxic-round2/toxicodendron_diversilobum/6133119803_5.jpg,Toxicodendron diversilobum,usda:TODI
gbif-inat-toxic-round2:00313654,images/raw/gbif-inat-toxic-round2/toxicodendron_diversilobum/6133089584_2.jpg,Toxicodendron diversilobum,usda:TODI
gbif-inat:00001040,images/raw/gbif-inat/toxicodendron_diversilobum/6129858792_1.jpg,Toxicodendron diversilobum,usda:TODI
gbif-inat:00003812,images/raw/gbif-inat/toxicodendron_diversilobum/6130282382_2.jpg,Toxicodendron diversilobum,usda:TODI
gbif-inat:00003767,images/raw/gbif-inat/toxicodendron_diversilobum/6130026156_3.jpg,Toxicodendron diversilobum,usda:TODI
gbif-inat-toxic-round2:00313584,images/raw/gbif-inat-toxic-round2/toxicodendron_diversilobum/6131362971_1.jpg,Toxicodendron diversilobum,usda:TODI
gbif-inat-toxic-round2:00313767,images/raw/gbif-inat-toxic-round2/toxicodendron_diversilobum/6147652665_1.jpg,Toxicodendron diversilobum,usda:TODI
gbif-inat-toxic-round2:00313809,images/raw/gbif-inat-toxic-round2/toxicodendron_diversilobum/6320419819_2.jpg,Toxicodendron diversilobum,usda:TODI
gbif-inat:00003800,images/raw/gbif-inat/toxicodendron_diversilobum/6130238210_1.jpg,Toxicodendron diversilobum,usda:TODI
gbif-inat:00003803,images/raw/gbif-inat/toxicodendron_diversilobum/6130246214_1.jpg,Toxicodendron diversilobum,usda:TODI
gbif-inat:00001031,images/raw/gbif-inat/toxicodendron_diversilobum/5938680137_1.jpg,Toxicodendron diversilobum,usda:TODI
gbif-inat-toxic-round2:00313606,images/raw/gbif-inat-toxic-round2/toxicodendron_diversilobum/6131472736_1.jpg,Toxicodendron diversilobum,usda:TODI
gbif-inat-toxic-round2:00313582,images/raw/gbif-inat-toxic-round2/toxicodendron_diversilobum/6131342590_1.jpg,Toxicodendron diversilobum,usda:TODI
gbif-inat-toxic-round2:00313548,images/raw/gbif-inat-toxic-round2/toxicodendron_diversilobum/6131043861_1.jpg,Toxicodendron diversilobum,usda:TODI
gbif-inat-toxic-round2:00313831,images/raw/gbif-inat-toxic-round2/toxicodendron_diversilobum/6133147966_1.jpg,Toxicodendron diversilobum,usda:TODI
gbif-inat-toxic-round2:00313868,images/raw/gbif-inat-toxic-round2/toxicodendron_diversilobum/6147268640_1.jpg,Toxicodendron diversilobum,usda:TODI
gbif-inat-toxic-round2:00313667,images/raw/gbif-inat-toxic-round2/toxicodendron_diversilobum/6133212189_1.jpg,Toxicodendron diversilobum,usda:TODI
gbif-inat-toxic-round2:00313530,images/raw/gbif-inat-toxic-round2/toxicodendron_diversilobum/6130912818_1.jpg,Toxicodendron diversilobum,usda:TODI
gbif-inat-toxic-round2:00313522,images/raw/gbif-inat-toxic-round2/toxicodendron_diversilobum/6130838455_1.jpg,Toxicodendron diversilobum,usda:TODI
gbif-inat:00003827,images/raw/gbif-inat/toxicodendron_diversilobum/6130434343_1.jpg,Toxicodendron diversilobum,usda:TODI
gbif-inat-toxic-round2:00313749,images/raw/gbif-inat-toxic-round2/toxicodendron_diversilobum/6147270382_1.jpg,Toxicodendron diversilobum,usda:TODI
gbif-inat-toxic-round2:00313683,images/raw/gbif-inat-toxic-round2/toxicodendron_diversilobum/6133328721_2.jpg,Toxicodendron diversilobum,usda:TODI
gbif-inat-toxic-round2:00313607,images/raw/gbif-inat-toxic-round2/toxicodendron_diversilobum/6131490749_1.jpg,Toxicodendron diversilobum,usda:TODI
gbif-inat-toxic-round2:00313506,images/raw/gbif-inat-toxic-round2/toxicodendron_diversilobum/6130741091_2.jpg,Toxicodendron diversilobum,usda:TODI
gbif-inat-toxic-round2:00313626,images/raw/gbif-inat-toxic-round2/toxicodendron_diversilobum/6131602673_3.jpg,Toxicodendron diversilobum,usda:TODI
gbif-inat-toxic-round2:00313547,images/raw/gbif-inat-toxic-round2/toxicodendron_diversilobum/6131041266_3.jpg,Toxicodendron diversilobum,usda:TODI
gbif-inat-toxic-round2:00313492,images/raw/gbif-inat-toxic-round2/toxicodendron_diversilobum/6130684261_1.jpg,Toxicodendron diversilobum,usda:TODI
gbif-inat-toxic-round2:00313744,images/raw/gbif-inat-toxic-round2/toxicodendron_diversilobum/6147218196_3.jpg,Toxicodendron diversilobum,usda:TODI
gbif-inat:00003828,images/raw/gbif-inat/toxicodendron_diversilobum/6130437195_1.jpg,Toxicodendron diversilobum,usda:TODI
gbif-inat-toxic-round2:00313788,images/raw/gbif-inat-toxic-round2/toxicodendron_diversilobum/6179448299_1.jpg,Toxicodendron diversilobum,usda:TODI
gbif-inat:00003765,images/raw/gbif-inat/toxicodendron_diversilobum/6130026156_1.jpg,Toxicodendron diversilobum,usda:TODI
gbif-inat:00001030,images/raw/gbif-inat/toxicodendron_diversilobum/5938646547_1.jpg,Toxicodendron diversilobum,usda:TODI
gbif-inat-toxic-round2:00313588,images/raw/gbif-inat-toxic-round2/toxicodendron_diversilobum/6131392455_1.jpg,Toxicodendron diversilobum,usda:TODI
gbif-inat-toxic-round2:00313780,images/raw/gbif-inat-toxic-round2/toxicodendron_diversilobum/6163053881_1.jpg,Toxicodendron diversilobum,usda:TODI
gbif-inat-toxic-round2:00313733,images/raw/gbif-inat-toxic-round2/toxicodendron_diversilobum/6133598359_4.jpg,Toxicodendron diversilobum,usda:TODI
gbif-inat:00003793,images/raw/gbif-inat/toxicodendron_diversilobum/6130190312_1.jpg,Toxicodendron diversilobum,usda:TODI
gbif-inat-toxic-round2:00313613,images/raw/gbif-inat-toxic-round2/toxicodendron_diversilobum/6131528587_2.jpg,Toxicodendron diversilobum,usda:TODI
gbif-inat-toxic-round2:00313696,images/raw/gbif-inat-toxic-round2/toxicodendron_diversilobum/6133412074_1.jpg,Toxicodendron diversilobum,usda:TODI
gbif-inat:00003813,images/raw/gbif-inat/toxicodendron_diversilobum/6130282382_3.jpg,Toxicodendron diversilobum,usda:TODI
gbif-inat-toxic-round2:00313516,images/raw/gbif-inat-toxic-round2/toxicodendron_diversilobum/6130806920_2.jpg,Toxicodendron diversilobum,usda:TODI
gbif-inat-toxic-round2:00313618,images/raw/gbif-inat-toxic-round2/toxicodendron_diversilobum/6131545661_1.jpg,Toxicodendron diversilobum,usda:TODI
gbif-inat-toxic-round2:00313865,images/raw/gbif-inat-toxic-round2/toxicodendron_diversilobum/6147257250_1.jpg,Toxicodendron diversilobum,usda:TODI
gbif-inat-toxic-round2:00313704,images/raw/gbif-inat-toxic-round2/toxicodendron_diversilobum/6133467854_1.jpg,Toxicodendron diversilobum,usda:TODI
gbif-inat:00001043,images/raw/gbif-inat/toxicodendron_diversilobum/6129895807_1.jpg,Toxicodendron diversilobum,usda:TODI
gbif-inat-toxic-round2:00313747,images/raw/gbif-inat-toxic-round2/toxicodendron_diversilobum/6147251238_1.jpg,Toxicodendron diversilobum,usda:TODI
gbif-inat:00003808,images/raw/gbif-inat/toxicodendron_diversilobum/6130280490_1.jpg,Toxicodendron diversilobum,usda:TODI
gbif-inat-toxic-round2:00313623,images/raw/gbif-inat-toxic-round2/toxicodendron_diversilobum/6131589963_1.jpg,Toxicodendron diversilobum,usda:TODI
gbif-inat-toxic-round2:00313765,images/raw/gbif-inat-toxic-round2/toxicodendron_diversilobum/6147576083_1.jpg,Toxicodendron diversilobum,usda:TODI
gbif-inat:00003773,images/raw/gbif-inat/toxicodendron_diversilobum/6130069297_1.jpg,Toxicodendron diversilobum,usda:TODI
gbif-inat-toxic-round2:00313514,images/raw/gbif-inat-toxic-round2/toxicodendron_diversilobum/6130799931_1.jpg,Toxicodendron diversilobum,usda:TODI
gbif-inat-toxic-round2:00313580,images/raw/gbif-inat-toxic-round2/toxicodendron_diversilobum/6131308836_4.jpg,Toxicodendron diversilobum,usda:TODI
gbif-inat:00003778,images/raw/gbif-inat/toxicodendron_diversilobum/6130092761_2.jpg,Toxicodendron diversilobum,usda:TODI
gbif-inat-toxic-round2:00313713,images/raw/gbif-inat-toxic-round2/toxicodendron_diversilobum/6133531327_1.jpg,Toxicodendron diversilobum,usda:TODI
gbif-inat-toxic-round2:00313742,images/raw/gbif-inat-toxic-round2/toxicodendron_diversilobum/6147218196_1.jpg,Toxicodendron diversilobum,usda:TODI
gbif-inat-toxic-round2:00313823,images/raw/gbif-inat-toxic-round2/toxicodendron_diversilobum/6133067706_2.jpg,Toxicodendron diversilobum,usda:TODI
gbif-inat-toxic-round2:00313764,images/raw/gbif-inat-toxic-round2/toxicodendron_diversilobum/6147556829_2.jpg,Toxicodendron diversilobum,usda:TODI
gbif-inat:00003811,images/raw/gbif-inat/toxicodendron_diversilobum/6130282382_1.jpg,Toxicodendron diversilobum,usda:TODI
gbif-inat-toxic-round2:00313598,images/raw/gbif-inat-toxic-round2/toxicodendron_diversilobum/6131458457_2.jpg,Toxicodendron diversilobum,usda:TODI
gbif-inat:00001044,images/raw/gbif-inat/toxicodendron_diversilobum/6129907093_1.jpg,Toxicodendron diversilobum,usda:TODI
gbif-inat-toxic-round2:00313536,images/raw/gbif-inat-toxic-round2/toxicodendron_diversilobum/6130946036_1.jpg,Toxicodendron diversilobum,usda:TODI
gbif-inat-toxic-round2:00313858,images/raw/gbif-inat-toxic-round2/toxicodendron_diversilobum/6147223595_4.jpg,Toxicodendron diversilobum,usda:TODI
gbif-inat-toxic-round2:00313862,images/raw/gbif-inat-toxic-round2/toxicodendron_diversilobum/6147242537_1.jpg,Toxicodendron diversilobum,usda:TODI
gbif-inat-toxic-round2:00313533,images/raw/gbif-inat-toxic-round2/toxicodendron_diversilobum/6130912818_4.jpg,Toxicodendron diversilobum,usda:TODI
gbif-inat-toxic-round2:00313543,images/raw/gbif-inat-toxic-round2/toxicodendron_diversilobum/6131018279_1.jpg,Toxicodendron diversilobum,usda:TODI
gbif-inat-toxic-round2:00313717,images/raw/gbif-inat-toxic-round2/toxicodendron_diversilobum/6133555997_1.jpg,Toxicodendron diversilobum,usda:TODI
gbif-inat-toxic-round2:00313609,images/raw/gbif-inat-toxic-round2/toxicodendron_diversilobum/6131516463_1.jpg,Toxicodendron diversilobum,usda:TODI
gbif-inat-toxic-round2:00313819,images/raw/gbif-inat-toxic-round2/toxicodendron_diversilobum/6320802889_1.jpg,Toxicodendron diversilobum,usda:TODI
gbif-inat-toxic-round2:00313772,images/raw/gbif-inat-toxic-round2/toxicodendron_diversilobum/6159184415_1.jpg,Toxicodendron diversilobum,usda:TODI
gbif-inat-toxic-round2:00313762,images/raw/gbif-inat-toxic-round2/toxicodendron_diversilobum/6147549210_1.jpg,Toxicodendron diversilobum,usda:TODI
gbif-inat-toxic-round2:00313521,images/raw/gbif-inat-toxic-round2/toxicodendron_diversilobum/6130831979_1.jpg,Toxicodendron diversilobum,usda:TODI
gbif-inat-toxic-round2:00313665,images/raw/gbif-inat-toxic-round2/toxicodendron_diversilobum/6133203190_1.jpg,Toxicodendron diversilobum,usda:TODI
gbif-inat:00003799,images/raw/gbif-inat/toxicodendron_diversilobum/6130232691_3.jpg,Toxicodendron diversilobum,usda:TODI
gbif-inat-toxic-round2:00313846,images/raw/gbif-inat-toxic-round2/toxicodendron_diversilobum/6147173464_1.jpg,Toxicodendron diversilobum,usda:TODI
gbif-inat-toxic-round2:00313622,images/raw/gbif-inat-toxic-round2/toxicodendron_diversilobum/6131587459_3.jpg,Toxicodendron diversilobum,usda:TODI
gbif-inat-toxic-round2:00313564,images/raw/gbif-inat-toxic-round2/toxicodendron_diversilobum/6131215640_2.jpg,Toxicodendron diversilobum,usda:TODI
gbif-inat-toxic-round2:00313834,images/raw/gbif-inat-toxic-round2/toxicodendron_diversilobum/6133194637_2.jpg,Toxicodendron diversilobum,usda:TODI
gbif-inat-toxic-round2:00313725,images/raw/gbif-inat-toxic-round2/toxicodendron_diversilobum/6133579391_3.jpg,Toxicodendron diversilobum,usda:TODI
gbif-inat:00003779,images/raw/gbif-inat/toxicodendron_diversilobum/6130092761_3.jpg,Toxicodendron diversilobum,usda:TODI
gbif-inat-toxic-round2:00313505,images/raw/gbif-inat-toxic-round2/toxicodendron_diversilobum/6130741091_1.jpg,Toxicodendron diversilobum,usda:TODI
gbif-inat:00003783,images/raw/gbif-inat/toxicodendron_diversilobum/6130140988_1.jpg,Toxicodendron diversilobum,usda:TODI
gbif-inat-toxic-round2:00313663,images/raw/gbif-inat-toxic-round2/toxicodendron_diversilobum/6133194488_1.jpg,Toxicodendron diversilobum,usda:TODI
gbif-inat-toxic-round2:00313614,images/raw/gbif-inat-toxic-round2/toxicodendron_diversilobum/6131531167_1.jpg,Toxicodendron diversilobum,usda:TODI
gbif-inat-toxic-round2:00313572,images/raw/gbif-inat-toxic-round2/toxicodendron_diversilobum/6131266107_1.jpg,Toxicodendron diversilobum,usda:TODI
gbif-inat-toxic-round2:00313644,images/raw/gbif-inat-toxic-round2/toxicodendron_diversilobum/6133023806_4.jpg,Toxicodendron diversilobum,usda:TODI
gbif-inat-toxic-round2:00313634,images/raw/gbif-inat-toxic-round2/toxicodendron_diversilobum/6131632177_2.jpg,Toxicodendron diversilobum,usda:TODI
gbif-inat-toxic-round2:00313734,images/raw/gbif-inat-toxic-round2/toxicodendron_diversilobum/6133600791_1.jpg,Toxicodendron diversilobum,usda:TODI
gbif-inat-toxic-round2:00313563,images/raw/gbif-inat-toxic-round2/toxicodendron_diversilobum/6131215640_1.jpg,Toxicodendron diversilobum,usda:TODI
gbif-inat-toxic-round2:00313574,images/raw/gbif-inat-toxic-round2/toxicodendron_diversilobum/6131266790_1.jpg,Toxicodendron diversilobum,usda:TODI
gbif-inat-toxic-round2:00313660,images/raw/gbif-inat-toxic-round2/toxicodendron_diversilobum/6133134173_1.jpg,Toxicodendron diversilobum,usda:TODI
gbif-inat-toxic-round2:00313827,images/raw/gbif-inat-toxic-round2/toxicodendron_diversilobum/6133119803_4.jpg,Toxicodendron diversilobum,usda:TODI
gbif-inat-toxic-round2:00313785,images/raw/gbif-inat-toxic-round2/toxicodendron_diversilobum/6178767941_1.jpg,Toxicodendron diversilobum,usda:TODI
gbif-inat-toxic-round2:00313657,images/raw/gbif-inat-toxic-round2/toxicodendron_diversilobum/6133113895_1.jpg,Toxicodendron diversilobum,usda:TODI
gbif-inat-toxic-round2:00313807,images/raw/gbif-inat-toxic-round2/toxicodendron_diversilobum/6320298550_1.jpg,Toxicodendron diversilobum,usda:TODI
gbif-inat-toxic-round2:00313712,images/raw/gbif-inat-toxic-round2/toxicodendron_diversilobum/6133530487_1.jpg,Toxicodendron diversilobum,usda:TODI
gbif-inat-toxic-round2:00313494,images/raw/gbif-inat-toxic-round2/toxicodendron_diversilobum/6130684261_3.jpg,Toxicodendron diversilobum,usda:TODI
gbif-inat-toxic-round2:00313578,images/raw/gbif-inat-toxic-round2/toxicodendron_diversilobum/6131308836_2.jpg,Toxicodendron diversilobum,usda:TODI
gbif-inat-toxic-round2:00313602,images/raw/gbif-inat-toxic-round2/toxicodendron_diversilobum/6131459398_1.jpg,Toxicodendron diversilobum,usda:TODI
gbif-inat:00003776,images/raw/gbif-inat/toxicodendron_diversilobum/6130090657_1.jpg,Toxicodendron diversilobum,usda:TODI
gbif-inat-toxic-round2:00313640,images/raw/gbif-inat-toxic-round2/toxicodendron_diversilobum/6131663310_2.jpg,Toxicodendron diversilobum,usda:TODI
gbif-inat-toxic-round2:00313493,images/raw/gbif-inat-toxic-round2/toxicodendron_diversilobum/6130684261_2.jpg,Toxicodendron diversilobum,usda:TODI
gbif-inat-toxic-round2:00313818,images/raw/gbif-inat-toxic-round2/toxicodendron_diversilobum/6320722364_2.jpg,Toxicodendron diversilobum,usda:TODI
gbif-inat-toxic-round2:00313682,images/raw/gbif-inat-toxic-round2/toxicodendron_diversilobum/6133328721_1.jpg,Toxicodendron diversilobum,usda:TODI
gbif-inat-toxic-round2:00313756,images/raw/gbif-inat-toxic-round2/toxicodendron_diversilobum/6147395914_2.jpg,Toxicodendron diversilobum,usda:TODI
gbif-inat-toxic-round2:00313441,images/raw/gbif-inat-toxic-round2/toxicodendron_radicans/6163072682_1.jpg,Toxicodendron radicans,usda:TORA2
gbif-inat-toxic-round2:00313409,images/raw/gbif-inat-toxic-round2/toxicodendron_radicans/6162816103_1.jpg,Toxicodendron radicans,usda:TORA2
gbif-inat-toxic-round2:00313442,images/raw/gbif-inat-toxic-round2/toxicodendron_radicans/6163072682_2.jpg,Toxicodendron radicans,usda:TORA2
gbif-inat-toxic-round2:00313096,images/raw/gbif-inat-toxic-round2/toxicodendron_radicans/6130682627_1.jpg,Toxicodendron radicans,usda:TORA2
gbif-inat-toxic-round2:00313418,images/raw/gbif-inat-toxic-round2/toxicodendron_radicans/6162849714_1.jpg,Toxicodendron radicans,usda:TORA2
gbif-inat-toxic-round2:00313323,images/raw/gbif-inat-toxic-round2/toxicodendron_radicans/6147553216_1.jpg,Toxicodendron radicans,usda:TORA2
gbif-inat-toxic-round2:00313399,images/raw/gbif-inat-toxic-round2/toxicodendron_radicans/6159666794_1.jpg,Toxicodendron radicans,usda:TORA2
gbif-inat-toxic-round2:00313091,images/raw/gbif-inat-toxic-round2/toxicodendron_radicans/6130654474_2.jpg,Toxicodendron radicans,usda:TORA2
gbif-inat-toxic-round2:00313378,images/raw/gbif-inat-toxic-round2/toxicodendron_radicans/6159536772_1.jpg,Toxicodendron radicans,usda:TORA2
gbif-inat-toxic-round2:00313427,images/raw/gbif-inat-toxic-round2/toxicodendron_radicans/6162927184_1.jpg,Toxicodendron radicans,usda:TORA2
gbif-inat-toxic-round2:00313354,images/raw/gbif-inat-toxic-round2/toxicodendron_radicans/6159334975_2.jpg,Toxicodendron radicans,usda:TORA2
gbif-inat-toxic-round2:00313472,images/raw/gbif-inat-toxic-round2/toxicodendron_radicans/6170882968_5.jpg,Toxicodendron radicans,usda:TORA2
gbif-inat-toxic-round2:00313160,images/raw/gbif-inat-toxic-round2/toxicodendron_radicans/6131056324_1.jpg,Toxicodendron radicans,usda:TORA2
gbif-inat-toxic-round2:00313174,images/raw/gbif-inat-toxic-round2/toxicodendron_radicans/6131204485_2.jpg,Toxicodendron radicans,usda:TORA2
gbif-inat-toxic-round2:00313139,images/raw/gbif-inat-toxic-round2/toxicodendron_radicans/6131038232_2.jpg,Toxicodendron radicans,usda:TORA2
gbif-inat-toxic-round2:00313382,images/raw/gbif-inat-toxic-round2/toxicodendron_radicans/6159608936_1.jpg,Toxicodendron radicans,usda:TORA2
gbif-inat:00003741,images/raw/gbif-inat/toxicodendron_radicans/6130166656_1.jpg,Toxicodendron radicans,usda:TORA2
gbif-inat-toxic-round2:00313126,images/raw/gbif-inat-toxic-round2/toxicodendron_radicans/6131013644_1.jpg,Toxicodendron radicans,usda:TORA2
gbif-inat-toxic-round2:00313328,images/raw/gbif-inat-toxic-round2/toxicodendron_radicans/6147640025_2.jpg,Toxicodendron radicans,usda:TORA2
gbif-inat-toxic-round2:00313148,images/raw/gbif-inat-toxic-round2/toxicodendron_radicans/6131038232_11.jpg,Toxicodendron radicans,usda:TORA2
gbif-inat:00003711,images/raw/gbif-inat/toxicodendron_radicans/6129928063_1.jpg,Toxicodendron radicans,usda:TORA2
gbif-inat-toxic-round2:00313271,images/raw/gbif-inat-toxic-round2/toxicodendron_radicans/6147426994_1.jpg,Toxicodendron radicans,usda:TORA2
gbif-inat-toxic-round2:00313195,images/raw/gbif-inat-toxic-round2/toxicodendron_radicans/6131457419_4.jpg,Toxicodendron radicans,usda:TORA2
gbif-inat-toxic-round2:00313163,images/raw/gbif-inat-toxic-round2/toxicodendron_radicans/6131099898_1.jpg,Toxicodendron radicans,usda:TORA2
gbif-inat-toxic-round2:00313141,images/raw/gbif-inat-toxic-round2/toxicodendron_radicans/6131038232_4.jpg,Toxicodendron radicans,usda:TORA2
gbif-inat-toxic-round2:00313468,images/raw/gbif-inat-toxic-round2/toxicodendron_radicans/6170882968_1.jpg,Toxicodendron radicans,usda:TORA2
gbif-inat-toxic-round2:00313099,images/raw/gbif-inat-toxic-round2/toxicodendron_radicans/6130690307_2.jpg,Toxicodendron radicans,usda:TORA2
gbif-inat:00003734,images/raw/gbif-inat/toxicodendron_radicans/6130072230_1.jpg,Toxicodendron radicans,usda:TORA2
gbif-inat-toxic-round2:00313430,images/raw/gbif-inat-toxic-round2/toxicodendron_radicans/6162929793_2.jpg,Toxicodendron radicans,usda:TORA2
gbif-inat:00003698,images/raw/gbif-inat/toxicodendron_radicans/5938647229_1.jpg,Toxicodendron radicans,usda:TORA2
gbif-inat:00001002,images/raw/gbif-inat/toxicodendron_radicans/5938200604_2.jpg,Toxicodendron radicans,usda:TORA2
gbif-inat:00001009,images/raw/gbif-inat/toxicodendron_radicans/5938378496_1.jpg,Toxicodendron radicans,usda:TORA2
gbif-inat-toxic-round2:00313181,images/raw/gbif-inat-toxic-round2/toxicodendron_radicans/6131304274_1.jpg,Toxicodendron radicans,usda:TORA2
gbif-inat-toxic-round2:00313331,images/raw/gbif-inat-toxic-round2/toxicodendron_radicans/6147708765_1.jpg,Toxicodendron radicans,usda:TORA2
gbif-inat-toxic-round2:00313140,images/raw/gbif-inat-toxic-round2/toxicodendron_radicans/6131038232_3.jpg,Toxicodendron radicans,usda:TORA2
gbif-inat-toxic-round2:00313371,images/raw/gbif-inat-toxic-round2/toxicodendron_radicans/6159395409_1.jpg,Toxicodendron radicans,usda:TORA2
gbif-inat-toxic-round2:00313319,images/raw/gbif-inat-toxic-round2/toxicodendron_radicans/6147519771_1.jpg,Toxicodendron radicans,usda:TORA2
gbif-inat-toxic-round2:00313348,images/raw/gbif-inat-toxic-round2/toxicodendron_radicans/6159272251_2.jpg,Toxicodendron radicans,usda:TORA2
gbif-inat:00003737,images/raw/gbif-inat/toxicodendron_radicans/6130109583_2.jpg,Toxicodendron radicans,usda:TORA2
gbif-inat-toxic-round2:00313339,images/raw/gbif-inat-toxic-round2/toxicodendron_radicans/6159186014_3.jpg,Toxicodendron radicans,usda:TORA2
gbif-inat-toxic-round2:00313266,images/raw/gbif-inat-toxic-round2/toxicodendron_radicans/6133602768_1.jpg,Toxicodendron radicans,usda:TORA2
gbif-inat:00001000,images/raw/gbif-inat/toxicodendron_radicans/5938199125_1.jpg,Toxicodendron radicans,usda:TORA2
gbif-inat-toxic-round2:00313375,images/raw/gbif-inat-toxic-round2/toxicodendron_radicans/6159428014_3.jpg,Toxicodendron radicans,usda:TORA2
gbif-inat:00003710,images/raw/gbif-inat/toxicodendron_radicans/6129918794_1.jpg,Toxicodendron radicans,usda:TORA2
gbif-inat-toxic-round2:00313253,images/raw/gbif-inat-toxic-round2/toxicodendron_radicans/6133341525_1.jpg,Toxicodendron radicans,usda:TORA2
gbif-inat-toxic-round2:00313089,images/raw/gbif-inat-toxic-round2/toxicodendron_radicans/6130641356_2.jpg,Toxicodendron radicans,usda:TORA2
gbif-inat-toxic-round2:00313422,images/raw/gbif-inat-toxic-round2/toxicodendron_radicans/6162881267_1.jpg,Toxicodendron radicans,usda:TORA2
gbif-inat-toxic-round2:00313358,images/raw/gbif-inat-toxic-round2/toxicodendron_radicans/6159358291_1.jpg,Toxicodendron radicans,usda:TORA2
gbif-inat-toxic-round2:00313088,images/raw/gbif-inat-toxic-round2/toxicodendron_radicans/6130641356_1.jpg,Toxicodendron radicans,usda:TORA2
gbif-inat:00001014,images/raw/gbif-inat/toxicodendron_radicans/5938437115_1.jpg,Toxicodendron radicans,usda:TORA2
gbif-inat:00001015,images/raw/gbif-inat/toxicodendron_radicans/5938437115_2.jpg,Toxicodendron radicans,usda:TORA2
gbif-inat:00003750,images/raw/gbif-inat/toxicodendron_radicans/6130363889_1.jpg,Toxicodendron radicans,usda:TORA2
gbif-inat:00003714,images/raw/gbif-inat/toxicodendron_radicans/6129930196_3.jpg,Toxicodendron radicans,usda:TORA2
gbif-inat-toxic-round2:00313121,images/raw/gbif-inat-toxic-round2/toxicodendron_radicans/6130977475_1.jpg,Toxicodendron radicans,usda:TORA2
gbif-inat-toxic-round2:00313388,images/raw/gbif-inat-toxic-round2/toxicodendron_radicans/6159608936_7.jpg,Toxicodendron radicans,usda:TORA2
gbif-inat-toxic-round2:00313166,images/raw/gbif-inat-toxic-round2/toxicodendron_radicans/6131112624_1.jpg,Toxicodendron radicans,usda:TORA2
gbif-inat-toxic-round2:00313153,images/raw/gbif-inat-toxic-round2/toxicodendron_radicans/6131038232_16.jpg,Toxicodendron radicans,usda:TORA2
gbif-inat:00000996,images/raw/gbif-inat/toxicodendron_radicans/5938163938_1.jpg,Toxicodendron radicans,usda:TORA2
gbif-inat:00001019,images/raw/gbif-inat/toxicodendron_radicans/5938494388_3.jpg,Toxicodendron radicans,usda:TORA2
gbif-inat-toxic-round2:00313453,images/raw/gbif-inat-toxic-round2/toxicodendron_radicans/6163178796_2.jpg,Toxicodendron radicans,usda:TORA2
gbif-inat:00003707,images/raw/gbif-inat/toxicodendron_radicans/6129908511_1.jpg,Toxicodendron radicans,usda:TORA2
gbif-inat-toxic-round2:00313390,images/raw/gbif-inat-toxic-round2/toxicodendron_radicans/6159608936_9.jpg,Toxicodendron radicans,usda:TORA2
gbif-inat-toxic-round2:00313101,images/raw/gbif-inat-toxic-round2/toxicodendron_radicans/6130740775_1.jpg,Toxicodendron radicans,usda:TORA2
gbif-inat-toxic-round2:00313364,images/raw/gbif-inat-toxic-round2/toxicodendron_radicans/6159358291_7.jpg,Toxicodendron radicans,usda:TORA2
gbif-inat-toxic-round2:00313205,images/raw/gbif-inat-toxic-round2/toxicodendron_radicans/6131560360_2.jpg,Toxicodendron radicans,usda:TORA2
gbif-inat-toxic-round2:00313282,images/raw/gbif-inat-toxic-round2/toxicodendron_radicans/6171259716_4.jpg,Toxicodendron radicans,usda:TORA2
gbif-inat:00003759,images/raw/gbif-inat/toxicodendron_radicans/6130516209_2.jpg,Toxicodendron radicans,usda:TORA2
gbif-inat-toxic-round2:00313273,images/raw/gbif-inat-toxic-round2/toxicodendron_radicans/6159145853_1.jpg,Toxicodendron radicans,usda:TORA2
gbif-inat:00003709,images/raw/gbif-inat/toxicodendron_radicans/6129917407_1.jpg,Toxicodendron radicans,usda:TORA2
gbif-inat-toxic-round2:00313306,images/raw/gbif-inat-toxic-round2/toxicodendron_radicans/6147358803_1.jpg,Toxicodendron radicans,usda:TORA2
gbif-inat-toxic-round2:00313446,images/raw/gbif-inat-toxic-round2/toxicodendron_radicans/6163161412_2.jpg,Toxicodendron radicans,usda:TORA2
gbif-inat-toxic-round2:00313470,images/raw/gbif-inat-toxic-round2/toxicodendron_radicans/6170882968_3.jpg,Toxicodendron radicans,usda:TORA2
gbif-inat-toxic-round2:00313234,images/raw/gbif-inat-toxic-round2/toxicodendron_radicans/6133109731_2.jpg,Toxicodendron radicans,usda:TORA2
gbif-inat-toxic-round2:00313368,images/raw/gbif-inat-toxic-round2/toxicodendron_radicans/6159380559_1.jpg,Toxicodendron radicans,usda:TORA2
gbif-inat-toxic-round2:00313317,images/raw/gbif-inat-toxic-round2/toxicodendron_radicans/6147392988_1.jpg,Toxicodendron radicans,usda:TORA2
gbif-inat-toxic-round2:00313201,images/raw/gbif-inat-toxic-round2/toxicodendron_radicans/6131536745_1.jpg,Toxicodendron radicans,usda:TORA2
gbif-inat-toxic-round2:00313098,images/raw/gbif-inat-toxic-round2/toxicodendron_radicans/6130690307_1.jpg,Toxicodendron radicans,usda:TORA2
gbif-inat-toxic-round2:00313188,images/raw/gbif-inat-toxic-round2/toxicodendron_radicans/6131390222_1.jpg,Toxicodendron radicans,usda:TORA2
gbif-inat:00000999,images/raw/gbif-inat/toxicodendron_radicans/5938189483_1.jpg,Toxicodendron radicans,usda:TORA2
gbif-inat-toxic-round2:00313336,images/raw/gbif-inat-toxic-round2/toxicodendron_radicans/6159168972_3.jpg,Toxicodendron radicans,usda:TORA2
gbif-inat-toxic-round2:00313438,images/raw/gbif-inat-toxic-round2/toxicodendron_radicans/6162940723_2.jpg,Toxicodendron radicans,usda:TORA2
gbif-inat:00003696,images/raw/gbif-inat/toxicodendron_radicans/5938523348_2.jpg,Toxicodendron radicans,usda:TORA2
gbif-inat-toxic-round2:00313147,images/raw/gbif-inat-toxic-round2/toxicodendron_radicans/6131038232_10.jpg,Toxicodendron radicans,usda:TORA2
gbif-inat-toxic-round2:00313322,images/raw/gbif-inat-toxic-round2/toxicodendron_radicans/6147525079_3.jpg,Toxicodendron radicans,usda:TORA2
gbif-inat-toxic-round2:00313444,images/raw/gbif-inat-toxic-round2/toxicodendron_radicans/6163142091_2.jpg,Toxicodendron radicans,usda:TORA2
gbif-inat-toxic-round2:00313353,images/raw/gbif-inat-toxic-round2/toxicodendron_radicans/6159334975_1.jpg,Toxicodendron radicans,usda:TORA2
gbif-inat:00001016,images/raw/gbif-inat/toxicodendron_radicans/5938437115_3.jpg,Toxicodendron radicans,usda:TORA2
gbif-inat-toxic-round2:00313189,images/raw/gbif-inat-toxic-round2/toxicodendron_radicans/6131394206_1.jpg,Toxicodendron radicans,usda:TORA2
gbif-inat-toxic-round2:00313355,images/raw/gbif-inat-toxic-round2/toxicodendron_radicans/6159348366_1.jpg,Toxicodendron radicans,usda:TORA2
gbif-inat-toxic-round2:00313259,images/raw/gbif-inat-toxic-round2/toxicodendron_radicans/6133440645_1.jpg,Toxicodendron radicans,usda:TORA2
gbif-inat:00003757,images/raw/gbif-inat/toxicodendron_radicans/6130505076_1.jpg,Toxicodendron radicans,usda:TORA2
gbif-inat-toxic-round2:00313357,images/raw/gbif-inat-toxic-round2/toxicodendron_radicans/6159357838_1.jpg,Toxicodendron radicans,usda:TORA2
gbif-inat-toxic-round2:00313389,images/raw/gbif-inat-toxic-round2/toxicodendron_radicans/6159608936_8.jpg,Toxicodendron radicans,usda:TORA2
gbif-inat-toxic-round2:00313081,images/raw/gbif-inat-toxic-round2/toxicodendron_radicans/6130559657_2.jpg,Toxicodendron radicans,usda:TORA2
gbif-inat-toxic-round2:00313250,images/raw/gbif-inat-toxic-round2/toxicodendron_radicans/6133302439_1.jpg,Toxicodendron radicans,usda:TORA2
gbif-inat:00003730,images/raw/gbif-inat/toxicodendron_radicans/6130054440_2.jpg,Toxicodendron radicans,usda:TORA2
gbif-inat-toxic-round2:00313175,images/raw/gbif-inat-toxic-round2/toxicodendron_radicans/6131204485_3.jpg,Toxicodendron radicans,usda:TORA2
gbif-inat:00003732,images/raw/gbif-inat/toxicodendron_radicans/6130054440_4.jpg,Toxicodendron radicans,usda:TORA2
gbif-inat:00003700,images/raw/gbif-inat/toxicodendron_radicans/5938663577_1.jpg,Toxicodendron radicans,usda:TORA2
gbif-inat-toxic-round2:00313347,images/raw/gbif-inat-toxic-round2/toxicodendron_radicans/6159272251_1.jpg,Toxicodendron radicans,usda:TORA2
gbif-inat-toxic-round2:00313387,images/raw/gbif-inat-toxic-round2/toxicodendron_radicans/6159608936_6.jpg,Toxicodendron radicans,usda:TORA2
gbif-inat:00001010,images/raw/gbif-inat/toxicodendron_radicans/5938394514_1.jpg,Toxicodendron radicans,usda:TORA2
gbif-inat-toxic-round2:00313228,images/raw/gbif-inat-toxic-round2/toxicodendron_radicans/6133058043_3.jpg,Toxicodendron radicans,usda:TORA2
gbif-inat-toxic-round2:00313197,images/raw/gbif-inat-toxic-round2/toxicodendron_radicans/6131483160_1.jpg,Toxicodendron radicans,usda:TORA2
gbif-inat-toxic-round2:00313474,images/raw/gbif-inat-toxic-round2/toxicodendron_radicans/6170882968_7.jpg,Toxicodendron radicans,usda:TORA2
gbif-inat:00001007,images/raw/gbif-inat/toxicodendron_radicans/5938318018_1.jpg,Toxicodendron radicans,usda:TORA2
gbif-inat-toxic-round2:00313421,images/raw/gbif-inat-toxic-round2/toxicodendron_radicans/6162879686_3.jpg,Toxicodendron radicans,usda:TORA2
gbif-inat-toxic-round2:00313085,images/raw/gbif-inat-toxic-round2/toxicodendron_radicans/6130589714_1.jpg,Toxicodendron radicans,usda:TORA2
gbif-inat-toxic-round2:00313455,images/raw/gbif-inat-toxic-round2/toxicodendron_radicans/6163228383_1.jpg,Toxicodendron radicans,usda:TORA2
gbif-inat-toxic-round2:00313383,images/raw/gbif-inat-toxic-round2/toxicodendron_radicans/6159608936_2.jpg,Toxicodendron radicans,usda:TORA2
gbif-inat-toxic-round2:00313326,images/raw/gbif-inat-toxic-round2/toxicodendron_radicans/6147626762_3.jpg,Toxicodendron radicans,usda:TORA2
gbif-inat-toxic-round2:00313329,images/raw/gbif-inat-toxic-round2/toxicodendron_radicans/6147641249_1.jpg,Toxicodendron radicans,usda:TORA2
gbif-inat:00003715,images/raw/gbif-inat/toxicodendron_radicans/6129930862_1.jpg,Toxicodendron radicans,usda:TORA2
gbif-inat:00003747,images/raw/gbif-inat/toxicodendron_radicans/6130300084_1.jpg,Toxicodendron radicans,usda:TORA2
gbif-inat-toxic-round2:00313436,images/raw/gbif-inat-toxic-round2/toxicodendron_radicans/6162929793_8.jpg,Toxicodendron radicans,usda:TORA2
gbif-inat-toxic-round2:00313338,images/raw/gbif-inat-toxic-round2/toxicodendron_radicans/6159186014_2.jpg,Toxicodendron radicans,usda:TORA2
gbif-inat-toxic-round2:00313090,images/raw/gbif-inat-toxic-round2/toxicodendron_radicans/6130654474_1.jpg,Toxicodendron radicans,usda:TORA2
gbif-inat-toxic-round2:00313083,images/raw/gbif-inat-toxic-round2/toxicodendron_radicans/6130570113_1.jpg,Toxicodendron radicans,usda:TORA2
gbif-inat-toxic-round2:00313143,images/raw/gbif-inat-toxic-round2/toxicodendron_radicans/6131038232_6.jpg,Toxicodendron radicans,usda:TORA2
gbif-inat-toxic-round2:00313194,images/raw/gbif-inat-toxic-round2/toxicodendron_radicans/6131457419_3.jpg,Toxicodendron radicans,usda:TORA2
gbif-inat:00003748,images/raw/gbif-inat/toxicodendron_radicans/6130302920_1.jpg,Toxicodendron radicans,usda:TORA2
gbif-inat-toxic-round2:00313213,images/raw/gbif-inat-toxic-round2/toxicodendron_radicans/6131624269_1.jpg,Toxicodendron radicans,usda:TORA2
gbif-inat-toxic-round2:00313206,images/raw/gbif-inat-toxic-round2/toxicodendron_radicans/6131560360_3.jpg,Toxicodendron radicans,usda:TORA2
gbif-inat-toxic-round2:00313258,images/raw/gbif-inat-toxic-round2/toxicodendron_radicans/6133434931_1.jpg,Toxicodendron radicans,usda:TORA2
gbif-inat:00003733,images/raw/gbif-inat/toxicodendron_radicans/6130054440_5.jpg,Toxicodendron radicans,usda:TORA2
gbif-inat-toxic-round2:00313191,images/raw/gbif-inat-toxic-round2/toxicodendron_radicans/6131451600_1.jpg,Toxicodendron radicans,usda:TORA2
gbif-inat:00003693,images/raw/gbif-inat/toxicodendron_radicans/5938519085_1.jpg,Toxicodendron radicans,usda:TORA2
gbif-inat-toxic-round2:00313144,images/raw/gbif-inat-toxic-round2/toxicodendron_radicans/6131038232_7.jpg,Toxicodendron radicans,usda:TORA2
gbif-inat-toxic-round2:00313428,images/raw/gbif-inat-toxic-round2/toxicodendron_radicans/6162927184_2.jpg,Toxicodendron radicans,usda:TORA2
gbif-inat-toxic-round2:00313132,images/raw/gbif-inat-toxic-round2/toxicodendron_radicans/6131029751_4.jpg,Toxicodendron radicans,usda:TORA2
gbif-inat-toxic-round2:00313365,images/raw/gbif-inat-toxic-round2/toxicodendron_radicans/6159358291_8.jpg,Toxicodendron radicans,usda:TORA2
gbif-inat-toxic-round2:00313458,images/raw/gbif-inat-toxic-round2/toxicodendron_radicans/6163340154_1.jpg,Toxicodendron radicans,usda:TORA2
gbif-inat-toxic-round2:00313254,images/raw/gbif-inat-toxic-round2/toxicodendron_radicans/6133373142_1.jpg,Toxicodendron radicans,usda:TORA2
gbif-inat-toxic-round2:00313232,images/raw/gbif-inat-toxic-round2/toxicodendron_radicans/6133104110_1.jpg,Toxicodendron radicans,usda:TORA2
gbif-inat-toxic-round2:00313423,images/raw/gbif-inat-toxic-round2/toxicodendron_radicans/6162889770_1.jpg,Toxicodendron radicans,usda:TORA2
gbif-inat-toxic-round2:00313080,images/raw/gbif-inat-toxic-round2/toxicodendron_radicans/6130559657_1.jpg,Toxicodendron radicans,usda:TORA2
gbif-inat:00003691,images/raw/gbif-inat/toxicodendron_radicans/5938496988_2.jpg,Toxicodendron radicans,usda:TORA2
gbif-inat-toxic-round2:00313245,images/raw/gbif-inat-toxic-round2/toxicodendron_radicans/6133253859_1.jpg,Toxicodendron radicans,usda:TORA2
gbif-inat-toxic-round2:00313108,images/raw/gbif-inat-toxic-round2/toxicodendron_radicans/6130813174_1.jpg,Toxicodendron radicans,usda:TORA2
gbif-inat-toxic-round2:00313450,images/raw/gbif-inat-toxic-round2/toxicodendron_radicans/6163168889_1.jpg,Toxicodendron radicans,usda:TORA2
gbif-inat-toxic-round2:00313164,images/raw/gbif-inat-toxic-round2/toxicodendron_radicans/6131106081_1.jpg,Toxicodendron radicans,usda:TORA2
gbif-inat-toxic-round2:00313344,images/raw/gbif-inat-toxic-round2/toxicodendron_radicans/6159270935_3.jpg,Toxicodendron radicans,usda:TORA2
gbif-inat:00003726,images/raw/gbif-inat/toxicodendron_radicans/6130037719_1.jpg,Toxicodendron radicans,usda:TORA2
gbif-inat:00003723,images/raw/gbif-inat/toxicodendron_radicans/6129984926_1.jpg,Toxicodendron radicans,usda:TORA2
gbif-inat-toxic-round2:00313270,images/raw/gbif-inat-toxic-round2/toxicodendron_radicans/6147418628_1.jpg,Toxicodendron radicans,usda:TORA2
gbif-inat-toxic-round2:00313413,images/raw/gbif-inat-toxic-round2/toxicodendron_radicans/6162820705_3.jpg,Toxicodendron radicans,usda:TORA2
gbif-inat-toxic-round2:00313223,images/raw/gbif-inat-toxic-round2/toxicodendron_radicans/6131699699_1.jpg,Toxicodendron radicans,usda:TORA2
gbif-inat-toxic-round2:00313124,images/raw/gbif-inat-toxic-round2/toxicodendron_radicans/6130981896_1.jpg,Toxicodendron radicans,usda:TORA2
gbif-inat-toxic-round2:00313433,images/raw/gbif-inat-toxic-round2/toxicodendron_radicans/6162929793_5.jpg,Toxicodendron radicans,usda:TORA2
gbif-inat-toxic-round2:00313198,images/raw/gbif-inat-toxic-round2/toxicodendron_radicans/6131487193_1.jpg,Toxicodendron radicans,usda:TORA2
gbif-inat-toxic-round2:00313443,images/raw/gbif-inat-toxic-round2/toxicodendron_radicans/6163142091_1.jpg,Toxicodendron radicans,usda:TORA2
gbif-inat-toxic-round2:00313154,images/raw/gbif-inat-toxic-round2/toxicodendron_radicans/6131038232_17.jpg,Toxicodendron radicans,usda:TORA2
gbif-inat-toxic-round2:00313156,images/raw/gbif-inat-toxic-round2/toxicodendron_radicans/6131050884_2.jpg,Toxicodendron radicans,usda:TORA2
gbif-inat-toxic-round2:00313337,images/raw/gbif-inat-toxic-round2/toxicodendron_radicans/6159186014_1.jpg,Toxicodendron radicans,usda:TORA2
gbif-inat-toxic-round2:00313158,images/raw/gbif-inat-toxic-round2/toxicodendron_radicans/6131050884_4.jpg,Toxicodendron radicans,usda:TORA2
gbif-inat-toxic-round2:00313410,images/raw/gbif-inat-toxic-round2/toxicodendron_radicans/6162816103_2.jpg,Toxicodendron radicans,usda:TORA2
gbif-inat-toxic-round2:00313289,images/raw/gbif-inat-toxic-round2/toxicodendron_radicans/6133410650_1.jpg,Toxicodendron radicans,usda:TORA2
gbif-inat-toxic-round2:00313335,images/raw/gbif-inat-toxic-round2/toxicodendron_radicans/6159168972_2.jpg,Toxicodendron radicans,usda:TORA2
gbif-inat-toxic-round2:00313240,images/raw/gbif-inat-toxic-round2/toxicodendron_radicans/6133200581_1.jpg,Toxicodendron radicans,usda:TORA2
gbif-inat-toxic-round2:00313150,images/raw/gbif-inat-toxic-round2/toxicodendron_radicans/6131038232_13.jpg,Toxicodendron radicans,usda:TORA2
gbif-inat:00000997,images/raw/gbif-inat/toxicodendron_radicans/5938166482_1.jpg,Toxicodendron radicans,usda:TORA2
gbif-inat-toxic-round2:00313440,images/raw/gbif-inat-toxic-round2/toxicodendron_radicans/6163039762_1.jpg,Toxicodendron radicans,usda:TORA2
gbif-inat-toxic-round2:00313476,images/raw/gbif-inat-toxic-round2/toxicodendron_radicans/6170883188_2.jpg,Toxicodendron radicans,usda:TORA2
gbif-inat-toxic-round2:00313267,images/raw/gbif-inat-toxic-round2/toxicodendron_radicans/6147213660_1.jpg,Toxicodendron radicans,usda:TORA2
gbif-inat-toxic-round2:00313087,images/raw/gbif-inat-toxic-round2/toxicodendron_radicans/6130619203_1.jpg,Toxicodendron radicans,usda:TORA2
gbif-inat-toxic-round2:00313220,images/raw/gbif-inat-toxic-round2/toxicodendron_radicans/6131662587_1.jpg,Toxicodendron radicans,usda:TORA2
gbif-inat-toxic-round2:00313210,images/raw/gbif-inat-toxic-round2/toxicodendron_radicans/6131590894_3.jpg,Toxicodendron radicans,usda:TORA2
gbif-inat-toxic-round2:00313199,images/raw/gbif-inat-toxic-round2/toxicodendron_radicans/6131504497_1.jpg,Toxicodendron radicans,usda:TORA2
gbif-inat-toxic-round2:00313128,images/raw/gbif-inat-toxic-round2/toxicodendron_radicans/6131028533_2.jpg,Toxicodendron radicans,usda:TORA2
gbif-inat-toxic-round2:00313215,images/raw/gbif-inat-toxic-round2/toxicodendron_radicans/6131634354_2.jpg,Toxicodendron radicans,usda:TORA2
gbif-inat-toxic-round2:00313380,images/raw/gbif-inat-toxic-round2/toxicodendron_radicans/6159554141_2.jpg,Toxicodendron radicans,usda:TORA2
gbif-inat-toxic-round2:00313361,images/raw/gbif-inat-toxic-round2/toxicodendron_radicans/6159358291_4.jpg,Toxicodendron radicans,usda:TORA2
gbif-inat-toxic-round2:00313369,images/raw/gbif-inat-toxic-round2/toxicodendron_radicans/6159380559_2.jpg,Toxicodendron radicans,usda:TORA2
gbif-inat-toxic-round2:00313211,images/raw/gbif-inat-toxic-round2/toxicodendron_radicans/6131605848_1.jpg,Toxicodendron radicans,usda:TORA2
gbif-inat-toxic-round2:00313177,images/raw/gbif-inat-toxic-round2/toxicodendron_radicans/6131218823_1.jpg,Toxicodendron radicans,usda:TORA2
gbif-inat-toxic-round2:00313408,images/raw/gbif-inat-toxic-round2/toxicodendron_radicans/6162801301_4.jpg,Toxicodendron radicans,usda:TORA2
gbif-inat-toxic-round2:00313462,images/raw/gbif-inat-toxic-round2/toxicodendron_radicans/6170826715_1.jpg,Toxicodendron radicans,usda:TORA2
gbif-inat-toxic-round2:00313295,images/raw/gbif-inat-toxic-round2/toxicodendron_radicans/6147232936_2.jpg,Toxicodendron radicans,usda:TORA2
gbif-inat-toxic-round2:00313111,images/raw/gbif-inat-toxic-round2/toxicodendron_radicans/6130842478_1.jpg,Toxicodendron radicans,usda:TORA2
gbif-inat:00003756,images/raw/gbif-inat/toxicodendron_radicans/6130435108_1.jpg,Toxicodendron radicans,usda:TORA2
gbif-inat-toxic-round2:00313475,images/raw/gbif-inat-toxic-round2/toxicodendron_radicans/6170883188_1.jpg,Toxicodendron radicans,usda:TORA2
gbif-inat-toxic-round2:00313437,images/raw/gbif-inat-toxic-round2/toxicodendron_radicans/6162940723_1.jpg,Toxicodendron radicans,usda:TORA2
gbif-inat:00003717,images/raw/gbif-inat/toxicodendron_radicans/6129945718_2.jpg,Toxicodendron radicans,usda:TORA2
gbif-inat-toxic-round2:00313385,images/raw/gbif-inat-toxic-round2/toxicodendron_radicans/6159608936_4.jpg,Toxicodendron radicans,usda:TORA2
gbif-inat-toxic-round2:00313094,images/raw/gbif-inat-toxic-round2/toxicodendron_radicans/6130674140_2.jpg,Toxicodendron radicans,usda:TORA2
gbif-inat-toxic-round2:00313467,images/raw/gbif-inat-toxic-round2/toxicodendron_radicans/6170875815_1.jpg,Toxicodendron radicans,usda:TORA2
gbif-inat-toxic-round2:00313469,images/raw/gbif-inat-toxic-round2/toxicodendron_radicans/6170882968_2.jpg,Toxicodendron radicans,usda:TORA2
gbif-inat-toxic-round2:00313106,images/raw/gbif-inat-toxic-round2/toxicodendron_radicans/6130769396_1.jpg,Toxicodendron radicans,usda:TORA2
gbif-inat-toxic-round2:00313297,images/raw/gbif-inat-toxic-round2/toxicodendron_radicans/6147284569_2.jpg,Toxicodendron radicans,usda:TORA2
gbif-inat-toxic-round2:00313252,images/raw/gbif-inat-toxic-round2/toxicodendron_radicans/6133336155_1.jpg,Toxicodendron radicans,usda:TORA2
gbif-inat:00003719,images/raw/gbif-inat/toxicodendron_radicans/6129960937_1.jpg,Toxicodendron radicans,usda:TORA2
gbif-inat:00003739,images/raw/gbif-inat/toxicodendron_radicans/6130144599_1.jpg,Toxicodendron radicans,usda:TORA2
gbif-inat-toxic-round2:00313445,images/raw/gbif-inat-toxic-round2/toxicodendron_radicans/6163161412_1.jpg,Toxicodendron radicans,usda:TORA2
gbif-inat-toxic-round2:00313451,images/raw/gbif-inat-toxic-round2/toxicodendron_radicans/6163168889_2.jpg,Toxicodendron radicans,usda:TORA2
gbif-inat-toxic-round2:00313100,images/raw/gbif-inat-toxic-round2/toxicodendron_radicans/6130690307_3.jpg,Toxicodendron radicans,usda:TORA2
gbif-inat-toxic-round2:00313401,images/raw/gbif-inat-toxic-round2/toxicodendron_radicans/6162796278_1.jpg,Toxicodendron radicans,usda:TORA2
gbif-inat:00003755,images/raw/gbif-inat/toxicodendron_radicans/6130395329_1.jpg,Toxicodendron radicans,usda:TORA2
gbif-inat-toxic-round2:00313104,images/raw/gbif-inat-toxic-round2/toxicodendron_radicans/6130742056_3.jpg,Toxicodendron radicans,usda:TORA2
gbif-inat-toxic-round2:00313449,images/raw/gbif-inat-toxic-round2/toxicodendron_radicans/6163162766_1.jpg,Toxicodendron radicans,usda:TORA2
gbif-inat:00003718,images/raw/gbif-inat/toxicodendron_radicans/6129945718_3.jpg,Toxicodendron radicans,usda:TORA2
gbif-inat-toxic-round2:00313110,images/raw/gbif-inat-toxic-round2/toxicodendron_radicans/6130828080_1.jpg,Toxicodendron radicans,usda:TORA2
gbif-inat-toxic-round2:00313243,images/raw/gbif-inat-toxic-round2/toxicodendron_radicans/6133215671_1.jpg,Toxicodendron radicans,usda:TORA2
gbif-inat-toxic-round2:00313402,images/raw/gbif-inat-toxic-round2/toxicodendron_radicans/6162798986_1.jpg,Toxicodendron radicans,usda:TORA2
gbif-inat-toxic-round2:00313459,images/raw/gbif-inat-toxic-round2/toxicodendron_radicans/6163340154_2.jpg,Toxicodendron radicans,usda:TORA2
gbif-inat-toxic-round2:00313341,images/raw/gbif-inat-toxic-round2/toxicodendron_radicans/6159223123_1.jpg,Toxicodendron radicans,usda:TORA2
gbif-inat-toxic-round2:00313178,images/raw/gbif-inat-toxic-round2/toxicodendron_radicans/6131282628_1.jpg,Toxicodendron radicans,usda:TORA2
gbif-inat-toxic-round2:00313420,images/raw/gbif-inat-toxic-round2/toxicodendron_radicans/6162879686_2.jpg,Toxicodendron radicans,usda:TORA2
gbif-inat-toxic-round2:00313129,images/raw/gbif-inat-toxic-round2/toxicodendron_radicans/6131029751_1.jpg,Toxicodendron radicans,usda:TORA2
gbif-inat-toxic-round2:00313447,images/raw/gbif-inat-toxic-round2/toxicodendron_radicans/6163161412_3.jpg,Toxicodendron radicans,usda:TORA2
gbif-inat-toxic-round2:00313248,images/raw/gbif-inat-toxic-round2/toxicodendron_radicans/6133298259_2.jpg,Toxicodendron radicans,usda:TORA2
gbif-inat-toxic-round2:00313200,images/raw/gbif-inat-toxic-round2/toxicodendron_radicans/6131535723_1.jpg,Toxicodendron radicans,usda:TORA2
gbif-inat-toxic-round2:00313172,images/raw/gbif-inat-toxic-round2/toxicodendron_radicans/6131191022_1.jpg,Toxicodendron radicans,usda:TORA2
gbif-inat-toxic-round2:00313231,images/raw/gbif-inat-toxic-round2/toxicodendron_radicans/6133099744_1.jpg,Toxicodendron radicans,usda:TORA2
gbif-inat-toxic-round2:00313186,images/raw/gbif-inat-toxic-round2/toxicodendron_radicans/6131359266_1.jpg,Toxicodendron radicans,usda:TORA2
gbif-inat:00000991,images/raw/gbif-inat/toxicodendron_radicans/5938109435_1.jpg,Toxicodendron radicans,usda:TORA2
gbif-inat-toxic-round2:00313107,images/raw/gbif-inat-toxic-round2/toxicodendron_radicans/6130780836_1.jpg,Toxicodendron radicans,usda:TORA2
gbif-inat-toxic-round2:00313117,images/raw/gbif-inat-toxic-round2/toxicodendron_radicans/6130961728_1.jpg,Toxicodendron radicans,usda:TORA2
gbif-inat:00003754,images/raw/gbif-inat/toxicodendron_radicans/6130377892_2.jpg,Toxicodendron radicans,usda:TORA2
gbif-inat-toxic-round2:00313103,images/raw/gbif-inat-toxic-round2/toxicodendron_radicans/6130742056_2.jpg,Toxicodendron radicans,usda:TORA2
gbif-inat-toxic-round2:00313395,images/raw/gbif-inat-toxic-round2/toxicodendron_radicans/6159654502_1.jpg,Toxicodendron radicans,usda:TORA2
gbif-inat-toxic-round2:00313287,images/raw/gbif-inat-toxic-round2/toxicodendron_radicans/6195374109_1.jpg,Toxicodendron radicans,usda:TORA2
gbif-inat-toxic-round2:00313262,images/raw/gbif-inat-toxic-round2/toxicodendron_radicans/6133577470_2.jpg,Toxicodendron radicans,usda:TORA2
gbif-inat-toxic-round2:00313346,images/raw/gbif-inat-toxic-round2/toxicodendron_radicans/6159270935_5.jpg,Toxicodendron radicans,usda:TORA2
gbif-inat-toxic-round2:00313405,images/raw/gbif-inat-toxic-round2/toxicodendron_radicans/6162801301_1.jpg,Toxicodendron radicans,usda:TORA2
gbif-inat:00003712,images/raw/gbif-inat/toxicodendron_radicans/6129930196_1.jpg,Toxicodendron radicans,usda:TORA2
gbif-inat-toxic-round2:00313452,images/raw/gbif-inat-toxic-round2/toxicodendron_radicans/6163178796_1.jpg,Toxicodendron radicans,usda:TORA2
gbif-inat-toxic-round2:00313114,images/raw/gbif-inat-toxic-round2/toxicodendron_radicans/6130855560_1.jpg,Toxicodendron radicans,usda:TORA2
gbif-inat-toxic-round2:00313233,images/raw/gbif-inat-toxic-round2/toxicodendron_radicans/6133109731_1.jpg,Toxicodendron radicans,usda:TORA2
gbif-inat-toxic-round2:00313404,images/raw/gbif-inat-toxic-round2/toxicodendron_radicans/6162799573_1.jpg,Toxicodendron radicans,usda:TORA2
gbif-inat-toxic-round2:00313142,images/raw/gbif-inat-toxic-round2/toxicodendron_radicans/6131038232_5.jpg,Toxicodendron radicans,usda:TORA2
gbif-inat-toxic-round2:00313307,images/raw/gbif-inat-toxic-round2/toxicodendron_radicans/6147365669_1.jpg,Toxicodendron radicans,usda:TORA2
gbif-inat-toxic-round2:00313256,images/raw/gbif-inat-toxic-round2/toxicodendron_radicans/6133423198_1.jpg,Toxicodendron radicans,usda:TORA2
gbif-inat-toxic-round2:00313079,images/raw/gbif-inat-toxic-round2/toxicodendron_radicans/6130529765_1.jpg,Toxicodendron radicans,usda:TORA2
gbif-inat-toxic-round2:00313151,images/raw/gbif-inat-toxic-round2/toxicodendron_radicans/6131038232_14.jpg,Toxicodendron radicans,usda:TORA2
gbif-inat:00003716,images/raw/gbif-inat/toxicodendron_radicans/6129945718_1.jpg,Toxicodendron radicans,usda:TORA2
gbif-inat-toxic-round2:00313351,images/raw/gbif-inat-toxic-round2/toxicodendron_radicans/6159278054_2.jpg,Toxicodendron radicans,usda:TORA2
gbif-inat-toxic-round2:00313118,images/raw/gbif-inat-toxic-round2/toxicodendron_radicans/6130961728_2.jpg,Toxicodendron radicans,usda:TORA2
gbif-inat-toxic-round2:00313221,images/raw/gbif-inat-toxic-round2/toxicodendron_radicans/6131690363_1.jpg,Toxicodendron radicans,usda:TORA2
gbif-inat:00003745,images/raw/gbif-inat/toxicodendron_radicans/6130267696_1.jpg,Toxicodendron radicans,usda:TORA2
gbif-inat:00003708,images/raw/gbif-inat/toxicodendron_radicans/6129908511_2.jpg,Toxicodendron radicans,usda:TORA2
gbif-inat-toxic-round2:00313192,images/raw/gbif-inat-toxic-round2/toxicodendron_radicans/6131457419_1.jpg,Toxicodendron radicans,usda:TORA2
gbif-inat-toxic-round2:00313309,images/raw/gbif-inat-toxic-round2/toxicodendron_radicans/6147382334_1.jpg,Toxicodendron radicans,usda:TORA2
gbif-inat-toxic-round2:00313176,images/raw/gbif-inat-toxic-round2/toxicodendron_radicans/6131204485_4.jpg,Toxicodendron radicans,usda:TORA2
gbif-inat-toxic-round2:00313216,images/raw/gbif-inat-toxic-round2/toxicodendron_radicans/6131654193_1.jpg,Toxicodendron radicans,usda:TORA2
gbif-inat-toxic-round2:00313454,images/raw/gbif-inat-toxic-round2/toxicodendron_radicans/6163199372_1.jpg,Toxicodendron radicans,usda:TORA2
gbif-inat-toxic-round2:00313167,images/raw/gbif-inat-toxic-round2/toxicodendron_radicans/6131134562_1.jpg,Toxicodendron radicans,usda:TORA2
gbif-inat-toxic-round2:00313311,images/raw/gbif-inat-toxic-round2/toxicodendron_radicans/6147388464_1.jpg,Toxicodendron radicans,usda:TORA2
gbif-inat-toxic-round2:00313435,images/raw/gbif-inat-toxic-round2/toxicodendron_radicans/6162929793_7.jpg,Toxicodendron radicans,usda:TORA2
gbif-inat-toxic-round2:00313241,images/raw/gbif-inat-toxic-round2/toxicodendron_radicans/6133200581_2.jpg,Toxicodendron radicans,usda:TORA2
gbif-inat-toxic-round2:00313314,images/raw/gbif-inat-toxic-round2/toxicodendron_radicans/6147388464_4.jpg,Toxicodendron radicans,usda:TORA2
gbif-inat-toxic-round2:00313212,images/raw/gbif-inat-toxic-round2/toxicodendron_radicans/6131611651_1.jpg,Toxicodendron radicans,usda:TORA2
gbif-inat-toxic-round2:00313120,images/raw/gbif-inat-toxic-round2/toxicodendron_radicans/6130971421_1.jpg,Toxicodendron radicans,usda:TORA2
gbif-inat-toxic-round2:00313131,images/raw/gbif-inat-toxic-round2/toxicodendron_radicans/6131029751_3.jpg,Toxicodendron radicans,usda:TORA2
gbif-inat-toxic-round2:00313242,images/raw/gbif-inat-toxic-round2/toxicodendron_radicans/6133200581_3.jpg,Toxicodendron radicans,usda:TORA2
gbif-inat-toxic-round2:00313288,images/raw/gbif-inat-toxic-round2/toxicodendron_radicans/6195726859_1.jpg,Toxicodendron radicans,usda:TORA2
gbif-inat-toxic-round2:00313359,images/raw/gbif-inat-toxic-round2/toxicodendron_radicans/6159358291_2.jpg,Toxicodendron radicans,usda:TORA2
gbif-inat:00003740,images/raw/gbif-inat/toxicodendron_radicans/6130164432_1.jpg,Toxicodendron radicans,usda:TORA2
gbif-inat:00003724,images/raw/gbif-inat/toxicodendron_radicans/6130003028_1.jpg,Toxicodendron radicans,usda:TORA2
gbif-inat-toxic-round2:00313330,images/raw/gbif-inat-toxic-round2/toxicodendron_radicans/6147699637_1.jpg,Toxicodendron radicans,usda:TORA2
gbif-inat-toxic-round2:00313294,images/raw/gbif-inat-toxic-round2/toxicodendron_radicans/6147232936_1.jpg,Toxicodendron radicans,usda:TORA2
gbif-inat-toxic-round2:00313363,images/raw/gbif-inat-toxic-round2/toxicodendron_radicans/6159358291_6.jpg,Toxicodendron radicans,usda:TORA2
gbif-inat-toxic-round2:00313431,images/raw/gbif-inat-toxic-round2/toxicodendron_radicans/6162929793_3.jpg,Toxicodendron radicans,usda:TORA2
gbif-inat:00003721,images/raw/gbif-inat/toxicodendron_radicans/6129960937_3.jpg,Toxicodendron radicans,usda:TORA2
gbif-inat-toxic-round2:00313416,images/raw/gbif-inat-toxic-round2/toxicodendron_radicans/6162845065_2.jpg,Toxicodendron radicans,usda:TORA2
gbif-inat-toxic-round2:00313325,images/raw/gbif-inat-toxic-round2/toxicodendron_radicans/6147626762_2.jpg,Toxicodendron radicans,usda:TORA2
gbif-inat-toxic-round2:00313125,images/raw/gbif-inat-toxic-round2/toxicodendron_radicans/6131007891_1.jpg,Toxicodendron radicans,usda:TORA2
gbif-inat-toxic-round2:00313324,images/raw/gbif-inat-toxic-round2/toxicodendron_radicans/6147626762_1.jpg,Toxicodendron radicans,usda:TORA2
gbif-inat-toxic-round2:00313313,images/raw/gbif-inat-toxic-round2/toxicodendron_radicans/6147388464_3.jpg,Toxicodendron radicans,usda:TORA2
gbif-inat-toxic-round2:00313292,images/raw/gbif-inat-toxic-round2/toxicodendron_radicans/6147170964_1.jpg,Toxicodendron radicans,usda:TORA2
gbif-inat-toxic-round2:00313238,images/raw/gbif-inat-toxic-round2/toxicodendron_radicans/6133180557_3.jpg,Toxicodendron radicans,usda:TORA2
gbif-inat-toxic-round2:00313204,images/raw/gbif-inat-toxic-round2/toxicodendron_radicans/6131560360_1.jpg,Toxicodendron radicans,usda:TORA2
gbif-inat-toxic-round2:00313308,images/raw/gbif-inat-toxic-round2/toxicodendron_radicans/6147365669_2.jpg,Toxicodendron radicans,usda:TORA2
gbif-inat-toxic-round2:00313209,images/raw/gbif-inat-toxic-round2/toxicodendron_radicans/6131590894_2.jpg,Toxicodendron radicans,usda:TORA2
gbif-inat-toxic-round2:00313159,images/raw/gbif-inat-toxic-round2/toxicodendron_radicans/6131050884_5.jpg,Toxicodendron radicans,usda:TORA2
gbif-inat-toxic-round2:00313217,images/raw/gbif-inat-toxic-round2/toxicodendron_radicans/6131654193_2.jpg,Toxicodendron radicans,usda:TORA2
gbif-inat:00003729,images/raw/gbif-inat/toxicodendron_radicans/6130054440_1.jpg,Toxicodendron radicans,usda:TORA2
gbif-inat-toxic-round2:00313145,images/raw/gbif-inat-toxic-round2/toxicodendron_radicans/6131038232_8.jpg,Toxicodendron radicans,usda:TORA2
gbif-inat-toxic-round2:00313285,images/raw/gbif-inat-toxic-round2/toxicodendron_radicans/6185825189_1.jpg,Toxicodendron radicans,usda:TORA2
gbif-inat:00003728,images/raw/gbif-inat/toxicodendron_radicans/6130050976_2.jpg,Toxicodendron radicans,usda:TORA2
gbif-inat:00003731,images/raw/gbif-inat/toxicodendron_radicans/6130054440_3.jpg,Toxicodendron radicans,usda:TORA2
gbif-inat-toxic-round2:00313190,images/raw/gbif-inat-toxic-round2/toxicodendron_radicans/6131424502_1.jpg,Toxicodendron radicans,usda:TORA2
gbif-inat-toxic-round2:00313305,images/raw/gbif-inat-toxic-round2/toxicodendron_radicans/6147343109_2.jpg,Toxicodendron radicans,usda:TORA2
gbif-inat-toxic-round2:00313269,images/raw/gbif-inat-toxic-round2/toxicodendron_radicans/6147416344_1.jpg,Toxicodendron radicans,usda:TORA2
gbif-inat-toxic-round2:00313310,images/raw/gbif-inat-toxic-round2/toxicodendron_radicans/6147382334_2.jpg,Toxicodendron radicans,usda:TORA2
gbif-inat-toxic-round2:00313078,images/raw/gbif-inat-toxic-round2/toxicodendron_radicans/6130517328_3.jpg,Toxicodendron radicans,usda:TORA2
gbif-inat-toxic-round2:00313340,images/raw/gbif-inat-toxic-round2/toxicodendron_radicans/6159192294_1.jpg,Toxicodendron radicans,usda:TORA2
gbif-inat-toxic-round2:00313345,images/raw/gbif-inat-toxic-round2/toxicodendron_radicans/6159270935_4.jpg,Toxicodendron radicans,usda:TORA2
gbif-inat:00003736,images/raw/gbif-inat/toxicodendron_radicans/6130109583_1.jpg,Toxicodendron radicans,usda:TORA2
gbif-inat-toxic-round2:00313102,images/raw/gbif-inat-toxic-round2/toxicodendron_radicans/6130742056_1.jpg,Toxicodendron radicans,usda:TORA2
gbif-inat-toxic-round2:00313394,images/raw/gbif-inat-toxic-round2/toxicodendron_radicans/6159652486_1.jpg,Toxicodendron radicans,usda:TORA2
gbif-inat-toxic-round2:00313112,images/raw/gbif-inat-toxic-round2/toxicodendron_radicans/6130843225_1.jpg,Toxicodendron radicans,usda:TORA2
gbif-inat-toxic-round2:00313370,images/raw/gbif-inat-toxic-round2/toxicodendron_radicans/6159380559_3.jpg,Toxicodendron radicans,usda:TORA2
gbif-inat-toxic-round2:00313196,images/raw/gbif-inat-toxic-round2/toxicodendron_radicans/6131460626_1.jpg,Toxicodendron radicans,usda:TORA2
gbif-inat-toxic-round2:00313155,images/raw/gbif-inat-toxic-round2/toxicodendron_radicans/6131050884_1.jpg,Toxicodendron radicans,usda:TORA2
gbif-inat:00003752,images/raw/gbif-inat/toxicodendron_radicans/6130371627_1.jpg,Toxicodendron radicans,usda:TORA2
gbif-inat-toxic-round2:00313412,images/raw/gbif-inat-toxic-round2/toxicodendron_radicans/6162820705_2.jpg,Toxicodendron radicans,usda:TORA2
gbif-inat:00003704,images/raw/gbif-inat/toxicodendron_radicans/6129895487_1.jpg,Toxicodendron radicans,usda:TORA2
gbif-inat-toxic-round2:00313302,images/raw/gbif-inat-toxic-round2/toxicodendron_radicans/6147329208_2.jpg,Toxicodendron radicans,usda:TORA2
gbif-inat-toxic-round2:00313367,images/raw/gbif-inat-toxic-round2/toxicodendron_radicans/6159375410_2.jpg,Toxicodendron radicans,usda:TORA2
gbif-inat:00001005,images/raw/gbif-inat/toxicodendron_radicans/5938281446_1.jpg,Toxicodendron radicans,usda:TORA2
gbif-inat-toxic-round2:00313407,images/raw/gbif-inat-toxic-round2/toxicodendron_radicans/6162801301_3.jpg,Toxicodendron radicans,usda:TORA2
gbif-inat-toxic-round2:00313414,images/raw/gbif-inat-toxic-round2/toxicodendron_radicans/6162842001_1.jpg,Toxicodendron radicans,usda:TORA2
gbif-inat-toxic-round2:00313214,images/raw/gbif-inat-toxic-round2/toxicodendron_radicans/6131634354_1.jpg,Toxicodendron radicans,usda:TORA2
gbif-inat-toxic-round2:00313207,images/raw/gbif-inat-toxic-round2/toxicodendron_radicans/6131590887_1.jpg,Toxicodendron radicans,usda:TORA2
gbif-inat-toxic-round2:00313183,images/raw/gbif-inat-toxic-round2/toxicodendron_radicans/6131329926_1.jpg,Toxicodendron radicans,usda:TORA2
gbif-inat-toxic-round2:00313376,images/raw/gbif-inat-toxic-round2/toxicodendron_radicans/6159453750_1.jpg,Toxicodendron radicans,usda:TORA2
gbif-inat-toxic-round2:00313301,images/raw/gbif-inat-toxic-round2/toxicodendron_radicans/6147329208_1.jpg,Toxicodendron radicans,usda:TORA2
gbif-inat:00003722,images/raw/gbif-inat/toxicodendron_radicans/6129961566_1.jpg,Toxicodendron radicans,usda:TORA2
gbif-inat-toxic-round2:00313162,images/raw/gbif-inat-toxic-round2/toxicodendron_radicans/6131081930_1.jpg,Toxicodendron radicans,usda:TORA2
gbif-inat-toxic-round2:00313149,images/raw/gbif-inat-toxic-round2/toxicodendron_radicans/6131038232_12.jpg,Toxicodendron radicans,usda:TORA2
gbif-inat:00000992,images/raw/gbif-inat/toxicodendron_radicans/5938109435_2.jpg,Toxicodendron radicans,usda:TORA2
gbif-inat:00001001,images/raw/gbif-inat/toxicodendron_radicans/5938200604_1.jpg,Toxicodendron radicans,usda:TORA2
gbif-inat-toxic-round2:00313377,images/raw/gbif-inat-toxic-round2/toxicodendron_radicans/6159503442_1.jpg,Toxicodendron radicans,usda:TORA2
gbif-inat-toxic-round2:00313384,images/raw/gbif-inat-toxic-round2/toxicodendron_radicans/6159608936_3.jpg,Toxicodendron radicans,usda:TORA2
gbif-inat-toxic-round2:00313393,images/raw/gbif-inat-toxic-round2/toxicodendron_radicans/6159623211_2.jpg,Toxicodendron radicans,usda:TORA2
gbif-inat-toxic-round2:00313342,images/raw/gbif-inat-toxic-round2/toxicodendron_radicans/6159270935_1.jpg,Toxicodendron radicans,usda:TORA2
gbif-inat-toxic-round2:00313425,images/raw/gbif-inat-toxic-round2/toxicodendron_radicans/6162908730_1.jpg,Toxicodendron radicans,usda:TORA2
gbif-inat-toxic-round2:00313255,images/raw/gbif-inat-toxic-round2/toxicodendron_radicans/6133373142_2.jpg,Toxicodendron radicans,usda:TORA2
gbif-inat-toxic-round2:00313127,images/raw/gbif-inat-toxic-round2/toxicodendron_radicans/6131028533_1.jpg,Toxicodendron radicans,usda:TORA2
gbif-inat:00003727,images/raw/gbif-inat/toxicodendron_radicans/6130050976_1.jpg,Toxicodendron radicans,usda:TORA2
gbif-inat-toxic-round2:00313082,images/raw/gbif-inat-toxic-round2/toxicodendron_radicans/6130559657_3.jpg,Toxicodendron radicans,usda:TORA2
gbif-inat-toxic-round2:00313134,images/raw/gbif-inat-toxic-round2/toxicodendron_radicans/6131029751_6.jpg,Toxicodendron radicans,usda:TORA2
gbif-inat:00001011,images/raw/gbif-inat/toxicodendron_radicans/5938401006_1.jpg,Toxicodendron radicans,usda:TORA2
gbif-inat-toxic-round2:00313261,images/raw/gbif-inat-toxic-round2/toxicodendron_radicans/6133577470_1.jpg,Toxicodendron radicans,usda:TORA2
gbif-inat-toxic-round2:00313356,images/raw/gbif-inat-toxic-round2/toxicodendron_radicans/6159349093_1.jpg,Toxicodendron radicans,usda:TORA2
gbif-inat:00003735,images/raw/gbif-inat/toxicodendron_radicans/6130106394_1.jpg,Toxicodendron radicans,usda:TORA2
gbif-inat-toxic-round2:00313434,images/raw/gbif-inat-toxic-round2/toxicodendron_radicans/6162929793_6.jpg,Toxicodendron radicans,usda:TORA2
gbif-inat-toxic-round2:00313299,images/raw/gbif-inat-toxic-round2/toxicodendron_radicans/6147284569_4.jpg,Toxicodendron radicans,usda:TORA2
gbif-inat-toxic-round2:00313239,images/raw/gbif-inat-toxic-round2/toxicodendron_radicans/6133188342_1.jpg,Toxicodendron radicans,usda:TORA2
gbif-inat-toxic-round2:00313136,images/raw/gbif-inat-toxic-round2/toxicodendron_radicans/6131030972_2.jpg,Toxicodendron radicans,usda:TORA2
gbif-inat-toxic-round2:00313456,images/raw/gbif-inat-toxic-round2/toxicodendron_radicans/6163298306_1.jpg,Toxicodendron radicans,usda:TORA2
gbif-inat:00003720,images/raw/gbif-inat/toxicodendron_radicans/6129960937_2.jpg,Toxicodendron radicans,usda:TORA2
gbif-inat-toxic-round2:00313138,images/raw/gbif-inat-toxic-round2/toxicodendron_radicans/6131038232_1.jpg,Toxicodendron radicans,usda:TORA2
gbif-inat-toxic-round2:00313278,images/raw/gbif-inat-toxic-round2/toxicodendron_radicans/6171104311_1.jpg,Toxicodendron radicans,usda:TORA2
gbif-inat-toxic-round2:00313171,images/raw/gbif-inat-toxic-round2/toxicodendron_radicans/6131188112_1.jpg,Toxicodendron radicans,usda:TORA2
gbif-inat-toxic-round2:00313334,images/raw/gbif-inat-toxic-round2/toxicodendron_radicans/6159168972_1.jpg,Toxicodendron radicans,usda:TORA2
gbif-inat-toxic-round2:00313202,images/raw/gbif-inat-toxic-round2/toxicodendron_radicans/6131546640_1.jpg,Toxicodendron radicans,usda:TORA2
gbif-inat:00001006,images/raw/gbif-inat/toxicodendron_radicans/5938293198_1.jpg,Toxicodendron radicans,usda:TORA2
gbif-inat:00003751,images/raw/gbif-inat/toxicodendron_radicans/6130363889_2.jpg,Toxicodendron radicans,usda:TORA2
gbif-inat-toxic-round2:00313077,images/raw/gbif-inat-toxic-round2/toxicodendron_radicans/6130517328_2.jpg,Toxicodendron radicans,usda:TORA2
gbif-inat:00001018,images/raw/gbif-inat/toxicodendron_radicans/5938494388_2.jpg,Toxicodendron radicans,usda:TORA2
gbif-inat-toxic-round2:00313244,images/raw/gbif-inat-toxic-round2/toxicodendron_radicans/6133245981_1.jpg,Toxicodendron radicans,usda:TORA2
gbif-inat-toxic-round2:00313092,images/raw/gbif-inat-toxic-round2/toxicodendron_radicans/6130654474_3.jpg,Toxicodendron radicans,usda:TORA2
gbif-inat-toxic-round2:00313130,images/raw/gbif-inat-toxic-round2/toxicodendron_radicans/6131029751_2.jpg,Toxicodendron radicans,usda:TORA2
gbif-inat:00001017,images/raw/gbif-inat/toxicodendron_radicans/5938494388_1.jpg,Toxicodendron radicans,usda:TORA2
gbif-inat-toxic-round2:00313116,images/raw/gbif-inat-toxic-round2/toxicodendron_radicans/6130935703_1.jpg,Toxicodendron radicans,usda:TORA2
gbif-inat-toxic-round2:00313352,images/raw/gbif-inat-toxic-round2/toxicodendron_radicans/6159296781_1.jpg,Toxicodendron radicans,usda:TORA2
gbif-inat-toxic-round2:00313327,images/raw/gbif-inat-toxic-round2/toxicodendron_radicans/6147640025_1.jpg,Toxicodendron radicans,usda:TORA2
gbif-inat-toxic-round2:00313272,images/raw/gbif-inat-toxic-round2/toxicodendron_radicans/6147438305_1.jpg,Toxicodendron radicans,usda:TORA2
gbif-inat-toxic-round2:00313227,images/raw/gbif-inat-toxic-round2/toxicodendron_radicans/6133058043_2.jpg,Toxicodendron radicans,usda:TORA2
gbif-inat-toxic-round2:00314103,images/raw/gbif-inat-toxic-round2/toxicodendron_vernix/5133430845_1.jpg,Toxicodendron vernix,usda:TOVE
gbif-inat-toxic-round2:00313988,images/raw/gbif-inat-toxic-round2/toxicodendron_vernix/5063392098_1.jpg,Toxicodendron vernix,usda:TOVE
gbif-inat:00001072,images/raw/gbif-inat/toxicodendron_vernix/6159481268_1.jpg,Toxicodendron vernix,usda:TOVE
gbif-inat:00003839,images/raw/gbif-inat/toxicodendron_vernix/6185251907_2.jpg,Toxicodendron vernix,usda:TOVE
gbif-inat-toxic-round2:00314135,images/raw/gbif-inat-toxic-round2/toxicodendron_vernix/5153897156_2.jpg,Toxicodendron vernix,usda:TOVE
gbif-inat-toxic-round2:00314060,images/raw/gbif-inat-toxic-round2/toxicodendron_vernix/5063832292_2.jpg,Toxicodendron vernix,usda:TOVE
gbif-inat-toxic-round2:00313923,images/raw/gbif-inat-toxic-round2/toxicodendron_vernix/5063354103_1.jpg,Toxicodendron vernix,usda:TOVE
gbif-inat-toxic-round2:00314160,images/raw/gbif-inat-toxic-round2/toxicodendron_vernix/5167250390_1.jpg,Toxicodendron vernix,usda:TOVE
gbif-inat-toxic-round2:00314243,images/raw/gbif-inat-toxic-round2/toxicodendron_vernix/5177243301_2.jpg,Toxicodendron vernix,usda:TOVE
gbif-inat-toxic-round2:00314049,images/raw/gbif-inat-toxic-round2/toxicodendron_vernix/5063667119_1.jpg,Toxicodendron vernix,usda:TOVE
gbif-inat-toxic-round2:00314006,images/raw/gbif-inat-toxic-round2/toxicodendron_vernix/5063409205_1.jpg,Toxicodendron vernix,usda:TOVE
gbif-inat:00001059,images/raw/gbif-inat/toxicodendron_vernix/6130961747_2.jpg,Toxicodendron vernix,usda:TOVE
gbif-inat-toxic-round2:00314038,images/raw/gbif-inat-toxic-round2/toxicodendron_vernix/5063428941_1.jpg,Toxicodendron vernix,usda:TOVE
gbif-inat-toxic-round2:00314255,images/raw/gbif-inat-toxic-round2/toxicodendron_vernix/5892605123_3.jpg,Toxicodendron vernix,usda:TOVE
gbif-inat-toxic-round2:00313973,images/raw/gbif-inat-toxic-round2/toxicodendron_vernix/5063385021_1.jpg,Toxicodendron vernix,usda:TOVE
gbif-inat-toxic-round2:00313954,images/raw/gbif-inat-toxic-round2/toxicodendron_vernix/5063376137_1.jpg,Toxicodendron vernix,usda:TOVE
gbif-inat-toxic-round2:00314215,images/raw/gbif-inat-toxic-round2/toxicodendron_vernix/5176480569_1.jpg,Toxicodendron vernix,usda:TOVE
gbif-inat:00001061,images/raw/gbif-inat/toxicodendron_vernix/6130961747_4.jpg,Toxicodendron vernix,usda:TOVE
gbif-inat:00003857,images/raw/gbif-inat/toxicodendron_vernix/6195782577_1.jpg,Toxicodendron vernix,usda:TOVE
gbif-inat-toxic-round2:00314071,images/raw/gbif-inat-toxic-round2/toxicodendron_vernix/5077079349_1.jpg,Toxicodendron vernix,usda:TOVE
gbif-inat:00001058,images/raw/gbif-inat/toxicodendron_vernix/6130961747_1.jpg,Toxicodendron vernix,usda:TOVE
gbif-inat:00001051,images/raw/gbif-inat/toxicodendron_vernix/5938061473_1.jpg,Toxicodendron vernix,usda:TOVE
gbif-inat:00003841,images/raw/gbif-inat/toxicodendron_vernix/6185316398_1.jpg,Toxicodendron vernix,usda:TOVE
gbif-inat-toxic-round2:00314156,images/raw/gbif-inat-toxic-round2/toxicodendron_vernix/5167161950_1.jpg,Toxicodendron vernix,usda:TOVE
gbif-inat-toxic-round2:00313986,images/raw/gbif-inat-toxic-round2/toxicodendron_vernix/5063392038_1.jpg,Toxicodendron vernix,usda:TOVE
gbif-inat:00003851,images/raw/gbif-inat/toxicodendron_vernix/6188021216_1.jpg,Toxicodendron vernix,usda:TOVE
gbif-inat:00003867,images/raw/gbif-inat/toxicodendron_vernix/6234492667_1.jpg,Toxicodendron vernix,usda:TOVE
gbif-inat-toxic-round2:00314173,images/raw/gbif-inat-toxic-round2/toxicodendron_vernix/5168074425_1.jpg,Toxicodendron vernix,usda:TOVE
gbif-inat-toxic-round2:00313996,images/raw/gbif-inat-toxic-round2/toxicodendron_vernix/5063402102_1.jpg,Toxicodendron vernix,usda:TOVE
gbif-inat-toxic-round2:00314180,images/raw/gbif-inat-toxic-round2/toxicodendron_vernix/5168167270_5.jpg,Toxicodendron vernix,usda:TOVE
gbif-inat-toxic-round2:00313957,images/raw/gbif-inat-toxic-round2/toxicodendron_vernix/5063377174_1.jpg,Toxicodendron vernix,usda:TOVE
gbif-inat-toxic-round2:00313901,images/raw/gbif-inat-toxic-round2/toxicodendron_vernix/5007781670_2.jpg,Toxicodendron vernix,usda:TOVE
gbif-inat-toxic-round2:00314251,images/raw/gbif-inat-toxic-round2/toxicodendron_vernix/5237513733_1.jpg,Toxicodendron vernix,usda:TOVE
gbif-inat-toxic-round2:00314011,images/raw/gbif-inat-toxic-round2/toxicodendron_vernix/5063412040_1.jpg,Toxicodendron vernix,usda:TOVE
gbif-inat:00001064,images/raw/gbif-inat/toxicodendron_vernix/6147212426_2.jpg,Toxicodendron vernix,usda:TOVE
gbif-inat-toxic-round2:00314210,images/raw/gbif-inat-toxic-round2/toxicodendron_vernix/5176463768_1.jpg,Toxicodendron vernix,usda:TOVE
gbif-inat-toxic-round2:00314207,images/raw/gbif-inat-toxic-round2/toxicodendron_vernix/5176362080_1.jpg,Toxicodendron vernix,usda:TOVE
gbif-inat:00001052,images/raw/gbif-inat/toxicodendron_vernix/5938061473_2.jpg,Toxicodendron vernix,usda:TOVE
gbif-inat-toxic-round2:00314152,images/raw/gbif-inat-toxic-round2/toxicodendron_vernix/5166981993_3.jpg,Toxicodendron vernix,usda:TOVE
gbif-inat:00003889,images/raw/gbif-inat/toxicodendron_vernix/6252475181_4.jpg,Toxicodendron vernix,usda:TOVE
gbif-inat:00001062,images/raw/gbif-inat/toxicodendron_vernix/6131602883_1.jpg,Toxicodendron vernix,usda:TOVE
gbif-inat-toxic-round2:00313926,images/raw/gbif-inat-toxic-round2/toxicodendron_vernix/5063359018_1.jpg,Toxicodendron vernix,usda:TOVE
gbif-inat-toxic-round2:00314064,images/raw/gbif-inat-toxic-round2/toxicodendron_vernix/5069893183_1.jpg,Toxicodendron vernix,usda:TOVE
gbif-inat-toxic-round2:00314056,images/raw/gbif-inat-toxic-round2/toxicodendron_vernix/5063767037_3.jpg,Toxicodendron vernix,usda:TOVE
gbif-inat-toxic-round2:00314237,images/raw/gbif-inat-toxic-round2/toxicodendron_vernix/5177106427_2.jpg,Toxicodendron vernix,usda:TOVE
gbif-inat-toxic-round2:00314145,images/raw/gbif-inat-toxic-round2/toxicodendron_vernix/5154878804_2.jpg,Toxicodendron vernix,usda:TOVE
gbif-inat-toxic-round2:00314034,images/raw/gbif-inat-toxic-round2/toxicodendron_vernix/5063426090_1.jpg,Toxicodendron vernix,usda:TOVE
gbif-inat:00003838,images/raw/gbif-inat/toxicodendron_vernix/6185251907_1.jpg,Toxicodendron vernix,usda:TOVE
gbif-inat-toxic-round2:00313895,images/raw/gbif-inat-toxic-round2/toxicodendron_vernix/6320904626_1.jpg,Toxicodendron vernix,usda:TOVE
gbif-inat:00003863,images/raw/gbif-inat/toxicodendron_vernix/6195945499_2.jpg,Toxicodendron vernix,usda:TOVE
gbif-inat-toxic-round2:00314138,images/raw/gbif-inat-toxic-round2/toxicodendron_vernix/5154844069_1.jpg,Toxicodendron vernix,usda:TOVE
gbif-inat-toxic-round2:00313912,images/raw/gbif-inat-toxic-round2/toxicodendron_vernix/5063127822_2.jpg,Toxicodendron vernix,usda:TOVE
gbif-inat-toxic-round2:00313953,images/raw/gbif-inat-toxic-round2/toxicodendron_vernix/5063375217_1.jpg,Toxicodendron vernix,usda:TOVE
gbif-inat-toxic-round2:00314223,images/raw/gbif-inat-toxic-round2/toxicodendron_vernix/5176737514_1.jpg,Toxicodendron vernix,usda:TOVE
gbif-inat-toxic-round2:00314095,images/raw/gbif-inat-toxic-round2/toxicodendron_vernix/5104500184_1.jpg,Toxicodendron vernix,usda:TOVE
gbif-inat-toxic-round2:00314128,images/raw/gbif-inat-toxic-round2/toxicodendron_vernix/5206231698_1.jpg,Toxicodendron vernix,usda:TOVE
gbif-inat:00003874,images/raw/gbif-inat/toxicodendron_vernix/6251514904_1.jpg,Toxicodendron vernix,usda:TOVE
gbif-inat-toxic-round2:00314151,images/raw/gbif-inat-toxic-round2/toxicodendron_vernix/5166981993_2.jpg,Toxicodendron vernix,usda:TOVE
gbif-inat-toxic-round2:00314258,images/raw/gbif-inat-toxic-round2/toxicodendron_vernix/6129844460_2.jpg,Toxicodendron vernix,usda:TOVE
gbif-inat-toxic-round2:00314082,images/raw/gbif-inat-toxic-round2/toxicodendron_vernix/5087490368_1.jpg,Toxicodendron vernix,usda:TOVE
gbif-inat-toxic-round2:00314196,images/raw/gbif-inat-toxic-round2/toxicodendron_vernix/5168342656_1.jpg,Toxicodendron vernix,usda:TOVE
gbif-inat:00001075,images/raw/gbif-inat/toxicodendron_vernix/6178585019_1.jpg,Toxicodendron vernix,usda:TOVE
gbif-inat-toxic-round2:00314276,images/raw/gbif-inat-toxic-round2/toxicodendron_vernix/5187646704_2.jpg,Toxicodendron vernix,usda:TOVE
gbif-inat:00003832,images/raw/gbif-inat/toxicodendron_vernix/6179290070_4.jpg,Toxicodendron vernix,usda:TOVE
gbif-inat-toxic-round2:00314263,images/raw/gbif-inat-toxic-round2/toxicodendron_vernix/5176679883_1.jpg,Toxicodendron vernix,usda:TOVE
gbif-inat-toxic-round2:00314040,images/raw/gbif-inat-toxic-round2/toxicodendron_vernix/5063432265_1.jpg,Toxicodendron vernix,usda:TOVE
gbif-inat:00001069,images/raw/gbif-inat/toxicodendron_vernix/6147620326_3.jpg,Toxicodendron vernix,usda:TOVE
gbif-inat-toxic-round2:00314022,images/raw/gbif-inat-toxic-round2/toxicodendron_vernix/5063418141_1.jpg,Toxicodendron vernix,usda:TOVE
gbif-inat-toxic-round2:00314159,images/raw/gbif-inat-toxic-round2/toxicodendron_vernix/5167194066_3.jpg,Toxicodendron vernix,usda:TOVE
gbif-inat:00003849,images/raw/gbif-inat/toxicodendron_vernix/6188282863_1.jpg,Toxicodendron vernix,usda:TOVE
gbif-inat-toxic-round2:00314205,images/raw/gbif-inat-toxic-round2/toxicodendron_vernix/5168527049_1.jpg,Toxicodendron vernix,usda:TOVE
gbif-inat-toxic-round2:00314001,images/raw/gbif-inat-toxic-round2/toxicodendron_vernix/5063407072_1.jpg,Toxicodendron vernix,usda:TOVE
gbif-inat-toxic-round2:00314117,images/raw/gbif-inat-toxic-round2/toxicodendron_vernix/5140553322_1.jpg,Toxicodendron vernix,usda:TOVE
gbif-inat-toxic-round2:00314031,images/raw/gbif-inat-toxic-round2/toxicodendron_vernix/5063424129_1.jpg,Toxicodendron vernix,usda:TOVE
gbif-inat:00003840,images/raw/gbif-inat/toxicodendron_vernix/6185251907_3.jpg,Toxicodendron vernix,usda:TOVE
gbif-inat-toxic-round2:00314007,images/raw/gbif-inat-toxic-round2/toxicodendron_vernix/5063410118_1.jpg,Toxicodendron vernix,usda:TOVE
gbif-inat-toxic-round2:00314098,images/raw/gbif-inat-toxic-round2/toxicodendron_vernix/5104553396_1.jpg,Toxicodendron vernix,usda:TOVE
gbif-inat-toxic-round2:00313934,images/raw/gbif-inat-toxic-round2/toxicodendron_vernix/5063364156_1.jpg,Toxicodendron vernix,usda:TOVE
gbif-inat-toxic-round2:00314077,images/raw/gbif-inat-toxic-round2/toxicodendron_vernix/6185277130_1.jpg,Toxicodendron vernix,usda:TOVE
gbif-inat-toxic-round2:00314236,images/raw/gbif-inat-toxic-round2/toxicodendron_vernix/5177106427_1.jpg,Toxicodendron vernix,usda:TOVE
gbif-inat-toxic-round2:00313999,images/raw/gbif-inat-toxic-round2/toxicodendron_vernix/5063404208_1.jpg,Toxicodendron vernix,usda:TOVE
gbif-inat-toxic-round2:00314111,images/raw/gbif-inat-toxic-round2/toxicodendron_vernix/5134315880_2.jpg,Toxicodendron vernix,usda:TOVE
gbif-inat-toxic-round2:00314039,images/raw/gbif-inat-toxic-round2/toxicodendron_vernix/5063429005_1.jpg,Toxicodendron vernix,usda:TOVE
gbif-inat-toxic-round2:00314048,images/raw/gbif-inat-toxic-round2/toxicodendron_vernix/5063666243_1.jpg,Toxicodendron vernix,usda:TOVE
gbif-inat-toxic-round2:00314177,images/raw/gbif-inat-toxic-round2/toxicodendron_vernix/5168167270_2.jpg,Toxicodendron vernix,usda:TOVE
gbif-inat-toxic-round2:00314167,images/raw/gbif-inat-toxic-round2/toxicodendron_vernix/5167738764_3.jpg,Toxicodendron vernix,usda:TOVE
gbif-inat:00003873,images/raw/gbif-inat/toxicodendron_vernix/6236078826_1.jpg,Toxicodendron vernix,usda:TOVE
gbif-inat-toxic-round2:00313962,images/raw/gbif-inat-toxic-round2/toxicodendron_vernix/5063379925_1.jpg,Toxicodendron vernix,usda:TOVE
gbif-inat-toxic-round2:00314016,images/raw/gbif-inat-toxic-round2/toxicodendron_vernix/5063415176_1.jpg,Toxicodendron vernix,usda:TOVE
gbif-inat:00003835,images/raw/gbif-inat/toxicodendron_vernix/6184981827_2.jpg,Toxicodendron vernix,usda:TOVE
gbif-inat-toxic-round2:00314121,images/raw/gbif-inat-toxic-round2/toxicodendron_vernix/5153583661_2.jpg,Toxicodendron vernix,usda:TOVE
gbif-inat-toxic-round2:00314074,images/raw/gbif-inat-toxic-round2/toxicodendron_vernix/5108179190_3.jpg,Toxicodendron vernix,usda:TOVE
gbif-inat-toxic-round2:00314170,images/raw/gbif-inat-toxic-round2/toxicodendron_vernix/5167877430_2.jpg,Toxicodendron vernix,usda:TOVE
gbif-inat-toxic-round2:00314203,images/raw/gbif-inat-toxic-round2/toxicodendron_vernix/5168495695_3.jpg,Toxicodendron vernix,usda:TOVE
gbif-inat-toxic-round2:00314148,images/raw/gbif-inat-toxic-round2/toxicodendron_vernix/5166887425_1.jpg,Toxicodendron vernix,usda:TOVE
gbif-inat-toxic-round2:00314115,images/raw/gbif-inat-toxic-round2/toxicodendron_vernix/5134802976_1.jpg,Toxicodendron vernix,usda:TOVE
gbif-inat-toxic-round2:00314035,images/raw/gbif-inat-toxic-round2/toxicodendron_vernix/5063426097_1.jpg,Toxicodendron vernix,usda:TOVE
gbif-inat-toxic-round2:00314153,images/raw/gbif-inat-toxic-round2/toxicodendron_vernix/5166981993_4.jpg,Toxicodendron vernix,usda:TOVE
gbif-inat-toxic-round2:00313896,images/raw/gbif-inat-toxic-round2/toxicodendron_vernix/6320904626_2.jpg,Toxicodendron vernix,usda:TOVE
gbif-inat-toxic-round2:00314044,images/raw/gbif-inat-toxic-round2/toxicodendron_vernix/5063486343_1.jpg,Toxicodendron vernix,usda:TOVE
gbif-inat-toxic-round2:00313909,images/raw/gbif-inat-toxic-round2/toxicodendron_vernix/5063119238_2.jpg,Toxicodendron vernix,usda:TOVE
gbif-inat-toxic-round2:00314081,images/raw/gbif-inat-toxic-round2/toxicodendron_vernix/5087398264_3.jpg,Toxicodendron vernix,usda:TOVE
gbif-inat-toxic-round2:00314100,images/raw/gbif-inat-toxic-round2/toxicodendron_vernix/5108470270_1.jpg,Toxicodendron vernix,usda:TOVE
gbif-inat:00003860,images/raw/gbif-inat/toxicodendron_vernix/6195782577_4.jpg,Toxicodendron vernix,usda:TOVE
gbif-inat-toxic-round2:00314105,images/raw/gbif-inat-toxic-round2/toxicodendron_vernix/5133669283_2.jpg,Toxicodendron vernix,usda:TOVE
gbif-inat-toxic-round2:00313994,images/raw/gbif-inat-toxic-round2/toxicodendron_vernix/5063399135_1.jpg,Toxicodendron vernix,usda:TOVE
gbif-inat-toxic-round2:00314013,images/raw/gbif-inat-toxic-round2/toxicodendron_vernix/5063413281_1.jpg,Toxicodendron vernix,usda:TOVE
gbif-inat-toxic-round2:00314155,images/raw/gbif-inat-toxic-round2/toxicodendron_vernix/5166983763_1.jpg,Toxicodendron vernix,usda:TOVE
gbif-inat:00003894,images/raw/gbif-inat/toxicodendron_vernix/6253193117_1.jpg,Toxicodendron vernix,usda:TOVE
gbif-inat-toxic-round2:00314254,images/raw/gbif-inat-toxic-round2/toxicodendron_vernix/5892605123_2.jpg,Toxicodendron vernix,usda:TOVE
gbif-inat-toxic-round2:00314245,images/raw/gbif-inat-toxic-round2/toxicodendron_vernix/5187681287_1.jpg,Toxicodendron vernix,usda:TOVE
gbif-inat-toxic-round2:00314033,images/raw/gbif-inat-toxic-round2/toxicodendron_vernix/5063424161_1.jpg,Toxicodendron vernix,usda:TOVE
gbif-inat-toxic-round2:00313878,images/raw/gbif-inat-toxic-round2/toxicodendron_vernix/6320534973_2.jpg,Toxicodendron vernix,usda:TOVE
gbif-inat:00003885,images/raw/gbif-inat/toxicodendron_vernix/6252069319_3.jpg,Toxicodendron vernix,usda:TOVE
gbif-inat-toxic-round2:00314164,images/raw/gbif-inat-toxic-round2/toxicodendron_vernix/5167730073_1.jpg,Toxicodendron vernix,usda:TOVE
gbif-inat:00003848,images/raw/gbif-inat/toxicodendron_vernix/6188203826_1.jpg,Toxicodendron vernix,usda:TOVE
gbif-inat-toxic-round2:00314202,images/raw/gbif-inat-toxic-round2/toxicodendron_vernix/5168495695_2.jpg,Toxicodendron vernix,usda:TOVE
gbif-inat:00003842,images/raw/gbif-inat/toxicodendron_vernix/6185526965_1.jpg,Toxicodendron vernix,usda:TOVE
gbif-inat:00001057,images/raw/gbif-inat/toxicodendron_vernix/6129852144_1.jpg,Toxicodendron vernix,usda:TOVE
gbif-inat-toxic-round2:00313993,images/raw/gbif-inat-toxic-round2/toxicodendron_vernix/5063396157_1.jpg,Toxicodendron vernix,usda:TOVE
gbif-inat-toxic-round2:00314216,images/raw/gbif-inat-toxic-round2/toxicodendron_vernix/5176584666_1.jpg,Toxicodendron vernix,usda:TOVE
gbif-inat:00003852,images/raw/gbif-inat/toxicodendron_vernix/6188021216_2.jpg,Toxicodendron vernix,usda:TOVE
gbif-inat-toxic-round2:00314008,images/raw/gbif-inat-toxic-round2/toxicodendron_vernix/5063411105_1.jpg,Toxicodendron vernix,usda:TOVE
gbif-inat-toxic-round2:00313929,images/raw/gbif-inat-toxic-round2/toxicodendron_vernix/5063361085_1.jpg,Toxicodendron vernix,usda:TOVE
gbif-inat-toxic-round2:00314238,images/raw/gbif-inat-toxic-round2/toxicodendron_vernix/5177125887_1.jpg,Toxicodendron vernix,usda:TOVE
gbif-inat-toxic-round2:00314271,images/raw/gbif-inat-toxic-round2/toxicodendron_vernix/5177352612_1.jpg,Toxicodendron vernix,usda:TOVE
gbif-inat-toxic-round2:00314222,images/raw/gbif-inat-toxic-round2/toxicodendron_vernix/5176724113_2.jpg,Toxicodendron vernix,usda:TOVE
gbif-inat-toxic-round2:00313990,images/raw/gbif-inat-toxic-round2/toxicodendron_vernix/5063394211_1.jpg,Toxicodendron vernix,usda:TOVE
gbif-inat-toxic-round2:00314201,images/raw/gbif-inat-toxic-round2/toxicodendron_vernix/5168495695_1.jpg,Toxicodendron vernix,usda:TOVE
gbif-inat-toxic-round2:00313885,images/raw/gbif-inat-toxic-round2/toxicodendron_vernix/6273774979_1.jpg,Toxicodendron vernix,usda:TOVE
gbif-inat-toxic-round2:00313992,images/raw/gbif-inat-toxic-round2/toxicodendron_vernix/5063395182_1.jpg,Toxicodendron vernix,usda:TOVE
gbif-inat-toxic-round2:00314041,images/raw/gbif-inat-toxic-round2/toxicodendron_vernix/5063439161_1.jpg,Toxicodendron vernix,usda:TOVE
gbif-inat-toxic-round2:00314241,images/raw/gbif-inat-toxic-round2/toxicodendron_vernix/5177238015_1.jpg,Toxicodendron vernix,usda:TOVE
gbif-inat-toxic-round2:00313979,images/raw/gbif-inat-toxic-round2/toxicodendron_vernix/5063387135_1.jpg,Toxicodendron vernix,usda:TOVE
gbif-inat:00003884,images/raw/gbif-inat/toxicodendron_vernix/6252069319_2.jpg,Toxicodendron vernix,usda:TOVE
gbif-inat-toxic-round2:00313933,images/raw/gbif-inat-toxic-round2/toxicodendron_vernix/5063363211_1.jpg,Toxicodendron vernix,usda:TOVE
gbif-inat-toxic-round2:00314219,images/raw/gbif-inat-toxic-round2/toxicodendron_vernix/5176607915_1.jpg,Toxicodendron vernix,usda:TOVE
gbif-inat-toxic-round2:00313984,images/raw/gbif-inat-toxic-round2/toxicodendron_vernix/5063391010_1.jpg,Toxicodendron vernix,usda:TOVE
gbif-inat-toxic-round2:00314027,images/raw/gbif-inat-toxic-round2/toxicodendron_vernix/5063420120_1.jpg,Toxicodendron vernix,usda:TOVE
gbif-inat-toxic-round2:00314187,images/raw/gbif-inat-toxic-round2/toxicodendron_vernix/5168225417_2.jpg,Toxicodendron vernix,usda:TOVE
gbif-inat-toxic-round2:00313920,images/raw/gbif-inat-toxic-round2/toxicodendron_vernix/5063345857_1.jpg,Toxicodendron vernix,usda:TOVE
gbif-inat-toxic-round2:00314217,images/raw/gbif-inat-toxic-round2/toxicodendron_vernix/5176592509_1.jpg,Toxicodendron vernix,usda:TOVE
gbif-inat-toxic-round2:00314080,images/raw/gbif-inat-toxic-round2/toxicodendron_vernix/5087398264_2.jpg,Toxicodendron vernix,usda:TOVE
gbif-inat-toxic-round2:00314083,images/raw/gbif-inat-toxic-round2/toxicodendron_vernix/5087490368_2.jpg,Toxicodendron vernix,usda:TOVE
gbif-inat-toxic-round2:00314229,images/raw/gbif-inat-toxic-round2/toxicodendron_vernix/5176923674_1.jpg,Toxicodendron vernix,usda:TOVE
gbif-inat-toxic-round2:00314094,images/raw/gbif-inat-toxic-round2/toxicodendron_vernix/5104475503_4.jpg,Toxicodendron vernix,usda:TOVE
gbif-inat-toxic-round2:00313960,images/raw/gbif-inat-toxic-round2/toxicodendron_vernix/5063379192_1.jpg,Toxicodendron vernix,usda:TOVE
gbif-inat-toxic-round2:00314132,images/raw/gbif-inat-toxic-round2/toxicodendron_vernix/5153772904_2.jpg,Toxicodendron vernix,usda:TOVE
gbif-inat-toxic-round2:00313972,images/raw/gbif-inat-toxic-round2/toxicodendron_vernix/5063384997_1.jpg,Toxicodendron vernix,usda:TOVE
gbif-inat:00003881,images/raw/gbif-inat/toxicodendron_vernix/6251629189_3.jpg,Toxicodendron vernix,usda:TOVE
gbif-inat-toxic-round2:00314208,images/raw/gbif-inat-toxic-round2/toxicodendron_vernix/5176390866_1.jpg,Toxicodendron vernix,usda:TOVE
gbif-inat-toxic-round2:00314068,images/raw/gbif-inat-toxic-round2/toxicodendron_vernix/5076899076_3.jpg,Toxicodendron vernix,usda:TOVE
gbif-inat-toxic-round2:00313877,images/raw/gbif-inat-toxic-round2/toxicodendron_vernix/6320534973_1.jpg,Toxicodendron vernix,usda:TOVE
gbif-inat-toxic-round2:00313894,images/raw/gbif-inat-toxic-round2/toxicodendron_vernix/6320765872_1.jpg,Toxicodendron vernix,usda:TOVE
gbif-inat-toxic-round2:00313881,images/raw/gbif-inat-toxic-round2/toxicodendron_vernix/6320534973_5.jpg,Toxicodendron vernix,usda:TOVE
gbif-inat-toxic-round2:00314146,images/raw/gbif-inat-toxic-round2/toxicodendron_vernix/5154878804_3.jpg,Toxicodendron vernix,usda:TOVE
gbif-inat-toxic-round2:00314206,images/raw/gbif-inat-toxic-round2/toxicodendron_vernix/5168527049_2.jpg,Toxicodendron vernix,usda:TOVE
gbif-inat:00003847,images/raw/gbif-inat/toxicodendron_vernix/6185801806_1.jpg,Toxicodendron vernix,usda:TOVE
gbif-inat-toxic-round2:00314194,images/raw/gbif-inat-toxic-round2/toxicodendron_vernix/5168309691_4.jpg,Toxicodendron vernix,usda:TOVE
gbif-inat:00003854,images/raw/gbif-inat/toxicodendron_vernix/6188170957_1.jpg,Toxicodendron vernix,usda:TOVE
gbif-inat-toxic-round2:00313956,images/raw/gbif-inat-toxic-round2/toxicodendron_vernix/5063377108_1.jpg,Toxicodendron vernix,usda:TOVE
gbif-inat-toxic-round2:00313898,images/raw/gbif-inat-toxic-round2/toxicodendron_vernix/6320904626_4.jpg,Toxicodendron vernix,usda:TOVE
gbif-inat-toxic-round2:00314003,images/raw/gbif-inat-toxic-round2/toxicodendron_vernix/5063407153_1.jpg,Toxicodendron vernix,usda:TOVE
gbif-inat-toxic-round2:00314231,images/raw/gbif-inat-toxic-round2/toxicodendron_vernix/5176979230_2.jpg,Toxicodendron vernix,usda:TOVE
gbif-inat-toxic-round2:00313982,images/raw/gbif-inat-toxic-round2/toxicodendron_vernix/5063390243_1.jpg,Toxicodendron vernix,usda:TOVE
gbif-inat-toxic-round2:00313887,images/raw/gbif-inat-toxic-round2/toxicodendron_vernix/6274124915_1.jpg,Toxicodendron vernix,usda:TOVE
gbif-inat:00003862,images/raw/gbif-inat/toxicodendron_vernix/6195945499_1.jpg,Toxicodendron vernix,usda:TOVE
gbif-inat-toxic-round2:00314005,images/raw/gbif-inat-toxic-round2/toxicodendron_vernix/5063408229_1.jpg,Toxicodendron vernix,usda:TOVE
gbif-inat-toxic-round2:00314191,images/raw/gbif-inat-toxic-round2/toxicodendron_vernix/5168309691_1.jpg,Toxicodendron vernix,usda:TOVE
gbif-inat-toxic-round2:00314230,images/raw/gbif-inat-toxic-round2/toxicodendron_vernix/5176979230_1.jpg,Toxicodendron vernix,usda:TOVE
gbif-inat-toxic-round2:00313966,images/raw/gbif-inat-toxic-round2/toxicodendron_vernix/5063380020_1.jpg,Toxicodendron vernix,usda:TOVE
gbif-inat-toxic-round2:00313937,images/raw/gbif-inat-toxic-round2/toxicodendron_vernix/5063366085_1.jpg,Toxicodendron vernix,usda:TOVE
gbif-inat-toxic-round2:00313995,images/raw/gbif-inat-toxic-round2/toxicodendron_vernix/5063401260_1.jpg,Toxicodendron vernix,usda:TOVE
gbif-inat-toxic-round2:00314075,images/raw/gbif-inat-toxic-round2/toxicodendron_vernix/5166749501_1.jpg,Toxicodendron vernix,usda:TOVE
gbif-inat-toxic-round2:00314116,images/raw/gbif-inat-toxic-round2/toxicodendron_vernix/5134802976_2.jpg,Toxicodendron vernix,usda:TOVE
gbif-inat-toxic-round2:00314197,images/raw/gbif-inat-toxic-round2/toxicodendron_vernix/5168346120_1.jpg,Toxicodendron vernix,usda:TOVE
gbif-inat-toxic-round2:00313884,images/raw/gbif-inat-toxic-round2/toxicodendron_vernix/6273606357_1.jpg,Toxicodendron vernix,usda:TOVE
gbif-inat-toxic-round2:00313889,images/raw/gbif-inat-toxic-round2/toxicodendron_vernix/6274163713_1.jpg,Toxicodendron vernix,usda:TOVE
gbif-inat:00001068,images/raw/gbif-inat/toxicodendron_vernix/6147620326_2.jpg,Toxicodendron vernix,usda:TOVE
gbif-inat-toxic-round2:00313987,images/raw/gbif-inat-toxic-round2/toxicodendron_vernix/5063392044_1.jpg,Toxicodendron vernix,usda:TOVE
gbif-inat-toxic-round2:00313922,images/raw/gbif-inat-toxic-round2/toxicodendron_vernix/5063345938_1.jpg,Toxicodendron vernix,usda:TOVE
gbif-inat-toxic-round2:00313932,images/raw/gbif-inat-toxic-round2/toxicodendron_vernix/5063363147_1.jpg,Toxicodendron vernix,usda:TOVE
gbif-inat-toxic-round2:00314224,images/raw/gbif-inat-toxic-round2/toxicodendron_vernix/5176737514_2.jpg,Toxicodendron vernix,usda:TOVE
gbif-inat-toxic-round2:00314052,images/raw/gbif-inat-toxic-round2/toxicodendron_vernix/5063766257_1.jpg,Toxicodendron vernix,usda:TOVE
gbif-inat:00003837,images/raw/gbif-inat/toxicodendron_vernix/6185004785_2.jpg,Toxicodendron vernix,usda:TOVE
gbif-inat-toxic-round2:00314023,images/raw/gbif-inat-toxic-round2/toxicodendron_vernix/5063418143_1.jpg,Toxicodendron vernix,usda:TOVE
gbif-inat-toxic-round2:00314175,images/raw/gbif-inat-toxic-round2/toxicodendron_vernix/5168161020_1.jpg,Toxicodendron vernix,usda:TOVE
gbif-inat:00003831,images/raw/gbif-inat/toxicodendron_vernix/6179290070_3.jpg,Toxicodendron vernix,usda:TOVE
gbif-inat-toxic-round2:00314273,images/raw/gbif-inat-toxic-round2/toxicodendron_vernix/5187638793_1.jpg,Toxicodendron vernix,usda:TOVE
gbif-inat-toxic-round2:00314073,images/raw/gbif-inat-toxic-round2/toxicodendron_vernix/5108179190_2.jpg,Toxicodendron vernix,usda:TOVE
gbif-inat-toxic-round2:00314204,images/raw/gbif-inat-toxic-round2/toxicodendron_vernix/5168495695_4.jpg,Toxicodendron vernix,usda:TOVE
gbif-inat-toxic-round2:00314002,images/raw/gbif-inat-toxic-round2/toxicodendron_vernix/5063407150_1.jpg,Toxicodendron vernix,usda:TOVE
gbif-inat-toxic-round2:00313967,images/raw/gbif-inat-toxic-round2/toxicodendron_vernix/5063381136_1.jpg,Toxicodendron vernix,usda:TOVE
gbif-inat-toxic-round2:00314051,images/raw/gbif-inat-toxic-round2/toxicodendron_vernix/5063743315_1.jpg,Toxicodendron vernix,usda:TOVE
gbif-inat-toxic-round2:00314086,images/raw/gbif-inat-toxic-round2/toxicodendron_vernix/5087922937_1.jpg,Toxicodendron vernix,usda:TOVE
gbif-inat:00003892,images/raw/gbif-inat/toxicodendron_vernix/6253015227_2.jpg,Toxicodendron vernix,usda:TOVE
gbif-inat-toxic-round2:00314130,images/raw/gbif-inat-toxic-round2/toxicodendron_vernix/5153345862_1.jpg,Toxicodendron vernix,usda:TOVE
gbif-inat-toxic-round2:00313968,images/raw/gbif-inat-toxic-round2/toxicodendron_vernix/5063382956_1.jpg,Toxicodendron vernix,usda:TOVE
gbif-inat-toxic-round2:00314147,images/raw/gbif-inat-toxic-round2/toxicodendron_vernix/5166879061_1.jpg,Toxicodendron vernix,usda:TOVE
gbif-inat-toxic-round2:00314144,images/raw/gbif-inat-toxic-round2/toxicodendron_vernix/5154878804_1.jpg,Toxicodendron vernix,usda:TOVE
gbif-inat:00003896,images/raw/gbif-inat/toxicodendron_vernix/6273201511_1.jpg,Toxicodendron vernix,usda:TOVE
gbif-inat-toxic-round2:00313913,images/raw/gbif-inat-toxic-round2/toxicodendron_vernix/5063127822_3.jpg,Toxicodendron vernix,usda:TOVE
gbif-inat-toxic-round2:00314193,images/raw/gbif-inat-toxic-round2/toxicodendron_vernix/5168309691_3.jpg,Toxicodendron vernix,usda:TOVE
gbif-inat-toxic-round2:00314061,images/raw/gbif-inat-toxic-round2/toxicodendron_vernix/5063832292_3.jpg,Toxicodendron vernix,usda:TOVE
gbif-inat-toxic-round2:00314093,images/raw/gbif-inat-toxic-round2/toxicodendron_vernix/5104475503_3.jpg,Toxicodendron vernix,usda:TOVE
gbif-inat-toxic-round2:00314228,images/raw/gbif-inat-toxic-round2/toxicodendron_vernix/5176923015_3.jpg,Toxicodendron vernix,usda:TOVE
gbif-inat:00003893,images/raw/gbif-inat/toxicodendron_vernix/6253192896_1.jpg,Toxicodendron vernix,usda:TOVE
gbif-inat:00003895,images/raw/gbif-inat/toxicodendron_vernix/6253193117_2.jpg,Toxicodendron vernix,usda:TOVE
gbif-inat-toxic-round2:00313940,images/raw/gbif-inat-toxic-round2/toxicodendron_vernix/5063367253_1.jpg,Toxicodendron vernix,usda:TOVE
gbif-inat:00001070,images/raw/gbif-inat/toxicodendron_vernix/6147723921_1.jpg,Toxicodendron vernix,usda:TOVE
gbif-inat-toxic-round2:00313997,images/raw/gbif-inat-toxic-round2/toxicodendron_vernix/5063402859_1.jpg,Toxicodendron vernix,usda:TOVE
gbif-inat-toxic-round2:00314024,images/raw/gbif-inat-toxic-round2/toxicodendron_vernix/5063418144_1.jpg,Toxicodendron vernix,usda:TOVE
gbif-inat-toxic-round2:00313964,images/raw/gbif-inat-toxic-round2/toxicodendron_vernix/5063380006_1.jpg,Toxicodendron vernix,usda:TOVE
gbif-inat-toxic-round2:00314109,images/raw/gbif-inat-toxic-round2/toxicodendron_vernix/5134194110_2.jpg,Toxicodendron vernix,usda:TOVE
gbif-inat:00003897,images/raw/gbif-inat/toxicodendron_vernix/6273201511_2.jpg,Toxicodendron vernix,usda:TOVE
gbif-inat-toxic-round2:00314171,images/raw/gbif-inat-toxic-round2/toxicodendron_vernix/5167986128_1.jpg,Toxicodendron vernix,usda:TOVE
gbif-inat:00001080,images/raw/gbif-inat/toxicodendron_vernix/6179290070_2.jpg,Toxicodendron vernix,usda:TOVE
gbif-inat-toxic-round2:00314078,images/raw/gbif-inat-toxic-round2/toxicodendron_vernix/6185277130_2.jpg,Toxicodendron vernix,usda:TOVE
gbif-inat-toxic-round2:00314234,images/raw/gbif-inat-toxic-round2/toxicodendron_vernix/5176989887_1.jpg,Toxicodendron vernix,usda:TOVE
gbif-inat-toxic-round2:00314269,images/raw/gbif-inat-toxic-round2/toxicodendron_vernix/5177126604_1.jpg,Toxicodendron vernix,usda:TOVE
gbif-inat-toxic-round2:00313919,images/raw/gbif-inat-toxic-round2/toxicodendron_vernix/5063243322_1.jpg,Toxicodendron vernix,usda:TOVE
gbif-inat-toxic-round2:00313899,images/raw/gbif-inat-toxic-round2/toxicodendron_vernix/6321114932_1.jpg,Toxicodendron vernix,usda:TOVE
gbif-inat-toxic-round2:00313938,images/raw/gbif-inat-toxic-round2/toxicodendron_vernix/5063366162_1.jpg,Toxicodendron vernix,usda:TOVE
gbif-inat-toxic-round2:00314232,images/raw/gbif-inat-toxic-round2/toxicodendron_vernix/5176980487_1.jpg,Toxicodendron vernix,usda:TOVE
gbif-inat-toxic-round2:00314036,images/raw/gbif-inat-toxic-round2/toxicodendron_vernix/5063427035_1.jpg,Toxicodendron vernix,usda:TOVE
gbif-inat:00003856,images/raw/gbif-inat/toxicodendron_vernix/6188624712_1.jpg,Toxicodendron vernix,usda:TOVE
gbif-inat-toxic-round2:00313906,images/raw/gbif-inat-toxic-round2/toxicodendron_vernix/5037043387_3.jpg,Toxicodendron vernix,usda:TOVE
gbif-inat-toxic-round2:00314122,images/raw/gbif-inat-toxic-round2/toxicodendron_vernix/5154441871_1.jpg,Toxicodendron vernix,usda:TOVE
gbif-inat-toxic-round2:00314235,images/raw/gbif-inat-toxic-round2/toxicodendron_vernix/5176989887_2.jpg,Toxicodendron vernix,usda:TOVE
gbif-inat-toxic-round2:00314233,images/raw/gbif-inat-toxic-round2/toxicodendron_vernix/5176980487_2.jpg,Toxicodendron vernix,usda:TOVE
gbif-inat-toxic-round2:00313908,images/raw/gbif-inat-toxic-round2/toxicodendron_vernix/5063119238_1.jpg,Toxicodendron vernix,usda:TOVE
gbif-inat-toxic-round2:00313915,images/raw/gbif-inat-toxic-round2/toxicodendron_vernix/5063190576_1.jpg,Toxicodendron vernix,usda:TOVE
gbif-inat-toxic-round2:00313891,images/raw/gbif-inat-toxic-round2/toxicodendron_vernix/6320194363_2.jpg,Toxicodendron vernix,usda:TOVE
gbif-inat-toxic-round2:00314065,images/raw/gbif-inat-toxic-round2/toxicodendron_vernix/5069893183_2.jpg,Toxicodendron vernix,usda:TOVE
gbif-inat-toxic-round2:00314112,images/raw/gbif-inat-toxic-round2/toxicodendron_vernix/5134315880_3.jpg,Toxicodendron vernix,usda:TOVE
gbif-inat-toxic-round2:00314012,images/raw/gbif-inat-toxic-round2/toxicodendron_vernix/5063413251_1.jpg,Toxicodendron vernix,usda:TOVE
gbif-inat-toxic-round2:00314059,images/raw/gbif-inat-toxic-round2/toxicodendron_vernix/5063832292_1.jpg,Toxicodendron vernix,usda:TOVE
gbif-inat-toxic-round2:00314119,images/raw/gbif-inat-toxic-round2/toxicodendron_vernix/5140711438_1.jpg,Toxicodendron vernix,usda:TOVE
gbif-inat-toxic-round2:00314019,images/raw/gbif-inat-toxic-round2/toxicodendron_vernix/5063415885_1.jpg,Toxicodendron vernix,usda:TOVE
gbif-inat-toxic-round2:00314181,images/raw/gbif-inat-toxic-round2/toxicodendron_vernix/5168167270_6.jpg,Toxicodendron vernix,usda:TOVE
gbif-inat-toxic-round2:00313914,images/raw/gbif-inat-toxic-round2/toxicodendron_vernix/5063164209_1.jpg,Toxicodendron vernix,usda:TOVE
gbif-inat-toxic-round2:00313935,images/raw/gbif-inat-toxic-round2/toxicodendron_vernix/5063364164_1.jpg,Toxicodendron vernix,usda:TOVE
gbif-inat-toxic-round2:00313931,images/raw/gbif-inat-toxic-round2/toxicodendron_vernix/5063362032_1.jpg,Toxicodendron vernix,usda:TOVE
gbif-inat-toxic-round2:00314025,images/raw/gbif-inat-toxic-round2/toxicodendron_vernix/5063419034_1.jpg,Toxicodendron vernix,usda:TOVE
gbif-inat-toxic-round2:00314211,images/raw/gbif-inat-toxic-round2/toxicodendron_vernix/5176472082_1.jpg,Toxicodendron vernix,usda:TOVE
gbif-inat-toxic-round2:00313918,images/raw/gbif-inat-toxic-round2/toxicodendron_vernix/5063190576_4.jpg,Toxicodendron vernix,usda:TOVE
gbif-inat-toxic-round2:00314096,images/raw/gbif-inat-toxic-round2/toxicodendron_vernix/5104500623_1.jpg,Toxicodendron vernix,usda:TOVE
gbif-inat:00001074,images/raw/gbif-inat/toxicodendron_vernix/6159566506_1.jpg,Toxicodendron vernix,usda:TOVE
gbif-inat-toxic-round2:00314242,images/raw/gbif-inat-toxic-round2/toxicodendron_vernix/5177243301_1.jpg,Toxicodendron vernix,usda:TOVE
gbif-inat-toxic-round2:00314275,images/raw/gbif-inat-toxic-round2/toxicodendron_vernix/5187646704_1.jpg,Toxicodendron vernix,usda:TOVE
gbif-inat:00003861,images/raw/gbif-inat/toxicodendron_vernix/6195782577_5.jpg,Toxicodendron vernix,usda:TOVE
gbif-inat-toxic-round2:00314157,images/raw/gbif-inat-toxic-round2/toxicodendron_vernix/5167194066_1.jpg,Toxicodendron vernix,usda:TOVE
gbif-inat-toxic-round2:00314021,images/raw/gbif-inat-toxic-round2/toxicodendron_vernix/5063418047_1.jpg,Toxicodendron vernix,usda:TOVE
gbif-inat-toxic-round2:00313893,images/raw/gbif-inat-toxic-round2/toxicodendron_vernix/6320390321_2.jpg,Toxicodendron vernix,usda:TOVE
gbif-inat-toxic-round2:00314226,images/raw/gbif-inat-toxic-round2/toxicodendron_vernix/5176923015_1.jpg,Toxicodendron vernix,usda:TOVE
gbif-inat-toxic-round2:00313888,images/raw/gbif-inat-toxic-round2/toxicodendron_vernix/6274124915_2.jpg,Toxicodendron vernix,usda:TOVE
gbif-inat-toxic-round2:00314099,images/raw/gbif-inat-toxic-round2/toxicodendron_vernix/5104553396_2.jpg,Toxicodendron vernix,usda:TOVE
gbif-inat-toxic-round2:00314054,images/raw/gbif-inat-toxic-round2/toxicodendron_vernix/5063767037_1.jpg,Toxicodendron vernix,usda:TOVE
gbif-inat-toxic-round2:00314189,images/raw/gbif-inat-toxic-round2/toxicodendron_vernix/5168233587_1.jpg,Toxicodendron vernix,usda:TOVE
gbif-inat-toxic-round2:00313925,images/raw/gbif-inat-toxic-round2/toxicodendron_vernix/5063359006_1.jpg,Toxicodendron vernix,usda:TOVE
gbif-inat-toxic-round2:00314020,images/raw/gbif-inat-toxic-round2/toxicodendron_vernix/5063417148_1.jpg,Toxicodendron vernix,usda:TOVE
gbif-inat:00003844,images/raw/gbif-inat/toxicodendron_vernix/6185526965_3.jpg,Toxicodendron vernix,usda:TOVE
gbif-inat-toxic-round2:00313883,images/raw/gbif-inat-toxic-round2/toxicodendron_vernix/6273261800_2.jpg,Toxicodendron vernix,usda:TOVE
gbif-inat-toxic-round2:00314174,images/raw/gbif-inat-toxic-round2/toxicodendron_vernix/5168078850_1.jpg,Toxicodendron vernix,usda:TOVE
gbif-inat-toxic-round2:00313985,images/raw/gbif-inat-toxic-round2/toxicodendron_vernix/5063392025_1.jpg,Toxicodendron vernix,usda:TOVE
gbif-inat:00003891,images/raw/gbif-inat/toxicodendron_vernix/6253015227_1.jpg,Toxicodendron vernix,usda:TOVE
gbif-inat-toxic-round2:00314032,images/raw/gbif-inat-toxic-round2/toxicodendron_vernix/5063424133_1.jpg,Toxicodendron vernix,usda:TOVE
gbif-inat-toxic-round2:00314037,images/raw/gbif-inat-toxic-round2/toxicodendron_vernix/5063428935_1.jpg,Toxicodendron vernix,usda:TOVE
gbif-inat-toxic-round2:00314129,images/raw/gbif-inat-toxic-round2/toxicodendron_vernix/5153128193_1.jpg,Toxicodendron vernix,usda:TOVE
gbif-inat:00001076,images/raw/gbif-inat/toxicodendron_vernix/6178992704_1.jpg,Toxicodendron vernix,usda:TOVE
gbif-inat:00003864,images/raw/gbif-inat/toxicodendron_vernix/6195945499_3.jpg,Toxicodendron vernix,usda:TOVE
gbif-inat-toxic-round2:00314088,images/raw/gbif-inat-toxic-round2/toxicodendron_vernix/5087922937_3.jpg,Toxicodendron vernix,usda:TOVE
gbif-inat-toxic-round2:00314062,images/raw/gbif-inat-toxic-round2/toxicodendron_vernix/5063938643_1.jpg,Toxicodendron vernix,usda:TOVE
gbif-inat-toxic-round2:00313907,images/raw/gbif-inat-toxic-round2/toxicodendron_vernix/5037043387_4.jpg,Toxicodendron vernix,usda:TOVE
gbif-inat:00003850,images/raw/gbif-inat/toxicodendron_vernix/6188282863_2.jpg,Toxicodendron vernix,usda:TOVE
gbif-inat-toxic-round2:00313911,images/raw/gbif-inat-toxic-round2/toxicodendron_vernix/5063127822_1.jpg,Toxicodendron vernix,usda:TOVE
gbif-inat-toxic-round2:00314185,images/raw/gbif-inat-toxic-round2/toxicodendron_vernix/5168209359_1.jpg,Toxicodendron vernix,usda:TOVE
gbif-inat:00001073,images/raw/gbif-inat/toxicodendron_vernix/6159498084_1.jpg,Toxicodendron vernix,usda:TOVE
gbif-inat-toxic-round2:00313939,images/raw/gbif-inat-toxic-round2/toxicodendron_vernix/5063366180_1.jpg,Toxicodendron vernix,usda:TOVE
gbif-inat-toxic-round2:00314240,images/raw/gbif-inat-toxic-round2/toxicodendron_vernix/5177175632_1.jpg,Toxicodendron vernix,usda:TOVE
gbif-inat:00003853,images/raw/gbif-inat/toxicodendron_vernix/6188021216_3.jpg,Toxicodendron vernix,usda:TOVE
gbif-inat-toxic-round2:00313928,images/raw/gbif-inat-toxic-round2/toxicodendron_vernix/5063359087_1.jpg,Toxicodendron vernix,usda:TOVE
gbif-inat-toxic-round2:00314166,images/raw/gbif-inat-toxic-round2/toxicodendron_vernix/5167738764_2.jpg,Toxicodendron vernix,usda:TOVE
gbif-inat-toxic-round2:00314272,images/raw/gbif-inat-toxic-round2/toxicodendron_vernix/5187521846_1.jpg,Toxicodendron vernix,usda:TOVE
gbif-inat-toxic-round2:00314113,images/raw/gbif-inat-toxic-round2/toxicodendron_vernix/5134738370_1.jpg,Toxicodendron vernix,usda:TOVE
gbif-inat-toxic-round2:00314009,images/raw/gbif-inat-toxic-round2/toxicodendron_vernix/5063411175_1.jpg,Toxicodendron vernix,usda:TOVE
gbif-inat-toxic-round2:00314266,images/raw/gbif-inat-toxic-round2/toxicodendron_vernix/5176875280_1.jpg,Toxicodendron vernix,usda:TOVE
gbif-inat-toxic-round2:00313903,images/raw/gbif-inat-toxic-round2/toxicodendron_vernix/5007840799_1.jpg,Toxicodendron vernix,usda:TOVE
gbif-inat-toxic-round2:00314154,images/raw/gbif-inat-toxic-round2/toxicodendron_vernix/5166981993_5.jpg,Toxicodendron vernix,usda:TOVE
gbif-inat-toxic-round2:00314070,images/raw/gbif-inat-toxic-round2/toxicodendron_vernix/5077042395_2.jpg,Toxicodendron vernix,usda:TOVE
gbif-inat:00003887,images/raw/gbif-inat/toxicodendron_vernix/6252475181_2.jpg,Toxicodendron vernix,usda:TOVE
gbif-inat-toxic-round2:00314110,images/raw/gbif-inat-toxic-round2/toxicodendron_vernix/5134315880_1.jpg,Toxicodendron vernix,usda:TOVE
gbif-inat-toxic-round2:00313890,images/raw/gbif-inat-toxic-round2/toxicodendron_vernix/6320194363_1.jpg,Toxicodendron vernix,usda:TOVE
gbif-inat-toxic-round2:00314126,images/raw/gbif-inat-toxic-round2/toxicodendron_vernix/5167265755_2.jpg,Toxicodendron vernix,usda:TOVE
gbif-inat-toxic-round2:00313897,images/raw/gbif-inat-toxic-round2/toxicodendron_vernix/6320904626_3.jpg,Toxicodendron vernix,usda:TOVE
gbif-inat-toxic-round2:00314118,images/raw/gbif-inat-toxic-round2/toxicodendron_vernix/5140553322_2.jpg,Toxicodendron vernix,usda:TOVE
gbif-inat:00003833,images/raw/gbif-inat/toxicodendron_vernix/6179309927_1.jpg,Toxicodendron vernix,usda:TOVE
gbif-inat-toxic-round2:00313963,images/raw/gbif-inat-toxic-round2/toxicodendron_vernix/5063379994_1.jpg,Toxicodendron vernix,usda:TOVE
gbif-inat-toxic-round2:00314017,images/raw/gbif-inat-toxic-round2/toxicodendron_vernix/5063415812_1.jpg,Toxicodendron vernix,usda:TOVE
gbif-inat-toxic-round2:00313944,images/raw/gbif-inat-toxic-round2/toxicodendron_vernix/5063370111_1.jpg,Toxicodendron vernix,usda:TOVE
gbif-inat:00003836,images/raw/gbif-inat/toxicodendron_vernix/6185004785_1.jpg,Toxicodendron vernix,usda:TOVE
gbif-inat-toxic-round2:00314004,images/raw/gbif-inat-toxic-round2/toxicodendron_vernix/5063408207_1.jpg,Toxicodendron vernix,usda:TOVE
gbif-inat-toxic-round2:00314249,images/raw/gbif-inat-toxic-round2/toxicodendron_vernix/5216052664_2.jpg,Toxicodendron vernix,usda:TOVE
gbif-inat-toxic-round2:00314010,images/raw/gbif-inat-toxic-round2/toxicodendron_vernix/5063411180_1.jpg,Toxicodendron vernix,usda:TOVE
gbif-inat-toxic-round2:00314183,images/raw/gbif-inat-toxic-round2/toxicodendron_vernix/5168167270_8.jpg,Toxicodendron vernix,usda:TOVE
gbif-inat-toxic-round2:00314182,images/raw/gbif-inat-toxic-round2/toxicodendron_vernix/5168167270_7.jpg,Toxicodendron vernix,usda:TOVE
gbif-inat-toxic-round2:00314026,images/raw/gbif-inat-toxic-round2/toxicodendron_vernix/5063419040_1.jpg,Toxicodendron vernix,usda:TOVE
gbif-inat-toxic-round2:00314268,images/raw/gbif-inat-toxic-round2/toxicodendron_vernix/5177024475_2.jpg,Toxicodendron vernix,usda:TOVE
gbif-inat-toxic-round2:00313991,images/raw/gbif-inat-toxic-round2/toxicodendron_vernix/5063394286_1.jpg,Toxicodendron vernix,usda:TOVE
gbif-inat:00003868,images/raw/gbif-inat/toxicodendron_vernix/6234492667_2.jpg,Toxicodendron vernix,usda:TOVE
gbif-inat-toxic-round2:00314091,images/raw/gbif-inat-toxic-round2/toxicodendron_vernix/5104475503_1.jpg,Toxicodendron vernix,usda:TOVE
gbif-inat:00003858,images/raw/gbif-inat/toxicodendron_vernix/6195782577_2.jpg,Toxicodendron vernix,usda:TOVE
gbif-inat-toxic-round2:00314274,images/raw/gbif-inat-toxic-round2/toxicodendron_vernix/5187638793_2.jpg,Toxicodendron vernix,usda:TOVE
gbif-inat-toxic-round2:00314247,images/raw/gbif-inat-toxic-round2/toxicodendron_vernix/5198692593_1.jpg,Toxicodendron vernix,usda:TOVE
gbif-inat-toxic-round2:00313981,images/raw/gbif-inat-toxic-round2/toxicodendron_vernix/5063390164_1.jpg,Toxicodendron vernix,usda:TOVE
gbif-inat-toxic-round2:00313946,images/raw/gbif-inat-toxic-round2/toxicodendron_vernix/5063371183_1.jpg,Toxicodendron vernix,usda:TOVE
gbif-inat-toxic-round2:00314270,images/raw/gbif-inat-toxic-round2/toxicodendron_vernix/5177290152_1.jpg,Toxicodendron vernix,usda:TOVE
gbif-inat-toxic-round2:00314150,images/raw/gbif-inat-toxic-round2/toxicodendron_vernix/5166981993_1.jpg,Toxicodendron vernix,usda:TOVE
gbif-inat-toxic-round2:00314087,images/raw/gbif-inat-toxic-round2/toxicodendron_vernix/5087922937_2.jpg,Toxicodendron vernix,usda:TOVE
gbif-inat-toxic-round2:00314136,images/raw/gbif-inat-toxic-round2/toxicodendron_vernix/5153897156_3.jpg,Toxicodendron vernix,usda:TOVE
gbif-inat-toxic-round2:00314079,images/raw/gbif-inat-toxic-round2/toxicodendron_vernix/5087398264_1.jpg,Toxicodendron vernix,usda:TOVE
gbif-inat-toxic-round2:00314029,images/raw/gbif-inat-toxic-round2/toxicodendron_vernix/5063422223_1.jpg,Toxicodendron vernix,usda:TOVE
gbif-inat-toxic-round2:00314092,images/raw/gbif-inat-toxic-round2/toxicodendron_vernix/5104475503_2.jpg,Toxicodendron vernix,usda:TOVE
gbif-inat-toxic-round2:00313902,images/raw/gbif-inat-toxic-round2/toxicodendron_vernix/5007781670_3.jpg,Toxicodendron vernix,usda:TOVE
gbif-inat-toxic-round2:00314260,images/raw/gbif-inat-toxic-round2/toxicodendron_vernix/5176516555_1.jpg,Toxicodendron vernix,usda:TOVE
gbif-inat-toxic-round2:00313941,images/raw/gbif-inat-toxic-round2/toxicodendron_vernix/5063368101_1.jpg,Toxicodendron vernix,usda:TOVE
gbif-inat:00003890,images/raw/gbif-inat/toxicodendron_vernix/6252475181_5.jpg,Toxicodendron vernix,usda:TOVE
gbif-inat:00003876,images/raw/gbif-inat/toxicodendron_vernix/6251514904_3.jpg,Toxicodendron vernix,usda:TOVE
gbif-inat-toxic-round2:00314261,images/raw/gbif-inat-toxic-round2/toxicodendron_vernix/5176516555_2.jpg,Toxicodendron vernix,usda:TOVE
gbif-inat-toxic-round2:00314176,images/raw/gbif-inat-toxic-round2/toxicodendron_vernix/5168167270_1.jpg,Toxicodendron vernix,usda:TOVE
gbif-inat-toxic-round2:00314114,images/raw/gbif-inat-toxic-round2/toxicodendron_vernix/5134794342_1.jpg,Toxicodendron vernix,usda:TOVE
gbif-inat-toxic-round2:00313947,images/raw/gbif-inat-toxic-round2/toxicodendron_vernix/5063372185_1.jpg,Toxicodendron vernix,usda:TOVE
gbif-inat:00003875,images/raw/gbif-inat/toxicodendron_vernix/6251514904_2.jpg,Toxicodendron vernix,usda:TOVE
gbif-inat-toxic-round2:00314137,images/raw/gbif-inat-toxic-round2/toxicodendron_vernix/5154356499_1.jpg,Toxicodendron vernix,usda:TOVE
gbif-inat-toxic-round2:00313945,images/raw/gbif-inat-toxic-round2/toxicodendron_vernix/5063371112_1.jpg,Toxicodendron vernix,usda:TOVE
gbif-inat:00001065,images/raw/gbif-inat/toxicodendron_vernix/6147212426_3.jpg,Toxicodendron vernix,usda:TOVE
gbif-inat-toxic-round2:00314125,images/raw/gbif-inat-toxic-round2/toxicodendron_vernix/5167265755_1.jpg,Toxicodendron vernix,usda:TOVE
gbif-inat-toxic-round2:00313976,images/raw/gbif-inat-toxic-round2/toxicodendron_vernix/5063385097_1.jpg,Toxicodendron vernix,usda:TOVE
gbif-inat-toxic-round2:00313980,images/raw/gbif-inat-toxic-round2/toxicodendron_vernix/5063390161_1.jpg,Toxicodendron vernix,usda:TOVE
gbif-inat-toxic-round2:00314265,images/raw/gbif-inat-toxic-round2/toxicodendron_vernix/5176850859_1.jpg,Toxicodendron vernix,usda:TOVE
gbif-inat-toxic-round2:00313971,images/raw/gbif-inat-toxic-round2/toxicodendron_vernix/5063383920_1.jpg,Toxicodendron vernix,usda:TOVE
gbif-inat-toxic-round2:00313965,images/raw/gbif-inat-toxic-round2/toxicodendron_vernix/5063380009_1.jpg,Toxicodendron vernix,usda:TOVE
gbif-inat-toxic-round2:00313936,images/raw/gbif-inat-toxic-round2/toxicodendron_vernix/5063364263_1.jpg,Toxicodendron vernix,usda:TOVE
gbif-inat-toxic-round2:00313880,images/raw/gbif-inat-toxic-round2/toxicodendron_vernix/6320534973_4.jpg,Toxicodendron vernix,usda:TOVE
gbif-inat:00001077,images/raw/gbif-inat/toxicodendron_vernix/6179014756_1.jpg,Toxicodendron vernix,usda:TOVE
gbif-inat-toxic-round2:00314163,images/raw/gbif-inat-toxic-round2/toxicodendron_vernix/5167623644_1.jpg,Toxicodendron vernix,usda:TOVE
gbif-inat:00003871,images/raw/gbif-inat/toxicodendron_vernix/6235340858_1.jpg,Toxicodendron vernix,usda:TOVE
gbif-inat-toxic-round2:00313924,images/raw/gbif-inat-toxic-round2/toxicodendron_vernix/5063359002_1.jpg,Toxicodendron vernix,usda:TOVE
gbif-inat-toxic-round2:00314066,images/raw/gbif-inat-toxic-round2/toxicodendron_vernix/5076899076_1.jpg,Toxicodendron vernix,usda:TOVE
gbif-inat-toxic-round2:00314168,images/raw/gbif-inat-toxic-round2/toxicodendron_vernix/5167845108_1.jpg,Toxicodendron vernix,usda:TOVE
gbif-inat:00000910,images/raw/gbif-inat/tsuga_canadensis/5938110013_2.jpg,Tsuga canadensis,usda:TSCA
gbif-inat:00000903,images/raw/gbif-inat/tsuga_canadensis/5938031943_3.jpg,Tsuga canadensis,usda:TSCA
gbif-inat:00000911,images/raw/gbif-inat/tsuga_canadensis/5938118513_1.jpg,Tsuga canadensis,usda:TSCA
gbif-inat:00003543,images/raw/gbif-inat/tsuga_canadensis/6129919269_1.jpg,Tsuga canadensis,usda:TSCA
gbif-inat:00000902,images/raw/gbif-inat/tsuga_canadensis/5938031943_2.jpg,Tsuga canadensis,usda:TSCA
gbif-inat:00003521,images/raw/gbif-inat/tsuga_canadensis/5938719432_1.jpg,Tsuga canadensis,usda:TSCA
gbif-inat:00003497,images/raw/gbif-inat/tsuga_canadensis/5938518182_1.jpg,Tsuga canadensis,usda:TSCA
gbif-inat:00000927,images/raw/gbif-inat/tsuga_canadensis/5938288651_1.jpg,Tsuga canadensis,usda:TSCA
gbif-inat:00003491,images/raw/gbif-inat/tsuga_canadensis/5938417960_3.jpg,Tsuga canadensis,usda:TSCA
gbif-inat:00000913,images/raw/gbif-inat/tsuga_canadensis/5938118608_2.jpg,Tsuga canadensis,usda:TSCA
gbif-inat:00003544,images/raw/gbif-inat/tsuga_canadensis/6129919269_2.jpg,Tsuga canadensis,usda:TSCA
gbif-inat:00000924,images/raw/gbif-inat/tsuga_canadensis/5938190470_3.jpg,Tsuga canadensis,usda:TSCA
gbif-inat:00003504,images/raw/gbif-inat/tsuga_canadensis/5938650613_1.jpg,Tsuga canadensis,usda:TSCA
gbif-inat:00003506,images/raw/gbif-inat/tsuga_canadensis/5938658070_2.jpg,Tsuga canadensis,usda:TSCA
gbif-inat:00000914,images/raw/gbif-inat/tsuga_canadensis/5938118608_3.jpg,Tsuga canadensis,usda:TSCA
gbif-inat:00000929,images/raw/gbif-inat/tsuga_canadensis/5938327298_1.jpg,Tsuga canadensis,usda:TSCA
gbif-inat:00000909,images/raw/gbif-inat/tsuga_canadensis/5938110013_1.jpg,Tsuga canadensis,usda:TSCA
gbif-inat:00003513,images/raw/gbif-inat/tsuga_canadensis/5938680912_1.jpg,Tsuga canadensis,usda:TSCA
gbif-inat:00003522,images/raw/gbif-inat/tsuga_canadensis/5938719582_1.jpg,Tsuga canadensis,usda:TSCA
gbif-inat:00000915,images/raw/gbif-inat/tsuga_canadensis/5938118608_4.jpg,Tsuga canadensis,usda:TSCA
gbif-inat:00000920,images/raw/gbif-inat/tsuga_canadensis/5938179420_1.jpg,Tsuga canadensis,usda:TSCA
gbif-inat:00003505,images/raw/gbif-inat/tsuga_canadensis/5938658070_1.jpg,Tsuga canadensis,usda:TSCA
gbif-inat:00000926,images/raw/gbif-inat/tsuga_canadensis/5938208743_1.jpg,Tsuga canadensis,usda:TSCA
gbif-inat:00003531,images/raw/gbif-inat/tsuga_canadensis/6129847252_1.jpg,Tsuga canadensis,usda:TSCA
gbif-inat:00000928,images/raw/gbif-inat/tsuga_canadensis/5938324007_1.jpg,Tsuga canadensis,usda:TSCA
gbif-inat:00003537,images/raw/gbif-inat/tsuga_canadensis/6129900455_1.jpg,Tsuga canadensis,usda:TSCA
gbif-inat:00003523,images/raw/gbif-inat/tsuga_canadensis/5938719582_2.jpg,Tsuga canadensis,usda:TSCA
gbif-inat:00003509,images/raw/gbif-inat/tsuga_canadensis/5938678984_2.jpg,Tsuga canadensis,usda:TSCA
gbif-inat:00003525,images/raw/gbif-inat/tsuga_canadensis/6129815020_2.jpg,Tsuga canadensis,usda:TSCA
gbif-inat:00003500,images/raw/gbif-inat/tsuga_canadensis/5938616960_1.jpg,Tsuga canadensis,usda:TSCA
gbif-inat:00003529,images/raw/gbif-inat/tsuga_canadensis/6129835567_1.jpg,Tsuga canadensis,usda:TSCA
gbif-inat:00003511,images/raw/gbif-inat/tsuga_canadensis/5938679545_1.jpg,Tsuga canadensis,usda:TSCA
gbif-inat:00003501,images/raw/gbif-inat/tsuga_canadensis/5938626172_1.jpg,Tsuga canadensis,usda:TSCA
gbif-inat:00000906,images/raw/gbif-inat/tsuga_canadensis/5938073635_1.jpg,Tsuga canadensis,usda:TSCA
gbif-inat:00003516,images/raw/gbif-inat/tsuga_canadensis/5938695202_1.jpg,Tsuga canadensis,usda:TSCA
gbif-inat:00003502,images/raw/gbif-inat/tsuga_canadensis/5938631309_1.jpg,Tsuga canadensis,usda:TSCA
gbif-inat:00003534,images/raw/gbif-inat/tsuga_canadensis/6129890987_1.jpg,Tsuga canadensis,usda:TSCA
gbif-inat:00003499,images/raw/gbif-inat/tsuga_canadensis/5938606066_1.jpg,Tsuga canadensis,usda:TSCA
gbif-inat:00003496,images/raw/gbif-inat/tsuga_canadensis/5938500469_1.jpg,Tsuga canadensis,usda:TSCA
gbif-inat:00003526,images/raw/gbif-inat/tsuga_canadensis/6129815020_3.jpg,Tsuga canadensis,usda:TSCA
gbif-inat:00003549,images/raw/gbif-inat/tsuga_canadensis/6129928650_4.jpg,Tsuga canadensis,usda:TSCA
gbif-inat:00003515,images/raw/gbif-inat/tsuga_canadensis/5938682812_2.jpg,Tsuga canadensis,usda:TSCA
gbif-inat:00003493,images/raw/gbif-inat/tsuga_canadensis/5938437757_1.jpg,Tsuga canadensis,usda:TSCA
gbif-inat:00003518,images/raw/gbif-inat/tsuga_canadensis/5938708657_2.jpg,Tsuga canadensis,usda:TSCA
gbif-inat:00000904,images/raw/gbif-inat/tsuga_canadensis/5938052465_1.jpg,Tsuga canadensis,usda:TSCA
gbif-inat:00003488,images/raw/gbif-inat/tsuga_canadensis/5938409578_2.jpg,Tsuga canadensis,usda:TSCA
gbif-inat:00003495,images/raw/gbif-inat/tsuga_canadensis/5938476616_1.jpg,Tsuga canadensis,usda:TSCA
gbif-inat:00003527,images/raw/gbif-inat/tsuga_canadensis/6129818012_1.jpg,Tsuga canadensis,usda:TSCA
gbif-inat:00000901,images/raw/gbif-inat/tsuga_canadensis/5938031943_1.jpg,Tsuga canadensis,usda:TSCA
gbif-inat:00003528,images/raw/gbif-inat/tsuga_canadensis/6129823370_1.jpg,Tsuga canadensis,usda:TSCA
gbif-inat:00003482,images/raw/gbif-inat/tsuga_canadensis/5938347076_1.jpg,Tsuga canadensis,usda:TSCA
gbif-inat:00000905,images/raw/gbif-inat/tsuga_canadensis/5938071181_1.jpg,Tsuga canadensis,usda:TSCA
gbif-inat:00003546,images/raw/gbif-inat/tsuga_canadensis/6129928650_1.jpg,Tsuga canadensis,usda:TSCA
gbif-inat:00003512,images/raw/gbif-inat/tsuga_canadensis/5938679545_2.jpg,Tsuga canadensis,usda:TSCA
gbif-inat:00003514,images/raw/gbif-inat/tsuga_canadensis/5938682812_1.jpg,Tsuga canadensis,usda:TSCA
gbif-inat:00000908,images/raw/gbif-inat/tsuga_canadensis/5938084416_2.jpg,Tsuga canadensis,usda:TSCA
gbif-inat:00003492,images/raw/gbif-inat/tsuga_canadensis/5938420998_1.jpg,Tsuga canadensis,usda:TSCA
gbif-inat:00000912,images/raw/gbif-inat/tsuga_canadensis/5938118608_1.jpg,Tsuga canadensis,usda:TSCA
gbif-inat:00003508,images/raw/gbif-inat/tsuga_canadensis/5938678984_1.jpg,Tsuga canadensis,usda:TSCA
gbif-inat:00003545,images/raw/gbif-inat/tsuga_canadensis/6129920239_1.jpg,Tsuga canadensis,usda:TSCA
gbif-inat:00003503,images/raw/gbif-inat/tsuga_canadensis/5938646837_1.jpg,Tsuga canadensis,usda:TSCA
gbif-inat:00003539,images/raw/gbif-inat/tsuga_canadensis/6129918538_1.jpg,Tsuga canadensis,usda:TSCA
gbif-inat:00003548,images/raw/gbif-inat/tsuga_canadensis/6129928650_3.jpg,Tsuga canadensis,usda:TSCA
gbif-inat:00000918,images/raw/gbif-inat/tsuga_canadensis/5938151240_1.jpg,Tsuga canadensis,usda:TSCA
gbif-inat:00003540,images/raw/gbif-inat/tsuga_canadensis/6129918538_2.jpg,Tsuga canadensis,usda:TSCA
gbif-inat:00003519,images/raw/gbif-inat/tsuga_canadensis/5938709468_1.jpg,Tsuga canadensis,usda:TSCA
gbif-inat:00003547,images/raw/gbif-inat/tsuga_canadensis/6129928650_2.jpg,Tsuga canadensis,usda:TSCA
gbif-inat:00003498,images/raw/gbif-inat/tsuga_canadensis/5938582741_1.jpg,Tsuga canadensis,usda:TSCA
gbif-inat:00003538,images/raw/gbif-inat/tsuga_canadensis/6129904463_1.jpg,Tsuga canadensis,usda:TSCA
gbif-inat:00000923,images/raw/gbif-inat/tsuga_canadensis/5938190470_2.jpg,Tsuga canadensis,usda:TSCA
gbif-inat:00002255,images/raw/gbif-inat/typha_angustifolia/6320606416_1.jpg,Typha angustifolia,usda:TYAN
gbif-inat:00002268,images/raw/gbif-inat/typha_angustifolia/5062951888_3.jpg,Typha angustifolia,usda:TYAN
gbif-inat:00000363,images/raw/gbif-inat/typha_angustifolia/6130269585_1.jpg,Typha angustifolia,usda:TYAN
gbif-inat:00002244,images/raw/gbif-inat/typha_angustifolia/6252334011_1.jpg,Typha angustifolia,usda:TYAN
gbif-inat:00002250,images/raw/gbif-inat/typha_angustifolia/6253291013_2.jpg,Typha angustifolia,usda:TYAN
gbif-inat:00002259,images/raw/gbif-inat/typha_angustifolia/6320787511_3.jpg,Typha angustifolia,usda:TYAN
gbif-inat:00000379,images/raw/gbif-inat/typha_angustifolia/6147719482_2.jpg,Typha angustifolia,usda:TYAN
gbif-inat:00000380,images/raw/gbif-inat/typha_angustifolia/6147719482_3.jpg,Typha angustifolia,usda:TYAN
gbif-inat:00002287,images/raw/gbif-inat/typha_angustifolia/5936148994_3.jpg,Typha angustifolia,usda:TYAN
gbif-inat:00002275,images/raw/gbif-inat/typha_angustifolia/5063861249_1.jpg,Typha angustifolia,usda:TYAN
gbif-inat:00002241,images/raw/gbif-inat/typha_angustifolia/6251974342_3.jpg,Typha angustifolia,usda:TYAN
gbif-inat:00000367,images/raw/gbif-inat/typha_angustifolia/6130449632_3.jpg,Typha angustifolia,usda:TYAN
gbif-inat:00002273,images/raw/gbif-inat/typha_angustifolia/5063320073_2.jpg,Typha angustifolia,usda:TYAN
gbif-inat:00002262,images/raw/gbif-inat/typha_angustifolia/5037201784_3.jpg,Typha angustifolia,usda:TYAN
gbif-inat:00000374,images/raw/gbif-inat/typha_angustifolia/6130964643_2.jpg,Typha angustifolia,usda:TYAN
gbif-inat:00002263,images/raw/gbif-inat/typha_angustifolia/5037201784_4.jpg,Typha angustifolia,usda:TYAN
gbif-inat:00000378,images/raw/gbif-inat/typha_angustifolia/6147719482_1.jpg,Typha angustifolia,usda:TYAN
gbif-inat:00002267,images/raw/gbif-inat/typha_angustifolia/5062951888_2.jpg,Typha angustifolia,usda:TYAN
gbif-inat:00002272,images/raw/gbif-inat/typha_angustifolia/5063320073_1.jpg,Typha angustifolia,usda:TYAN
gbif-inat:00002221,images/raw/gbif-inat/typha_angustifolia/6185179162_2.jpg,Typha angustifolia,usda:TYAN
gbif-inat:00002243,images/raw/gbif-inat/typha_angustifolia/6252310593_2.jpg,Typha angustifolia,usda:TYAN
gbif-inat:00002227,images/raw/gbif-inat/typha_angustifolia/6234604476_1.jpg,Typha angustifolia,usda:TYAN
gbif-inat:00000386,images/raw/gbif-inat/typha_angustifolia/6171049667_1.jpg,Typha angustifolia,usda:TYAN
gbif-inat:00002282,images/raw/gbif-inat/typha_angustifolia/5069980283_2.jpg,Typha angustifolia,usda:TYAN
gbif-inat:00002229,images/raw/gbif-inat/typha_angustifolia/6235025991_1.jpg,Typha angustifolia,usda:TYAN
gbif-inat:00000370,images/raw/gbif-inat/typha_angustifolia/6130505066_2.jpg,Typha angustifolia,usda:TYAN
gbif-inat:00000376,images/raw/gbif-inat/typha_angustifolia/6131107753_1.jpg,Typha angustifolia,usda:TYAN
gbif-inat:00002285,images/raw/gbif-inat/typha_angustifolia/5936148994_1.jpg,Typha angustifolia,usda:TYAN
gbif-inat:00002238,images/raw/gbif-inat/typha_angustifolia/6251872443_3.jpg,Typha angustifolia,usda:TYAN
gbif-inat:00000364,images/raw/gbif-inat/typha_angustifolia/6130274947_1.jpg,Typha angustifolia,usda:TYAN
gbif-inat:00002271,images/raw/gbif-inat/typha_angustifolia/5062967433_1.jpg,Typha angustifolia,usda:TYAN
gbif-inat:00002249,images/raw/gbif-inat/typha_angustifolia/6253291013_1.jpg,Typha angustifolia,usda:TYAN
gbif-inat:00002224,images/raw/gbif-inat/typha_angustifolia/6186158548_1.jpg,Typha angustifolia,usda:TYAN
gbif-inat:00002277,images/raw/gbif-inat/typha_angustifolia/5063945395_1.jpg,Typha angustifolia,usda:TYAN
gbif-inat:00002252,images/raw/gbif-inat/typha_angustifolia/6253291013_4.jpg,Typha angustifolia,usda:TYAN
gbif-inat:00002247,images/raw/gbif-inat/typha_angustifolia/6253013786_2.jpg,Typha angustifolia,usda:TYAN
gbif-inat:00002245,images/raw/gbif-inat/typha_angustifolia/6252362168_1.jpg,Typha angustifolia,usda:TYAN
gbif-inat:00002242,images/raw/gbif-inat/typha_angustifolia/6252310593_1.jpg,Typha angustifolia,usda:TYAN
gbif-inat:00000375,images/raw/gbif-inat/typha_angustifolia/6130964643_3.jpg,Typha angustifolia,usda:TYAN
gbif-inat:00002248,images/raw/gbif-inat/typha_angustifolia/6274300664_1.jpg,Typha angustifolia,usda:TYAN
gbif-inat:00002274,images/raw/gbif-inat/typha_angustifolia/5063320073_3.jpg,Typha angustifolia,usda:TYAN
gbif-inat:00002266,images/raw/gbif-inat/typha_angustifolia/5062951888_1.jpg,Typha angustifolia,usda:TYAN
gbif-inat:00000384,images/raw/gbif-inat/typha_angustifolia/6159304635_1.jpg,Typha angustifolia,usda:TYAN
gbif-inat:00002226,images/raw/gbif-inat/typha_angustifolia/6186158548_3.jpg,Typha angustifolia,usda:TYAN
gbif-inat:00002270,images/raw/gbif-inat/typha_angustifolia/5062951888_5.jpg,Typha angustifolia,usda:TYAN
gbif-inat:00002279,images/raw/gbif-inat/typha_angustifolia/5063945395_3.jpg,Typha angustifolia,usda:TYAN
gbif-inat:00002288,images/raw/gbif-inat/typha_angustifolia/5104348498_1.jpg,Typha angustifolia,usda:TYAN
gbif-inat:00002261,images/raw/gbif-inat/typha_angustifolia/5037201784_2.jpg,Typha angustifolia,usda:TYAN
gbif-inat:00002278,images/raw/gbif-inat/typha_angustifolia/5063945395_2.jpg,Typha angustifolia,usda:TYAN
gbif-inat:00002225,images/raw/gbif-inat/typha_angustifolia/6186158548_2.jpg,Typha angustifolia,usda:TYAN
gbif-inat:00000382,images/raw/gbif-inat/typha_angustifolia/6171156871_2.jpg,Typha angustifolia,usda:TYAN
gbif-inat:00002256,images/raw/gbif-inat/typha_angustifolia/6320606416_2.jpg,Typha angustifolia,usda:TYAN
gbif-inat:00000365,images/raw/gbif-inat/typha_angustifolia/6130449632_1.jpg,Typha angustifolia,usda:TYAN
gbif-inat:00002222,images/raw/gbif-inat/typha_angustifolia/6186012256_1.jpg,Typha angustifolia,usda:TYAN
gbif-inat:00000366,images/raw/gbif-inat/typha_angustifolia/6130449632_2.jpg,Typha angustifolia,usda:TYAN
gbif-inat:00002253,images/raw/gbif-inat/typha_angustifolia/6320104385_1.jpg,Typha angustifolia,usda:TYAN
gbif-inat:00000361,images/raw/gbif-inat/typha_angustifolia/6129990570_1.jpg,Typha angustifolia,usda:TYAN
gbif-inat:00002235,images/raw/gbif-inat/typha_angustifolia/6251531693_1.jpg,Typha angustifolia,usda:TYAN
gbif-inat:00002228,images/raw/gbif-inat/typha_angustifolia/6234604476_2.jpg,Typha angustifolia,usda:TYAN
gbif-inat:00002237,images/raw/gbif-inat/typha_angustifolia/6251872443_2.jpg,Typha angustifolia,usda:TYAN
gbif-inat:00000388,images/raw/gbif-inat/typha_angustifolia/6178453875_1.jpg,Typha angustifolia,usda:TYAN
gbif-inat:00002286,images/raw/gbif-inat/typha_angustifolia/5936148994_2.jpg,Typha angustifolia,usda:TYAN
gbif-inat:00002258,images/raw/gbif-inat/typha_angustifolia/6320787511_2.jpg,Typha angustifolia,usda:TYAN
gbif-inat:00002284,images/raw/gbif-inat/typha_angustifolia/5206685406_1.jpg,Typha angustifolia,usda:TYAN
gbif-inat:00000383,images/raw/gbif-inat/typha_angustifolia/6147401189_1.jpg,Typha angustifolia,usda:TYAN
gbif-inat:00002269,images/raw/gbif-inat/typha_angustifolia/5062951888_4.jpg,Typha angustifolia,usda:TYAN
gbif-inat:00000389,images/raw/gbif-inat/typha_angustifolia/6178453875_2.jpg,Typha angustifolia,usda:TYAN
gbif-inat:00000369,images/raw/gbif-inat/typha_angustifolia/6130505066_1.jpg,Typha angustifolia,usda:TYAN
gbif-inat:00000390,images/raw/gbif-inat/typha_angustifolia/6185179162_1.jpg,Typha angustifolia,usda:TYAN
gbif-inat:00000385,images/raw/gbif-inat/typha_angustifolia/6171035890_1.jpg,Typha angustifolia,usda:TYAN
gbif-inat:00002159,images/raw/gbif-inat/typha_latifolia/6184999017_1.jpg,Typha latifolia,usda:TYLA
gbif-inat:00002186,images/raw/gbif-inat/typha_latifolia/6170975147_2.jpg,Typha latifolia,usda:TYLA
gbif-inat:00002152,images/raw/gbif-inat/typha_latifolia/6133387702_1.jpg,Typha latifolia,usda:TYLA
gbif-inat:00000335,images/raw/gbif-inat/typha_latifolia/5938117656_1.jpg,Typha latifolia,usda:TYLA
gbif-inat:00002189,images/raw/gbif-inat/typha_latifolia/6170975147_5.jpg,Typha latifolia,usda:TYLA
gbif-inat:00002203,images/raw/gbif-inat/typha_latifolia/6178634712_1.jpg,Typha latifolia,usda:TYLA
gbif-inat:00002210,images/raw/gbif-inat/typha_latifolia/6179169875_1.jpg,Typha latifolia,usda:TYLA
gbif-inat:00002158,images/raw/gbif-inat/typha_latifolia/6163268875_1.jpg,Typha latifolia,usda:TYLA
gbif-inat:00002220,images/raw/gbif-inat/typha_latifolia/6185187646_1.jpg,Typha latifolia,usda:TYLA
gbif-inat:00002169,images/raw/gbif-inat/typha_latifolia/6147543501_1.jpg,Typha latifolia,usda:TYLA
gbif-inat:00000359,images/raw/gbif-inat/typha_latifolia/6131318522_1.jpg,Typha latifolia,usda:TYLA
gbif-inat:00002214,images/raw/gbif-inat/typha_latifolia/6179492239_1.jpg,Typha latifolia,usda:TYLA
gbif-inat:00002187,images/raw/gbif-inat/typha_latifolia/6170975147_3.jpg,Typha latifolia,usda:TYLA
gbif-inat:00000342,images/raw/gbif-inat/typha_latifolia/5938590121_1.jpg,Typha latifolia,usda:TYLA
gbif-inat:00002167,images/raw/gbif-inat/typha_latifolia/6147295751_1.jpg,Typha latifolia,usda:TYLA
gbif-inat:00000349,images/raw/gbif-inat/typha_latifolia/6130751243_1.jpg,Typha latifolia,usda:TYLA
gbif-inat:00002166,images/raw/gbif-inat/typha_latifolia/6147224056_2.jpg,Typha latifolia,usda:TYLA
gbif-inat:00000340,images/raw/gbif-inat/typha_latifolia/5938353283_1.jpg,Typha latifolia,usda:TYLA
gbif-inat:00002208,images/raw/gbif-inat/typha_latifolia/6178903702_5.jpg,Typha latifolia,usda:TYLA
gbif-inat:00002209,images/raw/gbif-inat/typha_latifolia/6178962420_1.jpg,Typha latifolia,usda:TYLA
gbif-inat:00002161,images/raw/gbif-inat/typha_latifolia/6133137306_1.jpg,Typha latifolia,usda:TYLA
gbif-inat:00002172,images/raw/gbif-inat/typha_latifolia/6147543501_4.jpg,Typha latifolia,usda:TYLA
gbif-inat:00002181,images/raw/gbif-inat/typha_latifolia/6163045232_1.jpg,Typha latifolia,usda:TYLA
gbif-inat:00002205,images/raw/gbif-inat/typha_latifolia/6178903702_2.jpg,Typha latifolia,usda:TYLA
gbif-inat:00000351,images/raw/gbif-inat/typha_latifolia/6130775242_1.jpg,Typha latifolia,usda:TYLA
gbif-inat:00002162,images/raw/gbif-inat/typha_latifolia/6133137306_2.jpg,Typha latifolia,usda:TYLA
gbif-inat:00002171,images/raw/gbif-inat/typha_latifolia/6147543501_3.jpg,Typha latifolia,usda:TYLA
gbif-inat:00000354,images/raw/gbif-inat/typha_latifolia/6130951343_2.jpg,Typha latifolia,usda:TYLA
gbif-inat:00002196,images/raw/gbif-inat/typha_latifolia/6179209913_1.jpg,Typha latifolia,usda:TYLA
gbif-inat:00002213,images/raw/gbif-inat/typha_latifolia/6179481681_1.jpg,Typha latifolia,usda:TYLA
gbif-inat:00000352,images/raw/gbif-inat/typha_latifolia/6130844509_1.jpg,Typha latifolia,usda:TYLA
gbif-inat:00002157,images/raw/gbif-inat/typha_latifolia/6133581373_2.jpg,Typha latifolia,usda:TYLA
gbif-inat:00000356,images/raw/gbif-inat/typha_latifolia/6131006913_1.jpg,Typha latifolia,usda:TYLA
gbif-inat:00002190,images/raw/gbif-inat/typha_latifolia/6171000169_1.jpg,Typha latifolia,usda:TYLA
gbif-inat:00000355,images/raw/gbif-inat/typha_latifolia/6131001386_1.jpg,Typha latifolia,usda:TYLA
gbif-inat:00002176,images/raw/gbif-inat/typha_latifolia/6159423430_1.jpg,Typha latifolia,usda:TYLA
gbif-inat:00002212,images/raw/gbif-inat/typha_latifolia/6179457751_1.jpg,Typha latifolia,usda:TYLA
gbif-inat:00000357,images/raw/gbif-inat/typha_latifolia/6131006913_2.jpg,Typha latifolia,usda:TYLA
gbif-inat:00002163,images/raw/gbif-inat/typha_latifolia/6133137306_3.jpg,Typha latifolia,usda:TYLA
gbif-inat:00000339,images/raw/gbif-inat/typha_latifolia/5938223202_1.jpg,Typha latifolia,usda:TYLA
gbif-inat:00000331,images/raw/gbif-inat/typha_latifolia/5938041149_1.jpg,Typha latifolia,usda:TYLA
gbif-inat:00000345,images/raw/gbif-inat/typha_latifolia/6130042013_2.jpg,Typha latifolia,usda:TYLA
gbif-inat:00000334,images/raw/gbif-inat/typha_latifolia/5938087221_3.jpg,Typha latifolia,usda:TYLA
gbif-inat:00002202,images/raw/gbif-inat/typha_latifolia/6178632260_1.jpg,Typha latifolia,usda:TYLA
gbif-inat:00002160,images/raw/gbif-inat/typha_latifolia/6234382175_1.jpg,Typha latifolia,usda:TYLA
gbif-inat:00002153,images/raw/gbif-inat/typha_latifolia/6133387702_2.jpg,Typha latifolia,usda:TYLA
gbif-inat:00002154,images/raw/gbif-inat/typha_latifolia/6133387702_3.jpg,Typha latifolia,usda:TYLA
gbif-inat:00002183,images/raw/gbif-inat/typha_latifolia/6163408581_1.jpg,Typha latifolia,usda:TYLA
gbif-inat:00002165,images/raw/gbif-inat/typha_latifolia/6147224056_1.jpg,Typha latifolia,usda:TYLA
gbif-inat:00000336,images/raw/gbif-inat/typha_latifolia/5938117656_2.jpg,Typha latifolia,usda:TYLA
gbif-inat:00002151,images/raw/gbif-inat/typha_latifolia/6133057939_1.jpg,Typha latifolia,usda:TYLA
gbif-inat:00002201,images/raw/gbif-inat/typha_latifolia/6178296369_2.jpg,Typha latifolia,usda:TYLA
gbif-inat:00002155,images/raw/gbif-inat/typha_latifolia/6133387702_4.jpg,Typha latifolia,usda:TYLA
gbif-inat:00000341,images/raw/gbif-inat/typha_latifolia/5938423281_1.jpg,Typha latifolia,usda:TYLA
gbif-inat:00002173,images/raw/gbif-inat/typha_latifolia/6159241353_1.jpg,Typha latifolia,usda:TYLA
gbif-inat:00002194,images/raw/gbif-inat/typha_latifolia/6178755473_1.jpg,Typha latifolia,usda:TYLA
gbif-inat:00000347,images/raw/gbif-inat/typha_latifolia/6130441747_1.jpg,Typha latifolia,usda:TYLA
gbif-inat:00002175,images/raw/gbif-inat/typha_latifolia/6159364364_1.jpg,Typha latifolia,usda:TYLA
gbif-inat:00002199,images/raw/gbif-inat/typha_latifolia/6171147919_1.jpg,Typha latifolia,usda:TYLA
gbif-inat:00002192,images/raw/gbif-inat/typha_latifolia/6171012663_2.jpg,Typha latifolia,usda:TYLA
gbif-inat:00002215,images/raw/gbif-inat/typha_latifolia/6185092034_1.jpg,Typha latifolia,usda:TYLA
gbif-inat:00002219,images/raw/gbif-inat/typha_latifolia/6185092034_5.jpg,Typha latifolia,usda:TYLA
gbif-inat:00002193,images/raw/gbif-inat/typha_latifolia/6171133678_1.jpg,Typha latifolia,usda:TYLA
gbif-inat:00002188,images/raw/gbif-inat/typha_latifolia/6170975147_4.jpg,Typha latifolia,usda:TYLA
gbif-inat:00002170,images/raw/gbif-inat/typha_latifolia/6147543501_2.jpg,Typha latifolia,usda:TYLA
gbif-inat:00002218,images/raw/gbif-inat/typha_latifolia/6185092034_4.jpg,Typha latifolia,usda:TYLA
gbif-inat:00000346,images/raw/gbif-inat/typha_latifolia/6130250741_1.jpg,Typha latifolia,usda:TYLA
gbif-inat:00002164,images/raw/gbif-inat/typha_latifolia/6133137306_4.jpg,Typha latifolia,usda:TYLA
gbif-inat:00002177,images/raw/gbif-inat/typha_latifolia/6162995709_1.jpg,Typha latifolia,usda:TYLA
gbif-inat:00000348,images/raw/gbif-inat/typha_latifolia/6130525255_1.jpg,Typha latifolia,usda:TYLA
gbif-inat:00001272,images/raw/gbif-inat/urtica_dioica/6147700922_3.jpg,Urtica dioica,usda:URDI
gbif-inat:00004351,images/raw/gbif-inat/urtica_dioica/6234589080_1.jpg,Urtica dioica,usda:URDI
gbif-inat:00004368,images/raw/gbif-inat/urtica_dioica/6235377673_1.jpg,Urtica dioica,usda:URDI
gbif-inat:00004389,images/raw/gbif-inat/urtica_dioica/6252748267_2.jpg,Urtica dioica,usda:URDI
gbif-inat:00004387,images/raw/gbif-inat/urtica_dioica/6252515905_1.jpg,Urtica dioica,usda:URDI
gbif-inat:00004373,images/raw/gbif-inat/urtica_dioica/6235558609_1.jpg,Urtica dioica,usda:URDI
gbif-inat:00004382,images/raw/gbif-inat/urtica_dioica/6251450397_3.jpg,Urtica dioica,usda:URDI
gbif-inat:00001284,images/raw/gbif-inat/urtica_dioica/6179505332_1.jpg,Urtica dioica,usda:URDI
gbif-inat:00004347,images/raw/gbif-inat/urtica_dioica/6234416834_2.jpg,Urtica dioica,usda:URDI
gbif-inat:00001282,images/raw/gbif-inat/urtica_dioica/6171268226_1.jpg,Urtica dioica,usda:URDI
gbif-inat:00004367,images/raw/gbif-inat/urtica_dioica/6235300542_1.jpg,Urtica dioica,usda:URDI
gbif-inat:00004331,images/raw/gbif-inat/urtica_dioica/6188595022_1.jpg,Urtica dioica,usda:URDI
gbif-inat:00004343,images/raw/gbif-inat/urtica_dioica/6234330930_2.jpg,Urtica dioica,usda:URDI
gbif-inat:00001279,images/raw/gbif-inat/urtica_dioica/6170883873_1.jpg,Urtica dioica,usda:URDI
gbif-inat:00001266,images/raw/gbif-inat/urtica_dioica/6130842789_4.jpg,Urtica dioica,usda:URDI
gbif-inat:00001267,images/raw/gbif-inat/urtica_dioica/6130867200_1.jpg,Urtica dioica,usda:URDI
gbif-inat:00004362,images/raw/gbif-inat/urtica_dioica/6235189415_6.jpg,Urtica dioica,usda:URDI
gbif-inat:00001289,images/raw/gbif-inat/urtica_dioica/6185377336_2.jpg,Urtica dioica,usda:URDI
gbif-inat:00001268,images/raw/gbif-inat/urtica_dioica/6130896514_1.jpg,Urtica dioica,usda:URDI
gbif-inat:00004360,images/raw/gbif-inat/urtica_dioica/6235189415_4.jpg,Urtica dioica,usda:URDI
gbif-inat:00004350,images/raw/gbif-inat/urtica_dioica/6234582668_1.jpg,Urtica dioica,usda:URDI
gbif-inat:00004358,images/raw/gbif-inat/urtica_dioica/6235189415_2.jpg,Urtica dioica,usda:URDI
gbif-inat:00004325,images/raw/gbif-inat/urtica_dioica/6185932972_2.jpg,Urtica dioica,usda:URDI
gbif-inat:00004327,images/raw/gbif-inat/urtica_dioica/6187960023_1.jpg,Urtica dioica,usda:URDI
gbif-inat:00001263,images/raw/gbif-inat/urtica_dioica/6130842789_1.jpg,Urtica dioica,usda:URDI
gbif-inat:00004340,images/raw/gbif-inat/urtica_dioica/6234199771_5.jpg,Urtica dioica,usda:URDI
gbif-inat:00004336,images/raw/gbif-inat/urtica_dioica/6234199771_1.jpg,Urtica dioica,usda:URDI
gbif-inat:00004390,images/raw/gbif-inat/urtica_dioica/6252789626_1.jpg,Urtica dioica,usda:URDI
gbif-inat:00004376,images/raw/gbif-inat/urtica_dioica/6235579304_3.jpg,Urtica dioica,usda:URDI
gbif-inat:00004384,images/raw/gbif-inat/urtica_dioica/6251904275_1.jpg,Urtica dioica,usda:URDI
gbif-inat:00001271,images/raw/gbif-inat/urtica_dioica/6147700922_2.jpg,Urtica dioica,usda:URDI
gbif-inat:00004322,images/raw/gbif-inat/urtica_dioica/6185673107_1.jpg,Urtica dioica,usda:URDI
gbif-inat:00004353,images/raw/gbif-inat/urtica_dioica/6234772492_1.jpg,Urtica dioica,usda:URDI
gbif-inat:00004386,images/raw/gbif-inat/urtica_dioica/6251916663_2.jpg,Urtica dioica,usda:URDI
gbif-inat:00004328,images/raw/gbif-inat/urtica_dioica/6235977410_1.jpg,Urtica dioica,usda:URDI
gbif-inat:00004356,images/raw/gbif-inat/urtica_dioica/6234856347_1.jpg,Urtica dioica,usda:URDI
gbif-inat:00004329,images/raw/gbif-inat/urtica_dioica/6188295189_1.jpg,Urtica dioica,usda:URDI
gbif-inat:00004346,images/raw/gbif-inat/urtica_dioica/6234416834_1.jpg,Urtica dioica,usda:URDI
gbif-inat:00004388,images/raw/gbif-inat/urtica_dioica/6252748267_1.jpg,Urtica dioica,usda:URDI
gbif-inat:00004335,images/raw/gbif-inat/urtica_dioica/6195842883_1.jpg,Urtica dioica,usda:URDI
gbif-inat:00004337,images/raw/gbif-inat/urtica_dioica/6234199771_2.jpg,Urtica dioica,usda:URDI
gbif-inat:00004359,images/raw/gbif-inat/urtica_dioica/6235189415_3.jpg,Urtica dioica,usda:URDI
gbif-inat:00004349,images/raw/gbif-inat/urtica_dioica/6234548498_2.jpg,Urtica dioica,usda:URDI
gbif-inat:00001265,images/raw/gbif-inat/urtica_dioica/6130842789_3.jpg,Urtica dioica,usda:URDI
gbif-inat:00001273,images/raw/gbif-inat/urtica_dioica/6159235362_1.jpg,Urtica dioica,usda:URDI
gbif-inat:00001285,images/raw/gbif-inat/urtica_dioica/6179505332_2.jpg,Urtica dioica,usda:URDI
gbif-inat:00004342,images/raw/gbif-inat/urtica_dioica/6234330930_1.jpg,Urtica dioica,usda:URDI
gbif-inat:00004364,images/raw/gbif-inat/urtica_dioica/6235240613_1.jpg,Urtica dioica,usda:URDI
gbif-inat:00004339,images/raw/gbif-inat/urtica_dioica/6234199771_4.jpg,Urtica dioica,usda:URDI
gbif-inat:00001280,images/raw/gbif-inat/urtica_dioica/6171240974_1.jpg,Urtica dioica,usda:URDI
gbif-inat:00004380,images/raw/gbif-inat/urtica_dioica/6251450397_1.jpg,Urtica dioica,usda:URDI
gbif-inat:00004377,images/raw/gbif-inat/urtica_dioica/6235579304_4.jpg,Urtica dioica,usda:URDI
gbif-inat:00001288,images/raw/gbif-inat/urtica_dioica/6185377336_1.jpg,Urtica dioica,usda:URDI
gbif-inat:00001278,images/raw/gbif-inat/urtica_dioica/6162817405_1.jpg,Urtica dioica,usda:URDI
gbif-inat:00001286,images/raw/gbif-inat/urtica_dioica/6185259764_1.jpg,Urtica dioica,usda:URDI
gbif-inat:00004324,images/raw/gbif-inat/urtica_dioica/6185932972_1.jpg,Urtica dioica,usda:URDI
gbif-inat:00004332,images/raw/gbif-inat/urtica_dioica/6195363311_1.jpg,Urtica dioica,usda:URDI
gbif-inat:00001283,images/raw/gbif-inat/urtica_dioica/6178508340_1.jpg,Urtica dioica,usda:URDI
gbif-inat:00001269,images/raw/gbif-inat/urtica_dioica/6131258210_1.jpg,Urtica dioica,usda:URDI
gbif-inat:00004375,images/raw/gbif-inat/urtica_dioica/6235579304_2.jpg,Urtica dioica,usda:URDI
gbif-inat:00004374,images/raw/gbif-inat/urtica_dioica/6235579304_1.jpg,Urtica dioica,usda:URDI
gbif-inat:00004383,images/raw/gbif-inat/urtica_dioica/6251597179_1.jpg,Urtica dioica,usda:URDI
gbif-inat:00001276,images/raw/gbif-inat/urtica_dioica/6159287267_1.jpg,Urtica dioica,usda:URDI
gbif-inat:00004366,images/raw/gbif-inat/urtica_dioica/6235299175_1.jpg,Urtica dioica,usda:URDI
gbif-inat:00001262,images/raw/gbif-inat/urtica_dioica/5938667765_2.jpg,Urtica dioica,usda:URDI
gbif-inat:00004330,images/raw/gbif-inat/urtica_dioica/6188295189_2.jpg,Urtica dioica,usda:URDI
gbif-inat:00004323,images/raw/gbif-inat/urtica_dioica/6185841057_1.jpg,Urtica dioica,usda:URDI
gbif-inat:00001274,images/raw/gbif-inat/urtica_dioica/6159235362_2.jpg,Urtica dioica,usda:URDI
gbif-inat:00001264,images/raw/gbif-inat/urtica_dioica/6130842789_2.jpg,Urtica dioica,usda:URDI
gbif-inat:00004352,images/raw/gbif-inat/urtica_dioica/6234589080_2.jpg,Urtica dioica,usda:URDI
gbif-inat:00002583,images/raw/gbif-inat/vaccinium_angustifolium/6234688803_8.jpg,Vaccinium angustifolium,usda:VAAN
gbif-inat:00002617,images/raw/gbif-inat/vaccinium_angustifolium/6235698408_1.jpg,Vaccinium angustifolium,usda:VAAN
gbif-inat:00000540,images/raw/gbif-inat/vaccinium_angustifolium/6234557044_1.jpg,Vaccinium angustifolium,usda:VAAN
gbif-inat:00002582,images/raw/gbif-inat/vaccinium_angustifolium/6234688803_7.jpg,Vaccinium angustifolium,usda:VAAN
gbif-inat:00000529,images/raw/gbif-inat/vaccinium_angustifolium/6234200225_1.jpg,Vaccinium angustifolium,usda:VAAN
gbif-inat:00002600,images/raw/gbif-inat/vaccinium_angustifolium/6234820096_1.jpg,Vaccinium angustifolium,usda:VAAN
gbif-inat:00002607,images/raw/gbif-inat/vaccinium_angustifolium/6235195958_3.jpg,Vaccinium angustifolium,usda:VAAN
gbif-inat:00000526,images/raw/gbif-inat/vaccinium_angustifolium/6195329636_1.jpg,Vaccinium angustifolium,usda:VAAN
gbif-inat:00000517,images/raw/gbif-inat/vaccinium_angustifolium/6179290893_2.jpg,Vaccinium angustifolium,usda:VAAN
gbif-inat:00002593,images/raw/gbif-inat/vaccinium_angustifolium/6234726393_2.jpg,Vaccinium angustifolium,usda:VAAN
gbif-inat:00002604,images/raw/gbif-inat/vaccinium_angustifolium/6235079764_1.jpg,Vaccinium angustifolium,usda:VAAN
gbif-inat:00000537,images/raw/gbif-inat/vaccinium_angustifolium/6234461521_5.jpg,Vaccinium angustifolium,usda:VAAN
gbif-inat:00002576,images/raw/gbif-inat/vaccinium_angustifolium/6234688803_1.jpg,Vaccinium angustifolium,usda:VAAN
gbif-inat:00002587,images/raw/gbif-inat/vaccinium_angustifolium/6234688803_12.jpg,Vaccinium angustifolium,usda:VAAN
gbif-inat:00002624,images/raw/gbif-inat/vaccinium_angustifolium/6236069600_1.jpg,Vaccinium angustifolium,usda:VAAN
gbif-inat:00000520,images/raw/gbif-inat/vaccinium_angustifolium/6184920246_1.jpg,Vaccinium angustifolium,usda:VAAN
gbif-inat:00002571,images/raw/gbif-inat/vaccinium_angustifolium/6234557044_2.jpg,Vaccinium angustifolium,usda:VAAN
gbif-inat:00002585,images/raw/gbif-inat/vaccinium_angustifolium/6234688803_10.jpg,Vaccinium angustifolium,usda:VAAN
gbif-inat:00002612,images/raw/gbif-inat/vaccinium_angustifolium/6235321346_1.jpg,Vaccinium angustifolium,usda:VAAN
gbif-inat:00000521,images/raw/gbif-inat/vaccinium_angustifolium/6184920246_2.jpg,Vaccinium angustifolium,usda:VAAN
gbif-inat:00002574,images/raw/gbif-inat/vaccinium_angustifolium/6234557044_5.jpg,Vaccinium angustifolium,usda:VAAN
gbif-inat:00002628,images/raw/gbif-inat/vaccinium_angustifolium/6236292223_1.jpg,Vaccinium angustifolium,usda:VAAN
gbif-inat:00002589,images/raw/gbif-inat/vaccinium_angustifolium/6234688803_14.jpg,Vaccinium angustifolium,usda:VAAN
gbif-inat:00002598,images/raw/gbif-inat/vaccinium_angustifolium/6234790094_4.jpg,Vaccinium angustifolium,usda:VAAN
gbif-inat:00002592,images/raw/gbif-inat/vaccinium_angustifolium/6234726393_1.jpg,Vaccinium angustifolium,usda:VAAN
gbif-inat:00002637,images/raw/gbif-inat/vaccinium_angustifolium/6251662381_1.jpg,Vaccinium angustifolium,usda:VAAN
gbif-inat:00002601,images/raw/gbif-inat/vaccinium_angustifolium/6234820096_2.jpg,Vaccinium angustifolium,usda:VAAN
gbif-inat:00002579,images/raw/gbif-inat/vaccinium_angustifolium/6234688803_4.jpg,Vaccinium angustifolium,usda:VAAN
gbif-inat:00002578,images/raw/gbif-inat/vaccinium_angustifolium/6234688803_3.jpg,Vaccinium angustifolium,usda:VAAN
gbif-inat:00002588,images/raw/gbif-inat/vaccinium_angustifolium/6234688803_13.jpg,Vaccinium angustifolium,usda:VAAN
gbif-inat:00000524,images/raw/gbif-inat/vaccinium_angustifolium/6185510445_1.jpg,Vaccinium angustifolium,usda:VAAN
gbif-inat:00000533,images/raw/gbif-inat/vaccinium_angustifolium/6234461521_1.jpg,Vaccinium angustifolium,usda:VAAN
gbif-inat:00002608,images/raw/gbif-inat/vaccinium_angustifolium/6235285616_1.jpg,Vaccinium angustifolium,usda:VAAN
gbif-inat:00002606,images/raw/gbif-inat/vaccinium_angustifolium/6235195958_2.jpg,Vaccinium angustifolium,usda:VAAN
gbif-inat:00002616,images/raw/gbif-inat/vaccinium_angustifolium/6235649713_1.jpg,Vaccinium angustifolium,usda:VAAN
gbif-inat:00002591,images/raw/gbif-inat/vaccinium_angustifolium/6234696071_1.jpg,Vaccinium angustifolium,usda:VAAN
gbif-inat:00002594,images/raw/gbif-inat/vaccinium_angustifolium/6234785428_1.jpg,Vaccinium angustifolium,usda:VAAN
gbif-inat:00002572,images/raw/gbif-inat/vaccinium_angustifolium/6234557044_3.jpg,Vaccinium angustifolium,usda:VAAN
gbif-inat:00002622,images/raw/gbif-inat/vaccinium_angustifolium/6235988833_1.jpg,Vaccinium angustifolium,usda:VAAN
gbif-inat:00002630,images/raw/gbif-inat/vaccinium_angustifolium/6236343481_1.jpg,Vaccinium angustifolium,usda:VAAN
gbif-inat:00000527,images/raw/gbif-inat/vaccinium_angustifolium/6234196415_1.jpg,Vaccinium angustifolium,usda:VAAN
gbif-inat:00002639,images/raw/gbif-inat/vaccinium_angustifolium/6251866428_1.jpg,Vaccinium angustifolium,usda:VAAN
gbif-inat:00002638,images/raw/gbif-inat/vaccinium_angustifolium/6251814336_1.jpg,Vaccinium angustifolium,usda:VAAN
gbif-inat:00002596,images/raw/gbif-inat/vaccinium_angustifolium/6234790094_2.jpg,Vaccinium angustifolium,usda:VAAN
gbif-inat:00000532,images/raw/gbif-inat/vaccinium_angustifolium/6234377873_2.jpg,Vaccinium angustifolium,usda:VAAN
gbif-inat:00002618,images/raw/gbif-inat/vaccinium_angustifolium/6235768353_1.jpg,Vaccinium angustifolium,usda:VAAN
gbif-inat:00002635,images/raw/gbif-inat/vaccinium_angustifolium/6251651199_1.jpg,Vaccinium angustifolium,usda:VAAN
gbif-inat:00000516,images/raw/gbif-inat/vaccinium_angustifolium/6179290893_1.jpg,Vaccinium angustifolium,usda:VAAN
gbif-inat:00000514,images/raw/gbif-inat/vaccinium_angustifolium/6171159127_3.jpg,Vaccinium angustifolium,usda:VAAN
gbif-inat:00002633,images/raw/gbif-inat/vaccinium_angustifolium/6251529228_1.jpg,Vaccinium angustifolium,usda:VAAN
gbif-inat:00000512,images/raw/gbif-inat/vaccinium_angustifolium/6171159127_1.jpg,Vaccinium angustifolium,usda:VAAN
gbif-inat:00002627,images/raw/gbif-inat/vaccinium_angustifolium/6236192040_1.jpg,Vaccinium angustifolium,usda:VAAN
gbif-inat:00002619,images/raw/gbif-inat/vaccinium_angustifolium/6235831817_1.jpg,Vaccinium angustifolium,usda:VAAN
gbif-inat:00002609,images/raw/gbif-inat/vaccinium_angustifolium/6235285616_2.jpg,Vaccinium angustifolium,usda:VAAN
gbif-inat:00002634,images/raw/gbif-inat/vaccinium_angustifolium/6251601326_1.jpg,Vaccinium angustifolium,usda:VAAN
gbif-inat:00000518,images/raw/gbif-inat/vaccinium_angustifolium/6184803841_1.jpg,Vaccinium angustifolium,usda:VAAN
gbif-inat:00002595,images/raw/gbif-inat/vaccinium_angustifolium/6234790094_1.jpg,Vaccinium angustifolium,usda:VAAN
gbif-inat:00002610,images/raw/gbif-inat/vaccinium_angustifolium/6235285616_3.jpg,Vaccinium angustifolium,usda:VAAN
gbif-inat:00002580,images/raw/gbif-inat/vaccinium_angustifolium/6234688803_5.jpg,Vaccinium angustifolium,usda:VAAN
gbif-inat:00002575,images/raw/gbif-inat/vaccinium_angustifolium/6234557044_6.jpg,Vaccinium angustifolium,usda:VAAN
gbif-inat:00000538,images/raw/gbif-inat/vaccinium_angustifolium/6234471664_1.jpg,Vaccinium angustifolium,usda:VAAN
gbif-inat:00000528,images/raw/gbif-inat/vaccinium_angustifolium/6234196415_2.jpg,Vaccinium angustifolium,usda:VAAN
gbif-inat:00002599,images/raw/gbif-inat/vaccinium_angustifolium/6234792829_1.jpg,Vaccinium angustifolium,usda:VAAN
gbif-inat:00000513,images/raw/gbif-inat/vaccinium_angustifolium/6171159127_2.jpg,Vaccinium angustifolium,usda:VAAN
gbif-inat:00002620,images/raw/gbif-inat/vaccinium_angustifolium/6235831817_2.jpg,Vaccinium angustifolium,usda:VAAN
gbif-inat:00002577,images/raw/gbif-inat/vaccinium_angustifolium/6234688803_2.jpg,Vaccinium angustifolium,usda:VAAN
gbif-inat:00000539,images/raw/gbif-inat/vaccinium_angustifolium/6234473711_1.jpg,Vaccinium angustifolium,usda:VAAN
gbif-inat:00002613,images/raw/gbif-inat/vaccinium_angustifolium/6235416879_1.jpg,Vaccinium angustifolium,usda:VAAN
gbif-inat:00000522,images/raw/gbif-inat/vaccinium_angustifolium/6184920246_3.jpg,Vaccinium angustifolium,usda:VAAN
gbif-inat:00000515,images/raw/gbif-inat/vaccinium_angustifolium/6178336214_1.jpg,Vaccinium angustifolium,usda:VAAN
gbif-inat:00002525,images/raw/gbif-inat/vaccinium_corymbosum/6159266794_1.jpg,Vaccinium corymbosum,usda:VACO
gbif-inat:00002506,images/raw/gbif-inat/vaccinium_corymbosum/6147413534_1.jpg,Vaccinium corymbosum,usda:VACO
gbif-inat:00000508,images/raw/gbif-inat/vaccinium_corymbosum/6133268029_1.jpg,Vaccinium corymbosum,usda:VACO
gbif-inat:00002503,images/raw/gbif-inat/vaccinium_corymbosum/6147211110_2.jpg,Vaccinium corymbosum,usda:VACO
gbif-inat:00000496,images/raw/gbif-inat/vaccinium_corymbosum/6131560814_1.jpg,Vaccinium corymbosum,usda:VACO
gbif-inat:00000507,images/raw/gbif-inat/vaccinium_corymbosum/6133365126_1.jpg,Vaccinium corymbosum,usda:VACO
gbif-inat:00002550,images/raw/gbif-inat/vaccinium_corymbosum/6162910323_1.jpg,Vaccinium corymbosum,usda:VACO
gbif-inat:00000499,images/raw/gbif-inat/vaccinium_corymbosum/6131560814_4.jpg,Vaccinium corymbosum,usda:VACO
gbif-inat:00002507,images/raw/gbif-inat/vaccinium_corymbosum/6147505321_1.jpg,Vaccinium corymbosum,usda:VACO
gbif-inat:00000500,images/raw/gbif-inat/vaccinium_corymbosum/6133129858_1.jpg,Vaccinium corymbosum,usda:VACO
gbif-inat:00000502,images/raw/gbif-inat/vaccinium_corymbosum/6133139311_1.jpg,Vaccinium corymbosum,usda:VACO
gbif-inat:00002552,images/raw/gbif-inat/vaccinium_corymbosum/6162940960_1.jpg,Vaccinium corymbosum,usda:VACO
gbif-inat:00002564,images/raw/gbif-inat/vaccinium_corymbosum/6170876055_2.jpg,Vaccinium corymbosum,usda:VACO
gbif-inat:00000488,images/raw/gbif-inat/vaccinium_corymbosum/6130885353_2.jpg,Vaccinium corymbosum,usda:VACO
gbif-inat:00002504,images/raw/gbif-inat/vaccinium_corymbosum/6147211110_3.jpg,Vaccinium corymbosum,usda:VACO
gbif-inat:00002530,images/raw/gbif-inat/vaccinium_corymbosum/6159361110_1.jpg,Vaccinium corymbosum,usda:VACO
gbif-inat:00002561,images/raw/gbif-inat/vaccinium_corymbosum/6163344856_3.jpg,Vaccinium corymbosum,usda:VACO
gbif-inat:00000491,images/raw/gbif-inat/vaccinium_corymbosum/6130978639_1.jpg,Vaccinium corymbosum,usda:VACO
gbif-inat:00002502,images/raw/gbif-inat/vaccinium_corymbosum/6147211110_1.jpg,Vaccinium corymbosum,usda:VACO
gbif-inat:00000494,images/raw/gbif-inat/vaccinium_corymbosum/6131305206_1.jpg,Vaccinium corymbosum,usda:VACO
gbif-inat:00002510,images/raw/gbif-inat/vaccinium_corymbosum/6147541468_3.jpg,Vaccinium corymbosum,usda:VACO
gbif-inat:00000501,images/raw/gbif-inat/vaccinium_corymbosum/6133129858_2.jpg,Vaccinium corymbosum,usda:VACO
gbif-inat:00002570,images/raw/gbif-inat/vaccinium_corymbosum/6171133109_3.jpg,Vaccinium corymbosum,usda:VACO
gbif-inat:00000485,images/raw/gbif-inat/vaccinium_corymbosum/6130410527_2.jpg,Vaccinium corymbosum,usda:VACO
gbif-inat:00002555,images/raw/gbif-inat/vaccinium_corymbosum/6163073679_2.jpg,Vaccinium corymbosum,usda:VACO
gbif-inat:00000486,images/raw/gbif-inat/vaccinium_corymbosum/6130410527_3.jpg,Vaccinium corymbosum,usda:VACO
gbif-inat:00002568,images/raw/gbif-inat/vaccinium_corymbosum/6171133109_1.jpg,Vaccinium corymbosum,usda:VACO
gbif-inat:00000504,images/raw/gbif-inat/vaccinium_corymbosum/6133139311_3.jpg,Vaccinium corymbosum,usda:VACO
gbif-inat:00002559,images/raw/gbif-inat/vaccinium_corymbosum/6163344856_1.jpg,Vaccinium corymbosum,usda:VACO
gbif-inat:00002551,images/raw/gbif-inat/vaccinium_corymbosum/6162910323_2.jpg,Vaccinium corymbosum,usda:VACO
gbif-inat:00002565,images/raw/gbif-inat/vaccinium_corymbosum/6170876055_3.jpg,Vaccinium corymbosum,usda:VACO
gbif-inat:00000498,images/raw/gbif-inat/vaccinium_corymbosum/6131560814_3.jpg,Vaccinium corymbosum,usda:VACO
gbif-inat:00002549,images/raw/gbif-inat/vaccinium_corymbosum/6162895286_4.jpg,Vaccinium corymbosum,usda:VACO
gbif-inat:00002543,images/raw/gbif-inat/vaccinium_corymbosum/6159607577_1.jpg,Vaccinium corymbosum,usda:VACO
gbif-inat:00002534,images/raw/gbif-inat/vaccinium_corymbosum/6159477647_1.jpg,Vaccinium corymbosum,usda:VACO
gbif-inat:00002515,images/raw/gbif-inat/vaccinium_corymbosum/6159198539_3.jpg,Vaccinium corymbosum,usda:VACO
gbif-inat:00000506,images/raw/gbif-inat/vaccinium_corymbosum/6133303181_1.jpg,Vaccinium corymbosum,usda:VACO
gbif-inat:00000484,images/raw/gbif-inat/vaccinium_corymbosum/6130410527_1.jpg,Vaccinium corymbosum,usda:VACO
gbif-inat:00002541,images/raw/gbif-inat/vaccinium_corymbosum/6159528162_4.jpg,Vaccinium corymbosum,usda:VACO
gbif-inat:00000503,images/raw/gbif-inat/vaccinium_corymbosum/6133139311_2.jpg,Vaccinium corymbosum,usda:VACO
gbif-inat:00000493,images/raw/gbif-inat/vaccinium_corymbosum/6131133226_1.jpg,Vaccinium corymbosum,usda:VACO
gbif-inat:00002533,images/raw/gbif-inat/vaccinium_corymbosum/6159460913_1.jpg,Vaccinium corymbosum,usda:VACO
gbif-inat:00002514,images/raw/gbif-inat/vaccinium_corymbosum/6159198539_2.jpg,Vaccinium corymbosum,usda:VACO
gbif-inat:00000509,images/raw/gbif-inat/vaccinium_corymbosum/6133268029_2.jpg,Vaccinium corymbosum,usda:VACO
gbif-inat:00002542,images/raw/gbif-inat/vaccinium_corymbosum/6159528162_5.jpg,Vaccinium corymbosum,usda:VACO
gbif-inat:00002523,images/raw/gbif-inat/vaccinium_corymbosum/6159228909_5.jpg,Vaccinium corymbosum,usda:VACO
gbif-inat:00002545,images/raw/gbif-inat/vaccinium_corymbosum/6159607577_3.jpg,Vaccinium corymbosum,usda:VACO
gbif-inat:00002557,images/raw/gbif-inat/vaccinium_corymbosum/6163145736_1.jpg,Vaccinium corymbosum,usda:VACO
gbif-inat:00002563,images/raw/gbif-inat/vaccinium_corymbosum/6170876055_1.jpg,Vaccinium corymbosum,usda:VACO
gbif-inat:00002522,images/raw/gbif-inat/vaccinium_corymbosum/6159228909_4.jpg,Vaccinium corymbosum,usda:VACO
gbif-inat:00002505,images/raw/gbif-inat/vaccinium_corymbosum/6147279439_1.jpg,Vaccinium corymbosum,usda:VACO
gbif-inat:00002508,images/raw/gbif-inat/vaccinium_corymbosum/6147541468_1.jpg,Vaccinium corymbosum,usda:VACO
gbif-inat:00002569,images/raw/gbif-inat/vaccinium_corymbosum/6171133109_2.jpg,Vaccinium corymbosum,usda:VACO
gbif-inat:00000490,images/raw/gbif-inat/vaccinium_corymbosum/6130908582_1.jpg,Vaccinium corymbosum,usda:VACO
gbif-inat:00002560,images/raw/gbif-inat/vaccinium_corymbosum/6163344856_2.jpg,Vaccinium corymbosum,usda:VACO
gbif-inat:00002516,images/raw/gbif-inat/vaccinium_corymbosum/6159198539_4.jpg,Vaccinium corymbosum,usda:VACO
gbif-inat:00002518,images/raw/gbif-inat/vaccinium_corymbosum/6159207469_1.jpg,Vaccinium corymbosum,usda:VACO
gbif-inat:00002562,images/raw/gbif-inat/vaccinium_corymbosum/6163344856_4.jpg,Vaccinium corymbosum,usda:VACO
gbif-inat:00002546,images/raw/gbif-inat/vaccinium_corymbosum/6162895286_1.jpg,Vaccinium corymbosum,usda:VACO
gbif-inat:00002547,images/raw/gbif-inat/vaccinium_corymbosum/6162895286_2.jpg,Vaccinium corymbosum,usda:VACO
gbif-inat:00002526,images/raw/gbif-inat/vaccinium_corymbosum/6159266794_2.jpg,Vaccinium corymbosum,usda:VACO
gbif-inat:00002524,images/raw/gbif-inat/vaccinium_corymbosum/6159250958_1.jpg,Vaccinium corymbosum,usda:VACO
gbif-inat:00000481,images/raw/gbif-inat/vaccinium_corymbosum/6129895324_1.jpg,Vaccinium corymbosum,usda:VACO
gbif-inat:00002532,images/raw/gbif-inat/vaccinium_corymbosum/6159436070_1.jpg,Vaccinium corymbosum,usda:VACO
gbif-inat:00000483,images/raw/gbif-inat/vaccinium_corymbosum/6129977621_1.jpg,Vaccinium corymbosum,usda:VACO
gbif-inat:00000497,images/raw/gbif-inat/vaccinium_corymbosum/6131560814_2.jpg,Vaccinium corymbosum,usda:VACO
gbif-inat:00002548,images/raw/gbif-inat/vaccinium_corymbosum/6162895286_3.jpg,Vaccinium corymbosum,usda:VACO
gbif-inat:00002556,images/raw/gbif-inat/vaccinium_corymbosum/6163073679_3.jpg,Vaccinium corymbosum,usda:VACO
gbif-inat:00002511,images/raw/gbif-inat/vaccinium_corymbosum/6147541468_4.jpg,Vaccinium corymbosum,usda:VACO
gbif-inat:00000489,images/raw/gbif-inat/vaccinium_corymbosum/6130885353_3.jpg,Vaccinium corymbosum,usda:VACO
gbif-inat-toxic-round2:00313045,images/raw/gbif-inat-toxic-round2/zigadenus_glaberrimus/3355126981_1.jpg,Zigadenus glaberrimus,usda:ZIGL
gbif-inat-toxic-round2:00312992,images/raw/gbif-inat-toxic-round2/zigadenus_glaberrimus/3925192234_7.jpg,Zigadenus glaberrimus,usda:ZIGL
gbif-inat-toxic-round2:00312845,images/raw/gbif-inat-toxic-round2/zigadenus_glaberrimus/4177348991_1.jpg,Zigadenus glaberrimus,usda:ZIGL
gbif-inat:00001831,images/raw/gbif-inat/zigadenus_glaberrimus/5760593653_1.jpg,Zigadenus glaberrimus,usda:ZIGL
gbif-inat-toxic-round2:00312731,images/raw/gbif-inat-toxic-round2/zigadenus_glaberrimus/4926370632_1.jpg,Zigadenus glaberrimus,usda:ZIGL
gbif-inat-toxic-round2:00312957,images/raw/gbif-inat-toxic-round2/zigadenus_glaberrimus/3902592326_1.jpg,Zigadenus glaberrimus,usda:ZIGL
gbif-inat-toxic-round2:00313073,images/raw/gbif-inat-toxic-round2/zigadenus_glaberrimus/3398985899_4.jpg,Zigadenus glaberrimus,usda:ZIGL
gbif-inat-toxic-round2:00312712,images/raw/gbif-inat-toxic-round2/zigadenus_glaberrimus/4936618475_2.jpg,Zigadenus glaberrimus,usda:ZIGL
gbif-inat-toxic-round2:00312765,images/raw/gbif-inat-toxic-round2/zigadenus_glaberrimus/4945597168_2.jpg,Zigadenus glaberrimus,usda:ZIGL
gbif-inat-toxic-round2:00312745,images/raw/gbif-inat-toxic-round2/zigadenus_glaberrimus/5063920374_1.jpg,Zigadenus glaberrimus,usda:ZIGL
gbif-inat-toxic-round2:00312951,images/raw/gbif-inat-toxic-round2/zigadenus_glaberrimus/3892553684_2.jpg,Zigadenus glaberrimus,usda:ZIGL
gbif-inat-toxic-round2:00312694,images/raw/gbif-inat-toxic-round2/zigadenus_glaberrimus/4903715005_2.jpg,Zigadenus glaberrimus,usda:ZIGL
gbif-inat-toxic-round2:00312770,images/raw/gbif-inat-toxic-round2/zigadenus_glaberrimus/4945897792_1.jpg,Zigadenus glaberrimus,usda:ZIGL
gbif-inat-toxic-round2:00312865,images/raw/gbif-inat-toxic-round2/zigadenus_glaberrimus/4413720414_4.jpg,Zigadenus glaberrimus,usda:ZIGL
gbif-inat-toxic-round2:00312723,images/raw/gbif-inat-toxic-round2/zigadenus_glaberrimus/4924013218_1.jpg,Zigadenus glaberrimus,usda:ZIGL
gbif-inat-toxic-round2:00312859,images/raw/gbif-inat-toxic-round2/zigadenus_glaberrimus/4407107095_5.jpg,Zigadenus glaberrimus,usda:ZIGL
gbif-inat-toxic-round2:00312833,images/raw/gbif-inat-toxic-round2/zigadenus_glaberrimus/4172316544_2.jpg,Zigadenus glaberrimus,usda:ZIGL
gbif-inat-toxic-round2:00313064,images/raw/gbif-inat-toxic-round2/zigadenus_glaberrimus/3384717919_2.jpg,Zigadenus glaberrimus,usda:ZIGL
gbif-inat-toxic-round2:00312842,images/raw/gbif-inat-toxic-round2/zigadenus_glaberrimus/4177208783_4.jpg,Zigadenus glaberrimus,usda:ZIGL
gbif-inat-toxic-round2:00312777,images/raw/gbif-inat-toxic-round2/zigadenus_glaberrimus/4981994905_1.jpg,Zigadenus glaberrimus,usda:ZIGL
gbif-inat-toxic-round2:00312733,images/raw/gbif-inat-toxic-round2/zigadenus_glaberrimus/4936545189_1.jpg,Zigadenus glaberrimus,usda:ZIGL
gbif-inat:00001840,images/raw/gbif-inat/zigadenus_glaberrimus/5828633620_1.jpg,Zigadenus glaberrimus,usda:ZIGL
gbif-inat:00001821,images/raw/gbif-inat/zigadenus_glaberrimus/5759593328_4.jpg,Zigadenus glaberrimus,usda:ZIGL
gbif-inat-toxic-round2:00312768,images/raw/gbif-inat-toxic-round2/zigadenus_glaberrimus/4945597168_5.jpg,Zigadenus glaberrimus,usda:ZIGL
gbif-inat-toxic-round2:00313067,images/raw/gbif-inat-toxic-round2/zigadenus_glaberrimus/3872911483_2.jpg,Zigadenus glaberrimus,usda:ZIGL
gbif-inat-toxic-round2:00312763,images/raw/gbif-inat-toxic-round2/zigadenus_glaberrimus/5176932385_5.jpg,Zigadenus glaberrimus,usda:ZIGL
gbif-inat-toxic-round2:00312831,images/raw/gbif-inat-toxic-round2/zigadenus_glaberrimus/4172271138_3.jpg,Zigadenus glaberrimus,usda:ZIGL
gbif-inat:00001867,images/raw/gbif-inat/zigadenus_glaberrimus/5840405755_1.jpg,Zigadenus glaberrimus,usda:ZIGL
gbif-inat:00001827,images/raw/gbif-inat/zigadenus_glaberrimus/5760038558_3.jpg,Zigadenus glaberrimus,usda:ZIGL
gbif-inat-toxic-round2:00313021,images/raw/gbif-inat-toxic-round2/zigadenus_glaberrimus/3343884870_1.jpg,Zigadenus glaberrimus,usda:ZIGL
gbif-inat-toxic-round2:00312724,images/raw/gbif-inat-toxic-round2/zigadenus_glaberrimus/4924013218_2.jpg,Zigadenus glaberrimus,usda:ZIGL
gbif-inat-toxic-round2:00312810,images/raw/gbif-inat-toxic-round2/zigadenus_glaberrimus/4171746950_1.jpg,Zigadenus glaberrimus,usda:ZIGL
gbif-inat-toxic-round2:00313072,images/raw/gbif-inat-toxic-round2/zigadenus_glaberrimus/3398985899_3.jpg,Zigadenus glaberrimus,usda:ZIGL
gbif-inat-toxic-round2:00312911,images/raw/gbif-inat-toxic-round2/zigadenus_glaberrimus/4952809233_2.jpg,Zigadenus glaberrimus,usda:ZIGL
gbif-inat-toxic-round2:00312924,images/raw/gbif-inat-toxic-round2/zigadenus_glaberrimus/3858828274_6.jpg,Zigadenus glaberrimus,usda:ZIGL
gbif-inat:00001854,images/raw/gbif-inat/zigadenus_glaberrimus/5839872041_1.jpg,Zigadenus glaberrimus,usda:ZIGL
gbif-inat-toxic-round2:00312703,images/raw/gbif-inat-toxic-round2/zigadenus_glaberrimus/4910888618_5.jpg,Zigadenus glaberrimus,usda:ZIGL
gbif-inat-toxic-round2:00312855,images/raw/gbif-inat-toxic-round2/zigadenus_glaberrimus/4407107095_1.jpg,Zigadenus glaberrimus,usda:ZIGL
gbif-inat-toxic-round2:00312846,images/raw/gbif-inat-toxic-round2/zigadenus_glaberrimus/4177466301_1.jpg,Zigadenus glaberrimus,usda:ZIGL
gbif-inat-toxic-round2:00312706,images/raw/gbif-inat-toxic-round2/zigadenus_glaberrimus/4919333909_2.jpg,Zigadenus glaberrimus,usda:ZIGL
gbif-inat-toxic-round2:00312826,images/raw/gbif-inat-toxic-round2/zigadenus_glaberrimus/4436245879_1.jpg,Zigadenus glaberrimus,usda:ZIGL
gbif-inat:00001865,images/raw/gbif-inat/zigadenus_glaberrimus/5840032566_3.jpg,Zigadenus glaberrimus,usda:ZIGL
gbif-inat-toxic-round2:00313038,images/raw/gbif-inat-toxic-round2/zigadenus_glaberrimus/3872940517_1.jpg,Zigadenus glaberrimus,usda:ZIGL
gbif-inat-toxic-round2:00312836,images/raw/gbif-inat-toxic-round2/zigadenus_glaberrimus/4177019581_3.jpg,Zigadenus glaberrimus,usda:ZIGL
gbif-inat-toxic-round2:00313005,images/raw/gbif-inat-toxic-round2/zigadenus_glaberrimus/3873287468_2.jpg,Zigadenus glaberrimus,usda:ZIGL
gbif-inat:00001825,images/raw/gbif-inat/zigadenus_glaberrimus/5760038558_1.jpg,Zigadenus glaberrimus,usda:ZIGL
gbif-inat-toxic-round2:00313046,images/raw/gbif-inat-toxic-round2/zigadenus_glaberrimus/3355753410_1.jpg,Zigadenus glaberrimus,usda:ZIGL
gbif-inat-toxic-round2:00312940,images/raw/gbif-inat-toxic-round2/zigadenus_glaberrimus/3881695363_1.jpg,Zigadenus glaberrimus,usda:ZIGL
gbif-inat-toxic-round2:00312896,images/raw/gbif-inat-toxic-round2/zigadenus_glaberrimus/4420865184_2.jpg,Zigadenus glaberrimus,usda:ZIGL
gbif-inat:00001845,images/raw/gbif-inat/zigadenus_glaberrimus/5838348970_2.jpg,Zigadenus glaberrimus,usda:ZIGL
gbif-inat-toxic-round2:00312754,images/raw/gbif-inat-toxic-round2/zigadenus_glaberrimus/5167432922_1.jpg,Zigadenus glaberrimus,usda:ZIGL
gbif-inat-toxic-round2:00312822,images/raw/gbif-inat-toxic-round2/zigadenus_glaberrimus/4171839749_5.jpg,Zigadenus glaberrimus,usda:ZIGL
gbif-inat-toxic-round2:00312890,images/raw/gbif-inat-toxic-round2/zigadenus_glaberrimus/4421165869_5.jpg,Zigadenus glaberrimus,usda:ZIGL
gbif-inat-toxic-round2:00312994,images/raw/gbif-inat-toxic-round2/zigadenus_glaberrimus/3961424488_1.jpg,Zigadenus glaberrimus,usda:ZIGL
gbif-inat-toxic-round2:00313014,images/raw/gbif-inat-toxic-round2/zigadenus_glaberrimus/3335168097_6.jpg,Zigadenus glaberrimus,usda:ZIGL
gbif-inat:00001804,images/raw/gbif-inat/zigadenus_glaberrimus/5292017997_3.jpg,Zigadenus glaberrimus,usda:ZIGL
gbif-inat-toxic-round2:00313001,images/raw/gbif-inat-toxic-round2/zigadenus_glaberrimus/3759625301_1.jpg,Zigadenus glaberrimus,usda:ZIGL
gbif-inat-toxic-round2:00312750,images/raw/gbif-inat-toxic-round2/zigadenus_glaberrimus/5069845094_2.jpg,Zigadenus glaberrimus,usda:ZIGL
gbif-inat:00001852,images/raw/gbif-inat/zigadenus_glaberrimus/5837713319_5.jpg,Zigadenus glaberrimus,usda:ZIGL
gbif-inat-toxic-round2:00312792,images/raw/gbif-inat-toxic-round2/zigadenus_glaberrimus/4980493042_4.jpg,Zigadenus glaberrimus,usda:ZIGL
gbif-inat:00001820,images/raw/gbif-inat/zigadenus_glaberrimus/5759593328_3.jpg,Zigadenus glaberrimus,usda:ZIGL
gbif-inat-toxic-round2:00313040,images/raw/gbif-inat-toxic-round2/zigadenus_glaberrimus/3873015488_2.jpg,Zigadenus glaberrimus,usda:ZIGL
gbif-inat:00000188,images/raw/gbif-inat/zigadenus_glaberrimus/5231600854_1.jpg,Zigadenus glaberrimus,usda:ZIGL
gbif-inat-toxic-round2:00312876,images/raw/gbif-inat-toxic-round2/zigadenus_glaberrimus/4417208644_1.jpg,Zigadenus glaberrimus,usda:ZIGL
gbif-inat-toxic-round2:00312889,images/raw/gbif-inat-toxic-round2/zigadenus_glaberrimus/4421165869_4.jpg,Zigadenus glaberrimus,usda:ZIGL
gbif-inat:00000190,images/raw/gbif-inat/zigadenus_glaberrimus/5237575747_1.jpg,Zigadenus glaberrimus,usda:ZIGL
gbif-inat:00001802,images/raw/gbif-inat/zigadenus_glaberrimus/5292017997_1.jpg,Zigadenus glaberrimus,usda:ZIGL
gbif-inat-toxic-round2:00312794,images/raw/gbif-inat-toxic-round2/zigadenus_glaberrimus/4153454784_2.jpg,Zigadenus glaberrimus,usda:ZIGL
gbif-inat-toxic-round2:00313035,images/raw/gbif-inat-toxic-round2/zigadenus_glaberrimus/3355545807_2.jpg,Zigadenus glaberrimus,usda:ZIGL
gbif-inat:00001837,images/raw/gbif-inat/zigadenus_glaberrimus/5828504363_1.jpg,Zigadenus glaberrimus,usda:ZIGL
gbif-inat:00001838,images/raw/gbif-inat/zigadenus_glaberrimus/5828504363_2.jpg,Zigadenus glaberrimus,usda:ZIGL
gbif-inat-toxic-round2:00312908,images/raw/gbif-inat-toxic-round2/zigadenus_glaberrimus/4846784669_1.jpg,Zigadenus glaberrimus,usda:ZIGL
gbif-inat-toxic-round2:00312986,images/raw/gbif-inat-toxic-round2/zigadenus_glaberrimus/3925192234_1.jpg,Zigadenus glaberrimus,usda:ZIGL
gbif-inat-toxic-round2:00312806,images/raw/gbif-inat-toxic-round2/zigadenus_glaberrimus/4171341193_1.jpg,Zigadenus glaberrimus,usda:ZIGL
gbif-inat:00001815,images/raw/gbif-inat/zigadenus_glaberrimus/5293274758_1.jpg,Zigadenus glaberrimus,usda:ZIGL
gbif-inat-toxic-round2:00312850,images/raw/gbif-inat-toxic-round2/zigadenus_glaberrimus/4399894532_1.jpg,Zigadenus glaberrimus,usda:ZIGL
gbif-inat-toxic-round2:00313065,images/raw/gbif-inat-toxic-round2/zigadenus_glaberrimus/3384717919_3.jpg,Zigadenus glaberrimus,usda:ZIGL
gbif-inat-toxic-round2:00312775,images/raw/gbif-inat-toxic-round2/zigadenus_glaberrimus/4946504556_1.jpg,Zigadenus glaberrimus,usda:ZIGL
gbif-inat:00001806,images/raw/gbif-inat/zigadenus_glaberrimus/5292053603_2.jpg,Zigadenus glaberrimus,usda:ZIGL
gbif-inat-toxic-round2:00312950,images/raw/gbif-inat-toxic-round2/zigadenus_glaberrimus/3892553684_1.jpg,Zigadenus glaberrimus,usda:ZIGL
gbif-inat-toxic-round2:00312854,images/raw/gbif-inat-toxic-round2/zigadenus_glaberrimus/4405195873_1.jpg,Zigadenus glaberrimus,usda:ZIGL
gbif-inat-toxic-round2:00313071,images/raw/gbif-inat-toxic-round2/zigadenus_glaberrimus/3398985899_2.jpg,Zigadenus glaberrimus,usda:ZIGL
gbif-inat:00000208,images/raw/gbif-inat/zigadenus_glaberrimus/5281844736_2.jpg,Zigadenus glaberrimus,usda:ZIGL
gbif-inat-toxic-round2:00312726,images/raw/gbif-inat-toxic-round2/zigadenus_glaberrimus/4925832488_2.jpg,Zigadenus glaberrimus,usda:ZIGL
gbif-inat-toxic-round2:00312976,images/raw/gbif-inat-toxic-round2/zigadenus_glaberrimus/3912252175_1.jpg,Zigadenus glaberrimus,usda:ZIGL
gbif-inat-toxic-round2:00312975,images/raw/gbif-inat-toxic-round2/zigadenus_glaberrimus/3911992699_2.jpg,Zigadenus glaberrimus,usda:ZIGL
gbif-inat-toxic-round2:00312919,images/raw/gbif-inat-toxic-round2/zigadenus_glaberrimus/3858828274_1.jpg,Zigadenus glaberrimus,usda:ZIGL
gbif-inat-toxic-round2:00312973,images/raw/gbif-inat-toxic-round2/zigadenus_glaberrimus/3903648152_1.jpg,Zigadenus glaberrimus,usda:ZIGL
gbif-inat:00001848,images/raw/gbif-inat/zigadenus_glaberrimus/5837713319_1.jpg,Zigadenus glaberrimus,usda:ZIGL
gbif-inat-toxic-round2:00313060,images/raw/gbif-inat-toxic-round2/zigadenus_glaberrimus/3384711779_4.jpg,Zigadenus glaberrimus,usda:ZIGL
gbif-inat-toxic-round2:00312885,images/raw/gbif-inat-toxic-round2/zigadenus_glaberrimus/4417208644_10.jpg,Zigadenus glaberrimus,usda:ZIGL
gbif-inat-toxic-round2:00312988,images/raw/gbif-inat-toxic-round2/zigadenus_glaberrimus/3925192234_3.jpg,Zigadenus glaberrimus,usda:ZIGL
gbif-inat-toxic-round2:00312941,images/raw/gbif-inat-toxic-round2/zigadenus_glaberrimus/3881775003_1.jpg,Zigadenus glaberrimus,usda:ZIGL
gbif-inat-toxic-round2:00312904,images/raw/gbif-inat-toxic-round2/zigadenus_glaberrimus/4431018582_2.jpg,Zigadenus glaberrimus,usda:ZIGL
gbif-inat-toxic-round2:00312713,images/raw/gbif-inat-toxic-round2/zigadenus_glaberrimus/4936618475_3.jpg,Zigadenus glaberrimus,usda:ZIGL
gbif-inat-toxic-round2:00312707,images/raw/gbif-inat-toxic-round2/zigadenus_glaberrimus/4919358034_1.jpg,Zigadenus glaberrimus,usda:ZIGL
gbif-inat:00001836,images/raw/gbif-inat/zigadenus_glaberrimus/5827687907_1.jpg,Zigadenus glaberrimus,usda:ZIGL
gbif-inat-toxic-round2:00312954,images/raw/gbif-inat-toxic-round2/zigadenus_glaberrimus/3902571150_1.jpg,Zigadenus glaberrimus,usda:ZIGL
gbif-inat-toxic-round2:00312910,images/raw/gbif-inat-toxic-round2/zigadenus_glaberrimus/4952809233_1.jpg,Zigadenus glaberrimus,usda:ZIGL
gbif-inat-toxic-round2:00312736,images/raw/gbif-inat-toxic-round2/zigadenus_glaberrimus/4937091315_1.jpg,Zigadenus glaberrimus,usda:ZIGL
gbif-inat-toxic-round2:00312906,images/raw/gbif-inat-toxic-round2/zigadenus_glaberrimus/4431080045_2.jpg,Zigadenus glaberrimus,usda:ZIGL
gbif-inat-toxic-round2:00312858,images/raw/gbif-inat-toxic-round2/zigadenus_glaberrimus/4407107095_4.jpg,Zigadenus glaberrimus,usda:ZIGL
gbif-inat-toxic-round2:00312937,images/raw/gbif-inat-toxic-round2/zigadenus_glaberrimus/3881373746_2.jpg,Zigadenus glaberrimus,usda:ZIGL
gbif-inat-toxic-round2:00312927,images/raw/gbif-inat-toxic-round2/zigadenus_glaberrimus/3873452205_3.jpg,Zigadenus glaberrimus,usda:ZIGL
gbif-inat:00001863,images/raw/gbif-inat/zigadenus_glaberrimus/5840032566_1.jpg,Zigadenus glaberrimus,usda:ZIGL
gbif-inat-toxic-round2:00312953,images/raw/gbif-inat-toxic-round2/zigadenus_glaberrimus/3902311155_1.jpg,Zigadenus glaberrimus,usda:ZIGL
gbif-inat-toxic-round2:00312838,images/raw/gbif-inat-toxic-round2/zigadenus_glaberrimus/4177019581_5.jpg,Zigadenus glaberrimus,usda:ZIGL
gbif-inat-toxic-round2:00313027,images/raw/gbif-inat-toxic-round2/zigadenus_glaberrimus/3355085025_1.jpg,Zigadenus glaberrimus,usda:ZIGL
gbif-inat-toxic-round2:00312772,images/raw/gbif-inat-toxic-round2/zigadenus_glaberrimus/4945897792_3.jpg,Zigadenus glaberrimus,usda:ZIGL
gbif-inat-toxic-round2:00312974,images/raw/gbif-inat-toxic-round2/zigadenus_glaberrimus/3911992699_1.jpg,Zigadenus glaberrimus,usda:ZIGL
gbif-inat:00001851,images/raw/gbif-inat/zigadenus_glaberrimus/5837713319_4.jpg,Zigadenus glaberrimus,usda:ZIGL
gbif-inat-toxic-round2:00312704,images/raw/gbif-inat-toxic-round2/zigadenus_glaberrimus/4910888618_6.jpg,Zigadenus glaberrimus,usda:ZIGL
gbif-inat-toxic-round2:00312778,images/raw/gbif-inat-toxic-round2/zigadenus_glaberrimus/4982084688_1.jpg,Zigadenus glaberrimus,usda:ZIGL
gbif-inat-toxic-round2:00313052,images/raw/gbif-inat-toxic-round2/zigadenus_glaberrimus/3383975490_3.jpg,Zigadenus glaberrimus,usda:ZIGL
gbif-inat-toxic-round2:00312807,images/raw/gbif-inat-toxic-round2/zigadenus_glaberrimus/4171341193_2.jpg,Zigadenus glaberrimus,usda:ZIGL
gbif-inat-toxic-round2:00312681,images/raw/gbif-inat-toxic-round2/zigadenus_glaberrimus/5890131455_3.jpg,Zigadenus glaberrimus,usda:ZIGL
gbif-inat-toxic-round2:00312996,images/raw/gbif-inat-toxic-round2/zigadenus_glaberrimus/3985874746_2.jpg,Zigadenus glaberrimus,usda:ZIGL
gbif-inat-toxic-round2:00313050,images/raw/gbif-inat-toxic-round2/zigadenus_glaberrimus/3383975490_1.jpg,Zigadenus glaberrimus,usda:ZIGL
gbif-inat-toxic-round2:00312725,images/raw/gbif-inat-toxic-round2/zigadenus_glaberrimus/4925832488_1.jpg,Zigadenus glaberrimus,usda:ZIGL
gbif-inat:00001803,images/raw/gbif-inat/zigadenus_glaberrimus/5292017997_2.jpg,Zigadenus glaberrimus,usda:ZIGL
gbif-inat-toxic-round2:00312799,images/raw/gbif-inat-toxic-round2/zigadenus_glaberrimus/4171157845_2.jpg,Zigadenus glaberrimus,usda:ZIGL
gbif-inat:00001853,images/raw/gbif-inat/zigadenus_glaberrimus/5837713319_6.jpg,Zigadenus glaberrimus,usda:ZIGL
gbif-inat-toxic-round2:00312893,images/raw/gbif-inat-toxic-round2/zigadenus_glaberrimus/4421165869_8.jpg,Zigadenus glaberrimus,usda:ZIGL
gbif-inat-toxic-round2:00312888,images/raw/gbif-inat-toxic-round2/zigadenus_glaberrimus/4421165869_3.jpg,Zigadenus glaberrimus,usda:ZIGL
gbif-inat:00001832,images/raw/gbif-inat/zigadenus_glaberrimus/5760593653_2.jpg,Zigadenus glaberrimus,usda:ZIGL
gbif-inat:00001809,images/raw/gbif-inat/zigadenus_glaberrimus/5292053603_5.jpg,Zigadenus glaberrimus,usda:ZIGL
gbif-inat-toxic-round2:00312894,images/raw/gbif-inat-toxic-round2/zigadenus_glaberrimus/4952994351_1.jpg,Zigadenus glaberrimus,usda:ZIGL
gbif-inat-toxic-round2:00313066,images/raw/gbif-inat-toxic-round2/zigadenus_glaberrimus/3872911483_1.jpg,Zigadenus glaberrimus,usda:ZIGL
gbif-inat-toxic-round2:00312758,images/raw/gbif-inat-toxic-round2/zigadenus_glaberrimus/5167432922_5.jpg,Zigadenus glaberrimus,usda:ZIGL
gbif-inat:00000197,images/raw/gbif-inat/zigadenus_glaberrimus/5282276233_3.jpg,Zigadenus glaberrimus,usda:ZIGL
gbif-inat-toxic-round2:00313013,images/raw/gbif-inat-toxic-round2/zigadenus_glaberrimus/3335168097_5.jpg,Zigadenus glaberrimus,usda:ZIGL
gbif-inat-toxic-round2:00312784,images/raw/gbif-inat-toxic-round2/zigadenus_glaberrimus/4954642496_1.jpg,Zigadenus glaberrimus,usda:ZIGL
gbif-inat:00001816,images/raw/gbif-inat/zigadenus_glaberrimus/5293274888_1.jpg,Zigadenus glaberrimus,usda:ZIGL
gbif-inat:00000184,images/raw/gbif-inat/zigadenus_glaberrimus/5216134300_1.jpg,Zigadenus glaberrimus,usda:ZIGL
gbif-inat-toxic-round2:00313018,images/raw/gbif-inat-toxic-round2/zigadenus_glaberrimus/3337995483_2.jpg,Zigadenus glaberrimus,usda:ZIGL
gbif-inat-toxic-round2:00312797,images/raw/gbif-inat-toxic-round2/zigadenus_glaberrimus/4171151732_1.jpg,Zigadenus glaberrimus,usda:ZIGL
gbif-inat-toxic-round2:00313019,images/raw/gbif-inat-toxic-round2/zigadenus_glaberrimus/3338011757_1.jpg,Zigadenus glaberrimus,usda:ZIGL
gbif-inat:00001856,images/raw/gbif-inat/zigadenus_glaberrimus/5839872041_3.jpg,Zigadenus glaberrimus,usda:ZIGL
gbif-inat:00000198,images/raw/gbif-inat/zigadenus_glaberrimus/5282543733_1.jpg,Zigadenus glaberrimus,usda:ZIGL
gbif-inat-toxic-round2:00312980,images/raw/gbif-inat-toxic-round2/zigadenus_glaberrimus/3912426775_1.jpg,Zigadenus glaberrimus,usda:ZIGL
gbif-inat:00000203,images/raw/gbif-inat/zigadenus_glaberrimus/5281775430_1.jpg,Zigadenus glaberrimus,usda:ZIGL
gbif-inat-toxic-round2:00312818,images/raw/gbif-inat-toxic-round2/zigadenus_glaberrimus/4171839749_1.jpg,Zigadenus glaberrimus,usda:ZIGL
gbif-inat-toxic-round2:00312839,images/raw/gbif-inat-toxic-round2/zigadenus_glaberrimus/4177208783_1.jpg,Zigadenus glaberrimus,usda:ZIGL
gbif-inat:00001862,images/raw/gbif-inat/zigadenus_glaberrimus/6195897080_2.jpg,Zigadenus glaberrimus,usda:ZIGL
gbif-inat-toxic-round2:00312683,images/raw/gbif-inat-toxic-round2/zigadenus_glaberrimus/5890323629_2.jpg,Zigadenus glaberrimus,usda:ZIGL
gbif-inat-toxic-round2:00312861,images/raw/gbif-inat-toxic-round2/zigadenus_glaberrimus/4407615416_1.jpg,Zigadenus glaberrimus,usda:ZIGL
gbif-inat-toxic-round2:00312955,images/raw/gbif-inat-toxic-round2/zigadenus_glaberrimus/3902571150_2.jpg,Zigadenus glaberrimus,usda:ZIGL
gbif-inat-toxic-round2:00312693,images/raw/gbif-inat-toxic-round2/zigadenus_glaberrimus/4903715005_1.jpg,Zigadenus glaberrimus,usda:ZIGL
gbif-inat-toxic-round2:00312918,images/raw/gbif-inat-toxic-round2/zigadenus_glaberrimus/4952895174_3.jpg,Zigadenus glaberrimus,usda:ZIGL
gbif-inat-toxic-round2:00312677,images/raw/gbif-inat-toxic-round2/zigadenus_glaberrimus/5867853510_1.jpg,Zigadenus glaberrimus,usda:ZIGL
gbif-inat-toxic-round2:00312917,images/raw/gbif-inat-toxic-round2/zigadenus_glaberrimus/4952895174_2.jpg,Zigadenus glaberrimus,usda:ZIGL
gbif-inat-toxic-round2:00312857,images/raw/gbif-inat-toxic-round2/zigadenus_glaberrimus/4407107095_3.jpg,Zigadenus glaberrimus,usda:ZIGL
gbif-inat-toxic-round2:00312948,images/raw/gbif-inat-toxic-round2/zigadenus_glaberrimus/3889070424_1.jpg,Zigadenus glaberrimus,usda:ZIGL
gbif-inat-toxic-round2:00312800,images/raw/gbif-inat-toxic-round2/zigadenus_glaberrimus/4171157845_3.jpg,Zigadenus glaberrimus,usda:ZIGL
gbif-inat-toxic-round2:00313047,images/raw/gbif-inat-toxic-round2/zigadenus_glaberrimus/3355753410_2.jpg,Zigadenus glaberrimus,usda:ZIGL
gbif-inat-toxic-round2:00313057,images/raw/gbif-inat-toxic-round2/zigadenus_glaberrimus/3384711779_1.jpg,Zigadenus glaberrimus,usda:ZIGL
gbif-inat-toxic-round2:00312868,images/raw/gbif-inat-toxic-round2/zigadenus_glaberrimus/4413920224_1.jpg,Zigadenus glaberrimus,usda:ZIGL
gbif-inat-toxic-round2:00312737,images/raw/gbif-inat-toxic-round2/zigadenus_glaberrimus/4937183312_1.jpg,Zigadenus glaberrimus,usda:ZIGL
gbif-inat-toxic-round2:00312816,images/raw/gbif-inat-toxic-round2/zigadenus_glaberrimus/4171833710_3.jpg,Zigadenus glaberrimus,usda:ZIGL
gbif-inat-toxic-round2:00312989,images/raw/gbif-inat-toxic-round2/zigadenus_glaberrimus/3925192234_4.jpg,Zigadenus glaberrimus,usda:ZIGL
gbif-inat-toxic-round2:00312709,images/raw/gbif-inat-toxic-round2/zigadenus_glaberrimus/4919358034_3.jpg,Zigadenus glaberrimus,usda:ZIGL
gbif-inat-toxic-round2:00312757,images/raw/gbif-inat-toxic-round2/zigadenus_glaberrimus/5167432922_4.jpg,Zigadenus glaberrimus,usda:ZIGL
gbif-inat-toxic-round2:00312714,images/raw/gbif-inat-toxic-round2/zigadenus_glaberrimus/4936618475_4.jpg,Zigadenus glaberrimus,usda:ZIGL
gbif-inat-toxic-round2:00312701,images/raw/gbif-inat-toxic-round2/zigadenus_glaberrimus/4910888618_3.jpg,Zigadenus glaberrimus,usda:ZIGL
gbif-inat:00001859,images/raw/gbif-inat/zigadenus_glaberrimus/5840076907_2.jpg,Zigadenus glaberrimus,usda:ZIGL
gbif-inat-toxic-round2:00312882,images/raw/gbif-inat-toxic-round2/zigadenus_glaberrimus/4417208644_7.jpg,Zigadenus glaberrimus,usda:ZIGL
gbif-inat-toxic-round2:00312987,images/raw/gbif-inat-toxic-round2/zigadenus_glaberrimus/3925192234_2.jpg,Zigadenus glaberrimus,usda:ZIGL
gbif-inat-toxic-round2:00312993,images/raw/gbif-inat-toxic-round2/zigadenus_glaberrimus/3925192234_8.jpg,Zigadenus glaberrimus,usda:ZIGL
gbif-inat-toxic-round2:00312867,images/raw/gbif-inat-toxic-round2/zigadenus_glaberrimus/4413918474_1.jpg,Zigadenus glaberrimus,usda:ZIGL
gbif-inat:00001813,images/raw/gbif-inat/zigadenus_glaberrimus/5293117530_1.jpg,Zigadenus glaberrimus,usda:ZIGL
gbif-inat-toxic-round2:00312837,images/raw/gbif-inat-toxic-round2/zigadenus_glaberrimus/4177019581_4.jpg,Zigadenus glaberrimus,usda:ZIGL
gbif-inat-toxic-round2:00312789,images/raw/gbif-inat-toxic-round2/zigadenus_glaberrimus/4980493042_1.jpg,Zigadenus glaberrimus,usda:ZIGL
gbif-inat-toxic-round2:00313025,images/raw/gbif-inat-toxic-round2/zigadenus_glaberrimus/3355032033_3.jpg,Zigadenus glaberrimus,usda:ZIGL
gbif-inat:00001860,images/raw/gbif-inat/zigadenus_glaberrimus/5840082618_1.jpg,Zigadenus glaberrimus,usda:ZIGL
gbif-inat-toxic-round2:00312798,images/raw/gbif-inat-toxic-round2/zigadenus_glaberrimus/4171157845_1.jpg,Zigadenus glaberrimus,usda:ZIGL
gbif-inat-toxic-round2:00312942,images/raw/gbif-inat-toxic-round2/zigadenus_glaberrimus/3881775003_2.jpg,Zigadenus glaberrimus,usda:ZIGL
gbif-inat-toxic-round2:00312825,images/raw/gbif-inat-toxic-round2/zigadenus_glaberrimus/4413597735_1.jpg,Zigadenus glaberrimus,usda:ZIGL
gbif-inat-toxic-round2:00312864,images/raw/gbif-inat-toxic-round2/zigadenus_glaberrimus/4413720414_3.jpg,Zigadenus glaberrimus,usda:ZIGL
gbif-inat-toxic-round2:00312812,images/raw/gbif-inat-toxic-round2/zigadenus_glaberrimus/4171746950_3.jpg,Zigadenus glaberrimus,usda:ZIGL
gbif-inat-toxic-round2:00312821,images/raw/gbif-inat-toxic-round2/zigadenus_glaberrimus/4171839749_4.jpg,Zigadenus glaberrimus,usda:ZIGL
gbif-inat-toxic-round2:00313020,images/raw/gbif-inat-toxic-round2/zigadenus_glaberrimus/3338011757_2.jpg,Zigadenus glaberrimus,usda:ZIGL
gbif-inat-toxic-round2:00313055,images/raw/gbif-inat-toxic-round2/zigadenus_glaberrimus/3384007723_2.jpg,Zigadenus glaberrimus,usda:ZIGL
gbif-inat-toxic-round2:00312898,images/raw/gbif-inat-toxic-round2/zigadenus_glaberrimus/4424682496_2.jpg,Zigadenus glaberrimus,usda:ZIGL
gbif-inat-toxic-round2:00312978,images/raw/gbif-inat-toxic-round2/zigadenus_glaberrimus/3912388402_2.jpg,Zigadenus glaberrimus,usda:ZIGL
gbif-inat-toxic-round2:00312686,images/raw/gbif-inat-toxic-round2/zigadenus_glaberrimus/6159343400_2.jpg,Zigadenus glaberrimus,usda:ZIGL
gbif-inat-toxic-round2:00313008,images/raw/gbif-inat-toxic-round2/zigadenus_glaberrimus/6320747318_2.jpg,Zigadenus glaberrimus,usda:ZIGL
gbif-inat-toxic-round2:00313006,images/raw/gbif-inat-toxic-round2/zigadenus_glaberrimus/4171328439_1.jpg,Zigadenus glaberrimus,usda:ZIGL
gbif-inat:00001826,images/raw/gbif-inat/zigadenus_glaberrimus/5760038558_2.jpg,Zigadenus glaberrimus,usda:ZIGL
gbif-inat:00001830,images/raw/gbif-inat/zigadenus_glaberrimus/5760241543_2.jpg,Zigadenus glaberrimus,usda:ZIGL
gbif-inat-toxic-round2:00312881,images/raw/gbif-inat-toxic-round2/zigadenus_glaberrimus/4417208644_6.jpg,Zigadenus glaberrimus,usda:ZIGL
gbif-inat-toxic-round2:00312972,images/raw/gbif-inat-toxic-round2/zigadenus_glaberrimus/3903332412_1.jpg,Zigadenus glaberrimus,usda:ZIGL
gbif-inat-toxic-round2:00313076,images/raw/gbif-inat-toxic-round2/zigadenus_glaberrimus/4171733379_2.jpg,Zigadenus glaberrimus,usda:ZIGL
gbif-inat-toxic-round2:00312895,images/raw/gbif-inat-toxic-round2/zigadenus_glaberrimus/4420865184_1.jpg,Zigadenus glaberrimus,usda:ZIGL
gbif-inat-toxic-round2:00312829,images/raw/gbif-inat-toxic-round2/zigadenus_glaberrimus/4172271138_1.jpg,Zigadenus glaberrimus,usda:ZIGL
gbif-inat-toxic-round2:00312851,images/raw/gbif-inat-toxic-round2/zigadenus_glaberrimus/4399924566_1.jpg,Zigadenus glaberrimus,usda:ZIGL
gbif-inat-toxic-round2:00312920,images/raw/gbif-inat-toxic-round2/zigadenus_glaberrimus/3858828274_2.jpg,Zigadenus glaberrimus,usda:ZIGL
gbif-inat-toxic-round2:00312811,images/raw/gbif-inat-toxic-round2/zigadenus_glaberrimus/4171746950_2.jpg,Zigadenus glaberrimus,usda:ZIGL
gbif-inat:00000205,images/raw/gbif-inat/zigadenus_glaberrimus/5281775430_3.jpg,Zigadenus glaberrimus,usda:ZIGL
gbif-inat:00000204,images/raw/gbif-inat/zigadenus_glaberrimus/5281775430_2.jpg,Zigadenus glaberrimus,usda:ZIGL
gbif-inat-toxic-round2:00312755,images/raw/gbif-inat-toxic-round2/zigadenus_glaberrimus/5167432922_2.jpg,Zigadenus glaberrimus,usda:ZIGL
gbif-inat-toxic-round2:00312762,images/raw/gbif-inat-toxic-round2/zigadenus_glaberrimus/5176932385_4.jpg,Zigadenus glaberrimus,usda:ZIGL
gbif-inat-toxic-round2:00312931,images/raw/gbif-inat-toxic-round2/zigadenus_glaberrimus/3873764389_2.jpg,Zigadenus glaberrimus,usda:ZIGL
gbif-inat-toxic-round2:00313063,images/raw/gbif-inat-toxic-round2/zigadenus_glaberrimus/3384717919_1.jpg,Zigadenus glaberrimus,usda:ZIGL
gbif-inat-toxic-round2:00312827,images/raw/gbif-inat-toxic-round2/zigadenus_glaberrimus/4436245879_2.jpg,Zigadenus glaberrimus,usda:ZIGL
gbif-inat-toxic-round2:00312913,images/raw/gbif-inat-toxic-round2/zigadenus_glaberrimus/4952809233_4.jpg,Zigadenus glaberrimus,usda:ZIGL
gbif-inat-toxic-round2:00313029,images/raw/gbif-inat-toxic-round2/zigadenus_glaberrimus/3355123022_2.jpg,Zigadenus glaberrimus,usda:ZIGL
gbif-inat-toxic-round2:00312949,images/raw/gbif-inat-toxic-round2/zigadenus_glaberrimus/3892359962_1.jpg,Zigadenus glaberrimus,usda:ZIGL
gbif-inat:00001811,images/raw/gbif-inat/zigadenus_glaberrimus/5292542391_1.jpg,Zigadenus glaberrimus,usda:ZIGL
gbif-inat:00001824,images/raw/gbif-inat/zigadenus_glaberrimus/5759833947_1.jpg,Zigadenus glaberrimus,usda:ZIGL
gbif-inat-toxic-round2:00312819,images/raw/gbif-inat-toxic-round2/zigadenus_glaberrimus/4171839749_2.jpg,Zigadenus glaberrimus,usda:ZIGL
gbif-inat:00001870,images/raw/gbif-inat/zigadenus_glaberrimus/5840405755_4.jpg,Zigadenus glaberrimus,usda:ZIGL
gbif-inat-toxic-round2:00312766,images/raw/gbif-inat-toxic-round2/zigadenus_glaberrimus/4945597168_3.jpg,Zigadenus glaberrimus,usda:ZIGL
gbif-inat-toxic-round2:00312742,images/raw/gbif-inat-toxic-round2/zigadenus_glaberrimus/4946572464_1.jpg,Zigadenus glaberrimus,usda:ZIGL
gbif-inat:00000187,images/raw/gbif-inat/zigadenus_glaberrimus/5216134300_4.jpg,Zigadenus glaberrimus,usda:ZIGL
gbif-inat:00001844,images/raw/gbif-inat/zigadenus_glaberrimus/5838348970_1.jpg,Zigadenus glaberrimus,usda:ZIGL
gbif-inat-toxic-round2:00313051,images/raw/gbif-inat-toxic-round2/zigadenus_glaberrimus/3383975490_2.jpg,Zigadenus glaberrimus,usda:ZIGL
gbif-inat-toxic-round2:00312804,images/raw/gbif-inat-toxic-round2/zigadenus_glaberrimus/4171214229_3.jpg,Zigadenus glaberrimus,usda:ZIGL
gbif-inat-toxic-round2:00312689,images/raw/gbif-inat-toxic-round2/zigadenus_glaberrimus/4510328848_2.jpg,Zigadenus glaberrimus,usda:ZIGL
gbif-inat-toxic-round2:00312719,images/raw/gbif-inat-toxic-round2/zigadenus_glaberrimus/5188314674_2.jpg,Zigadenus glaberrimus,usda:ZIGL
gbif-inat-toxic-round2:00312863,images/raw/gbif-inat-toxic-round2/zigadenus_glaberrimus/4413720414_2.jpg,Zigadenus glaberrimus,usda:ZIGL
gbif-inat-toxic-round2:00312834,images/raw/gbif-inat-toxic-round2/zigadenus_glaberrimus/4177019581_1.jpg,Zigadenus glaberrimus,usda:ZIGL
gbif-inat-toxic-round2:00312965,images/raw/gbif-inat-toxic-round2/zigadenus_glaberrimus/4171245547_2.jpg,Zigadenus glaberrimus,usda:ZIGL
gbif-inat-toxic-round2:00313010,images/raw/gbif-inat-toxic-round2/zigadenus_glaberrimus/3335168097_2.jpg,Zigadenus glaberrimus,usda:ZIGL
gbif-inat-toxic-round2:00312795,images/raw/gbif-inat-toxic-round2/zigadenus_glaberrimus/4153454784_3.jpg,Zigadenus glaberrimus,usda:ZIGL
gbif-inat-toxic-round2:00313054,images/raw/gbif-inat-toxic-round2/zigadenus_glaberrimus/3384007723_1.jpg,Zigadenus glaberrimus,usda:ZIGL
gbif-inat:00001812,images/raw/gbif-inat/zigadenus_glaberrimus/5292724759_1.jpg,Zigadenus glaberrimus,usda:ZIGL
gbif-inat-toxic-round2:00312727,images/raw/gbif-inat-toxic-round2/zigadenus_glaberrimus/4925935133_1.jpg,Zigadenus glaberrimus,usda:ZIGL
gbif-inat:00001846,images/raw/gbif-inat/zigadenus_glaberrimus/5838348970_3.jpg,Zigadenus glaberrimus,usda:ZIGL
gbif-inat-toxic-round2:00312921,images/raw/gbif-inat-toxic-round2/zigadenus_glaberrimus/3858828274_3.jpg,Zigadenus glaberrimus,usda:ZIGL
gbif-inat-toxic-round2:00313026,images/raw/gbif-inat-toxic-round2/zigadenus_glaberrimus/3355060932_1.jpg,Zigadenus glaberrimus,usda:ZIGL
gbif-inat-toxic-round2:00312909,images/raw/gbif-inat-toxic-round2/zigadenus_glaberrimus/4846784669_2.jpg,Zigadenus glaberrimus,usda:ZIGL
gbif-inat-toxic-round2:00312844,images/raw/gbif-inat-toxic-round2/zigadenus_glaberrimus/4177307926_2.jpg,Zigadenus glaberrimus,usda:ZIGL
gbif-inat-toxic-round2:00312776,images/raw/gbif-inat-toxic-round2/zigadenus_glaberrimus/4953036421_1.jpg,Zigadenus glaberrimus,usda:ZIGL
gbif-inat-toxic-round2:00312873,images/raw/gbif-inat-toxic-round2/zigadenus_glaberrimus/4417011504_2.jpg,Zigadenus glaberrimus,usda:ZIGL
gbif-inat-toxic-round2:00312943,images/raw/gbif-inat-toxic-round2/zigadenus_glaberrimus/3881775003_3.jpg,Zigadenus glaberrimus,usda:ZIGL
gbif-inat-toxic-round2:00312687,images/raw/gbif-inat-toxic-round2/zigadenus_glaberrimus/6159343400_3.jpg,Zigadenus glaberrimus,usda:ZIGL
gbif-inat-toxic-round2:00312682,images/raw/gbif-inat-toxic-round2/zigadenus_glaberrimus/5890323629_1.jpg,Zigadenus glaberrimus,usda:ZIGL
gbif-inat-toxic-round2:00312743,images/raw/gbif-inat-toxic-round2/zigadenus_glaberrimus/4946572464_2.jpg,Zigadenus glaberrimus,usda:ZIGL
gbif-inat-toxic-round2:00312808,images/raw/gbif-inat-toxic-round2/zigadenus_glaberrimus/4171517434_1.jpg,Zigadenus glaberrimus,usda:ZIGL
gbif-inat:00001822,images/raw/gbif-inat/zigadenus_glaberrimus/5759744380_1.jpg,Zigadenus glaberrimus,usda:ZIGL
gbif-inat-toxic-round2:00312999,images/raw/gbif-inat-toxic-round2/zigadenus_glaberrimus/3328153402_1.jpg,Zigadenus glaberrimus,usda:ZIGL
gbif-inat-toxic-round2:00312884,images/raw/gbif-inat-toxic-round2/zigadenus_glaberrimus/4417208644_9.jpg,Zigadenus glaberrimus,usda:ZIGL
gbif-inat-toxic-round2:00312979,images/raw/gbif-inat-toxic-round2/zigadenus_glaberrimus/3912388402_3.jpg,Zigadenus glaberrimus,usda:ZIGL
gbif-inat-toxic-round2:00312912,images/raw/gbif-inat-toxic-round2/zigadenus_glaberrimus/4952809233_3.jpg,Zigadenus glaberrimus,usda:ZIGL
gbif-inat:00001817,images/raw/gbif-inat/zigadenus_glaberrimus/5293274888_2.jpg,Zigadenus glaberrimus,usda:ZIGL
gbif-inat:00001868,images/raw/gbif-inat/zigadenus_glaberrimus/5840405755_2.jpg,Zigadenus glaberrimus,usda:ZIGL
gbif-inat:00000210,images/raw/gbif-inat/zigadenus_glaberrimus/5282451960_1.jpg,Zigadenus glaberrimus,usda:ZIGL
gbif-inat-toxic-round2:00313007,images/raw/gbif-inat-toxic-round2/zigadenus_glaberrimus/6320747318_1.jpg,Zigadenus glaberrimus,usda:ZIGL
gbif-inat-toxic-round2:00313059,images/raw/gbif-inat-toxic-round2/zigadenus_glaberrimus/3384711779_3.jpg,Zigadenus glaberrimus,usda:ZIGL
gbif-inat:00001805,images/raw/gbif-inat/zigadenus_glaberrimus/5292053603_1.jpg,Zigadenus glaberrimus,usda:ZIGL
gbif-inat:00000209,images/raw/gbif-inat/zigadenus_glaberrimus/5282061479_1.jpg,Zigadenus glaberrimus,usda:ZIGL
gbif-inat-toxic-round2:00312739,images/raw/gbif-inat-toxic-round2/zigadenus_glaberrimus/4945982292_1.jpg,Zigadenus glaberrimus,usda:ZIGL
gbif-inat-toxic-round2:00312771,images/raw/gbif-inat-toxic-round2/zigadenus_glaberrimus/4945897792_2.jpg,Zigadenus glaberrimus,usda:ZIGL
gbif-inat-toxic-round2:00312997,images/raw/gbif-inat-toxic-round2/zigadenus_glaberrimus/3113248027_1.jpg,Zigadenus glaberrimus,usda:ZIGL
gbif-inat-toxic-round2:00312824,images/raw/gbif-inat-toxic-round2/zigadenus_glaberrimus/4171891453_1.jpg,Zigadenus glaberrimus,usda:ZIGL
gbif-inat-toxic-round2:00312914,images/raw/gbif-inat-toxic-round2/zigadenus_glaberrimus/4952809233_5.jpg,Zigadenus glaberrimus,usda:ZIGL
gbif-inat-toxic-round2:00312966,images/raw/gbif-inat-toxic-round2/zigadenus_glaberrimus/4171245547_3.jpg,Zigadenus glaberrimus,usda:ZIGL
gbif-inat-toxic-round2:00312749,images/raw/gbif-inat-toxic-round2/zigadenus_glaberrimus/5069845094_1.jpg,Zigadenus glaberrimus,usda:ZIGL
gbif-inat-toxic-round2:00312688,images/raw/gbif-inat-toxic-round2/zigadenus_glaberrimus/4510328848_1.jpg,Zigadenus glaberrimus,usda:ZIGL
gbif-inat-toxic-round2:00312982,images/raw/gbif-inat-toxic-round2/zigadenus_glaberrimus/3912426775_3.jpg,Zigadenus glaberrimus,usda:ZIGL
gbif-inat-toxic-round2:00312767,images/raw/gbif-inat-toxic-round2/zigadenus_glaberrimus/4945597168_4.jpg,Zigadenus glaberrimus,usda:ZIGL
gbif-inat-toxic-round2:00312729,images/raw/gbif-inat-toxic-round2/zigadenus_glaberrimus/4926279745_1.jpg,Zigadenus glaberrimus,usda:ZIGL
gbif-inat:00001857,images/raw/gbif-inat/zigadenus_glaberrimus/5839997803_1.jpg,Zigadenus glaberrimus,usda:ZIGL
gbif-inat-toxic-round2:00313074,images/raw/gbif-inat-toxic-round2/zigadenus_glaberrimus/4171309495_1.jpg,Zigadenus glaberrimus,usda:ZIGL
gbif-inat-toxic-round2:00312915,images/raw/gbif-inat-toxic-round2/zigadenus_glaberrimus/5153019430_1.jpg,Zigadenus glaberrimus,usda:ZIGL
gbif-inat-toxic-round2:00312710,images/raw/gbif-inat-toxic-round2/zigadenus_glaberrimus/4936319715_1.jpg,Zigadenus glaberrimus,usda:ZIGL
gbif-inat:00001810,images/raw/gbif-inat/zigadenus_glaberrimus/5292455021_1.jpg,Zigadenus glaberrimus,usda:ZIGL
gbif-inat-toxic-round2:00312700,images/raw/gbif-inat-toxic-round2/zigadenus_glaberrimus/4910888618_2.jpg,Zigadenus glaberrimus,usda:ZIGL
gbif-inat-toxic-round2:00312971,images/raw/gbif-inat-toxic-round2/zigadenus_glaberrimus/3903298477_1.jpg,Zigadenus glaberrimus,usda:ZIGL
gbif-inat-toxic-round2:00312692,images/raw/gbif-inat-toxic-round2/zigadenus_glaberrimus/4510328848_5.jpg,Zigadenus glaberrimus,usda:ZIGL
gbif-inat-toxic-round2:00312938,images/raw/gbif-inat-toxic-round2/zigadenus_glaberrimus/3881491989_1.jpg,Zigadenus glaberrimus,usda:ZIGL
gbif-inat-toxic-round2:00313023,images/raw/gbif-inat-toxic-round2/zigadenus_glaberrimus/3355032033_1.jpg,Zigadenus glaberrimus,usda:ZIGL
gbif-inat-toxic-round2:00312880,images/raw/gbif-inat-toxic-round2/zigadenus_glaberrimus/4417208644_5.jpg,Zigadenus glaberrimus,usda:ZIGL
gbif-inat-toxic-round2:00312781,images/raw/gbif-inat-toxic-round2/zigadenus_glaberrimus/5167126690_1.jpg,Zigadenus glaberrimus,usda:ZIGL
gbif-inat-toxic-round2:00312959,images/raw/gbif-inat-toxic-round2/zigadenus_glaberrimus/3923413763_1.jpg,Zigadenus glaberrimus,usda:ZIGL
gbif-inat:00001833,images/raw/gbif-inat/zigadenus_glaberrimus/5760593653_3.jpg,Zigadenus glaberrimus,usda:ZIGL
gbif-inat-toxic-round2:00312866,images/raw/gbif-inat-toxic-round2/zigadenus_glaberrimus/4413720414_5.jpg,Zigadenus glaberrimus,usda:ZIGL
gbif-inat:00001855,images/raw/gbif-inat/zigadenus_glaberrimus/5839872041_2.jpg,Zigadenus glaberrimus,usda:ZIGL
gbif-inat-toxic-round2:00313062,images/raw/gbif-inat-toxic-round2/zigadenus_glaberrimus/3384711779_6.jpg,Zigadenus glaberrimus,usda:ZIGL
gbif-inat-toxic-round2:00313048,images/raw/gbif-inat-toxic-round2/zigadenus_glaberrimus/3383943289_1.jpg,Zigadenus glaberrimus,usda:ZIGL
gbif-inat-toxic-round2:00313022,images/raw/gbif-inat-toxic-round2/zigadenus_glaberrimus/3343884870_2.jpg,Zigadenus glaberrimus,usda:ZIGL
gbif-inat-toxic-round2:00313000,images/raw/gbif-inat-toxic-round2/zigadenus_glaberrimus/3333047998_1.jpg,Zigadenus glaberrimus,usda:ZIGL
gbif-inat-toxic-round2:00312886,images/raw/gbif-inat-toxic-round2/zigadenus_glaberrimus/4421165869_1.jpg,Zigadenus glaberrimus,usda:ZIGL
gbif-inat-toxic-round2:00312744,images/raw/gbif-inat-toxic-round2/zigadenus_glaberrimus/4952913088_1.jpg,Zigadenus glaberrimus,usda:ZIGL
gbif-inat-toxic-round2:00312835,images/raw/gbif-inat-toxic-round2/zigadenus_glaberrimus/4177019581_2.jpg,Zigadenus glaberrimus,usda:ZIGL
gbif-inat-toxic-round2:00312961,images/raw/gbif-inat-toxic-round2/zigadenus_glaberrimus/4015276694_1.jpg,Zigadenus glaberrimus,usda:ZIGL
gbif-inat:00000206,images/raw/gbif-inat/zigadenus_glaberrimus/5281775430_4.jpg,Zigadenus glaberrimus,usda:ZIGL
gbif-inat-toxic-round2:00312840,images/raw/gbif-inat-toxic-round2/zigadenus_glaberrimus/4177208783_2.jpg,Zigadenus glaberrimus,usda:ZIGL
gbif-inat-toxic-round2:00312843,images/raw/gbif-inat-toxic-round2/zigadenus_glaberrimus/4177307926_1.jpg,Zigadenus glaberrimus,usda:ZIGL
gbif-inat-toxic-round2:00312930,images/raw/gbif-inat-toxic-round2/zigadenus_glaberrimus/3873764389_1.jpg,Zigadenus glaberrimus,usda:ZIGL
gbif-inat:00001847,images/raw/gbif-inat/zigadenus_glaberrimus/5897180804_1.jpg,Zigadenus glaberrimus,usda:ZIGL
gbif-inat-toxic-round2:00312722,images/raw/gbif-inat-toxic-round2/zigadenus_glaberrimus/4923868413_1.jpg,Zigadenus glaberrimus,usda:ZIGL
gbif-inat-toxic-round2:00312945,images/raw/gbif-inat-toxic-round2/zigadenus_glaberrimus/3912034629_1.jpg,Zigadenus glaberrimus,usda:ZIGL
gbif-inat-toxic-round2:00312963,images/raw/gbif-inat-toxic-round2/zigadenus_glaberrimus/4171188514_1.jpg,Zigadenus glaberrimus,usda:ZIGL
gbif-inat-toxic-round2:00313070,images/raw/gbif-inat-toxic-round2/zigadenus_glaberrimus/3398985899_1.jpg,Zigadenus glaberrimus,usda:ZIGL
gbif-inat-toxic-round2:00312690,images/raw/gbif-inat-toxic-round2/zigadenus_glaberrimus/4510328848_3.jpg,Zigadenus glaberrimus,usda:ZIGL
gbif-inat-toxic-round2:00312932,images/raw/gbif-inat-toxic-round2/zigadenus_glaberrimus/3873764389_3.jpg,Zigadenus glaberrimus,usda:ZIGL
gbif-inat-toxic-round2:00312769,images/raw/gbif-inat-toxic-round2/zigadenus_glaberrimus/4945597168_6.jpg,Zigadenus glaberrimus,usda:ZIGL
gbif-inat:00000195,images/raw/gbif-inat/zigadenus_glaberrimus/5282276233_1.jpg,Zigadenus glaberrimus,usda:ZIGL
gbif-inat-toxic-round2:00312680,images/raw/gbif-inat-toxic-round2/zigadenus_glaberrimus/5890131455_2.jpg,Zigadenus glaberrimus,usda:ZIGL
gbif-inat-toxic-round2:00313031,images/raw/gbif-inat-toxic-round2/zigadenus_glaberrimus/3355123022_4.jpg,Zigadenus glaberrimus,usda:ZIGL
gbif-inat:00001842,images/raw/gbif-inat/zigadenus_glaberrimus/5837976679_2.jpg,Zigadenus glaberrimus,usda:ZIGL
gbif-inat:00001828,images/raw/gbif-inat/zigadenus_glaberrimus/5760038558_4.jpg,Zigadenus glaberrimus,usda:ZIGL
gbif-inat:00000196,images/raw/gbif-inat/zigadenus_glaberrimus/5282276233_2.jpg,Zigadenus glaberrimus,usda:ZIGL
gbif-inat-toxic-round2:00313032,images/raw/gbif-inat-toxic-round2/zigadenus_glaberrimus/3355123022_5.jpg,Zigadenus glaberrimus,usda:ZIGL
gbif-inat-toxic-round2:00312753,images/raw/gbif-inat-toxic-round2/zigadenus_glaberrimus/5069845094_5.jpg,Zigadenus glaberrimus,usda:ZIGL
gbif-inat-toxic-round2:00312899,images/raw/gbif-inat-toxic-round2/zigadenus_glaberrimus/4424682496_3.jpg,Zigadenus glaberrimus,usda:ZIGL
gbif-inat-toxic-round2:00312928,images/raw/gbif-inat-toxic-round2/zigadenus_glaberrimus/3873452205_4.jpg,Zigadenus glaberrimus,usda:ZIGL
gbif-inat:00000186,images/raw/gbif-inat/zigadenus_glaberrimus/5216134300_3.jpg,Zigadenus glaberrimus,usda:ZIGL
gbif-inat-toxic-round2:00313004,images/raw/gbif-inat-toxic-round2/zigadenus_glaberrimus/3873287468_1.jpg,Zigadenus glaberrimus,usda:ZIGL
gbif-inat-toxic-round2:00312958,images/raw/gbif-inat-toxic-round2/zigadenus_glaberrimus/3912196651_1.jpg,Zigadenus glaberrimus,usda:ZIGL
gbif-inat-toxic-round2:00312969,images/raw/gbif-inat-toxic-round2/zigadenus_glaberrimus/4952217162_1.jpg,Zigadenus glaberrimus,usda:ZIGL
gbif-inat-toxic-round2:00312748,images/raw/gbif-inat-toxic-round2/zigadenus_glaberrimus/5063920374_4.jpg,Zigadenus glaberrimus,usda:ZIGL
gbif-inat-toxic-round2:00312891,images/raw/gbif-inat-toxic-round2/zigadenus_glaberrimus/4421165869_6.jpg,Zigadenus glaberrimus,usda:ZIGL
gbif-inat-toxic-round2:00313030,images/raw/gbif-inat-toxic-round2/zigadenus_glaberrimus/3355123022_3.jpg,Zigadenus glaberrimus,usda:ZIGL
gbif-inat-toxic-round2:00312684,images/raw/gbif-inat-toxic-round2/zigadenus_glaberrimus/5890323629_3.jpg,Zigadenus glaberrimus,usda:ZIGL
gbif-inat-toxic-round2:00312934,images/raw/gbif-inat-toxic-round2/zigadenus_glaberrimus/3874117895_2.jpg,Zigadenus glaberrimus,usda:ZIGL
gbif-inat-toxic-round2:00312721,images/raw/gbif-inat-toxic-round2/zigadenus_glaberrimus/5188314674_4.jpg,Zigadenus glaberrimus,usda:ZIGL
gbif-inat-toxic-round2:00312900,images/raw/gbif-inat-toxic-round2/zigadenus_glaberrimus/4424682496_4.jpg,Zigadenus glaberrimus,usda:ZIGL
gbif-inat-toxic-round2:00312785,images/raw/gbif-inat-toxic-round2/zigadenus_glaberrimus/4954642496_2.jpg,Zigadenus glaberrimus,usda:ZIGL
gbif-inat-toxic-round2:00312786,images/raw/gbif-inat-toxic-round2/zigadenus_glaberrimus/4954642496_3.jpg,Zigadenus glaberrimus,usda:ZIGL
gbif-inat:00001858,images/raw/gbif-inat/zigadenus_glaberrimus/5840076907_1.jpg,Zigadenus glaberrimus,usda:ZIGL
gbif-inat-toxic-round2:00312809,images/raw/gbif-inat-toxic-round2/zigadenus_glaberrimus/4171593645_1.jpg,Zigadenus glaberrimus,usda:ZIGL
gbif-inat-toxic-round2:00312983,images/raw/gbif-inat-toxic-round2/zigadenus_glaberrimus/3915389507_1.jpg,Zigadenus glaberrimus,usda:ZIGL
gbif-inat-toxic-round2:00312874,images/raw/gbif-inat-toxic-round2/zigadenus_glaberrimus/4417011504_3.jpg,Zigadenus glaberrimus,usda:ZIGL
gbif-inat-toxic-round2:00312964,images/raw/gbif-inat-toxic-round2/zigadenus_glaberrimus/4171245547_1.jpg,Zigadenus glaberrimus,usda:ZIGL
gbif-inat:00001818,images/raw/gbif-inat/zigadenus_glaberrimus/5759593328_1.jpg,Zigadenus glaberrimus,usda:ZIGL
gbif-inat-toxic-round2:00313024,images/raw/gbif-inat-toxic-round2/zigadenus_glaberrimus/3355032033_2.jpg,Zigadenus glaberrimus,usda:ZIGL
gbif-inat-toxic-round2:00312779,images/raw/gbif-inat-toxic-round2/zigadenus_glaberrimus/4982259843_1.jpg,Zigadenus glaberrimus,usda:ZIGL
gbif-inat:00001843,images/raw/gbif-inat/zigadenus_glaberrimus/5837976679_3.jpg,Zigadenus glaberrimus,usda:ZIGL
gbif-inat-toxic-round2:00312960,images/raw/gbif-inat-toxic-round2/zigadenus_glaberrimus/4009758819_1.jpg,Zigadenus glaberrimus,usda:ZIGL
gbif-inat-toxic-round2:00312815,images/raw/gbif-inat-toxic-round2/zigadenus_glaberrimus/4171833710_2.jpg,Zigadenus glaberrimus,usda:ZIGL
gbif-inat-toxic-round2:00312820,images/raw/gbif-inat-toxic-round2/zigadenus_glaberrimus/4171839749_3.jpg,Zigadenus glaberrimus,usda:ZIGL
gbif-inat-toxic-round2:00312728,images/raw/gbif-inat-toxic-round2/zigadenus_glaberrimus/4925935133_2.jpg,Zigadenus glaberrimus,usda:ZIGL
gbif-inat:00000191,images/raw/gbif-inat/zigadenus_glaberrimus/5237575747_2.jpg,Zigadenus glaberrimus,usda:ZIGL
gbif-inat-toxic-round2:00312782,images/raw/gbif-inat-toxic-round2/zigadenus_glaberrimus/5167126690_2.jpg,Zigadenus glaberrimus,usda:ZIGL
gbif-inat-toxic-round2:00312869,images/raw/gbif-inat-toxic-round2/zigadenus_glaberrimus/4413920224_2.jpg,Zigadenus glaberrimus,usda:ZIGL
gbif-inat-toxic-round2:00312720,images/raw/gbif-inat-toxic-round2/zigadenus_glaberrimus/5188314674_3.jpg,Zigadenus glaberrimus,usda:ZIGL
gbif-inat-toxic-round2:00312871,images/raw/gbif-inat-toxic-round2/zigadenus_glaberrimus/4416901992_1.jpg,Zigadenus glaberrimus,usda:ZIGL
gbif-inat-toxic-round2:00312802,images/raw/gbif-inat-toxic-round2/zigadenus_glaberrimus/4171214229_1.jpg,Zigadenus glaberrimus,usda:ZIGL
gbif-inat-toxic-round2:00312875,images/raw/gbif-inat-toxic-round2/zigadenus_glaberrimus/4417011504_4.jpg,Zigadenus glaberrimus,usda:ZIGL
gbif-inat-toxic-round2:00312716,images/raw/gbif-inat-toxic-round2/zigadenus_glaberrimus/4937166932_1.jpg,Zigadenus glaberrimus,usda:ZIGL
gbif-inat-toxic-round2:00312756,images/raw/gbif-inat-toxic-round2/zigadenus_glaberrimus/5167432922_3.jpg,Zigadenus glaberrimus,usda:ZIGL
gbif-inat-toxic-round2:00312929,images/raw/gbif-inat-toxic-round2/zigadenus_glaberrimus/3873763988_1.jpg,Zigadenus glaberrimus,usda:ZIGL
gbif-inat-toxic-round2:00312730,images/raw/gbif-inat-toxic-round2/zigadenus_glaberrimus/4926294316_1.jpg,Zigadenus glaberrimus,usda:ZIGL
gbif-inat-toxic-round2:00312790,images/raw/gbif-inat-toxic-round2/zigadenus_glaberrimus/4980493042_2.jpg,Zigadenus glaberrimus,usda:ZIGL
gbif-inat-toxic-round2:00313017,images/raw/gbif-inat-toxic-round2/zigadenus_glaberrimus/3337995483_1.jpg,Zigadenus glaberrimus,usda:ZIGL
gbif-inat-toxic-round2:00312847,images/raw/gbif-inat-toxic-round2/zigadenus_glaberrimus/4177466301_2.jpg,Zigadenus glaberrimus,usda:ZIGL
gbif-inat-toxic-round2:00312877,images/raw/gbif-inat-toxic-round2/zigadenus_glaberrimus/4417208644_2.jpg,Zigadenus glaberrimus,usda:ZIGL
gbif-inat-toxic-round2:00312814,images/raw/gbif-inat-toxic-round2/zigadenus_glaberrimus/4171833710_1.jpg,Zigadenus glaberrimus,usda:ZIGL
gbif-inat-toxic-round2:00312668,images/raw/gbif-inat-toxic-round2/zigadenus_paniculatus/5153546390_6.jpg,Zigadenus paniculatus,usda:ZIPA2
gbif-inat-toxic-round2:00312471,images/raw/gbif-inat-toxic-round2/zigadenus_paniculatus/5087582524_1.jpg,Zigadenus paniculatus,usda:ZIPA2
gbif-inat-toxic-round2:00312622,images/raw/gbif-inat-toxic-round2/zigadenus_paniculatus/5140494741_2.jpg,Zigadenus paniculatus,usda:ZIPA2
gbif-inat-toxic-round2:00312351,images/raw/gbif-inat-toxic-round2/zigadenus_paniculatus/6252200299_4.jpg,Zigadenus paniculatus,usda:ZIPA2
gbif-inat-toxic-round2:00312544,images/raw/gbif-inat-toxic-round2/zigadenus_paniculatus/5134074428_1.jpg,Zigadenus paniculatus,usda:ZIPA2
gbif-inat-toxic-round2:00312394,images/raw/gbif-inat-toxic-round2/zigadenus_paniculatus/6320213445_4.jpg,Zigadenus paniculatus,usda:ZIPA2
gbif-inat-toxic-round2:00312370,images/raw/gbif-inat-toxic-round2/zigadenus_paniculatus/6273187414_2.jpg,Zigadenus paniculatus,usda:ZIPA2
gbif-inat-toxic-round2:00312374,images/raw/gbif-inat-toxic-round2/zigadenus_paniculatus/6273578153_3.jpg,Zigadenus paniculatus,usda:ZIPA2
gbif-inat:00000180,images/raw/gbif-inat/zigadenus_paniculatus/6187983635_1.jpg,Zigadenus paniculatus,usda:ZIPA2
gbif-inat-toxic-round2:00312291,images/raw/gbif-inat-toxic-round2/zigadenus_paniculatus/6235145562_2.jpg,Zigadenus paniculatus,usda:ZIPA2
gbif-inat-toxic-round2:00312508,images/raw/gbif-inat-toxic-round2/zigadenus_paniculatus/5108086607_1.jpg,Zigadenus paniculatus,usda:ZIPA2
gbif-inat-toxic-round2:00312612,images/raw/gbif-inat-toxic-round2/zigadenus_paniculatus/5140351684_3.jpg,Zigadenus paniculatus,usda:ZIPA2
gbif-inat:00000165,images/raw/gbif-inat/zigadenus_paniculatus/6179366912_3.jpg,Zigadenus paniculatus,usda:ZIPA2
gbif-inat-toxic-round2:00312399,images/raw/gbif-inat-toxic-round2/zigadenus_paniculatus/6251613608_1.jpg,Zigadenus paniculatus,usda:ZIPA2
gbif-inat-toxic-round2:00312473,images/raw/gbif-inat-toxic-round2/zigadenus_paniculatus/5087868590_1.jpg,Zigadenus paniculatus,usda:ZIPA2
gbif-inat-toxic-round2:00312334,images/raw/gbif-inat-toxic-round2/zigadenus_paniculatus/6236475479_1.jpg,Zigadenus paniculatus,usda:ZIPA2
gbif-inat-toxic-round2:00312662,images/raw/gbif-inat-toxic-round2/zigadenus_paniculatus/5153535434_3.jpg,Zigadenus paniculatus,usda:ZIPA2
gbif-inat-toxic-round2:00312643,images/raw/gbif-inat-toxic-round2/zigadenus_paniculatus/5153154483_1.jpg,Zigadenus paniculatus,usda:ZIPA2
gbif-inat-toxic-round2:00312655,images/raw/gbif-inat-toxic-round2/zigadenus_paniculatus/5153508876_1.jpg,Zigadenus paniculatus,usda:ZIPA2
gbif-inat:00000159,images/raw/gbif-inat/zigadenus_paniculatus/6236436517_1.jpg,Zigadenus paniculatus,usda:ZIPA2
gbif-inat-toxic-round2:00312396,images/raw/gbif-inat-toxic-round2/zigadenus_paniculatus/6320417664_1.jpg,Zigadenus paniculatus,usda:ZIPA2
gbif-inat-toxic-round2:00312530,images/raw/gbif-inat-toxic-round2/zigadenus_paniculatus/5153020921_1.jpg,Zigadenus paniculatus,usda:ZIPA2
gbif-inat-toxic-round2:00312316,images/raw/gbif-inat-toxic-round2/zigadenus_paniculatus/6235886380_1.jpg,Zigadenus paniculatus,usda:ZIPA2
gbif-inat-toxic-round2:00312437,images/raw/gbif-inat-toxic-round2/zigadenus_paniculatus/6273979964_2.jpg,Zigadenus paniculatus,usda:ZIPA2
gbif-inat-toxic-round2:00312672,images/raw/gbif-inat-toxic-round2/zigadenus_paniculatus/5153910838_1.jpg,Zigadenus paniculatus,usda:ZIPA2
gbif-inat:00001769,images/raw/gbif-inat/zigadenus_paniculatus/6195904281_1.jpg,Zigadenus paniculatus,usda:ZIPA2
gbif-inat-toxic-round2:00312388,images/raw/gbif-inat-toxic-round2/zigadenus_paniculatus/6320060587_7.jpg,Zigadenus paniculatus,usda:ZIPA2
gbif-inat-toxic-round2:00312507,images/raw/gbif-inat-toxic-round2/zigadenus_paniculatus/5108081259_1.jpg,Zigadenus paniculatus,usda:ZIPA2
gbif-inat-toxic-round2:00312384,images/raw/gbif-inat-toxic-round2/zigadenus_paniculatus/6320060587_3.jpg,Zigadenus paniculatus,usda:ZIPA2
gbif-inat-toxic-round2:00312650,images/raw/gbif-inat-toxic-round2/zigadenus_paniculatus/5153216935_3.jpg,Zigadenus paniculatus,usda:ZIPA2
gbif-inat:00000175,images/raw/gbif-inat/zigadenus_paniculatus/6185933028_1.jpg,Zigadenus paniculatus,usda:ZIPA2
gbif-inat:00001790,images/raw/gbif-inat/zigadenus_paniculatus/6234302323_2.jpg,Zigadenus paniculatus,usda:ZIPA2
gbif-inat-toxic-round2:00312482,images/raw/gbif-inat-toxic-round2/zigadenus_paniculatus/5087962289_1.jpg,Zigadenus paniculatus,usda:ZIPA2
gbif-inat-toxic-round2:00312392,images/raw/gbif-inat-toxic-round2/zigadenus_paniculatus/6320213445_2.jpg,Zigadenus paniculatus,usda:ZIPA2
gbif-inat-toxic-round2:00312521,images/raw/gbif-inat-toxic-round2/zigadenus_paniculatus/5108178273_3.jpg,Zigadenus paniculatus,usda:ZIPA2
gbif-inat-toxic-round2:00312598,images/raw/gbif-inat-toxic-round2/zigadenus_paniculatus/5140130413_1.jpg,Zigadenus paniculatus,usda:ZIPA2
gbif-inat-toxic-round2:00312674,images/raw/gbif-inat-toxic-round2/zigadenus_paniculatus/5153910838_3.jpg,Zigadenus paniculatus,usda:ZIPA2
gbif-inat-toxic-round2:00312385,images/raw/gbif-inat-toxic-round2/zigadenus_paniculatus/6320060587_4.jpg,Zigadenus paniculatus,usda:ZIPA2
gbif-inat:00001737,images/raw/gbif-inat/zigadenus_paniculatus/6234811145_1.jpg,Zigadenus paniculatus,usda:ZIPA2
gbif-inat-toxic-round2:00312309,images/raw/gbif-inat-toxic-round2/zigadenus_paniculatus/6235636680_2.jpg,Zigadenus paniculatus,usda:ZIPA2
gbif-inat-toxic-round2:00312573,images/raw/gbif-inat-toxic-round2/zigadenus_paniculatus/5134723572_1.jpg,Zigadenus paniculatus,usda:ZIPA2
gbif-inat-toxic-round2:00312318,images/raw/gbif-inat-toxic-round2/zigadenus_paniculatus/6235924883_1.jpg,Zigadenus paniculatus,usda:ZIPA2
gbif-inat-toxic-round2:00312404,images/raw/gbif-inat-toxic-round2/zigadenus_paniculatus/6251899326_2.jpg,Zigadenus paniculatus,usda:ZIPA2
gbif-inat-toxic-round2:00312542,images/raw/gbif-inat-toxic-round2/zigadenus_paniculatus/5134029216_1.jpg,Zigadenus paniculatus,usda:ZIPA2
gbif-inat-toxic-round2:00312568,images/raw/gbif-inat-toxic-round2/zigadenus_paniculatus/5134573967_1.jpg,Zigadenus paniculatus,usda:ZIPA2
gbif-inat-toxic-round2:00312436,images/raw/gbif-inat-toxic-round2/zigadenus_paniculatus/6273979964_1.jpg,Zigadenus paniculatus,usda:ZIPA2
gbif-inat:00001774,images/raw/gbif-inat/zigadenus_paniculatus/6196008420_1.jpg,Zigadenus paniculatus,usda:ZIPA2
gbif-inat-toxic-round2:00312419,images/raw/gbif-inat-toxic-round2/zigadenus_paniculatus/6273482661_2.jpg,Zigadenus paniculatus,usda:ZIPA2
gbif-inat-toxic-round2:00312304,images/raw/gbif-inat-toxic-round2/zigadenus_paniculatus/6235482317_3.jpg,Zigadenus paniculatus,usda:ZIPA2
gbif-inat-toxic-round2:00312558,images/raw/gbif-inat-toxic-round2/zigadenus_paniculatus/5134250306_3.jpg,Zigadenus paniculatus,usda:ZIPA2
gbif-inat-toxic-round2:00312286,images/raw/gbif-inat-toxic-round2/zigadenus_paniculatus/6235106942_1.jpg,Zigadenus paniculatus,usda:ZIPA2
gbif-inat-toxic-round2:00312499,images/raw/gbif-inat-toxic-round2/zigadenus_paniculatus/5104666482_2.jpg,Zigadenus paniculatus,usda:ZIPA2
gbif-inat-toxic-round2:00312346,images/raw/gbif-inat-toxic-round2/zigadenus_paniculatus/6252129406_1.jpg,Zigadenus paniculatus,usda:ZIPA2
gbif-inat-toxic-round2:00312443,images/raw/gbif-inat-toxic-round2/zigadenus_paniculatus/6320137040_1.jpg,Zigadenus paniculatus,usda:ZIPA2
gbif-inat-toxic-round2:00312669,images/raw/gbif-inat-toxic-round2/zigadenus_paniculatus/5153723473_1.jpg,Zigadenus paniculatus,usda:ZIPA2
gbif-inat-toxic-round2:00312595,images/raw/gbif-inat-toxic-round2/zigadenus_paniculatus/5140115427_1.jpg,Zigadenus paniculatus,usda:ZIPA2
gbif-inat-toxic-round2:00312462,images/raw/gbif-inat-toxic-round2/zigadenus_paniculatus/6321018401_3.jpg,Zigadenus paniculatus,usda:ZIPA2
gbif-inat-toxic-round2:00312361,images/raw/gbif-inat-toxic-round2/zigadenus_paniculatus/6252612784_3.jpg,Zigadenus paniculatus,usda:ZIPA2
gbif-inat-toxic-round2:00312295,images/raw/gbif-inat-toxic-round2/zigadenus_paniculatus/6235229567_1.jpg,Zigadenus paniculatus,usda:ZIPA2
gbif-inat-toxic-round2:00312381,images/raw/gbif-inat-toxic-round2/zigadenus_paniculatus/6274066669_2.jpg,Zigadenus paniculatus,usda:ZIPA2
gbif-inat-toxic-round2:00312556,images/raw/gbif-inat-toxic-round2/zigadenus_paniculatus/5134250306_1.jpg,Zigadenus paniculatus,usda:ZIPA2
gbif-inat:00001787,images/raw/gbif-inat/zigadenus_paniculatus/6234289529_2.jpg,Zigadenus paniculatus,usda:ZIPA2
gbif-inat-toxic-round2:00312285,images/raw/gbif-inat-toxic-round2/zigadenus_paniculatus/6234929853_1.jpg,Zigadenus paniculatus,usda:ZIPA2
gbif-inat-toxic-round2:00312292,images/raw/gbif-inat-toxic-round2/zigadenus_paniculatus/6235145562_3.jpg,Zigadenus paniculatus,usda:ZIPA2
gbif-inat-toxic-round2:00312340,images/raw/gbif-inat-toxic-round2/zigadenus_paniculatus/6236526786_3.jpg,Zigadenus paniculatus,usda:ZIPA2
gbif-inat-toxic-round2:00312398,images/raw/gbif-inat-toxic-round2/zigadenus_paniculatus/6320662334_1.jpg,Zigadenus paniculatus,usda:ZIPA2
gbif-inat-toxic-round2:00312621,images/raw/gbif-inat-toxic-round2/zigadenus_paniculatus/5140494741_1.jpg,Zigadenus paniculatus,usda:ZIPA2
gbif-inat-toxic-round2:00312671,images/raw/gbif-inat-toxic-round2/zigadenus_paniculatus/5153723473_3.jpg,Zigadenus paniculatus,usda:ZIPA2
gbif-inat-toxic-round2:00312347,images/raw/gbif-inat-toxic-round2/zigadenus_paniculatus/6252180146_1.jpg,Zigadenus paniculatus,usda:ZIPA2
gbif-inat-toxic-round2:00312299,images/raw/gbif-inat-toxic-round2/zigadenus_paniculatus/6235369540_2.jpg,Zigadenus paniculatus,usda:ZIPA2
gbif-inat-toxic-round2:00312632,images/raw/gbif-inat-toxic-round2/zigadenus_paniculatus/5140879495_2.jpg,Zigadenus paniculatus,usda:ZIPA2
gbif-inat-toxic-round2:00312515,images/raw/gbif-inat-toxic-round2/zigadenus_paniculatus/5108112949_2.jpg,Zigadenus paniculatus,usda:ZIPA2
gbif-inat:00001788,images/raw/gbif-inat/zigadenus_paniculatus/6234289529_3.jpg,Zigadenus paniculatus,usda:ZIPA2
gbif-inat-toxic-round2:00312586,images/raw/gbif-inat-toxic-round2/zigadenus_paniculatus/5140017751_1.jpg,Zigadenus paniculatus,usda:ZIPA2
gbif-inat-toxic-round2:00312467,images/raw/gbif-inat-toxic-round2/zigadenus_paniculatus/6321107004_1.jpg,Zigadenus paniculatus,usda:ZIPA2
gbif-inat-toxic-round2:00312350,images/raw/gbif-inat-toxic-round2/zigadenus_paniculatus/6252200299_3.jpg,Zigadenus paniculatus,usda:ZIPA2
gbif-inat-toxic-round2:00312554,images/raw/gbif-inat-toxic-round2/zigadenus_paniculatus/5134222706_2.jpg,Zigadenus paniculatus,usda:ZIPA2
gbif-inat-toxic-round2:00312483,images/raw/gbif-inat-toxic-round2/zigadenus_paniculatus/5087984578_1.jpg,Zigadenus paniculatus,usda:ZIPA2
gbif-inat-toxic-round2:00312463,images/raw/gbif-inat-toxic-round2/zigadenus_paniculatus/6321018401_4.jpg,Zigadenus paniculatus,usda:ZIPA2
gbif-inat-toxic-round2:00312336,images/raw/gbif-inat-toxic-round2/zigadenus_paniculatus/6236501536_1.jpg,Zigadenus paniculatus,usda:ZIPA2
gbif-inat:00001797,images/raw/gbif-inat/zigadenus_paniculatus/6234497545_2.jpg,Zigadenus paniculatus,usda:ZIPA2
gbif-inat-toxic-round2:00312581,images/raw/gbif-inat-toxic-round2/zigadenus_paniculatus/5139990083_1.jpg,Zigadenus paniculatus,usda:ZIPA2
gbif-inat-toxic-round2:00312287,images/raw/gbif-inat-toxic-round2/zigadenus_paniculatus/6235106942_2.jpg,Zigadenus paniculatus,usda:ZIPA2
gbif-inat-toxic-round2:00312665,images/raw/gbif-inat-toxic-round2/zigadenus_paniculatus/5153546390_3.jpg,Zigadenus paniculatus,usda:ZIPA2
gbif-inat-toxic-round2:00312550,images/raw/gbif-inat-toxic-round2/zigadenus_paniculatus/5134097995_5.jpg,Zigadenus paniculatus,usda:ZIPA2
gbif-inat-toxic-round2:00312506,images/raw/gbif-inat-toxic-round2/zigadenus_paniculatus/5104750365_3.jpg,Zigadenus paniculatus,usda:ZIPA2
gbif-inat-toxic-round2:00312539,images/raw/gbif-inat-toxic-round2/zigadenus_paniculatus/5133863990_1.jpg,Zigadenus paniculatus,usda:ZIPA2
gbif-inat-toxic-round2:00312448,images/raw/gbif-inat-toxic-round2/zigadenus_paniculatus/6320453656_1.jpg,Zigadenus paniculatus,usda:ZIPA2
gbif-inat-toxic-round2:00312526,images/raw/gbif-inat-toxic-round2/zigadenus_paniculatus/5133774197_2.jpg,Zigadenus paniculatus,usda:ZIPA2
gbif-inat-toxic-round2:00312378,images/raw/gbif-inat-toxic-round2/zigadenus_paniculatus/6273725828_1.jpg,Zigadenus paniculatus,usda:ZIPA2
gbif-inat-toxic-round2:00312296,images/raw/gbif-inat-toxic-round2/zigadenus_paniculatus/6235229567_2.jpg,Zigadenus paniculatus,usda:ZIPA2
gbif-inat-toxic-round2:00312545,images/raw/gbif-inat-toxic-round2/zigadenus_paniculatus/5134074428_2.jpg,Zigadenus paniculatus,usda:ZIPA2
gbif-inat-toxic-round2:00312366,images/raw/gbif-inat-toxic-round2/zigadenus_paniculatus/6253349596_1.jpg,Zigadenus paniculatus,usda:ZIPA2
gbif-inat-toxic-round2:00312319,images/raw/gbif-inat-toxic-round2/zigadenus_paniculatus/6236223108_1.jpg,Zigadenus paniculatus,usda:ZIPA2
gbif-inat:00001771,images/raw/gbif-inat/zigadenus_paniculatus/6195957225_2.jpg,Zigadenus paniculatus,usda:ZIPA2
gbif-inat-toxic-round2:00312590,images/raw/gbif-inat-toxic-round2/zigadenus_paniculatus/5140023452_1.jpg,Zigadenus paniculatus,usda:ZIPA2
gbif-inat-toxic-round2:00312453,images/raw/gbif-inat-toxic-round2/zigadenus_paniculatus/6320753849_1.jpg,Zigadenus paniculatus,usda:ZIPA2
gbif-inat:00000152,images/raw/gbif-inat/zigadenus_paniculatus/6147634245_1.jpg,Zigadenus paniculatus,usda:ZIPA2
gbif-inat-toxic-round2:00312543,images/raw/gbif-inat-toxic-round2/zigadenus_paniculatus/5134029216_2.jpg,Zigadenus paniculatus,usda:ZIPA2
gbif-inat:00001773,images/raw/gbif-inat/zigadenus_paniculatus/6195957225_4.jpg,Zigadenus paniculatus,usda:ZIPA2
gbif-inat-toxic-round2:00312402,images/raw/gbif-inat-toxic-round2/zigadenus_paniculatus/6251627704_2.jpg,Zigadenus paniculatus,usda:ZIPA2
gbif-inat-toxic-round2:00312373,images/raw/gbif-inat-toxic-round2/zigadenus_paniculatus/6273578153_2.jpg,Zigadenus paniculatus,usda:ZIPA2
gbif-inat-toxic-round2:00312495,images/raw/gbif-inat-toxic-round2/zigadenus_paniculatus/5104589139_1.jpg,Zigadenus paniculatus,usda:ZIPA2
gbif-inat-toxic-round2:00312578,images/raw/gbif-inat-toxic-round2/zigadenus_paniculatus/5134894886_1.jpg,Zigadenus paniculatus,usda:ZIPA2
gbif-inat-toxic-round2:00312306,images/raw/gbif-inat-toxic-round2/zigadenus_paniculatus/6235482317_5.jpg,Zigadenus paniculatus,usda:ZIPA2
gbif-inat-toxic-round2:00312584,images/raw/gbif-inat-toxic-round2/zigadenus_paniculatus/5140005983_1.jpg,Zigadenus paniculatus,usda:ZIPA2
gbif-inat:00001749,images/raw/gbif-inat/zigadenus_paniculatus/6188049242_3.jpg,Zigadenus paniculatus,usda:ZIPA2
gbif-inat-toxic-round2:00312469,images/raw/gbif-inat-toxic-round2/zigadenus_paniculatus/6321155311_2.jpg,Zigadenus paniculatus,usda:ZIPA2
gbif-inat:00000156,images/raw/gbif-inat/zigadenus_paniculatus/6188295609_1.jpg,Zigadenus paniculatus,usda:ZIPA2
gbif-inat-toxic-round2:00312670,images/raw/gbif-inat-toxic-round2/zigadenus_paniculatus/5153723473_2.jpg,Zigadenus paniculatus,usda:ZIPA2
gbif-inat:00001777,images/raw/gbif-inat/zigadenus_paniculatus/6234175967_1.jpg,Zigadenus paniculatus,usda:ZIPA2
gbif-inat:00000179,images/raw/gbif-inat/zigadenus_paniculatus/6187973626_1.jpg,Zigadenus paniculatus,usda:ZIPA2
gbif-inat:00001759,images/raw/gbif-inat/zigadenus_paniculatus/6195466032_1.jpg,Zigadenus paniculatus,usda:ZIPA2
gbif-inat:00001736,images/raw/gbif-inat/zigadenus_paniculatus/6188549510_2.jpg,Zigadenus paniculatus,usda:ZIPA2
gbif-inat:00001796,images/raw/gbif-inat/zigadenus_paniculatus/6234497545_1.jpg,Zigadenus paniculatus,usda:ZIPA2
gbif-inat:00001784,images/raw/gbif-inat/zigadenus_paniculatus/6234242701_1.jpg,Zigadenus paniculatus,usda:ZIPA2
gbif-inat-toxic-round2:00312527,images/raw/gbif-inat-toxic-round2/zigadenus_paniculatus/5133774197_3.jpg,Zigadenus paniculatus,usda:ZIPA2
gbif-inat-toxic-round2:00312457,images/raw/gbif-inat-toxic-round2/zigadenus_paniculatus/6320901680_1.jpg,Zigadenus paniculatus,usda:ZIPA2
gbif-inat:00001739,images/raw/gbif-inat/zigadenus_paniculatus/6236172084_1.jpg,Zigadenus paniculatus,usda:ZIPA2
gbif-inat-toxic-round2:00312649,images/raw/gbif-inat-toxic-round2/zigadenus_paniculatus/5153216935_2.jpg,Zigadenus paniculatus,usda:ZIPA2
gbif-inat-toxic-round2:00312645,images/raw/gbif-inat-toxic-round2/zigadenus_paniculatus/5153160916_1.jpg,Zigadenus paniculatus,usda:ZIPA2
gbif-inat-toxic-round2:00312490,images/raw/gbif-inat-toxic-round2/zigadenus_paniculatus/5104566274_2.jpg,Zigadenus paniculatus,usda:ZIPA2
gbif-inat:00001780,images/raw/gbif-inat/zigadenus_paniculatus/6234241976_1.jpg,Zigadenus paniculatus,usda:ZIPA2
gbif-inat-toxic-round2:00312634,images/raw/gbif-inat-toxic-round2/zigadenus_paniculatus/5141103577_2.jpg,Zigadenus paniculatus,usda:ZIPA2
gbif-inat-toxic-round2:00312393,images/raw/gbif-inat-toxic-round2/zigadenus_paniculatus/6320213445_3.jpg,Zigadenus paniculatus,usda:ZIPA2
gbif-inat:00001764,images/raw/gbif-inat/zigadenus_paniculatus/6195574013_1.jpg,Zigadenus paniculatus,usda:ZIPA2
gbif-inat-toxic-round2:00312675,images/raw/gbif-inat-toxic-round2/zigadenus_paniculatus/5154000003_1.jpg,Zigadenus paniculatus,usda:ZIPA2
gbif-inat-toxic-round2:00312380,images/raw/gbif-inat-toxic-round2/zigadenus_paniculatus/6274066669_1.jpg,Zigadenus paniculatus,usda:ZIPA2
gbif-inat:00001762,images/raw/gbif-inat/zigadenus_paniculatus/6195498557_3.jpg,Zigadenus paniculatus,usda:ZIPA2
gbif-inat:00001738,images/raw/gbif-inat/zigadenus_paniculatus/6234811145_2.jpg,Zigadenus paniculatus,usda:ZIPA2
gbif-inat-toxic-round2:00312368,images/raw/gbif-inat-toxic-round2/zigadenus_paniculatus/6253360685_1.jpg,Zigadenus paniculatus,usda:ZIPA2
gbif-inat-toxic-round2:00312468,images/raw/gbif-inat-toxic-round2/zigadenus_paniculatus/6321155311_1.jpg,Zigadenus paniculatus,usda:ZIPA2
gbif-inat-toxic-round2:00312533,images/raw/gbif-inat-toxic-round2/zigadenus_paniculatus/5133200980_3.jpg,Zigadenus paniculatus,usda:ZIPA2
gbif-inat-toxic-round2:00312608,images/raw/gbif-inat-toxic-round2/zigadenus_paniculatus/5140232096_1.jpg,Zigadenus paniculatus,usda:ZIPA2
gbif-inat-toxic-round2:00312357,images/raw/gbif-inat-toxic-round2/zigadenus_paniculatus/6252419842_2.jpg,Zigadenus paniculatus,usda:ZIPA2
gbif-inat-toxic-round2:00312654,images/raw/gbif-inat-toxic-round2/zigadenus_paniculatus/5153361054_1.jpg,Zigadenus paniculatus,usda:ZIPA2
gbif-inat-toxic-round2:00312301,images/raw/gbif-inat-toxic-round2/zigadenus_paniculatus/6235443661_1.jpg,Zigadenus paniculatus,usda:ZIPA2
gbif-inat-toxic-round2:00312289,images/raw/gbif-inat-toxic-round2/zigadenus_paniculatus/6235106942_4.jpg,Zigadenus paniculatus,usda:ZIPA2
gbif-inat:00001747,images/raw/gbif-inat/zigadenus_paniculatus/6188049242_1.jpg,Zigadenus paniculatus,usda:ZIPA2
gbif-inat-toxic-round2:00312379,images/raw/gbif-inat-toxic-round2/zigadenus_paniculatus/6273725828_2.jpg,Zigadenus paniculatus,usda:ZIPA2
gbif-inat-toxic-round2:00312548,images/raw/gbif-inat-toxic-round2/zigadenus_paniculatus/5134097995_3.jpg,Zigadenus paniculatus,usda:ZIPA2
gbif-inat-toxic-round2:00312485,images/raw/gbif-inat-toxic-round2/zigadenus_paniculatus/5104503259_1.jpg,Zigadenus paniculatus,usda:ZIPA2
gbif-inat-toxic-round2:00312592,images/raw/gbif-inat-toxic-round2/zigadenus_paniculatus/5140053374_1.jpg,Zigadenus paniculatus,usda:ZIPA2
gbif-inat-toxic-round2:00312502,images/raw/gbif-inat-toxic-round2/zigadenus_paniculatus/5104670492_1.jpg,Zigadenus paniculatus,usda:ZIPA2
gbif-inat-toxic-round2:00312406,images/raw/gbif-inat-toxic-round2/zigadenus_paniculatus/6252904142_1.jpg,Zigadenus paniculatus,usda:ZIPA2
gbif-inat-toxic-round2:00312280,images/raw/gbif-inat-toxic-round2/zigadenus_paniculatus/6234794168_2.jpg,Zigadenus paniculatus,usda:ZIPA2
gbif-inat-toxic-round2:00312536,images/raw/gbif-inat-toxic-round2/zigadenus_paniculatus/5133200980_6.jpg,Zigadenus paniculatus,usda:ZIPA2
gbif-inat-toxic-round2:00312476,images/raw/gbif-inat-toxic-round2/zigadenus_paniculatus/5087868590_4.jpg,Zigadenus paniculatus,usda:ZIPA2
gbif-inat:00000177,images/raw/gbif-inat/zigadenus_paniculatus/6185977943_2.jpg,Zigadenus paniculatus,usda:ZIPA2
gbif-inat-toxic-round2:00312330,images/raw/gbif-inat-toxic-round2/zigadenus_paniculatus/6236415346_4.jpg,Zigadenus paniculatus,usda:ZIPA2
gbif-inat-toxic-round2:00312362,images/raw/gbif-inat-toxic-round2/zigadenus_paniculatus/6252786495_1.jpg,Zigadenus paniculatus,usda:ZIPA2
gbif-inat-toxic-round2:00312609,images/raw/gbif-inat-toxic-round2/zigadenus_paniculatus/5140232096_2.jpg,Zigadenus paniculatus,usda:ZIPA2
gbif-inat:00001785,images/raw/gbif-inat/zigadenus_paniculatus/6234283428_1.jpg,Zigadenus paniculatus,usda:ZIPA2
gbif-inat-toxic-round2:00312277,images/raw/gbif-inat-toxic-round2/zigadenus_paniculatus/6234740970_2.jpg,Zigadenus paniculatus,usda:ZIPA2
gbif-inat-toxic-round2:00312489,images/raw/gbif-inat-toxic-round2/zigadenus_paniculatus/5104566274_1.jpg,Zigadenus paniculatus,usda:ZIPA2
gbif-inat-toxic-round2:00312575,images/raw/gbif-inat-toxic-round2/zigadenus_paniculatus/5134765675_2.jpg,Zigadenus paniculatus,usda:ZIPA2
gbif-inat-toxic-round2:00312475,images/raw/gbif-inat-toxic-round2/zigadenus_paniculatus/5087868590_3.jpg,Zigadenus paniculatus,usda:ZIPA2
gbif-inat:00000170,images/raw/gbif-inat/zigadenus_paniculatus/6184937213_2.jpg,Zigadenus paniculatus,usda:ZIPA2
gbif-inat-toxic-round2:00312532,images/raw/gbif-inat-toxic-round2/zigadenus_paniculatus/5133200980_2.jpg,Zigadenus paniculatus,usda:ZIPA2
gbif-inat-toxic-round2:00312494,images/raw/gbif-inat-toxic-round2/zigadenus_paniculatus/5104574172_1.jpg,Zigadenus paniculatus,usda:ZIPA2
gbif-inat-toxic-round2:00312633,images/raw/gbif-inat-toxic-round2/zigadenus_paniculatus/5141103577_1.jpg,Zigadenus paniculatus,usda:ZIPA2
gbif-inat-toxic-round2:00312411,images/raw/gbif-inat-toxic-round2/zigadenus_paniculatus/6273224175_1.jpg,Zigadenus paniculatus,usda:ZIPA2
gbif-inat-toxic-round2:00312605,images/raw/gbif-inat-toxic-round2/zigadenus_paniculatus/5140136618_3.jpg,Zigadenus paniculatus,usda:ZIPA2
gbif-inat-toxic-round2:00312501,images/raw/gbif-inat-toxic-round2/zigadenus_paniculatus/5104670488_2.jpg,Zigadenus paniculatus,usda:ZIPA2
gbif-inat-toxic-round2:00312310,images/raw/gbif-inat-toxic-round2/zigadenus_paniculatus/6235683210_1.jpg,Zigadenus paniculatus,usda:ZIPA2
gbif-inat-toxic-round2:00312538,images/raw/gbif-inat-toxic-round2/zigadenus_paniculatus/5133690969_2.jpg,Zigadenus paniculatus,usda:ZIPA2
gbif-inat-toxic-round2:00312446,images/raw/gbif-inat-toxic-round2/zigadenus_paniculatus/6320240575_1.jpg,Zigadenus paniculatus,usda:ZIPA2
gbif-inat-toxic-round2:00312322,images/raw/gbif-inat-toxic-round2/zigadenus_paniculatus/6236376687_1.jpg,Zigadenus paniculatus,usda:ZIPA2
gbif-inat-toxic-round2:00312302,images/raw/gbif-inat-toxic-round2/zigadenus_paniculatus/6235482317_1.jpg,Zigadenus paniculatus,usda:ZIPA2
gbif-inat-toxic-round2:00312303,images/raw/gbif-inat-toxic-round2/zigadenus_paniculatus/6235482317_2.jpg,Zigadenus paniculatus,usda:ZIPA2
gbif-inat-toxic-round2:00312281,images/raw/gbif-inat-toxic-round2/zigadenus_paniculatus/6234794168_3.jpg,Zigadenus paniculatus,usda:ZIPA2
gbif-inat-toxic-round2:00312371,images/raw/gbif-inat-toxic-round2/zigadenus_paniculatus/6273187414_3.jpg,Zigadenus paniculatus,usda:ZIPA2
gbif-inat-toxic-round2:00312460,images/raw/gbif-inat-toxic-round2/zigadenus_paniculatus/6321018401_1.jpg,Zigadenus paniculatus,usda:ZIPA2
gbif-inat-toxic-round2:00312338,images/raw/gbif-inat-toxic-round2/zigadenus_paniculatus/6236526786_1.jpg,Zigadenus paniculatus,usda:ZIPA2
gbif-inat-toxic-round2:00312597,images/raw/gbif-inat-toxic-round2/zigadenus_paniculatus/5140115427_3.jpg,Zigadenus paniculatus,usda:ZIPA2
gbif-inat-toxic-round2:00312422,images/raw/gbif-inat-toxic-round2/zigadenus_paniculatus/6273520497_2.jpg,Zigadenus paniculatus,usda:ZIPA2
gbif-inat:00001782,images/raw/gbif-inat/zigadenus_paniculatus/6234241976_3.jpg,Zigadenus paniculatus,usda:ZIPA2
gbif-inat-toxic-round2:00312641,images/raw/gbif-inat-toxic-round2/zigadenus_paniculatus/5153097345_2.jpg,Zigadenus paniculatus,usda:ZIPA2
gbif-inat:00001735,images/raw/gbif-inat/zigadenus_paniculatus/6188549510_1.jpg,Zigadenus paniculatus,usda:ZIPA2
gbif-inat-toxic-round2:00312456,images/raw/gbif-inat-toxic-round2/zigadenus_paniculatus/6320847936_1.jpg,Zigadenus paniculatus,usda:ZIPA2
gbif-inat-toxic-round2:00312631,images/raw/gbif-inat-toxic-round2/zigadenus_paniculatus/5140879495_1.jpg,Zigadenus paniculatus,usda:ZIPA2
gbif-inat-toxic-round2:00312311,images/raw/gbif-inat-toxic-round2/zigadenus_paniculatus/6235701590_1.jpg,Zigadenus paniculatus,usda:ZIPA2
gbif-inat-toxic-round2:00312576,images/raw/gbif-inat-toxic-round2/zigadenus_paniculatus/5134883393_1.jpg,Zigadenus paniculatus,usda:ZIPA2
gbif-inat:00000164,images/raw/gbif-inat/zigadenus_paniculatus/6179366912_2.jpg,Zigadenus paniculatus,usda:ZIPA2
gbif-inat-toxic-round2:00312600,images/raw/gbif-inat-toxic-round2/zigadenus_paniculatus/5140131646_1.jpg,Zigadenus paniculatus,usda:ZIPA2
gbif-inat-toxic-round2:00312624,images/raw/gbif-inat-toxic-round2/zigadenus_paniculatus/5140577315_2.jpg,Zigadenus paniculatus,usda:ZIPA2
gbif-inat-toxic-round2:00312424,images/raw/gbif-inat-toxic-round2/zigadenus_paniculatus/6273520497_4.jpg,Zigadenus paniculatus,usda:ZIPA2
gbif-inat-toxic-round2:00312503,images/raw/gbif-inat-toxic-round2/zigadenus_paniculatus/5104670492_2.jpg,Zigadenus paniculatus,usda:ZIPA2
gbif-inat:00000151,images/raw/gbif-inat/zigadenus_paniculatus/6147439888_1.jpg,Zigadenus paniculatus,usda:ZIPA2
gbif-inat-toxic-round2:00312639,images/raw/gbif-inat-toxic-round2/zigadenus_paniculatus/5141134810_4.jpg,Zigadenus paniculatus,usda:ZIPA2
gbif-inat-toxic-round2:00312594,images/raw/gbif-inat-toxic-round2/zigadenus_paniculatus/5140053374_3.jpg,Zigadenus paniculatus,usda:ZIPA2
gbif-inat-toxic-round2:00312529,images/raw/gbif-inat-toxic-round2/zigadenus_paniculatus/5140026582_1.jpg,Zigadenus paniculatus,usda:ZIPA2
gbif-inat-toxic-round2:00312327,images/raw/gbif-inat-toxic-round2/zigadenus_paniculatus/6236415346_1.jpg,Zigadenus paniculatus,usda:ZIPA2
gbif-inat-toxic-round2:00312433,images/raw/gbif-inat-toxic-round2/zigadenus_paniculatus/6273863401_1.jpg,Zigadenus paniculatus,usda:ZIPA2
gbif-inat-toxic-round2:00312352,images/raw/gbif-inat-toxic-round2/zigadenus_paniculatus/6252290957_1.jpg,Zigadenus paniculatus,usda:ZIPA2
gbif-inat:00001754,images/raw/gbif-inat/zigadenus_paniculatus/6188207119_1.jpg,Zigadenus paniculatus,usda:ZIPA2
gbif-inat:00001758,images/raw/gbif-inat/zigadenus_paniculatus/6195406617_1.jpg,Zigadenus paniculatus,usda:ZIPA2
gbif-inat-toxic-round2:00312596,images/raw/gbif-inat-toxic-round2/zigadenus_paniculatus/5140115427_2.jpg,Zigadenus paniculatus,usda:ZIPA2
gbif-inat-toxic-round2:00312447,images/raw/gbif-inat-toxic-round2/zigadenus_paniculatus/6320355048_1.jpg,Zigadenus paniculatus,usda:ZIPA2
gbif-inat-toxic-round2:00312541,images/raw/gbif-inat-toxic-round2/zigadenus_paniculatus/5133863990_3.jpg,Zigadenus paniculatus,usda:ZIPA2
gbif-inat-toxic-round2:00312315,images/raw/gbif-inat-toxic-round2/zigadenus_paniculatus/6235811690_1.jpg,Zigadenus paniculatus,usda:ZIPA2
gbif-inat-toxic-round2:00312454,images/raw/gbif-inat-toxic-round2/zigadenus_paniculatus/6320838914_1.jpg,Zigadenus paniculatus,usda:ZIPA2
gbif-inat:00001743,images/raw/gbif-inat/zigadenus_paniculatus/6187902795_2.jpg,Zigadenus paniculatus,usda:ZIPA2
gbif-inat-toxic-round2:00312382,images/raw/gbif-inat-toxic-round2/zigadenus_paniculatus/6320060587_1.jpg,Zigadenus paniculatus,usda:ZIPA2
gbif-inat-toxic-round2:00312401,images/raw/gbif-inat-toxic-round2/zigadenus_paniculatus/6251627704_1.jpg,Zigadenus paniculatus,usda:ZIPA2
gbif-inat-toxic-round2:00312425,images/raw/gbif-inat-toxic-round2/zigadenus_paniculatus/6273567780_1.jpg,Zigadenus paniculatus,usda:ZIPA2
gbif-inat:00001768,images/raw/gbif-inat/zigadenus_paniculatus/6195862562_2.jpg,Zigadenus paniculatus,usda:ZIPA2
gbif-inat-toxic-round2:00312603,images/raw/gbif-inat-toxic-round2/zigadenus_paniculatus/5140136618_1.jpg,Zigadenus paniculatus,usda:ZIPA2
gbif-inat-toxic-round2:00312651,images/raw/gbif-inat-toxic-round2/zigadenus_paniculatus/5153216935_4.jpg,Zigadenus paniculatus,usda:ZIPA2
gbif-inat-toxic-round2:00312582,images/raw/gbif-inat-toxic-round2/zigadenus_paniculatus/5139990083_2.jpg,Zigadenus paniculatus,usda:ZIPA2
gbif-inat-toxic-round2:00312574,images/raw/gbif-inat-toxic-round2/zigadenus_paniculatus/5134765675_1.jpg,Zigadenus paniculatus,usda:ZIPA2
gbif-inat-toxic-round2:00312421,images/raw/gbif-inat-toxic-round2/zigadenus_paniculatus/6273520497_1.jpg,Zigadenus paniculatus,usda:ZIPA2
gbif-inat-toxic-round2:00312646,images/raw/gbif-inat-toxic-round2/zigadenus_paniculatus/5153160916_2.jpg,Zigadenus paniculatus,usda:ZIPA2
gbif-inat-toxic-round2:00312377,images/raw/gbif-inat-toxic-round2/zigadenus_paniculatus/6273618618_3.jpg,Zigadenus paniculatus,usda:ZIPA2
gbif-inat-toxic-round2:00312323,images/raw/gbif-inat-toxic-round2/zigadenus_paniculatus/6236408756_1.jpg,Zigadenus paniculatus,usda:ZIPA2
gbif-inat:00001775,images/raw/gbif-inat/zigadenus_paniculatus/6196047451_1.jpg,Zigadenus paniculatus,usda:ZIPA2
gbif-inat-toxic-round2:00312523,images/raw/gbif-inat-toxic-round2/zigadenus_paniculatus/5108322869_1.jpg,Zigadenus paniculatus,usda:ZIPA2
gbif-inat-toxic-round2:00312540,images/raw/gbif-inat-toxic-round2/zigadenus_paniculatus/5133863990_2.jpg,Zigadenus paniculatus,usda:ZIPA2
gbif-inat-toxic-round2:00312620,images/raw/gbif-inat-toxic-round2/zigadenus_paniculatus/5140487862_1.jpg,Zigadenus paniculatus,usda:ZIPA2
gbif-inat-toxic-round2:00312546,images/raw/gbif-inat-toxic-round2/zigadenus_paniculatus/5134097995_1.jpg,Zigadenus paniculatus,usda:ZIPA2
gbif-inat-toxic-round2:00312512,images/raw/gbif-inat-toxic-round2/zigadenus_paniculatus/5108099113_2.jpg,Zigadenus paniculatus,usda:ZIPA2
gbif-inat-toxic-round2:00312345,images/raw/gbif-inat-toxic-round2/zigadenus_paniculatus/6252084236_5.jpg,Zigadenus paniculatus,usda:ZIPA2
gbif-inat:00001752,images/raw/gbif-inat/zigadenus_paniculatus/6188064853_2.jpg,Zigadenus paniculatus,usda:ZIPA2
gbif-inat-toxic-round2:00312317,images/raw/gbif-inat-toxic-round2/zigadenus_paniculatus/6235886380_2.jpg,Zigadenus paniculatus,usda:ZIPA2
gbif-inat-toxic-round2:00312294,images/raw/gbif-inat-toxic-round2/zigadenus_paniculatus/6235145562_5.jpg,Zigadenus paniculatus,usda:ZIPA2
gbif-inat-toxic-round2:00312376,images/raw/gbif-inat-toxic-round2/zigadenus_paniculatus/6273618618_2.jpg,Zigadenus paniculatus,usda:ZIPA2
gbif-inat:00000178,images/raw/gbif-inat/zigadenus_paniculatus/6186054271_1.jpg,Zigadenus paniculatus,usda:ZIPA2
gbif-inat-toxic-round2:00312472,images/raw/gbif-inat-toxic-round2/zigadenus_paniculatus/5087582524_2.jpg,Zigadenus paniculatus,usda:ZIPA2
gbif-inat-toxic-round2:00312491,images/raw/gbif-inat-toxic-round2/zigadenus_paniculatus/5104566274_3.jpg,Zigadenus paniculatus,usda:ZIPA2
gbif-inat-toxic-round2:00312348,images/raw/gbif-inat-toxic-round2/zigadenus_paniculatus/6252200299_1.jpg,Zigadenus paniculatus,usda:ZIPA2
gbif-inat:00001781,images/raw/gbif-inat/zigadenus_paniculatus/6234241976_2.jpg,Zigadenus paniculatus,usda:ZIPA2
gbif-inat-toxic-round2:00312439,images/raw/gbif-inat-toxic-round2/zigadenus_paniculatus/6274013045_2.jpg,Zigadenus paniculatus,usda:ZIPA2
gbif-inat-toxic-round2:00312342,images/raw/gbif-inat-toxic-round2/zigadenus_paniculatus/6252084236_2.jpg,Zigadenus paniculatus,usda:ZIPA2
gbif-inat-toxic-round2:00312386,images/raw/gbif-inat-toxic-round2/zigadenus_paniculatus/6320060587_5.jpg,Zigadenus paniculatus,usda:ZIPA2
gbif-inat-toxic-round2:00312375,images/raw/gbif-inat-toxic-round2/zigadenus_paniculatus/6273618618_1.jpg,Zigadenus paniculatus,usda:ZIPA2
gbif-inat-toxic-round2:00312341,images/raw/gbif-inat-toxic-round2/zigadenus_paniculatus/6252084236_1.jpg,Zigadenus paniculatus,usda:ZIPA2
gbif-inat-toxic-round2:00312676,images/raw/gbif-inat-toxic-round2/zigadenus_paniculatus/5154000003_2.jpg,Zigadenus paniculatus,usda:ZIPA2
gbif-inat-toxic-round2:00312642,images/raw/gbif-inat-toxic-round2/zigadenus_paniculatus/5153097345_3.jpg,Zigadenus paniculatus,usda:ZIPA2
gbif-inat:00000168,images/raw/gbif-inat/zigadenus_paniculatus/6184831710_1.jpg,Zigadenus paniculatus,usda:ZIPA2
gbif-inat:00000172,images/raw/gbif-inat/zigadenus_paniculatus/6185070502_1.jpg,Zigadenus paniculatus,usda:ZIPA2
gbif-inat-toxic-round2:00312387,images/raw/gbif-inat-toxic-round2/zigadenus_paniculatus/6320060587_6.jpg,Zigadenus paniculatus,usda:ZIPA2
gbif-inat:00001744,images/raw/gbif-inat/zigadenus_paniculatus/6187902795_3.jpg,Zigadenus paniculatus,usda:ZIPA2
gbif-inat-toxic-round2:00312610,images/raw/gbif-inat-toxic-round2/zigadenus_paniculatus/5140351684_1.jpg,Zigadenus paniculatus,usda:ZIPA2
gbif-inat:00000155,images/raw/gbif-inat/zigadenus_paniculatus/6159422927_2.jpg,Zigadenus paniculatus,usda:ZIPA2
gbif-inat-toxic-round2:00312619,images/raw/gbif-inat-toxic-round2/zigadenus_paniculatus/5140445097_2.jpg,Zigadenus paniculatus,usda:ZIPA2
gbif-inat-toxic-round2:00312470,images/raw/gbif-inat-toxic-round2/zigadenus_paniculatus/6321184341_1.jpg,Zigadenus paniculatus,usda:ZIPA2
gbif-inat:00000158,images/raw/gbif-inat/zigadenus_paniculatus/6188295609_3.jpg,Zigadenus paniculatus,usda:ZIPA2
gbif-inat-toxic-round2:00312300,images/raw/gbif-inat-toxic-round2/zigadenus_paniculatus/6235369540_3.jpg,Zigadenus paniculatus,usda:ZIPA2
gbif-inat-toxic-round2:00312360,images/raw/gbif-inat-toxic-round2/zigadenus_paniculatus/6252612784_2.jpg,Zigadenus paniculatus,usda:ZIPA2
gbif-inat-toxic-round2:00312355,images/raw/gbif-inat-toxic-round2/zigadenus_paniculatus/6252416885_1.jpg,Zigadenus paniculatus,usda:ZIPA2
gbif-inat:00000154,images/raw/gbif-inat/zigadenus_paniculatus/6159422927_1.jpg,Zigadenus paniculatus,usda:ZIPA2
gbif-inat:00001766,images/raw/gbif-inat/zigadenus_paniculatus/6195812496_1.jpg,Zigadenus paniculatus,usda:ZIPA2
gbif-inat-toxic-round2:00312607,images/raw/gbif-inat-toxic-round2/zigadenus_paniculatus/5140165076_2.jpg,Zigadenus paniculatus,usda:ZIPA2
gbif-inat-toxic-round2:00312519,images/raw/gbif-inat-toxic-round2/zigadenus_paniculatus/5108178273_1.jpg,Zigadenus paniculatus,usda:ZIPA2
gbif-inat-toxic-round2:00312293,images/raw/gbif-inat-toxic-round2/zigadenus_paniculatus/6235145562_4.jpg,Zigadenus paniculatus,usda:ZIPA2
gbif-inat-toxic-round2:00312510,images/raw/gbif-inat-toxic-round2/zigadenus_paniculatus/5108091587_1.jpg,Zigadenus paniculatus,usda:ZIPA2
gbif-inat:00001792,images/raw/gbif-inat/zigadenus_paniculatus/6234308603_2.jpg,Zigadenus paniculatus,usda:ZIPA2
gbif-inat-toxic-round2:00312534,images/raw/gbif-inat-toxic-round2/zigadenus_paniculatus/5133200980_4.jpg,Zigadenus paniculatus,usda:ZIPA2
gbif-inat-toxic-round2:00312516,images/raw/gbif-inat-toxic-round2/zigadenus_paniculatus/5108112949_3.jpg,Zigadenus paniculatus,usda:ZIPA2
gbif-inat-toxic-round2:00312328,images/raw/gbif-inat-toxic-round2/zigadenus_paniculatus/6236415346_2.jpg,Zigadenus paniculatus,usda:ZIPA2
gbif-inat:00000161,images/raw/gbif-inat/zigadenus_paniculatus/6178904666_1.jpg,Zigadenus paniculatus,usda:ZIPA2
gbif-inat:00000166,images/raw/gbif-inat/zigadenus_paniculatus/6184764524_1.jpg,Zigadenus paniculatus,usda:ZIPA2
gbif-inat-toxic-round2:00312601,images/raw/gbif-inat-toxic-round2/zigadenus_paniculatus/5140131646_2.jpg,Zigadenus paniculatus,usda:ZIPA2
gbif-inat:00001741,images/raw/gbif-inat/zigadenus_paniculatus/6236172084_3.jpg,Zigadenus paniculatus,usda:ZIPA2
gbif-inat-toxic-round2:00312480,images/raw/gbif-inat-toxic-round2/zigadenus_paniculatus/5087872750_1.jpg,Zigadenus paniculatus,usda:ZIPA2
gbif-inat-toxic-round2:00312343,images/raw/gbif-inat-toxic-round2/zigadenus_paniculatus/6252084236_3.jpg,Zigadenus paniculatus,usda:ZIPA2
gbif-inat-toxic-round2:00312579,images/raw/gbif-inat-toxic-round2/zigadenus_paniculatus/5139989265_1.jpg,Zigadenus paniculatus,usda:ZIPA2
gbif-inat-toxic-round2:00312320,images/raw/gbif-inat-toxic-round2/zigadenus_paniculatus/6236223108_2.jpg,Zigadenus paniculatus,usda:ZIPA2
gbif-inat:00001783,images/raw/gbif-inat/zigadenus_paniculatus/6234242053_1.jpg,Zigadenus paniculatus,usda:ZIPA2
gbif-inat:00001793,images/raw/gbif-inat/zigadenus_paniculatus/6234397631_1.jpg,Zigadenus paniculatus,usda:ZIPA2
gbif-inat:00001734,images/raw/gbif-inat/zigadenus_paniculatus/6188516237_1.jpg,Zigadenus paniculatus,usda:ZIPA2
gbif-inat-toxic-round2:00312465,images/raw/gbif-inat-toxic-round2/zigadenus_paniculatus/6321100923_1.jpg,Zigadenus paniculatus,usda:ZIPA2
gbif-inat-toxic-round2:00312461,images/raw/gbif-inat-toxic-round2/zigadenus_paniculatus/6321018401_2.jpg,Zigadenus paniculatus,usda:ZIPA2
gbif-inat-toxic-round2:00312567,images/raw/gbif-inat-toxic-round2/zigadenus_paniculatus/5134567549_2.jpg,Zigadenus paniculatus,usda:ZIPA2
gbif-inat-toxic-round2:00312459,images/raw/gbif-inat-toxic-round2/zigadenus_paniculatus/6320994823_1.jpg,Zigadenus paniculatus,usda:ZIPA2
gbif-inat-toxic-round2:00312518,images/raw/gbif-inat-toxic-round2/zigadenus_paniculatus/5108168314_2.jpg,Zigadenus paniculatus,usda:ZIPA2
gbif-inat-toxic-round2:00312520,images/raw/gbif-inat-toxic-round2/zigadenus_paniculatus/5108178273_2.jpg,Zigadenus paniculatus,usda:ZIPA2
gbif-inat-toxic-round2:00312509,images/raw/gbif-inat-toxic-round2/zigadenus_paniculatus/5108090089_1.jpg,Zigadenus paniculatus,usda:ZIPA2
gbif-inat-toxic-round2:00312583,images/raw/gbif-inat-toxic-round2/zigadenus_paniculatus/5139990083_3.jpg,Zigadenus paniculatus,usda:ZIPA2
gbif-inat-toxic-round2:00312653,images/raw/gbif-inat-toxic-round2/zigadenus_paniculatus/5153357450_1.jpg,Zigadenus paniculatus,usda:ZIPA2
gbif-inat-toxic-round2:00312531,images/raw/gbif-inat-toxic-round2/zigadenus_paniculatus/5133200980_1.jpg,Zigadenus paniculatus,usda:ZIPA2
gbif-inat-toxic-round2:00312525,images/raw/gbif-inat-toxic-round2/zigadenus_paniculatus/5133774197_1.jpg,Zigadenus paniculatus,usda:ZIPA2
gbif-inat-toxic-round2:00312511,images/raw/gbif-inat-toxic-round2/zigadenus_paniculatus/5108099113_1.jpg,Zigadenus paniculatus,usda:ZIPA2
gbif-inat:00000163,images/raw/gbif-inat/zigadenus_paniculatus/6179366912_1.jpg,Zigadenus paniculatus,usda:ZIPA2
gbif-inat-toxic-round2:00312321,images/raw/gbif-inat-toxic-round2/zigadenus_paniculatus/6236363505_1.jpg,Zigadenus paniculatus,usda:ZIPA2
gbif-inat-toxic-round2:00312324,images/raw/gbif-inat-toxic-round2/zigadenus_paniculatus/6236408756_2.jpg,Zigadenus paniculatus,usda:ZIPA2
gbif-inat:00001755,images/raw/gbif-inat/zigadenus_paniculatus/6188316700_1.jpg,Zigadenus paniculatus,usda:ZIPA2
gbif-inat-toxic-round2:00312410,images/raw/gbif-inat-toxic-round2/zigadenus_paniculatus/6252904142_5.jpg,Zigadenus paniculatus,usda:ZIPA2
gbif-inat-toxic-round2:00312580,images/raw/gbif-inat-toxic-round2/zigadenus_paniculatus/5139989265_2.jpg,Zigadenus paniculatus,usda:ZIPA2
gbif-inat:00001760,images/raw/gbif-inat/zigadenus_paniculatus/6195498557_1.jpg,Zigadenus paniculatus,usda:ZIPA2
gbif-inat:00001751,images/raw/gbif-inat/zigadenus_paniculatus/6188064853_1.jpg,Zigadenus paniculatus,usda:ZIPA2
gbif-inat-toxic-round2:00312656,images/raw/gbif-inat-toxic-round2/zigadenus_paniculatus/5153508876_2.jpg,Zigadenus paniculatus,usda:ZIPA2
gbif-inat-toxic-round2:00312614,images/raw/gbif-inat-toxic-round2/zigadenus_paniculatus/5140435937_2.jpg,Zigadenus paniculatus,usda:ZIPA2
gbif-inat-toxic-round2:00312644,images/raw/gbif-inat-toxic-round2/zigadenus_paniculatus/5153154483_2.jpg,Zigadenus paniculatus,usda:ZIPA2
gbif-inat-toxic-round2:00312444,images/raw/gbif-inat-toxic-round2/zigadenus_paniculatus/6320137040_2.jpg,Zigadenus paniculatus,usda:ZIPA2
gbif-inat-toxic-round2:00312562,images/raw/gbif-inat-toxic-round2/zigadenus_paniculatus/5134521973_1.jpg,Zigadenus paniculatus,usda:ZIPA2
gbif-inat-toxic-round2:00312537,images/raw/gbif-inat-toxic-round2/zigadenus_paniculatus/5133690969_1.jpg,Zigadenus paniculatus,usda:ZIPA2
gbif-inat:00001745,images/raw/gbif-inat/zigadenus_paniculatus/6187917940_1.jpg,Zigadenus paniculatus,usda:ZIPA2
gbif-inat-toxic-round2:00312326,images/raw/gbif-inat-toxic-round2/zigadenus_paniculatus/6236408756_4.jpg,Zigadenus paniculatus,usda:ZIPA2
gbif-inat:00001791,images/raw/gbif-inat/zigadenus_paniculatus/6234308603_1.jpg,Zigadenus paniculatus,usda:ZIPA2
gbif-inat-toxic-round2:00312407,images/raw/gbif-inat-toxic-round2/zigadenus_paniculatus/6252904142_2.jpg,Zigadenus paniculatus,usda:ZIPA2
gbif-inat-toxic-round2:00312623,images/raw/gbif-inat-toxic-round2/zigadenus_paniculatus/5140577315_1.jpg,Zigadenus paniculatus,usda:ZIPA2
gbif-inat-toxic-round2:00312657,images/raw/gbif-inat-toxic-round2/zigadenus_paniculatus/5153508876_3.jpg,Zigadenus paniculatus,usda:ZIPA2
gbif-inat-toxic-round2:00312369,images/raw/gbif-inat-toxic-round2/zigadenus_paniculatus/6273187414_1.jpg,Zigadenus paniculatus,usda:ZIPA2
gbif-inat-toxic-round2:00312493,images/raw/gbif-inat-toxic-round2/zigadenus_paniculatus/5104566274_5.jpg,Zigadenus paniculatus,usda:ZIPA2
gbif-inat-toxic-round2:00312438,images/raw/gbif-inat-toxic-round2/zigadenus_paniculatus/6274013045_1.jpg,Zigadenus paniculatus,usda:ZIPA2
gbif-inat-toxic-round2:00312640,images/raw/gbif-inat-toxic-round2/zigadenus_paniculatus/5153097345_1.jpg,Zigadenus paniculatus,usda:ZIPA2
gbif-inat:00000174,images/raw/gbif-inat/zigadenus_paniculatus/6185916479_1.jpg,Zigadenus paniculatus,usda:ZIPA2
gbif-inat:00000171,images/raw/gbif-inat/zigadenus_paniculatus/6184962047_1.jpg,Zigadenus paniculatus,usda:ZIPA2
gbif-inat-toxic-round2:00312359,images/raw/gbif-inat-toxic-round2/zigadenus_paniculatus/6252612784_1.jpg,Zigadenus paniculatus,usda:ZIPA2
gbif-inat:00001786,images/raw/gbif-inat/zigadenus_paniculatus/6234289529_1.jpg,Zigadenus paniculatus,usda:ZIPA2
gbif-inat-toxic-round2:00312364,images/raw/gbif-inat-toxic-round2/zigadenus_paniculatus/6253169370_1.jpg,Zigadenus paniculatus,usda:ZIPA2
gbif-inat:00001765,images/raw/gbif-inat/zigadenus_paniculatus/6195587766_1.jpg,Zigadenus paniculatus,usda:ZIPA2
gbif-inat-toxic-round2:00312487,images/raw/gbif-inat-toxic-round2/zigadenus_paniculatus/5104512199_2.jpg,Zigadenus paniculatus,usda:ZIPA2
gbif-inat-toxic-round2:00312305,images/raw/gbif-inat-toxic-round2/zigadenus_paniculatus/6235482317_4.jpg,Zigadenus paniculatus,usda:ZIPA2
gbif-inat-toxic-round2:00312504,images/raw/gbif-inat-toxic-round2/zigadenus_paniculatus/5104750365_1.jpg,Zigadenus paniculatus,usda:ZIPA2
gbif-inat-toxic-round2:00312666,images/raw/gbif-inat-toxic-round2/zigadenus_paniculatus/5153546390_4.jpg,Zigadenus paniculatus,usda:ZIPA2
gbif-inat:00001746,images/raw/gbif-inat/zigadenus_paniculatus/6187917940_2.jpg,Zigadenus paniculatus,usda:ZIPA2
gbif-inat-toxic-round2:00312563,images/raw/gbif-inat-toxic-round2/zigadenus_paniculatus/5134562928_1.jpg,Zigadenus paniculatus,usda:ZIPA2
gbif-inat-toxic-round2:00312618,images/raw/gbif-inat-toxic-round2/zigadenus_paniculatus/5140445097_1.jpg,Zigadenus paniculatus,usda:ZIPA2
gbif-inat-toxic-round2:00312535,images/raw/gbif-inat-toxic-round2/zigadenus_paniculatus/5133200980_5.jpg,Zigadenus paniculatus,usda:ZIPA2
gbif-inat-toxic-round2:00312282,images/raw/gbif-inat-toxic-round2/zigadenus_paniculatus/6234794168_4.jpg,Zigadenus paniculatus,usda:ZIPA2
gbif-inat-toxic-round2:00312636,images/raw/gbif-inat-toxic-round2/zigadenus_paniculatus/5141134810_1.jpg,Zigadenus paniculatus,usda:ZIPA2
gbif-inat-toxic-round2:00312553,images/raw/gbif-inat-toxic-round2/zigadenus_paniculatus/5134222706_1.jpg,Zigadenus paniculatus,usda:ZIPA2
gbif-inat-toxic-round2:00312606,images/raw/gbif-inat-toxic-round2/zigadenus_paniculatus/5140165076_1.jpg,Zigadenus paniculatus,usda:ZIPA2
gbif-inat-toxic-round2:00312484,images/raw/gbif-inat-toxic-round2/zigadenus_paniculatus/5087984578_2.jpg,Zigadenus paniculatus,usda:ZIPA2
gbif-inat-toxic-round2:00312298,images/raw/gbif-inat-toxic-round2/zigadenus_paniculatus/6235369540_1.jpg,Zigadenus paniculatus,usda:ZIPA2
gbif-inat-toxic-round2:00312522,images/raw/gbif-inat-toxic-round2/zigadenus_paniculatus/5108291829_1.jpg,Zigadenus paniculatus,usda:ZIPA2
gbif-inat-toxic-round2:00312591,images/raw/gbif-inat-toxic-round2/zigadenus_paniculatus/5140023452_2.jpg,Zigadenus paniculatus,usda:ZIPA2
gbif-inat-toxic-round2:00312513,images/raw/gbif-inat-toxic-round2/zigadenus_paniculatus/5108109978_1.jpg,Zigadenus paniculatus,usda:ZIPA2
gbif-inat-toxic-round2:00312415,images/raw/gbif-inat-toxic-round2/zigadenus_paniculatus/6273457762_1.jpg,Zigadenus paniculatus,usda:ZIPA2
gbif-inat-toxic-round2:00312648,images/raw/gbif-inat-toxic-round2/zigadenus_paniculatus/5153216935_1.jpg,Zigadenus paniculatus,usda:ZIPA2
gbif-inat-toxic-round2:00312432,images/raw/gbif-inat-toxic-round2/zigadenus_paniculatus/6273820020_1.jpg,Zigadenus paniculatus,usda:ZIPA2
gbif-inat-toxic-round2:00312481,images/raw/gbif-inat-toxic-round2/zigadenus_paniculatus/5087955595_1.jpg,Zigadenus paniculatus,usda:ZIPA2
gbif-inat-toxic-round2:00312478,images/raw/gbif-inat-toxic-round2/zigadenus_paniculatus/5087868590_6.jpg,Zigadenus paniculatus,usda:ZIPA2
gbif-inat-toxic-round2:00312613,images/raw/gbif-inat-toxic-round2/zigadenus_paniculatus/5140435937_1.jpg,Zigadenus paniculatus,usda:ZIPA2
gbif-inat:00001731,images/raw/gbif-inat/zigadenus_paniculatus/6187984605_1.jpg,Zigadenus paniculatus,usda:ZIPA2
gbif-inat-toxic-round2:00312496,images/raw/gbif-inat-toxic-round2/zigadenus_paniculatus/5104607106_1.jpg,Zigadenus paniculatus,usda:ZIPA2
gbif-inat:00000169,images/raw/gbif-inat/zigadenus_paniculatus/6184937213_1.jpg,Zigadenus paniculatus,usda:ZIPA2
gbif-inat:00001799,images/raw/gbif-inat/zigadenus_paniculatus/6234497545_4.jpg,Zigadenus paniculatus,usda:ZIPA2
gbif-inat-toxic-round2:00312391,images/raw/gbif-inat-toxic-round2/zigadenus_paniculatus/6320213445_1.jpg,Zigadenus paniculatus,usda:ZIPA2
gbif-inat-toxic-round2:00312420,images/raw/gbif-inat-toxic-round2/zigadenus_paniculatus/6273482661_3.jpg,Zigadenus paniculatus,usda:ZIPA2
gbif-inat-toxic-round2:00312358,images/raw/gbif-inat-toxic-round2/zigadenus_paniculatus/6252419842_3.jpg,Zigadenus paniculatus,usda:ZIPA2
gbif-inat-toxic-round2:00312564,images/raw/gbif-inat-toxic-round2/zigadenus_paniculatus/5134562928_2.jpg,Zigadenus paniculatus,usda:ZIPA2
gbif-inat-toxic-round2:00312363,images/raw/gbif-inat-toxic-round2/zigadenus_paniculatus/6252926079_1.jpg,Zigadenus paniculatus,usda:ZIPA2
gbif-inat-toxic-round2:00312629,images/raw/gbif-inat-toxic-round2/zigadenus_paniculatus/5140648448_3.jpg,Zigadenus paniculatus,usda:ZIPA2
gbif-inat-toxic-round2:00312427,images/raw/gbif-inat-toxic-round2/zigadenus_paniculatus/6273567780_3.jpg,Zigadenus paniculatus,usda:ZIPA2
gbif-inat:00001800,images/raw/gbif-inat/zigadenus_paniculatus/6234740970_1.jpg,Zigadenus paniculatus,usda:ZIPA2
gbif-inat:00001761,images/raw/gbif-inat/zigadenus_paniculatus/6195498557_2.jpg,Zigadenus paniculatus,usda:ZIPA2
gbif-inat:00000162,images/raw/gbif-inat/zigadenus_paniculatus/6178957884_1.jpg,Zigadenus paniculatus,usda:ZIPA2
gbif-inat-toxic-round2:00311971,images/raw/gbif-inat-toxic-round2/zigadenus_venenosus/6320562533_2.jpg,Zigadenus venenosus,usda:ZIVE
gbif-inat-toxic-round2:00312074,images/raw/gbif-inat-toxic-round2/zigadenus_venenosus/5154660138_1.jpg,Zigadenus venenosus,usda:ZIVE
gbif-inat-toxic-round2:00312103,images/raw/gbif-inat-toxic-round2/zigadenus_venenosus/5167201544_1.jpg,Zigadenus venenosus,usda:ZIVE
gbif-inat-toxic-round2:00311885,images/raw/gbif-inat-toxic-round2/zigadenus_venenosus/6273371086_2.jpg,Zigadenus venenosus,usda:ZIVE
gbif-inat-toxic-round2:00312146,images/raw/gbif-inat-toxic-round2/zigadenus_venenosus/5168301040_2.jpg,Zigadenus venenosus,usda:ZIVE
gbif-inat-toxic-round2:00312183,images/raw/gbif-inat-toxic-round2/zigadenus_venenosus/5187657709_1.jpg,Zigadenus venenosus,usda:ZIVE
gbif-inat-toxic-round2:00312153,images/raw/gbif-inat-toxic-round2/zigadenus_venenosus/5168458520_2.jpg,Zigadenus venenosus,usda:ZIVE
gbif-inat:00001680,images/raw/gbif-inat/zigadenus_venenosus/6235424475_1.jpg,Zigadenus venenosus,usda:ZIVE
gbif-inat-toxic-round2:00312073,images/raw/gbif-inat-toxic-round2/zigadenus_venenosus/5154574176_2.jpg,Zigadenus venenosus,usda:ZIVE
gbif-inat-toxic-round2:00311923,images/raw/gbif-inat-toxic-round2/zigadenus_venenosus/6274014074_2.jpg,Zigadenus venenosus,usda:ZIVE
gbif-inat:00000123,images/raw/gbif-inat/zigadenus_venenosus/6185190144_1.jpg,Zigadenus venenosus,usda:ZIVE
gbif-inat-toxic-round2:00311940,images/raw/gbif-inat-toxic-round2/zigadenus_venenosus/6274169038_1.jpg,Zigadenus venenosus,usda:ZIVE
gbif-inat-toxic-round2:00312184,images/raw/gbif-inat-toxic-round2/zigadenus_venenosus/5187887825_1.jpg,Zigadenus venenosus,usda:ZIVE
gbif-inat-toxic-round2:00311948,images/raw/gbif-inat-toxic-round2/zigadenus_venenosus/6320129719_2.jpg,Zigadenus venenosus,usda:ZIVE
gbif-inat-toxic-round2:00312051,images/raw/gbif-inat-toxic-round2/zigadenus_venenosus/5153157092_1.jpg,Zigadenus venenosus,usda:ZIVE
gbif-inat-toxic-round2:00311917,images/raw/gbif-inat-toxic-round2/zigadenus_venenosus/6273962455_1.jpg,Zigadenus venenosus,usda:ZIVE
gbif-inat:00001719,images/raw/gbif-inat/zigadenus_venenosus/6320145334_1.jpg,Zigadenus venenosus,usda:ZIVE
gbif-inat-toxic-round2:00311951,images/raw/gbif-inat-toxic-round2/zigadenus_venenosus/6320162901_1.jpg,Zigadenus venenosus,usda:ZIVE
gbif-inat-toxic-round2:00311900,images/raw/gbif-inat-toxic-round2/zigadenus_venenosus/6273484865_2.jpg,Zigadenus venenosus,usda:ZIVE
gbif-inat-toxic-round2:00312020,images/raw/gbif-inat-toxic-round2/zigadenus_venenosus/5153753643_2.jpg,Zigadenus venenosus,usda:ZIVE
gbif-inat-toxic-round2:00312154,images/raw/gbif-inat-toxic-round2/zigadenus_venenosus/5168458520_3.jpg,Zigadenus venenosus,usda:ZIVE
gbif-inat-toxic-round2:00312120,images/raw/gbif-inat-toxic-round2/zigadenus_venenosus/5167604316_1.jpg,Zigadenus venenosus,usda:ZIVE
gbif-inat-toxic-round2:00312216,images/raw/gbif-inat-toxic-round2/zigadenus_venenosus/5759569562_2.jpg,Zigadenus venenosus,usda:ZIVE
gbif-inat-toxic-round2:00312143,images/raw/gbif-inat-toxic-round2/zigadenus_venenosus/5168291287_2.jpg,Zigadenus venenosus,usda:ZIVE
gbif-inat-toxic-round2:00312192,images/raw/gbif-inat-toxic-round2/zigadenus_venenosus/5198443630_3.jpg,Zigadenus venenosus,usda:ZIVE
gbif-inat-toxic-round2:00312152,images/raw/gbif-inat-toxic-round2/zigadenus_venenosus/5168458520_1.jpg,Zigadenus venenosus,usda:ZIVE
gbif-inat-toxic-round2:00312176,images/raw/gbif-inat-toxic-round2/zigadenus_venenosus/5187538632_5.jpg,Zigadenus venenosus,usda:ZIVE
gbif-inat:00001668,images/raw/gbif-inat/zigadenus_venenosus/6195767717_2.jpg,Zigadenus venenosus,usda:ZIVE
gbif-inat-toxic-round2:00312179,images/raw/gbif-inat-toxic-round2/zigadenus_venenosus/5187538632_8.jpg,Zigadenus venenosus,usda:ZIVE
gbif-inat-toxic-round2:00312242,images/raw/gbif-inat-toxic-round2/zigadenus_venenosus/5890005692_2.jpg,Zigadenus venenosus,usda:ZIVE
gbif-inat-toxic-round2:00312053,images/raw/gbif-inat-toxic-round2/zigadenus_venenosus/5153237693_1.jpg,Zigadenus venenosus,usda:ZIVE
gbif-inat-toxic-round2:00311919,images/raw/gbif-inat-toxic-round2/zigadenus_venenosus/6274001504_1.jpg,Zigadenus venenosus,usda:ZIVE
gbif-inat-toxic-round2:00312111,images/raw/gbif-inat-toxic-round2/zigadenus_venenosus/5167337721_5.jpg,Zigadenus venenosus,usda:ZIVE
gbif-inat:00001672,images/raw/gbif-inat/zigadenus_venenosus/6234666559_1.jpg,Zigadenus venenosus,usda:ZIVE
gbif-inat:00001669,images/raw/gbif-inat/zigadenus_venenosus/6195845177_1.jpg,Zigadenus venenosus,usda:ZIVE
gbif-inat-toxic-round2:00311897,images/raw/gbif-inat-toxic-round2/zigadenus_venenosus/6273463015_3.jpg,Zigadenus venenosus,usda:ZIVE
gbif-inat-toxic-round2:00311979,images/raw/gbif-inat-toxic-round2/zigadenus_venenosus/6320814805_1.jpg,Zigadenus venenosus,usda:ZIVE
gbif-inat:00001722,images/raw/gbif-inat/zigadenus_venenosus/6253204314_1.jpg,Zigadenus venenosus,usda:ZIVE
gbif-inat-toxic-round2:00311963,images/raw/gbif-inat-toxic-round2/zigadenus_venenosus/6320459798_3.jpg,Zigadenus venenosus,usda:ZIVE
gbif-inat-toxic-round2:00312106,images/raw/gbif-inat-toxic-round2/zigadenus_venenosus/5167287692_1.jpg,Zigadenus venenosus,usda:ZIVE
gbif-inat-toxic-round2:00311937,images/raw/gbif-inat-toxic-round2/zigadenus_venenosus/6274139095_6.jpg,Zigadenus venenosus,usda:ZIVE
gbif-inat:00000144,images/raw/gbif-inat/zigadenus_venenosus/6188674426_1.jpg,Zigadenus venenosus,usda:ZIVE
gbif-inat-toxic-round2:00311902,images/raw/gbif-inat-toxic-round2/zigadenus_venenosus/6273528106_1.jpg,Zigadenus venenosus,usda:ZIVE
gbif-inat-toxic-round2:00312030,images/raw/gbif-inat-toxic-round2/zigadenus_venenosus/5168295572_2.jpg,Zigadenus venenosus,usda:ZIVE
gbif-inat-toxic-round2:00312187,images/raw/gbif-inat-toxic-round2/zigadenus_venenosus/5188252563_1.jpg,Zigadenus venenosus,usda:ZIVE
gbif-inat:00001671,images/raw/gbif-inat/zigadenus_venenosus/6234213737_1.jpg,Zigadenus venenosus,usda:ZIVE
gbif-inat-toxic-round2:00311888,images/raw/gbif-inat-toxic-round2/zigadenus_venenosus/6273373849_2.jpg,Zigadenus venenosus,usda:ZIVE
gbif-inat-toxic-round2:00311990,images/raw/gbif-inat-toxic-round2/zigadenus_venenosus/5133273589_1.jpg,Zigadenus venenosus,usda:ZIVE
gbif-inat:00001666,images/raw/gbif-inat/zigadenus_venenosus/6195743652_1.jpg,Zigadenus venenosus,usda:ZIVE
gbif-inat-toxic-round2:00311986,images/raw/gbif-inat-toxic-round2/zigadenus_venenosus/6321142840_3.jpg,Zigadenus venenosus,usda:ZIVE
gbif-inat-toxic-round2:00312080,images/raw/gbif-inat-toxic-round2/zigadenus_venenosus/5154869335_2.jpg,Zigadenus venenosus,usda:ZIVE
gbif-inat-toxic-round2:00311967,images/raw/gbif-inat-toxic-round2/zigadenus_venenosus/6320521690_1.jpg,Zigadenus venenosus,usda:ZIVE
gbif-inat-toxic-round2:00312115,images/raw/gbif-inat-toxic-round2/zigadenus_venenosus/5167426308_2.jpg,Zigadenus venenosus,usda:ZIVE
gbif-inat-toxic-round2:00312217,images/raw/gbif-inat-toxic-round2/zigadenus_venenosus/5759830808_1.jpg,Zigadenus venenosus,usda:ZIVE
gbif-inat:00000148,images/raw/gbif-inat/zigadenus_venenosus/6195245135_2.jpg,Zigadenus venenosus,usda:ZIVE
gbif-inat-toxic-round2:00311915,images/raw/gbif-inat-toxic-round2/zigadenus_venenosus/6273912430_4.jpg,Zigadenus venenosus,usda:ZIVE
gbif-inat:00001684,images/raw/gbif-inat/zigadenus_venenosus/6235424475_5.jpg,Zigadenus venenosus,usda:ZIVE
gbif-inat:00000134,images/raw/gbif-inat/zigadenus_venenosus/6186168538_2.jpg,Zigadenus venenosus,usda:ZIVE
gbif-inat:00001663,images/raw/gbif-inat/zigadenus_venenosus/6195521969_1.jpg,Zigadenus venenosus,usda:ZIVE
gbif-inat-toxic-round2:00311984,images/raw/gbif-inat-toxic-round2/zigadenus_venenosus/6321142840_1.jpg,Zigadenus venenosus,usda:ZIVE
gbif-inat:00001664,images/raw/gbif-inat/zigadenus_venenosus/6195521969_2.jpg,Zigadenus venenosus,usda:ZIVE
gbif-inat-toxic-round2:00312246,images/raw/gbif-inat-toxic-round2/zigadenus_venenosus/5920012460_2.jpg,Zigadenus venenosus,usda:ZIVE
gbif-inat-toxic-round2:00312079,images/raw/gbif-inat-toxic-round2/zigadenus_venenosus/5154869335_1.jpg,Zigadenus venenosus,usda:ZIVE
gbif-inat-toxic-round2:00312122,images/raw/gbif-inat-toxic-round2/zigadenus_venenosus/5167704669_1.jpg,Zigadenus venenosus,usda:ZIVE
gbif-inat-toxic-round2:00312156,images/raw/gbif-inat-toxic-round2/zigadenus_venenosus/5168473849_1.jpg,Zigadenus venenosus,usda:ZIVE
gbif-inat:00000141,images/raw/gbif-inat/zigadenus_venenosus/6188313379_1.jpg,Zigadenus venenosus,usda:ZIVE
gbif-inat-toxic-round2:00312223,images/raw/gbif-inat-toxic-round2/zigadenus_venenosus/5760283288_1.jpg,Zigadenus venenosus,usda:ZIVE
gbif-inat:00000145,images/raw/gbif-inat/zigadenus_venenosus/6188674426_2.jpg,Zigadenus venenosus,usda:ZIVE
gbif-inat-toxic-round2:00312057,images/raw/gbif-inat-toxic-round2/zigadenus_venenosus/5153329332_2.jpg,Zigadenus venenosus,usda:ZIVE
gbif-inat-toxic-round2:00312098,images/raw/gbif-inat-toxic-round2/zigadenus_venenosus/5167125730_1.jpg,Zigadenus venenosus,usda:ZIVE
gbif-inat-toxic-round2:00312259,images/raw/gbif-inat-toxic-round2/zigadenus_venenosus/6130541467_4.jpg,Zigadenus venenosus,usda:ZIVE
gbif-inat-toxic-round2:00312215,images/raw/gbif-inat-toxic-round2/zigadenus_venenosus/5759569562_1.jpg,Zigadenus venenosus,usda:ZIVE
gbif-inat:00001712,images/raw/gbif-inat/zigadenus_venenosus/6273373551_1.jpg,Zigadenus venenosus,usda:ZIVE
gbif-inat-toxic-round2:00312213,images/raw/gbif-inat-toxic-round2/zigadenus_venenosus/5282271122_2.jpg,Zigadenus venenosus,usda:ZIVE
gbif-inat-toxic-round2:00312193,images/raw/gbif-inat-toxic-round2/zigadenus_venenosus/5198978530_1.jpg,Zigadenus venenosus,usda:ZIVE
gbif-inat-toxic-round2:00312011,images/raw/gbif-inat-toxic-round2/zigadenus_venenosus/5140238551_1.jpg,Zigadenus venenosus,usda:ZIVE
gbif-inat-toxic-round2:00312058,images/raw/gbif-inat-toxic-round2/zigadenus_venenosus/5153410118_1.jpg,Zigadenus venenosus,usda:ZIVE
gbif-inat:00001662,images/raw/gbif-inat/zigadenus_venenosus/6195344615_4.jpg,Zigadenus venenosus,usda:ZIVE
gbif-inat-toxic-round2:00312032,images/raw/gbif-inat-toxic-round2/zigadenus_venenosus/5187932571_1.jpg,Zigadenus venenosus,usda:ZIVE
gbif-inat-toxic-round2:00312005,images/raw/gbif-inat-toxic-round2/zigadenus_venenosus/5140094099_1.jpg,Zigadenus venenosus,usda:ZIVE
gbif-inat-toxic-round2:00312138,images/raw/gbif-inat-toxic-round2/zigadenus_venenosus/5168028678_2.jpg,Zigadenus venenosus,usda:ZIVE
gbif-inat-toxic-round2:00312145,images/raw/gbif-inat-toxic-round2/zigadenus_venenosus/5168301040_1.jpg,Zigadenus venenosus,usda:ZIVE
gbif-inat-toxic-round2:00312088,images/raw/gbif-inat-toxic-round2/zigadenus_venenosus/5166863311_3.jpg,Zigadenus venenosus,usda:ZIVE
gbif-inat-toxic-round2:00312188,images/raw/gbif-inat-toxic-round2/zigadenus_venenosus/5188320877_1.jpg,Zigadenus venenosus,usda:ZIVE
gbif-inat-toxic-round2:00311970,images/raw/gbif-inat-toxic-round2/zigadenus_venenosus/6320562533_1.jpg,Zigadenus venenosus,usda:ZIVE
gbif-inat-toxic-round2:00312134,images/raw/gbif-inat-toxic-round2/zigadenus_venenosus/5167850098_1.jpg,Zigadenus venenosus,usda:ZIVE
gbif-inat-toxic-round2:00311962,images/raw/gbif-inat-toxic-round2/zigadenus_venenosus/6320459798_2.jpg,Zigadenus venenosus,usda:ZIVE
gbif-inat:00000140,images/raw/gbif-inat/zigadenus_venenosus/6188213096_2.jpg,Zigadenus venenosus,usda:ZIVE
gbif-inat-toxic-round2:00312273,images/raw/gbif-inat-toxic-round2/zigadenus_venenosus/6178644833_1.jpg,Zigadenus venenosus,usda:ZIVE
gbif-inat-toxic-round2:00311908,images/raw/gbif-inat-toxic-round2/zigadenus_venenosus/6273670337_1.jpg,Zigadenus venenosus,usda:ZIVE
gbif-inat-toxic-round2:00311987,images/raw/gbif-inat-toxic-round2/zigadenus_venenosus/6321142840_4.jpg,Zigadenus venenosus,usda:ZIVE
gbif-inat-toxic-round2:00312082,images/raw/gbif-inat-toxic-round2/zigadenus_venenosus/5154894534_1.jpg,Zigadenus venenosus,usda:ZIVE
gbif-inat-toxic-round2:00312157,images/raw/gbif-inat-toxic-round2/zigadenus_venenosus/5168473849_2.jpg,Zigadenus venenosus,usda:ZIVE
gbif-inat:00000124,images/raw/gbif-inat/zigadenus_venenosus/6185278841_1.jpg,Zigadenus venenosus,usda:ZIVE
gbif-inat-toxic-round2:00312062,images/raw/gbif-inat-toxic-round2/zigadenus_venenosus/5153577382_2.jpg,Zigadenus venenosus,usda:ZIVE
gbif-inat-toxic-round2:00312196,images/raw/gbif-inat-toxic-round2/zigadenus_venenosus/5205860024_2.jpg,Zigadenus venenosus,usda:ZIVE
gbif-inat-toxic-round2:00312071,images/raw/gbif-inat-toxic-round2/zigadenus_venenosus/5154539315_1.jpg,Zigadenus venenosus,usda:ZIVE
gbif-inat-toxic-round2:00312251,images/raw/gbif-inat-toxic-round2/zigadenus_venenosus/5920317287_3.jpg,Zigadenus venenosus,usda:ZIVE
gbif-inat-toxic-round2:00312250,images/raw/gbif-inat-toxic-round2/zigadenus_venenosus/5920317287_2.jpg,Zigadenus venenosus,usda:ZIVE
gbif-inat-toxic-round2:00311981,images/raw/gbif-inat-toxic-round2/zigadenus_venenosus/6320814805_3.jpg,Zigadenus venenosus,usda:ZIVE
gbif-inat-toxic-round2:00312149,images/raw/gbif-inat-toxic-round2/zigadenus_venenosus/5168454057_1.jpg,Zigadenus venenosus,usda:ZIVE
gbif-inat-toxic-round2:00312045,images/raw/gbif-inat-toxic-round2/zigadenus_venenosus/5935496533_1.jpg,Zigadenus venenosus,usda:ZIVE
gbif-inat:00001705,images/raw/gbif-inat/zigadenus_venenosus/6253184319_1.jpg,Zigadenus venenosus,usda:ZIVE
gbif-inat:00001689,images/raw/gbif-inat/zigadenus_venenosus/6235462440_1.jpg,Zigadenus venenosus,usda:ZIVE
gbif-inat-toxic-round2:00312268,images/raw/gbif-inat-toxic-round2/zigadenus_venenosus/6159519642_3.jpg,Zigadenus venenosus,usda:ZIVE
gbif-inat-toxic-round2:00311890,images/raw/gbif-inat-toxic-round2/zigadenus_venenosus/6273391317_2.jpg,Zigadenus venenosus,usda:ZIVE
gbif-inat-toxic-round2:00311992,images/raw/gbif-inat-toxic-round2/zigadenus_venenosus/5133684263_2.jpg,Zigadenus venenosus,usda:ZIVE
gbif-inat-toxic-round2:00312092,images/raw/gbif-inat-toxic-round2/zigadenus_venenosus/5166893489_2.jpg,Zigadenus venenosus,usda:ZIVE
gbif-inat-toxic-round2:00311954,images/raw/gbif-inat-toxic-round2/zigadenus_venenosus/6320264337_1.jpg,Zigadenus venenosus,usda:ZIVE
gbif-inat:00001711,images/raw/gbif-inat/zigadenus_venenosus/6253366772_2.jpg,Zigadenus venenosus,usda:ZIVE
gbif-inat-toxic-round2:00312201,images/raw/gbif-inat-toxic-round2/zigadenus_venenosus/5230756670_3.jpg,Zigadenus venenosus,usda:ZIVE
gbif-inat-toxic-round2:00312052,images/raw/gbif-inat-toxic-round2/zigadenus_venenosus/5153224273_1.jpg,Zigadenus venenosus,usda:ZIVE
gbif-inat-toxic-round2:00312023,images/raw/gbif-inat-toxic-round2/zigadenus_venenosus/5154151014_2.jpg,Zigadenus venenosus,usda:ZIVE
gbif-inat-toxic-round2:00312067,images/raw/gbif-inat-toxic-round2/zigadenus_venenosus/5154433092_1.jpg,Zigadenus venenosus,usda:ZIVE
gbif-inat-toxic-round2:00311882,images/raw/gbif-inat-toxic-round2/zigadenus_venenosus/6273317007_4.jpg,Zigadenus venenosus,usda:ZIVE
gbif-inat-toxic-round2:00312083,images/raw/gbif-inat-toxic-round2/zigadenus_venenosus/5154910422_1.jpg,Zigadenus venenosus,usda:ZIVE
gbif-inat-toxic-round2:00311914,images/raw/gbif-inat-toxic-round2/zigadenus_venenosus/6273912430_3.jpg,Zigadenus venenosus,usda:ZIVE
gbif-inat-toxic-round2:00312129,images/raw/gbif-inat-toxic-round2/zigadenus_venenosus/5167756129_3.jpg,Zigadenus venenosus,usda:ZIVE
gbif-inat-toxic-round2:00312086,images/raw/gbif-inat-toxic-round2/zigadenus_venenosus/5166863311_1.jpg,Zigadenus venenosus,usda:ZIVE
gbif-inat-toxic-round2:00312234,images/raw/gbif-inat-toxic-round2/zigadenus_venenosus/5831011909_1.jpg,Zigadenus venenosus,usda:ZIVE
gbif-inat:00001670,images/raw/gbif-inat/zigadenus_venenosus/6234213373_1.jpg,Zigadenus venenosus,usda:ZIVE
gbif-inat:00001700,images/raw/gbif-inat/zigadenus_venenosus/6251931297_2.jpg,Zigadenus venenosus,usda:ZIVE
gbif-inat-toxic-round2:00312262,images/raw/gbif-inat-toxic-round2/zigadenus_venenosus/6131506959_1.jpg,Zigadenus venenosus,usda:ZIVE
gbif-inat-toxic-round2:00311883,images/raw/gbif-inat-toxic-round2/zigadenus_venenosus/6273325945_1.jpg,Zigadenus venenosus,usda:ZIVE
gbif-inat:00000138,images/raw/gbif-inat/zigadenus_venenosus/6236304013_1.jpg,Zigadenus venenosus,usda:ZIVE
gbif-inat-toxic-round2:00311912,images/raw/gbif-inat-toxic-round2/zigadenus_venenosus/6273912430_1.jpg,Zigadenus venenosus,usda:ZIVE
gbif-inat-toxic-round2:00312068,images/raw/gbif-inat-toxic-round2/zigadenus_venenosus/5154489493_1.jpg,Zigadenus venenosus,usda:ZIVE
gbif-inat:00000143,images/raw/gbif-inat/zigadenus_venenosus/6188378030_1.jpg,Zigadenus venenosus,usda:ZIVE
gbif-inat-toxic-round2:00312239,images/raw/gbif-inat-toxic-round2/zigadenus_venenosus/5844461731_1.jpg,Zigadenus venenosus,usda:ZIVE
gbif-inat-toxic-round2:00312056,images/raw/gbif-inat-toxic-round2/zigadenus_venenosus/5153329332_1.jpg,Zigadenus venenosus,usda:ZIVE
gbif-inat-toxic-round2:00311934,images/raw/gbif-inat-toxic-round2/zigadenus_venenosus/6274139095_3.jpg,Zigadenus venenosus,usda:ZIVE
gbif-inat-toxic-round2:00312208,images/raw/gbif-inat-toxic-round2/zigadenus_venenosus/5282103474_2.jpg,Zigadenus venenosus,usda:ZIVE
gbif-inat:00001695,images/raw/gbif-inat/zigadenus_venenosus/6236046658_4.jpg,Zigadenus venenosus,usda:ZIVE
gbif-inat:00000147,images/raw/gbif-inat/zigadenus_venenosus/6195245135_1.jpg,Zigadenus venenosus,usda:ZIVE
gbif-inat-toxic-round2:00312205,images/raw/gbif-inat-toxic-round2/zigadenus_venenosus/5237865482_1.jpg,Zigadenus venenosus,usda:ZIVE
gbif-inat-toxic-round2:00312027,images/raw/gbif-inat-toxic-round2/zigadenus_venenosus/5168294319_1.jpg,Zigadenus venenosus,usda:ZIVE
gbif-inat:00000129,images/raw/gbif-inat/zigadenus_venenosus/6185712342_2.jpg,Zigadenus venenosus,usda:ZIVE
gbif-inat:00000127,images/raw/gbif-inat/zigadenus_venenosus/6185386964_2.jpg,Zigadenus venenosus,usda:ZIVE
gbif-inat-toxic-round2:00312169,images/raw/gbif-inat-toxic-round2/zigadenus_venenosus/5177086393_1.jpg,Zigadenus venenosus,usda:ZIVE
gbif-inat:00001665,images/raw/gbif-inat/zigadenus_venenosus/6195521969_3.jpg,Zigadenus venenosus,usda:ZIVE
gbif-inat-toxic-round2:00311904,images/raw/gbif-inat-toxic-round2/zigadenus_venenosus/6273570088_1.jpg,Zigadenus venenosus,usda:ZIVE
gbif-inat-toxic-round2:00312197,images/raw/gbif-inat-toxic-round2/zigadenus_venenosus/5206649682_1.jpg,Zigadenus venenosus,usda:ZIVE
gbif-inat-toxic-round2:00312209,images/raw/gbif-inat-toxic-round2/zigadenus_venenosus/5282103474_3.jpg,Zigadenus venenosus,usda:ZIVE
gbif-inat-toxic-round2:00312066,images/raw/gbif-inat-toxic-round2/zigadenus_venenosus/5154158074_1.jpg,Zigadenus venenosus,usda:ZIVE
gbif-inat-toxic-round2:00312119,images/raw/gbif-inat-toxic-round2/zigadenus_venenosus/5167470922_2.jpg,Zigadenus venenosus,usda:ZIVE
gbif-inat-toxic-round2:00312031,images/raw/gbif-inat-toxic-round2/zigadenus_venenosus/5187515398_1.jpg,Zigadenus venenosus,usda:ZIVE
gbif-inat-toxic-round2:00312224,images/raw/gbif-inat-toxic-round2/zigadenus_venenosus/5760608397_1.jpg,Zigadenus venenosus,usda:ZIVE
gbif-inat-toxic-round2:00312160,images/raw/gbif-inat-toxic-round2/zigadenus_venenosus/5168523422_1.jpg,Zigadenus venenosus,usda:ZIVE
gbif-inat-toxic-round2:00312194,images/raw/gbif-inat-toxic-round2/zigadenus_venenosus/5199059634_1.jpg,Zigadenus venenosus,usda:ZIVE
gbif-inat-toxic-round2:00312207,images/raw/gbif-inat-toxic-round2/zigadenus_venenosus/5282103474_1.jpg,Zigadenus venenosus,usda:ZIVE
gbif-inat-toxic-round2:00312035,images/raw/gbif-inat-toxic-round2/zigadenus_venenosus/5292876861_2.jpg,Zigadenus venenosus,usda:ZIVE
gbif-inat-toxic-round2:00311903,images/raw/gbif-inat-toxic-round2/zigadenus_venenosus/6273528106_2.jpg,Zigadenus venenosus,usda:ZIVE
gbif-inat-toxic-round2:00312014,images/raw/gbif-inat-toxic-round2/zigadenus_venenosus/5140527492_1.jpg,Zigadenus venenosus,usda:ZIVE
gbif-inat-toxic-round2:00311901,images/raw/gbif-inat-toxic-round2/zigadenus_venenosus/6273484865_3.jpg,Zigadenus venenosus,usda:ZIVE
gbif-inat-toxic-round2:00312043,images/raw/gbif-inat-toxic-round2/zigadenus_venenosus/5935436746_1.jpg,Zigadenus venenosus,usda:ZIVE
gbif-inat:00000135,images/raw/gbif-inat/zigadenus_venenosus/6188257829_1.jpg,Zigadenus venenosus,usda:ZIVE
gbif-inat-toxic-round2:00311891,images/raw/gbif-inat-toxic-round2/zigadenus_venenosus/6273414324_1.jpg,Zigadenus venenosus,usda:ZIVE
gbif-inat-toxic-round2:00312102,images/raw/gbif-inat-toxic-round2/zigadenus_venenosus/5167174167_3.jpg,Zigadenus venenosus,usda:ZIVE
gbif-inat-toxic-round2:00311966,images/raw/gbif-inat-toxic-round2/zigadenus_venenosus/6320520519_3.jpg,Zigadenus venenosus,usda:ZIVE
gbif-inat:00001688,images/raw/gbif-inat/zigadenus_venenosus/6235424475_9.jpg,Zigadenus venenosus,usda:ZIVE
gbif-inat:00000137,images/raw/gbif-inat/zigadenus_venenosus/6188569276_1.jpg,Zigadenus venenosus,usda:ZIVE
gbif-inat-toxic-round2:00312140,images/raw/gbif-inat-toxic-round2/zigadenus_venenosus/5168157200_2.jpg,Zigadenus venenosus,usda:ZIVE
gbif-inat-toxic-round2:00312142,images/raw/gbif-inat-toxic-round2/zigadenus_venenosus/5168291287_1.jpg,Zigadenus venenosus,usda:ZIVE
gbif-inat-toxic-round2:00311938,images/raw/gbif-inat-toxic-round2/zigadenus_venenosus/6274139095_7.jpg,Zigadenus venenosus,usda:ZIVE
gbif-inat-toxic-round2:00312219,images/raw/gbif-inat-toxic-round2/zigadenus_venenosus/5759879615_1.jpg,Zigadenus venenosus,usda:ZIVE
gbif-inat-toxic-round2:00312095,images/raw/gbif-inat-toxic-round2/zigadenus_venenosus/5166968109_2.jpg,Zigadenus venenosus,usda:ZIVE
gbif-inat-toxic-round2:00312025,images/raw/gbif-inat-toxic-round2/zigadenus_venenosus/5166753856_1.jpg,Zigadenus venenosus,usda:ZIVE
gbif-inat-toxic-round2:00312255,images/raw/gbif-inat-toxic-round2/zigadenus_venenosus/5938180985_1.jpg,Zigadenus venenosus,usda:ZIVE
gbif-inat-toxic-round2:00312199,images/raw/gbif-inat-toxic-round2/zigadenus_venenosus/5230756670_1.jpg,Zigadenus venenosus,usda:ZIVE
gbif-inat-toxic-round2:00311893,images/raw/gbif-inat-toxic-round2/zigadenus_venenosus/6273414324_3.jpg,Zigadenus venenosus,usda:ZIVE
gbif-inat-toxic-round2:00312012,images/raw/gbif-inat-toxic-round2/zigadenus_venenosus/5140238551_2.jpg,Zigadenus venenosus,usda:ZIVE
gbif-inat-toxic-round2:00312180,images/raw/gbif-inat-toxic-round2/zigadenus_venenosus/5187538632_9.jpg,Zigadenus venenosus,usda:ZIVE
gbif-inat-toxic-round2:00311998,images/raw/gbif-inat-toxic-round2/zigadenus_venenosus/5134358286_1.jpg,Zigadenus venenosus,usda:ZIVE
gbif-inat-toxic-round2:00312125,images/raw/gbif-inat-toxic-round2/zigadenus_venenosus/5167711487_1.jpg,Zigadenus venenosus,usda:ZIVE
gbif-inat-toxic-round2:00311921,images/raw/gbif-inat-toxic-round2/zigadenus_venenosus/6274013404_1.jpg,Zigadenus venenosus,usda:ZIVE
gbif-inat-toxic-round2:00311906,images/raw/gbif-inat-toxic-round2/zigadenus_venenosus/6273570088_3.jpg,Zigadenus venenosus,usda:ZIVE
gbif-inat-toxic-round2:00312185,images/raw/gbif-inat-toxic-round2/zigadenus_venenosus/5187932710_1.jpg,Zigadenus venenosus,usda:ZIVE
gbif-inat-toxic-round2:00312182,images/raw/gbif-inat-toxic-round2/zigadenus_venenosus/5187575585_2.jpg,Zigadenus venenosus,usda:ZIVE
gbif-inat-toxic-round2:00311973,images/raw/gbif-inat-toxic-round2/zigadenus_venenosus/6320569345_1.jpg,Zigadenus venenosus,usda:ZIVE
gbif-inat-toxic-round2:00312256,images/raw/gbif-inat-toxic-round2/zigadenus_venenosus/6130541467_1.jpg,Zigadenus venenosus,usda:ZIVE
gbif-inat-toxic-round2:00311920,images/raw/gbif-inat-toxic-round2/zigadenus_venenosus/6274006100_1.jpg,Zigadenus venenosus,usda:ZIVE
gbif-inat-toxic-round2:00312038,images/raw/gbif-inat-toxic-round2/zigadenus_venenosus/5840456995_3.jpg,Zigadenus venenosus,usda:ZIVE
gbif-inat-toxic-round2:00312214,images/raw/gbif-inat-toxic-round2/zigadenus_venenosus/5282271122_3.jpg,Zigadenus venenosus,usda:ZIVE
gbif-inat-toxic-round2:00312081,images/raw/gbif-inat-toxic-round2/zigadenus_venenosus/5154875693_1.jpg,Zigadenus venenosus,usda:ZIVE
gbif-inat-toxic-round2:00312221,images/raw/gbif-inat-toxic-round2/zigadenus_venenosus/5759894696_1.jpg,Zigadenus venenosus,usda:ZIVE
gbif-inat:00001696,images/raw/gbif-inat/zigadenus_venenosus/6236156764_1.jpg,Zigadenus venenosus,usda:ZIVE
gbif-inat-toxic-round2:00311926,images/raw/gbif-inat-toxic-round2/zigadenus_venenosus/6274044376_1.jpg,Zigadenus venenosus,usda:ZIVE
gbif-inat-toxic-round2:00311988,images/raw/gbif-inat-toxic-round2/zigadenus_venenosus/5104588359_1.jpg,Zigadenus venenosus,usda:ZIVE
gbif-inat-toxic-round2:00311946,images/raw/gbif-inat-toxic-round2/zigadenus_venenosus/6320068411_1.jpg,Zigadenus venenosus,usda:ZIVE
gbif-inat-toxic-round2:00312254,images/raw/gbif-inat-toxic-round2/zigadenus_venenosus/5936401684_1.jpg,Zigadenus venenosus,usda:ZIVE
gbif-inat-toxic-round2:00311930,images/raw/gbif-inat-toxic-round2/zigadenus_venenosus/6274061960_2.jpg,Zigadenus venenosus,usda:ZIVE
gbif-inat-toxic-round2:00311887,images/raw/gbif-inat-toxic-round2/zigadenus_venenosus/6273373849_1.jpg,Zigadenus venenosus,usda:ZIVE
gbif-inat:00001725,images/raw/gbif-inat/zigadenus_venenosus/6273156014_2.jpg,Zigadenus venenosus,usda:ZIVE
gbif-inat-toxic-round2:00312257,images/raw/gbif-inat-toxic-round2/zigadenus_venenosus/6130541467_2.jpg,Zigadenus venenosus,usda:ZIVE
gbif-inat-toxic-round2:00312163,images/raw/gbif-inat-toxic-round2/zigadenus_venenosus/5176415982_2.jpg,Zigadenus venenosus,usda:ZIVE
gbif-inat-toxic-round2:00312002,images/raw/gbif-inat-toxic-round2/zigadenus_venenosus/5134865478_2.jpg,Zigadenus venenosus,usda:ZIVE
gbif-inat-toxic-round2:00311894,images/raw/gbif-inat-toxic-round2/zigadenus_venenosus/6273437162_1.jpg,Zigadenus venenosus,usda:ZIVE
gbif-inat-toxic-round2:00311955,images/raw/gbif-inat-toxic-round2/zigadenus_venenosus/6320264337_2.jpg,Zigadenus venenosus,usda:ZIVE
gbif-inat-toxic-round2:00311995,images/raw/gbif-inat-toxic-round2/zigadenus_venenosus/5133797178_2.jpg,Zigadenus venenosus,usda:ZIVE
gbif-inat-toxic-round2:00312054,images/raw/gbif-inat-toxic-round2/zigadenus_venenosus/5153237693_2.jpg,Zigadenus venenosus,usda:ZIVE
gbif-inat-toxic-round2:00312274,images/raw/gbif-inat-toxic-round2/zigadenus_venenosus/6178710774_1.jpg,Zigadenus venenosus,usda:ZIVE
gbif-inat-toxic-round2:00312019,images/raw/gbif-inat-toxic-round2/zigadenus_venenosus/5153753643_1.jpg,Zigadenus venenosus,usda:ZIVE
gbif-inat-toxic-round2:00311877,images/raw/gbif-inat-toxic-round2/zigadenus_venenosus/6195775956_1.jpg,Zigadenus venenosus,usda:ZIVE
gbif-inat-toxic-round2:00311982,images/raw/gbif-inat-toxic-round2/zigadenus_venenosus/6320963389_1.jpg,Zigadenus venenosus,usda:ZIVE
gbif-inat-toxic-round2:00311993,images/raw/gbif-inat-toxic-round2/zigadenus_venenosus/5133684263_3.jpg,Zigadenus venenosus,usda:ZIVE
gbif-inat-toxic-round2:00312267,images/raw/gbif-inat-toxic-round2/zigadenus_venenosus/6159519642_2.jpg,Zigadenus venenosus,usda:ZIVE
gbif-inat:00001708,images/raw/gbif-inat/zigadenus_venenosus/6253366600_1.jpg,Zigadenus venenosus,usda:ZIVE
gbif-inat-toxic-round2:00312264,images/raw/gbif-inat-toxic-round2/zigadenus_venenosus/6131560231_1.jpg,Zigadenus venenosus,usda:ZIVE
gbif-inat-toxic-round2:00312055,images/raw/gbif-inat-toxic-round2/zigadenus_venenosus/5153321455_1.jpg,Zigadenus venenosus,usda:ZIVE
gbif-inat:00001686,images/raw/gbif-inat/zigadenus_venenosus/6235424475_7.jpg,Zigadenus venenosus,usda:ZIVE
gbif-inat-toxic-round2:00312089,images/raw/gbif-inat-toxic-round2/zigadenus_venenosus/5166879734_1.jpg,Zigadenus venenosus,usda:ZIVE
gbif-inat:00001729,images/raw/gbif-inat/zigadenus_venenosus/6273182573_3.jpg,Zigadenus venenosus,usda:ZIVE
gbif-inat-toxic-round2:00312084,images/raw/gbif-inat-toxic-round2/zigadenus_venenosus/5166780144_1.jpg,Zigadenus venenosus,usda:ZIVE
gbif-inat:00001667,images/raw/gbif-inat/zigadenus_venenosus/6195767717_1.jpg,Zigadenus venenosus,usda:ZIVE
gbif-inat-toxic-round2:00312009,images/raw/gbif-inat-toxic-round2/zigadenus_venenosus/5140165579_1.jpg,Zigadenus venenosus,usda:ZIVE
gbif-inat-toxic-round2:00311958,images/raw/gbif-inat-toxic-round2/zigadenus_venenosus/6320305589_3.jpg,Zigadenus venenosus,usda:ZIVE
gbif-inat-toxic-round2:00312177,images/raw/gbif-inat-toxic-round2/zigadenus_venenosus/5187538632_6.jpg,Zigadenus venenosus,usda:ZIVE
gbif-inat-toxic-round2:00312063,images/raw/gbif-inat-toxic-round2/zigadenus_venenosus/5153666916_1.jpg,Zigadenus venenosus,usda:ZIVE
gbif-inat:00001709,images/raw/gbif-inat/zigadenus_venenosus/6253366600_2.jpg,Zigadenus venenosus,usda:ZIVE
gbif-inat-toxic-round2:00312131,images/raw/gbif-inat-toxic-round2/zigadenus_venenosus/5167756129_5.jpg,Zigadenus venenosus,usda:ZIVE
gbif-inat-toxic-round2:00311950,images/raw/gbif-inat-toxic-round2/zigadenus_venenosus/6320129719_4.jpg,Zigadenus venenosus,usda:ZIVE
gbif-inat-toxic-round2:00312018,images/raw/gbif-inat-toxic-round2/zigadenus_venenosus/5153650220_1.jpg,Zigadenus venenosus,usda:ZIVE
gbif-inat-toxic-round2:00312064,images/raw/gbif-inat-toxic-round2/zigadenus_venenosus/5153726220_1.jpg,Zigadenus venenosus,usda:ZIVE
gbif-inat-toxic-round2:00311968,images/raw/gbif-inat-toxic-round2/zigadenus_venenosus/6320551933_1.jpg,Zigadenus venenosus,usda:ZIVE
gbif-inat-toxic-round2:00312162,images/raw/gbif-inat-toxic-round2/zigadenus_venenosus/5176415982_1.jpg,Zigadenus venenosus,usda:ZIVE
gbif-inat-toxic-round2:00312010,images/raw/gbif-inat-toxic-round2/zigadenus_venenosus/5140223156_1.jpg,Zigadenus venenosus,usda:ZIVE
gbif-inat:00001703,images/raw/gbif-inat/zigadenus_venenosus/6252883544_1.jpg,Zigadenus venenosus,usda:ZIVE
gbif-inat-toxic-round2:00312121,images/raw/gbif-inat-toxic-round2/zigadenus_venenosus/5167604316_2.jpg,Zigadenus venenosus,usda:ZIVE
gbif-inat-toxic-round2:00312190,images/raw/gbif-inat-toxic-round2/zigadenus_venenosus/5198443630_1.jpg,Zigadenus venenosus,usda:ZIVE
gbif-inat-toxic-round2:00312261,images/raw/gbif-inat-toxic-round2/zigadenus_venenosus/6131167431_1.jpg,Zigadenus venenosus,usda:ZIVE
gbif-inat-toxic-round2:00312016,images/raw/gbif-inat-toxic-round2/zigadenus_venenosus/5140527492_3.jpg,Zigadenus venenosus,usda:ZIVE
gbif-inat-toxic-round2:00312166,images/raw/gbif-inat-toxic-round2/zigadenus_venenosus/5176524571_1.jpg,Zigadenus venenosus,usda:ZIVE
gbif-inat:00000146,images/raw/gbif-inat/zigadenus_venenosus/6188674426_3.jpg,Zigadenus venenosus,usda:ZIVE
gbif-inat-toxic-round2:00312245,images/raw/gbif-inat-toxic-round2/zigadenus_venenosus/5920012460_1.jpg,Zigadenus venenosus,usda:ZIVE
gbif-inat:00001675,images/raw/gbif-inat/zigadenus_venenosus/6234666559_4.jpg,Zigadenus venenosus,usda:ZIVE
gbif-inat-toxic-round2:00311907,images/raw/gbif-inat-toxic-round2/zigadenus_venenosus/6273581582_1.jpg,Zigadenus venenosus,usda:ZIVE
gbif-inat-toxic-round2:00311935,images/raw/gbif-inat-toxic-round2/zigadenus_venenosus/6274139095_4.jpg,Zigadenus venenosus,usda:ZIVE
gbif-inat-toxic-round2:00312008,images/raw/gbif-inat-toxic-round2/zigadenus_venenosus/5140101465_3.jpg,Zigadenus venenosus,usda:ZIVE
gbif-inat-toxic-round2:00311985,images/raw/gbif-inat-toxic-round2/zigadenus_venenosus/6321142840_2.jpg,Zigadenus venenosus,usda:ZIVE
gbif-inat-toxic-round2:00312117,images/raw/gbif-inat-toxic-round2/zigadenus_venenosus/5167446525_1.jpg,Zigadenus venenosus,usda:ZIVE
gbif-inat-toxic-round2:00311909,images/raw/gbif-inat-toxic-round2/zigadenus_venenosus/6273673852_1.jpg,Zigadenus venenosus,usda:ZIVE
gbif-inat-toxic-round2:00312230,images/raw/gbif-inat-toxic-round2/zigadenus_venenosus/5761030442_3.jpg,Zigadenus venenosus,usda:ZIVE
gbif-inat-toxic-round2:00312265,images/raw/gbif-inat-toxic-round2/zigadenus_venenosus/6147544155_1.jpg,Zigadenus venenosus,usda:ZIVE
gbif-inat:00001692,images/raw/gbif-inat/zigadenus_venenosus/6236046658_1.jpg,Zigadenus venenosus,usda:ZIVE
gbif-inat-toxic-round2:00312269,images/raw/gbif-inat-toxic-round2/zigadenus_venenosus/6178324312_1.jpg,Zigadenus venenosus,usda:ZIVE
gbif-inat-toxic-round2:00312136,images/raw/gbif-inat-toxic-round2/zigadenus_venenosus/5168020017_2.jpg,Zigadenus venenosus,usda:ZIVE
gbif-inat-toxic-round2:00312148,images/raw/gbif-inat-toxic-round2/zigadenus_venenosus/5168413396_1.jpg,Zigadenus venenosus,usda:ZIVE
gbif-inat-toxic-round2:00312135,images/raw/gbif-inat-toxic-round2/zigadenus_venenosus/5168020017_1.jpg,Zigadenus venenosus,usda:ZIVE
gbif-inat:00001681,images/raw/gbif-inat/zigadenus_venenosus/6235424475_2.jpg,Zigadenus venenosus,usda:ZIVE
gbif-inat:00001673,images/raw/gbif-inat/zigadenus_venenosus/6234666559_2.jpg,Zigadenus venenosus,usda:ZIVE
gbif-inat-toxic-round2:00311918,images/raw/gbif-inat-toxic-round2/zigadenus_venenosus/6273977050_1.jpg,Zigadenus venenosus,usda:ZIVE
gbif-inat-toxic-round2:00312260,images/raw/gbif-inat-toxic-round2/zigadenus_venenosus/6130541467_5.jpg,Zigadenus venenosus,usda:ZIVE
gbif-inat-toxic-round2:00312168,images/raw/gbif-inat-toxic-round2/zigadenus_venenosus/5176578231_1.jpg,Zigadenus venenosus,usda:ZIVE
gbif-inat-toxic-round2:00312204,images/raw/gbif-inat-toxic-round2/zigadenus_venenosus/5237861481_1.jpg,Zigadenus venenosus,usda:ZIVE
gbif-inat-toxic-round2:00311989,images/raw/gbif-inat-toxic-round2/zigadenus_venenosus/5104588359_2.jpg,Zigadenus venenosus,usda:ZIVE
gbif-inat-toxic-round2:00311880,images/raw/gbif-inat-toxic-round2/zigadenus_venenosus/6273317007_2.jpg,Zigadenus venenosus,usda:ZIVE
gbif-inat-toxic-round2:00312226,images/raw/gbif-inat-toxic-round2/zigadenus_venenosus/5760667332_2.jpg,Zigadenus venenosus,usda:ZIVE
gbif-inat-toxic-round2:00312048,images/raw/gbif-inat-toxic-round2/zigadenus_venenosus/6236434993_1.jpg,Zigadenus venenosus,usda:ZIVE
gbif-inat-toxic-round2:00312047,images/raw/gbif-inat-toxic-round2/zigadenus_venenosus/6234441342_2.jpg,Zigadenus venenosus,usda:ZIVE
gbif-inat-toxic-round2:00312155,images/raw/gbif-inat-toxic-round2/zigadenus_venenosus/5168466633_1.jpg,Zigadenus venenosus,usda:ZIVE
gbif-inat:00001698,images/raw/gbif-inat/zigadenus_venenosus/6251446719_1.jpg,Zigadenus venenosus,usda:ZIVE
gbif-inat-toxic-round2:00311945,images/raw/gbif-inat-toxic-round2/zigadenus_venenosus/6274263653_1.jpg,Zigadenus venenosus,usda:ZIVE
gbif-inat-toxic-round2:00311884,images/raw/gbif-inat-toxic-round2/zigadenus_venenosus/6273371086_1.jpg,Zigadenus venenosus,usda:ZIVE
gbif-inat-toxic-round2:00312275,images/raw/gbif-inat-toxic-round2/zigadenus_venenosus/6178870567_1.jpg,Zigadenus venenosus,usda:ZIVE
gbif-inat:00001678,images/raw/gbif-inat/zigadenus_venenosus/6235147293_1.jpg,Zigadenus venenosus,usda:ZIVE
gbif-inat:00001682,images/raw/gbif-inat/zigadenus_venenosus/6235424475_3.jpg,Zigadenus venenosus,usda:ZIVE
gbif-inat:00000150,images/raw/gbif-inat/zigadenus_venenosus/6195344615_2.jpg,Zigadenus venenosus,usda:ZIVE
gbif-inat-toxic-round2:00312130,images/raw/gbif-inat-toxic-round2/zigadenus_venenosus/5167756129_4.jpg,Zigadenus venenosus,usda:ZIVE
gbif-inat:00001704,images/raw/gbif-inat/zigadenus_venenosus/6252883544_2.jpg,Zigadenus venenosus,usda:ZIVE
gbif-inat-toxic-round2:00312069,images/raw/gbif-inat-toxic-round2/zigadenus_venenosus/5154528679_1.jpg,Zigadenus venenosus,usda:ZIVE
gbif-inat-toxic-round2:00311898,images/raw/gbif-inat-toxic-round2/zigadenus_venenosus/6273463015_4.jpg,Zigadenus venenosus,usda:ZIVE
gbif-inat:00001677,images/raw/gbif-inat/zigadenus_venenosus/6234850656_1.jpg,Zigadenus venenosus,usda:ZIVE
gbif-inat-toxic-round2:00311924,images/raw/gbif-inat-toxic-round2/zigadenus_venenosus/6274014074_3.jpg,Zigadenus venenosus,usda:ZIVE
gbif-inat:00001713,images/raw/gbif-inat/zigadenus_venenosus/6273665103_1.jpg,Zigadenus venenosus,usda:ZIVE
gbif-inat:00001717,images/raw/gbif-inat/zigadenus_venenosus/6274001375_1.jpg,Zigadenus venenosus,usda:ZIVE
gbif-inat-toxic-round2:00312241,images/raw/gbif-inat-toxic-round2/zigadenus_venenosus/5890005692_1.jpg,Zigadenus venenosus,usda:ZIVE
gbif-inat-toxic-round2:00312097,images/raw/gbif-inat-toxic-round2/zigadenus_venenosus/5167125550_1.jpg,Zigadenus venenosus,usda:ZIVE
gbif-inat-toxic-round2:00312039,images/raw/gbif-inat-toxic-round2/zigadenus_venenosus/5840456995_4.jpg,Zigadenus venenosus,usda:ZIVE
gbif-inat:00001697,images/raw/gbif-inat/zigadenus_venenosus/6236307776_1.jpg,Zigadenus venenosus,usda:ZIVE
gbif-inat-toxic-round2:00312263,images/raw/gbif-inat-toxic-round2/zigadenus_venenosus/6131506959_2.jpg,Zigadenus venenosus,usda:ZIVE
gbif-inat-toxic-round2:00312046,images/raw/gbif-inat-toxic-round2/zigadenus_venenosus/6234441342_1.jpg,Zigadenus venenosus,usda:ZIVE
gbif-inat-toxic-round2:00311886,images/raw/gbif-inat-toxic-round2/zigadenus_venenosus/6273371086_3.jpg,Zigadenus venenosus,usda:ZIVE
gbif-inat-toxic-round2:00312248,images/raw/gbif-inat-toxic-round2/zigadenus_venenosus/5920150059_2.jpg,Zigadenus venenosus,usda:ZIVE
gbif-inat-toxic-round2:00311881,images/raw/gbif-inat-toxic-round2/zigadenus_venenosus/6273317007_3.jpg,Zigadenus venenosus,usda:ZIVE
gbif-inat-toxic-round2:00312243,images/raw/gbif-inat-toxic-round2/zigadenus_venenosus/5890149834_1.jpg,Zigadenus venenosus,usda:ZIVE
gbif-inat-toxic-round2:00311961,images/raw/gbif-inat-toxic-round2/zigadenus_venenosus/6320459798_1.jpg,Zigadenus venenosus,usda:ZIVE
gbif-inat-toxic-round2:00312078,images/raw/gbif-inat-toxic-round2/zigadenus_venenosus/5154843343_3.jpg,Zigadenus venenosus,usda:ZIVE
gbif-inat:00001683,images/raw/gbif-inat/zigadenus_venenosus/6235424475_4.jpg,Zigadenus venenosus,usda:ZIVE
gbif-inat-toxic-round2:00312093,images/raw/gbif-inat-toxic-round2/zigadenus_venenosus/5166930086_1.jpg,Zigadenus venenosus,usda:ZIVE
gbif-inat:00001718,images/raw/gbif-inat/zigadenus_venenosus/6274001375_2.jpg,Zigadenus venenosus,usda:ZIVE
gbif-inat-toxic-round2:00312139,images/raw/gbif-inat-toxic-round2/zigadenus_venenosus/5168157200_1.jpg,Zigadenus venenosus,usda:ZIVE
gbif-inat-toxic-round2:00311983,images/raw/gbif-inat-toxic-round2/zigadenus_venenosus/6321135937_1.jpg,Zigadenus venenosus,usda:ZIVE
gbif-inat-toxic-round2:00311944,images/raw/gbif-inat-toxic-round2/zigadenus_venenosus/6274229709_1.jpg,Zigadenus venenosus,usda:ZIVE
gbif-inat:00001679,images/raw/gbif-inat/zigadenus_venenosus/6235275420_1.jpg,Zigadenus venenosus,usda:ZIVE
gbif-inat:00001721,images/raw/gbif-inat/zigadenus_venenosus/6251776343_1.jpg,Zigadenus venenosus,usda:ZIVE
gbif-inat-toxic-round2:00312133,images/raw/gbif-inat-toxic-round2/zigadenus_venenosus/5167830903_1.jpg,Zigadenus venenosus,usda:ZIVE
gbif-inat-toxic-round2:00312161,images/raw/gbif-inat-toxic-round2/zigadenus_venenosus/5176351721_1.jpg,Zigadenus venenosus,usda:ZIVE
gbif-inat-toxic-round2:00312128,images/raw/gbif-inat-toxic-round2/zigadenus_venenosus/5167756129_2.jpg,Zigadenus venenosus,usda:ZIVE
gbif-inat-toxic-round2:00312159,images/raw/gbif-inat-toxic-round2/zigadenus_venenosus/5168478648_2.jpg,Zigadenus venenosus,usda:ZIVE
gbif-inat-toxic-round2:00312158,images/raw/gbif-inat-toxic-round2/zigadenus_venenosus/5168478648_1.jpg,Zigadenus venenosus,usda:ZIVE
gbif-inat-toxic-round2:00312026,images/raw/gbif-inat-toxic-round2/zigadenus_venenosus/5167457774_1.jpg,Zigadenus venenosus,usda:ZIVE
gbif-inat-toxic-round2:00312227,images/raw/gbif-inat-toxic-round2/zigadenus_venenosus/5760667332_3.jpg,Zigadenus venenosus,usda:ZIVE
gbif-inat-toxic-round2:00312206,images/raw/gbif-inat-toxic-round2/zigadenus_venenosus/5238261488_1.jpg,Zigadenus venenosus,usda:ZIVE
gbif-inat-toxic-round2:00312126,images/raw/gbif-inat-toxic-round2/zigadenus_venenosus/5167711487_2.jpg,Zigadenus venenosus,usda:ZIVE
gbif-inat:00001706,images/raw/gbif-inat/zigadenus_venenosus/6253338913_1.jpg,Zigadenus venenosus,usda:ZIVE
gbif-inat-toxic-round2:00312229,images/raw/gbif-inat-toxic-round2/zigadenus_venenosus/5761030442_2.jpg,Zigadenus venenosus,usda:ZIVE
gbif-inat-toxic-round2:00312235,images/raw/gbif-inat-toxic-round2/zigadenus_venenosus/5837906568_1.jpg,Zigadenus venenosus,usda:ZIVE
gbif-inat-toxic-round2:00311953,images/raw/gbif-inat-toxic-round2/zigadenus_venenosus/6320220091_1.jpg,Zigadenus venenosus,usda:ZIVE
gbif-inat-toxic-round2:00311916,images/raw/gbif-inat-toxic-round2/zigadenus_venenosus/6273915826_1.jpg,Zigadenus venenosus,usda:ZIVE
gbif-inat-toxic-round2:00312110,images/raw/gbif-inat-toxic-round2/zigadenus_venenosus/5167337721_4.jpg,Zigadenus venenosus,usda:ZIVE
gbif-inat-toxic-round2:00312127,images/raw/gbif-inat-toxic-round2/zigadenus_venenosus/5167756129_1.jpg,Zigadenus venenosus,usda:ZIVE
gbif-inat-toxic-round2:00312167,images/raw/gbif-inat-toxic-round2/zigadenus_venenosus/5176524571_2.jpg,Zigadenus venenosus,usda:ZIVE
gbif-inat-toxic-round2:00311911,images/raw/gbif-inat-toxic-round2/zigadenus_venenosus/6273834858_1.jpg,Zigadenus venenosus,usda:ZIVE
gbif-inat-toxic-round2:00311969,images/raw/gbif-inat-toxic-round2/zigadenus_venenosus/6320551933_2.jpg,Zigadenus venenosus,usda:ZIVE
gbif-inat-toxic-round2:00312006,images/raw/gbif-inat-toxic-round2/zigadenus_venenosus/5140101465_1.jpg,Zigadenus venenosus,usda:ZIVE
gbif-inat-toxic-round2:00312050,images/raw/gbif-inat-toxic-round2/zigadenus_venenosus/5153151408_1.jpg,Zigadenus venenosus,usda:ZIVE
gbif-inat:00000142,images/raw/gbif-inat/zigadenus_venenosus/6188313379_2.jpg,Zigadenus venenosus,usda:ZIVE
gbif-inat-toxic-round2:00312165,images/raw/gbif-inat-toxic-round2/zigadenus_venenosus/5176485221_1.jpg,Zigadenus venenosus,usda:ZIVE
gbif-inat-toxic-round2:00311939,images/raw/gbif-inat-toxic-round2/zigadenus_venenosus/6274139095_8.jpg,Zigadenus venenosus,usda:ZIVE
gbif-inat-toxic-round2:00312090,images/raw/gbif-inat-toxic-round2/zigadenus_venenosus/5166887584_1.jpg,Zigadenus venenosus,usda:ZIVE
gbif-inat-toxic-round2:00312150,images/raw/gbif-inat-toxic-round2/zigadenus_venenosus/5168454057_2.jpg,Zigadenus venenosus,usda:ZIVE
gbif-inat-toxic-round2:00311913,images/raw/gbif-inat-toxic-round2/zigadenus_venenosus/6273912430_2.jpg,Zigadenus venenosus,usda:ZIVE
gbif-inat-toxic-round2:00312124,images/raw/gbif-inat-toxic-round2/zigadenus_venenosus/5167710570_2.jpg,Zigadenus venenosus,usda:ZIVE
gbif-inat-toxic-round2:00311927,images/raw/gbif-inat-toxic-round2/zigadenus_venenosus/6274044376_2.jpg,Zigadenus venenosus,usda:ZIVE
gbif-inat-toxic-round2:00312042,images/raw/gbif-inat-toxic-round2/zigadenus_venenosus/5932576746_2.jpg,Zigadenus venenosus,usda:ZIVE
gbif-inat-toxic-round2:00312104,images/raw/gbif-inat-toxic-round2/zigadenus_venenosus/5167201544_2.jpg,Zigadenus venenosus,usda:ZIVE
gbif-inat-toxic-round2:00311980,images/raw/gbif-inat-toxic-round2/zigadenus_venenosus/6320814805_2.jpg,Zigadenus venenosus,usda:ZIVE
gbif-inat-toxic-round2:00312200,images/raw/gbif-inat-toxic-round2/zigadenus_venenosus/5230756670_2.jpg,Zigadenus venenosus,usda:ZIVE
gbif-inat-toxic-round2:00312049,images/raw/gbif-inat-toxic-round2/zigadenus_venenosus/6236434993_2.jpg,Zigadenus venenosus,usda:ZIVE
gbif-inat-toxic-round2:00312037,images/raw/gbif-inat-toxic-round2/zigadenus_venenosus/5840456995_2.jpg,Zigadenus venenosus,usda:ZIVE
gbif-inat:00000125,images/raw/gbif-inat/zigadenus_venenosus/6185278841_2.jpg,Zigadenus venenosus,usda:ZIVE
gbif-inat-toxic-round2:00311910,images/raw/gbif-inat-toxic-round2/zigadenus_venenosus/6273812105_1.jpg,Zigadenus venenosus,usda:ZIVE
gbif-inat-toxic-round2:00311899,images/raw/gbif-inat-toxic-round2/zigadenus_venenosus/6273484865_1.jpg,Zigadenus venenosus,usda:ZIVE
gbif-inat-toxic-round2:00311895,images/raw/gbif-inat-toxic-round2/zigadenus_venenosus/6273463015_1.jpg,Zigadenus venenosus,usda:ZIVE
gbif-inat:00001661,images/raw/gbif-inat/zigadenus_venenosus/6195344615_3.jpg,Zigadenus venenosus,usda:ZIVE
gbif-inat-toxic-round2:00312218,images/raw/gbif-inat-toxic-round2/zigadenus_venenosus/5759830808_2.jpg,Zigadenus venenosus,usda:ZIVE
gbif-inat-toxic-round2:00311997,images/raw/gbif-inat-toxic-round2/zigadenus_venenosus/5133836928_2.jpg,Zigadenus venenosus,usda:ZIVE
gbif-inat-toxic-round2:00312029,images/raw/gbif-inat-toxic-round2/zigadenus_venenosus/5168295572_1.jpg,Zigadenus venenosus,usda:ZIVE
gbif-inat:00001730,images/raw/gbif-inat/zigadenus_venenosus/6273192378_1.jpg,Zigadenus venenosus,usda:ZIVE
gbif-inat-toxic-round2:00312017,images/raw/gbif-inat-toxic-round2/zigadenus_venenosus/5140808567_1.jpg,Zigadenus venenosus,usda:ZIVE
gbif-inat-toxic-round2:00312266,images/raw/gbif-inat-toxic-round2/zigadenus_venenosus/6159519642_1.jpg,Zigadenus venenosus,usda:ZIVE
gbif-inat:00001674,images/raw/gbif-inat/zigadenus_venenosus/6234666559_3.jpg,Zigadenus venenosus,usda:ZIVE
gbif-inat-toxic-round2:00312141,images/raw/gbif-inat-toxic-round2/zigadenus_venenosus/5168246264_1.jpg,Zigadenus venenosus,usda:ZIVE
gbif-inat-toxic-round2:00311974,images/raw/gbif-inat-toxic-round2/zigadenus_venenosus/6320599095_1.jpg,Zigadenus venenosus,usda:ZIVE
gbif-inat-toxic-round2:00312040,images/raw/gbif-inat-toxic-round2/zigadenus_venenosus/5840456995_5.jpg,Zigadenus venenosus,usda:ZIVE
gbif-inat-toxic-round2:00312203,images/raw/gbif-inat-toxic-round2/zigadenus_venenosus/5237692458_2.jpg,Zigadenus venenosus,usda:ZIVE
gbif-inat:00000121,images/raw/gbif-inat/zigadenus_venenosus/6178664376_1.jpg,Zigadenus venenosus,usda:ZIVE
gbif-inat-toxic-round2:00312178,images/raw/gbif-inat-toxic-round2/zigadenus_venenosus/5187538632_7.jpg,Zigadenus venenosus,usda:ZIVE
gbif-inat-toxic-round2:00312191,images/raw/gbif-inat-toxic-round2/zigadenus_venenosus/5198443630_2.jpg,Zigadenus venenosus,usda:ZIVE
gbif-inat:00000139,images/raw/gbif-inat/zigadenus_venenosus/6188213096_1.jpg,Zigadenus venenosus,usda:ZIVE
