taxon_id,usda_symbol,usda_id,scientific_name,scientific_name_with_author,common_names,family,genus,rank,native_statuses,growth_habits,source,matched_status
usda:ACAU,ACAU,76610,Acacia auriculiformis,Acacia auriculiformis A. Cunn. ex Benth.,"[""earleaf acacia""]",Fabaceae Lindl.,Acacia Mill.,Species,"[{""Region"": ""L48"", ""Status"": ""I"", ""Type"": ""Introduced""}, {""Region"": ""PB"", ""Status"": ""I"", ""Type"": ""Introduced""}]","[""Shrub"", ""Tree""]",image_manifest,exact_usda_name_match
usda:ACCO15,ACCO15,76626,Acacia cognata,Acacia cognata Domin,"[""bower wattle""]",Fabaceae Lindl.,Acacia Mill.,Species,[],[],image_manifest,exact_usda_name_match
usda:ACCO,ACCO,76625,Acacia confusa,Acacia confusa Merr.,"[""small Philippine acacia""]",Fabaceae Lindl.,Acacia Mill.,Species,"[{""Region"": ""HI"", ""Status"": ""I"", ""Type"": ""Introduced""}, {""Region"": ""PB"", ""Status"": ""I"", ""Type"": ""Introduced""}]","[""Tree""]",image_manifest,exact_usda_name_match
usda:ACDE3,ACDE3,76640,Acacia dealbata,Acacia dealbata Link,"[""silver wattle""]",Fabaceae Lindl.,Acacia Mill.,Species,"[{""Region"": ""L48"", ""Status"": ""I"", ""Type"": ""Introduced""}]","[""Shrub"", ""Tree""]",image_manifest,exact_usda_name_match
usda:ACKO,ACKO,76670,Acacia koa,Acacia koa A. Gray,"[""koa""]",Fabaceae Lindl.,Acacia Mill.,Species,"[{""Region"": ""HI"", ""Status"": ""N"", ""Type"": ""Native""}]","[""Tree""]",image_manifest,exact_usda_name_match
usda:ACLO,ACLO,76682,Acacia longifolia,Acacia longifolia (Andrews) Willd.,"[""Sydney golden wattle""]",Fabaceae Lindl.,Acacia Mill.,Species,"[{""Region"": ""L48"", ""Status"": ""I"", ""Type"": ""Introduced""}]","[""Shrub"", ""Tree""]",image_manifest,exact_usda_name_match
usda:ACMA12,ACMA12,76689,Acacia mangium,Acacia mangium Willd.,[],Fabaceae Lindl.,Acacia Mill.,Species,[],[],image_manifest,exact_usda_name_match
usda:ACME80,ACME80,76692,Acacia mearnsii,Acacia mearnsii De Wild.,"[""black wattle""]",Fabaceae Lindl.,Acacia Mill.,Species,"[{""Region"": ""HI"", ""Status"": ""I"", ""Type"": ""Introduced""}, {""Region"": ""L48"", ""Status"": ""I"", ""Type"": ""Introduced""}]","[""Shrub"", ""Tree""]",image_manifest,exact_usda_name_match
usda:ACME,ACME,76690,Acacia melanoxylon,Acacia melanoxylon R. Br.,"[""blackwood""]",Fabaceae Lindl.,Acacia Mill.,Species,"[{""Region"": ""HI"", ""Status"": ""I"", ""Type"": ""Introduced""}, {""Region"": ""L48"", ""Status"": ""I"", ""Type"": ""Introduced""}]","[""Tree""]",image_manifest,exact_usda_name_match
usda:ACPO2,ACPO2,76714,Acacia podalyriifolia,Acacia podalyriifolia A. Cunn. ex G. Don,"[""pearl wattle""]",Fabaceae Lindl.,Acacia Mill.,Species,"[{""Region"": ""L48"", ""Status"": ""I"", ""Type"": ""Introduced""}]","[""Tree""]",image_manifest,exact_usda_name_match
usda:ACPY3,ACPY3,76719,Acacia pycnantha,Acacia pycnantha Benth.,"[""golden wattle""]",Fabaceae Lindl.,Acacia Mill.,Species,"[{""Region"": ""L48"", ""Status"": ""I"", ""Type"": ""Introduced""}]","[""Shrub"", ""Tree""]",image_manifest,exact_usda_name_match
usda:ACRE9,ACRE9,76724,Acacia redolens,Acacia redolens Maslin,"[""bank catclaw""]",Fabaceae Lindl.,Acacia Mill.,Species,"[{""Region"": ""L48"", ""Status"": ""I"", ""Type"": ""Introduced""}]","[""Shrub""]",image_manifest,exact_usda_name_match
usda:ACRE2,ACRE2,76723,Acacia retinodes,Acacia retinodes Schltdl.,"[""water wattle""]",Fabaceae Lindl.,Acacia Mill.,Species,"[{""Region"": ""L48"", ""Status"": ""I"", ""Type"": ""Introduced""}]","[""Shrub"", ""Tree""]",image_manifest,exact_usda_name_match
usda:ACSA,ACSA,76731,Acacia saligna,Acacia saligna (Labill.) Wendl. f.,"[""orange wattle""]",Fabaceae Lindl.,Acacia Mill.,Species,"[{""Region"": ""L48"", ""Status"": ""I"", ""Type"": ""Introduced""}]","[""Shrub"", ""Tree""]",image_manifest,exact_usda_name_match
usda:ACAN11,ACAN11,76762,Acaciella angustissima,Acaciella angustissima (Mill.) Britton & Rose,"[""prairie acacia""]",Fabaceae Lindl.,Acaciella Britton & Rose,Species,"[{""Region"": ""L48"", ""Status"": ""N"", ""Type"": ""Native""}]","[""Forb/herb"", ""Subshrub""]",image_manifest,exact_usda_name_match
usda:ACAL2,ACAL2,75291,Acalypha alopecuroidea,Acalypha alopecuroidea Jacq.,"[""foxtail copperleaf""]",Euphorbiaceae Juss.,Acalypha L.,Species,"[{""Region"": ""L48"", ""Status"": ""I"", ""Type"": ""Introduced""}, {""Region"": ""PR"", ""Status"": ""N"", ""Type"": ""Native""}]","[""Forb/herb""]",image_manifest,exact_usda_name_match
usda:ACHI2,ACHI2,75311,Acalypha hispida,Acalypha hispida Burm. f.,"[""red-hot cat's tail"", ""bristly copperleaf""]",Euphorbiaceae Juss.,Acalypha L.,Species,"[{""Region"": ""PB"", ""Status"": ""I"", ""Type"": ""Introduced""}, {""Region"": ""PR"", ""Status"": ""I"", ""Type"": ""Introduced""}]","[""Shrub""]",image_manifest,exact_usda_name_match
usda:ACIN12,ACIN12,75312,Acalypha indica,Acalypha indica L.,"[""Indian acalypha"", ""Indian-nettle""]",Euphorbiaceae Juss.,Acalypha L.,Species,"[{""Region"": ""PB"", ""Status"": ""I"", ""Type"": ""Introduced""}]","[""Forb/herb""]",image_manifest,exact_usda_name_match
usda:ACVI,ACVI,75335,Acalypha virginica,Acalypha virginica L.,"[""Virginia threeseed mercury""]",Euphorbiaceae Juss.,Acalypha L.,Species,"[{""Region"": ""L48"", ""Status"": ""N"", ""Type"": ""Native""}]","[""Forb/herb""]",image_manifest,exact_usda_name_match
usda:ACWI,ACWI,75336,Acalypha wilkesiana,Acalypha wilkesiana Müll. Arg.,"[""Wilkes' acalypha"", ""acalyfa"", ""beefsteak plant"", ""capa de obispo"", ""fire-dragon"", ""Jacob's coat"", ""Jacob's-coat"", ""match me if you can"", ""primavera""]",Euphorbiaceae Juss.,Acalypha L.,Species,"[{""Region"": ""L48"", ""Status"": ""I"", ""Type"": ""Introduced""}, {""Region"": ""PB"", ""Status"": ""I?"", ""Type"": ""Introduced""}, {""Region"": ""PR"", ""Status"": ""I"", ""Type"": ""Introduced""}]","[""Shrub""]",image_manifest,exact_usda_name_match
usda:ACRU,ACRU,92846,Acer rubrum,Acer rubrum L.,"[""red maple""]",Aceraceae Juss.,Acer L.,Species,"[{""Region"": ""CAN"", ""Status"": ""N"", ""Type"": ""Native""}, {""Region"": ""L48"", ""Status"": ""N"", ""Type"": ""Native""}]","[""Tree""]",target_seed,exact_usda_name_match
usda:ACSA3,ACSA3,92865,Acer saccharum,Acer saccharum Marshall,"[""sugar maple""]",Aceraceae Juss.,Acer L.,Species,"[{""Region"": ""CAN"", ""Status"": ""N"", ""Type"": ""Native""}, {""Region"": ""L48"", ""Status"": ""N"", ""Type"": ""Native""}]","[""Shrub"", ""Tree""]",target_seed,exact_usda_name_match
usda:ACMI2,ACMI2,31206,Achillea millefolium,Achillea millefolium L.,"[""common yarrow"", ""milenrama"", ""milfoil""]",Asteraceae Bercht. & J. Presl,Achillea L.,Species,"[{""Region"": ""AK"", ""Status"": ""N"", ""Type"": ""Native""}, {""Region"": ""CAN"", ""Status"": ""I"", ""Type"": ""Introduced""}, {""Region"": ""CAN"", ""Status"": ""N"", ""Type"": ""Native""}, {""Region"": ""GL"", ""Status"": ""N"", ""Type"": ""Native""}, {""Region"": ""HI"", ""Status"": ""I"", ""Type"": ""Introduced""}, {""Region"": ""L48"", ""Status"": ""I"", ""Type"": ""Introduced""}, {""Region"": ""L48"", ""Status"": ""N"", ""Type"": ""Native""}, {""Region"": ""SPM"", ""Status"": ""I"", ""Type"": ""Introduced""}, {""Region"": ""SPM"", ""Status"": ""N"", ""Type"": ""Native""}]","[""Forb/herb""]",target_seed,exact_usda_name_match
usda:ACAS,ACAS,55638,Achyranthes aspera,Achyranthes aspera L.,"[""devil's horsewhip""]",Amaranthaceae Martinov,Achyranthes L.,Species,"[{""Region"": ""HI"", ""Status"": ""I"", ""Type"": ""Introduced""}, {""Region"": ""L48"", ""Status"": ""I"", ""Type"": ""Introduced""}, {""Region"": ""NAV"", ""Status"": ""I"", ""Type"": ""Introduced""}, {""Region"": ""PB"", ""Status"": ""I"", ""Type"": ""Introduced""}, {""Region"": ""PB"", ""Status"": ""N"", ""Type"": ""Native""}, {""Region"": ""PR"", ""Status"": ""I"", ""Type"": ""Introduced""}, {""Region"": ""VI"", ""Status"": ""I"", ""Type"": ""Introduced""}]","[""Forb/herb"", ""Subshrub""]",image_manifest,exact_usda_name_match
usda:ACPA,ACPA,72484,Actaea pachypoda,Actaea pachypoda Elliott,"[""white baneberry""]",Ranunculaceae Juss.,Actaea L.,Species,"[{""Region"": ""CAN"", ""Status"": ""N"", ""Type"": ""Native""}, {""Region"": ""L48"", ""Status"": ""N"", ""Type"": ""Native""}]","[""Forb/herb""]",target_seed,exact_usda_name_match
usda:ACRU2,ACRU2,72501,Actaea rubra,Actaea rubra (Aiton) Willd.,"[""red baneberry""]",Ranunculaceae Juss.,Actaea L.,Species,"[{""Region"": ""AK"", ""Status"": ""N"", ""Type"": ""Native""}, {""Region"": ""CAN"", ""Status"": ""N"", ""Type"": ""Native""}, {""Region"": ""L48"", ""Status"": ""N"", ""Type"": ""Native""}]","[""Forb/herb""]",target_seed,exact_usda_name_match
usda:ADFU,ADFU,71771,Adlumia fungosa,"Adlumia fungosa (Aiton) Greene ex Britton, Sterns & Poggenb.","[""allegheny vine""]",Fumariaceae Marquis,Adlumia Raf. ex DC.,Species,"[{""Region"": ""CAN"", ""Status"": ""N"", ""Type"": ""Native""}, {""Region"": ""L48"", ""Status"": ""N"", ""Type"": ""Native""}]","[""Forb/herb"", ""Vine""]",image_manifest,exact_usda_name_match
usda:ADAE,ADAE,72512,Adonis aestivalis,Adonis aestivalis L.,"[""summer pheasant's eye""]",Ranunculaceae Juss.,Adonis L.,Species,"[{""Region"": ""L48"", ""Status"": ""I"", ""Type"": ""Introduced""}]","[""Forb/herb""]",image_manifest,exact_usda_name_match
usda:ADAN,ADAN,72514,Adonis annua,Adonis annua L.,"[""blooddrops""]",Ranunculaceae Juss.,Adonis L.,Species,"[{""Region"": ""CAN"", ""Status"": ""I"", ""Type"": ""Introduced""}, {""Region"": ""L48"", ""Status"": ""I"", ""Type"": ""Introduced""}]","[""Forb/herb""]",image_manifest,exact_usda_name_match
usda:ADVE,ADVE,72516,Adonis vernalis,Adonis vernalis L.,"[""spring pheasant's eye""]",Ranunculaceae Juss.,Adonis L.,Species,"[{""Region"": ""L48"", ""Status"": ""I"", ""Type"": ""Introduced""}]","[""Forb/herb""]",image_manifest,exact_usda_name_match
usda:AEPO,AEPO,73687,Aegopodium podagraria,Aegopodium podagraria L.,"[""bishop's goutweed""]",Apiaceae Lindl.,Aegopodium L.,Species,"[{""Region"": ""CAN"", ""Status"": ""I"", ""Type"": ""Introduced""}, {""Region"": ""L48"", ""Status"": ""I"", ""Type"": ""Introduced""}, {""Region"": ""SPM"", ""Status"": ""I"", ""Type"": ""Introduced""}]","[""Forb/herb""]",image_manifest,exact_usda_name_match
usda:AEAM,AEAM,76799,Aeschynomene americana,Aeschynomene americana L.,"[""shyleaf""]",Fabaceae Lindl.,Aeschynomene L.,Species,"[{""Region"": ""L48"", ""Status"": ""N"", ""Type"": ""Native""}, {""Region"": ""PB"", ""Status"": ""I"", ""Type"": ""Introduced""}, {""Region"": ""PR"", ""Status"": ""N"", ""Type"": ""Native""}, {""Region"": ""VI"", ""Status"": ""I"", ""Type"": ""Introduced""}]","[""Forb/herb"", ""Subshrub""]",image_manifest,exact_usda_name_match
usda:ALRO3,ALRO3,65838,Alcea rosea,Alcea rosea L.,"[""hollyhock""]",Malvaceae Juss.,Alcea L.,Species,"[{""Region"": ""CAN"", ""Status"": ""I"", ""Type"": ""Introduced""}, {""Region"": ""L48"", ""Status"": ""I"", ""Type"": ""Introduced""}, {""Region"": ""PR"", ""Status"": ""I"", ""Type"": ""Introduced""}]","[""Forb/herb""]",image_manifest,exact_usda_name_match
usda:ALPE4,ALPE4,61790,Alliaria petiolata,Alliaria petiolata (M. Bieb.) Cavara & Grande,"[""garlic mustard""]",Brassicaceae Burnett,Alliaria Heist. ex Fabr.,Species,"[{""Region"": ""AK"", ""Status"": ""I"", ""Type"": ""Introduced""}, {""Region"": ""CAN"", ""Status"": ""I"", ""Type"": ""Introduced""}, {""Region"": ""L48"", ""Status"": ""I"", ""Type"": ""Introduced""}]","[""Forb/herb""]",image_manifest,exact_usda_name_match
usda:ALCA3,ALCA3,27871,Allium canadense,Allium canadense L.,"[""meadow garlic""]",Liliaceae Juss.,Allium L.,Species,"[{""Region"": ""CAN"", ""Status"": ""N"", ""Type"": ""Native""}, {""Region"": ""L48"", ""Status"": ""N"", ""Type"": ""Native""}]","[""Forb/herb""]",target_seed,exact_usda_name_match
usda:ALTR3,ALTR3,28087,Allium tricoccum,Allium tricoccum Aiton,"[""ramp"", ""wild leek""]",Liliaceae Juss.,Allium L.,Species,"[{""Region"": ""CAN"", ""Status"": ""N"", ""Type"": ""Native""}, {""Region"": ""L48"", ""Status"": ""N"", ""Type"": ""Native""}]","[""Forb/herb""]",target_seed,exact_usda_name_match
usda:ALCU5,ALCU5,16281,Alocasia cucullata,Alocasia cucullata (Lour.) G. Don,"[""chinese taro""]",Araceae Juss.,Alocasia (Schott) G. Don,Species,"[{""Region"": ""PB"", ""Status"": ""I"", ""Type"": ""Introduced""}]",[],image_manifest,exact_usda_name_match
usda:ALMA11,ALMA11,16282,Alocasia macrorrhizos,Alocasia macrorrhizos (L.) G. Don,"[""giant taro"", ""'ape""]",Araceae Juss.,Alocasia (Schott) G. Don,Species,"[{""Region"": ""HI"", ""Status"": ""I"", ""Type"": ""Introduced""}, {""Region"": ""L48"", ""Status"": ""I"", ""Type"": ""Introduced""}, {""Region"": ""PB"", ""Status"": ""I"", ""Type"": ""Introduced""}, {""Region"": ""PR"", ""Status"": ""I"", ""Type"": ""Introduced""}]","[""Forb/herb""]",image_manifest,exact_usda_name_match
usda:ALOD3,ALOD3,16290,Alocasia odora,Alocasia odora (Lodd.) G. Don,"[""Asian taro""]",Araceae Juss.,Alocasia (Schott) G. Don,Species,"[{""Region"": ""L48"", ""Status"": ""I"", ""Type"": ""Introduced""}]","[""Forb/herb""]",image_manifest,exact_usda_name_match
usda:ALCA25,ALCA25,65851,Althaea cannabina,Althaea cannabina L.,"[""palm-leaf marshmallow""]",Malvaceae Juss.,Althaea L.,Species,"[{""Region"": ""L48"", ""Status"": ""I"", ""Type"": ""Introduced""}]","[""Forb/herb""]",image_manifest,exact_usda_name_match
usda:ALOF2,ALOF2,65853,Althaea officinalis,Althaea officinalis L.,"[""common marshmallow""]",Malvaceae Juss.,Althaea L.,Species,"[{""Region"": ""CAN"", ""Status"": ""I"", ""Type"": ""Introduced""}, {""Region"": ""L48"", ""Status"": ""I"", ""Type"": ""Introduced""}]","[""Forb/herb""]",image_manifest,exact_usda_name_match
usda:AMAL2,AMAL2,88654,Amelanchier alnifolia,Amelanchier alnifolia (Nutt.) Nutt. ex M. Roem.,"[""Saskatoon serviceberry""]",Rosaceae Juss.,Amelanchier Medik.,Species,"[{""Region"": ""AK"", ""Status"": ""N"", ""Type"": ""Native""}, {""Region"": ""CAN"", ""Status"": ""N"", ""Type"": ""Native""}, {""Region"": ""L48"", ""Status"": ""N"", ""Type"": ""Native""}]","[""Shrub"", ""Tree""]",target_seed,exact_usda_name_match
usda:ANCO40,ANCO40,72527,Anemone coronaria,Anemone coronaria L.,"[""lilies-of-the-field""]",Ranunculaceae Juss.,Anemone L.,Species,[],[],image_manifest,exact_usda_name_match
usda:ANNAM2,ANNAM2,72565,Anemone narcissiflora,Anemone narcissiflora L. var. monantha DC.,"[""narcissus anemone""]",Ranunculaceae Juss.,Anemone L.,Variety,"[{""Region"": ""AK"", ""Status"": ""N"", ""Type"": ""Native""}, {""Region"": ""CAN"", ""Status"": ""N"", ""Type"": ""Native""}]","[""Forb/herb""]",image_manifest,exact_usda_name_match
usda:ANRA2,ANRA2,72602,Anemone ranunculoides,Anemone ranunculoides L.,"[""yellow woodland anemone""]",Ranunculaceae Juss.,Anemone L.,Species,"[{""Region"": ""CAN"", ""Status"": ""I"", ""Type"": ""Introduced""}]","[""Forb/herb""]",image_manifest,exact_usda_name_match
usda:ANVI3,ANVI3,72611,Anemone virginiana,Anemone virginiana L.,"[""tall thimbleweed""]",Ranunculaceae Juss.,Anemone L.,Species,"[{""Region"": ""CAN"", ""Status"": ""N"", ""Type"": ""Native""}, {""Region"": ""L48"", ""Status"": ""N"", ""Type"": ""Native""}]","[""Forb/herb""]",image_manifest,exact_usda_name_match
usda:ANAR9,ANAR9,73720,Angelica archangelica,Angelica archangelica L.,"[""Norwegian angelica""]",Apiaceae Lindl.,Angelica L.,Species,"[{""Region"": ""GL"", ""Status"": ""N"", ""Type"": ""Native""}]","[""Forb/herb""]",image_manifest,exact_usda_name_match
usda:ANAT,ANAT,73723,Angelica atropurpurea,Angelica atropurpurea L.,"[""purplestem angelica""]",Apiaceae Lindl.,Angelica L.,Species,"[{""Region"": ""CAN"", ""Status"": ""N"", ""Type"": ""Native""}, {""Region"": ""L48"", ""Status"": ""N"", ""Type"": ""Native""}]","[""Forb/herb""]",image_manifest,exact_usda_name_match
usda:ANLU,ANLU,73740,Angelica lucida,Angelica lucida L.,"[""seacoast angelica""]",Apiaceae Lindl.,Angelica L.,Species,"[{""Region"": ""AK"", ""Status"": ""N"", ""Type"": ""Native""}, {""Region"": ""CAN"", ""Status"": ""N"", ""Type"": ""Native""}, {""Region"": ""L48"", ""Status"": ""N"", ""Type"": ""Native""}]","[""Forb/herb""]",image_manifest,exact_usda_name_match
usda:ANSY2,ANSY2,73748,Angelica sylvestris,Angelica sylvestris L.,"[""woodland angelica""]",Apiaceae Lindl.,Angelica L.,Species,"[{""Region"": ""CAN"", ""Status"": ""I"", ""Type"": ""Introduced""}]","[""Forb/herb""]",image_manifest,exact_usda_name_match
usda:ANAN15,ANAN15,16298,Anthurium andraeanum,Anthurium andraeanum Linden,"[""flamingo-lily"", ""anthurium""]",Araceae Juss.,Anthurium Schott,Species,"[{""Region"": ""PB"", ""Status"": ""I"", ""Type"": ""Introduced""}]",[],image_manifest,exact_usda_name_match
usda:ANSC4,ANSC4,16305,Anthurium scandens,Anthurium scandens (Aubl.) Engl.,"[""pearl laceleaf""]",Araceae Juss.,Anthurium Schott,Species,"[{""Region"": ""PR"", ""Status"": ""N"", ""Type"": ""Native""}]","[""Forb/herb"", ""Vine""]",image_manifest,exact_usda_name_match
usda:ARCA2,ARCA2,74672,Aralia californica,Aralia californica S. Watson,"[""California spikenard""]",Araliaceae Juss.,Aralia L.,Species,"[{""Region"": ""L48"", ""Status"": ""N"", ""Type"": ""Native""}]","[""Forb/herb""]",image_manifest,exact_usda_name_match
usda:AREL8,AREL8,74676,Aralia elata,Aralia elata (Miq.) Seem.,"[""Japanese angelica tree""]",Araliaceae Juss.,Aralia L.,Species,"[{""Region"": ""CAN"", ""Status"": ""I"", ""Type"": ""Introduced""}, {""Region"": ""L48"", ""Status"": ""I"", ""Type"": ""Introduced""}]","[""Tree""]",image_manifest,exact_usda_name_match
usda:ARHI2,ARHI2,74678,Aralia hispida,Aralia hispida Vent.,"[""bristly sarsaparilla""]",Araliaceae Juss.,Aralia L.,Species,"[{""Region"": ""CAN"", ""Status"": ""N"", ""Type"": ""Native""}, {""Region"": ""L48"", ""Status"": ""N"", ""Type"": ""Native""}]","[""Forb/herb"", ""Subshrub""]",image_manifest,exact_usda_name_match
usda:ARNU2,ARNU2,74680,Aralia nudicaulis,Aralia nudicaulis L.,"[""wild sarsaparilla""]",Araliaceae Juss.,Aralia L.,Species,"[{""Region"": ""CAN"", ""Status"": ""N"", ""Type"": ""Native""}, {""Region"": ""L48"", ""Status"": ""N"", ""Type"": ""Native""}, {""Region"": ""SPM"", ""Status"": ""N"", ""Type"": ""Native""}]","[""Forb/herb"", ""Subshrub""]",image_manifest,exact_usda_name_match
usda:ARRA,ARRA,74681,Aralia racemosa,Aralia racemosa L.,"[""American spikenard""]",Araliaceae Juss.,Aralia L.,Species,"[{""Region"": ""CAN"", ""Status"": ""N"", ""Type"": ""Native""}, {""Region"": ""L48"", ""Status"": ""N"", ""Type"": ""Native""}]","[""Forb/herb"", ""Subshrub""]",image_manifest,exact_usda_name_match
usda:ARSP2,ARSP2,74685,Aralia spinosa,Aralia spinosa L.,"[""devil's walkingstick""]",Araliaceae Juss.,Aralia L.,Species,"[{""Region"": ""L48"", ""Status"": ""N"", ""Type"": ""Native""}]","[""Shrub"", ""Tree""]",image_manifest,exact_usda_name_match
usda:ARHI3,ARHI3,20548,Arthraxon hispidus,Arthraxon hispidus (Thunb.) Makino,"[""small carpetgrass""]",Poaceae Barnhart,Arthraxon P. Beauv.,Species,"[{""Region"": ""HI"", ""Status"": ""I"", ""Type"": ""Introduced""}, {""Region"": ""L48"", ""Status"": ""I"", ""Type"": ""Introduced""}]","[""Graminoid""]",image_manifest,exact_usda_name_match
usda:ASPH2,ASPH2,43575,Asclepias physocarpa,Asclepias physocarpa (E. Mey.) Schltr.,"[""balloonplant""]",Asclepiadaceae Borkh.,Asclepias L.,Species,"[{""Region"": ""HI"", ""Status"": ""I"", ""Type"": ""Introduced""}]","[""Forb/herb""]",image_manifest,exact_usda_name_match
usda:ASTR,ASTR,71503,Asimina triloba,Asimina triloba (L.) Dunal,"[""pawpaw""]",Annonaceae Juss.,Asimina Adans.,Species,"[{""Region"": ""CAN"", ""Status"": ""N"", ""Type"": ""Native""}, {""Region"": ""L48"", ""Status"": ""N"", ""Type"": ""Native""}]","[""Shrub"", ""Tree""]",target_seed,exact_usda_name_match
usda:ASGA2,ASGA2,48800,Asystasia gangetica,Asystasia gangetica (L.) T. Anderson,"[""Chinese violet"", ""asytasia"", ""coromande""]",Acanthaceae Juss.,Asystasia Blume,Species,"[{""Region"": ""HI"", ""Status"": ""I"", ""Type"": ""Introduced""}, {""Region"": ""L48"", ""Status"": ""I"", ""Type"": ""Introduced""}, {""Region"": ""PB"", ""Status"": ""I"", ""Type"": ""Introduced""}, {""Region"": ""PR"", ""Status"": ""I"", ""Type"": ""Introduced""}, {""Region"": ""VI"", ""Status"": ""I"", ""Type"": ""Introduced""}]","[""Forb/herb"", ""Subshrub"", ""Vine""]",image_manifest,exact_usda_name_match
usda:BAOR,BAOR,62212,Barbarea orthoceras,Barbarea orthoceras Ledeb.,"[""American yellowrocket""]",Brassicaceae Burnett,Barbarea W.T. Aiton,Species,"[{""Region"": ""AK"", ""Status"": ""N"", ""Type"": ""Native""}, {""Region"": ""CAN"", ""Status"": ""N"", ""Type"": ""Native""}, {""Region"": ""L48"", ""Status"": ""N"", ""Type"": ""Native""}]","[""Forb/herb""]",image_manifest,exact_usda_name_match
usda:BAVE,BAVE,62215,Barbarea verna,Barbarea verna (Mill.) Asch.,"[""early yellowrocket""]",Brassicaceae Burnett,Barbarea W.T. Aiton,Species,"[{""Region"": ""CAN"", ""Status"": ""I"", ""Type"": ""Introduced""}, {""Region"": ""L48"", ""Status"": ""I"", ""Type"": ""Introduced""}, {""Region"": ""SPM"", ""Status"": ""I"", ""Type"": ""Introduced""}]","[""Forb/herb""]",image_manifest,exact_usda_name_match
usda:BAVU,BAVU,62219,Barbarea vulgaris,Barbarea vulgaris W.T. Aiton,"[""garden yellowrocket""]",Brassicaceae Burnett,Barbarea W.T. Aiton,Species,"[{""Region"": ""CAN"", ""Status"": ""I"", ""Type"": ""Introduced""}, {""Region"": ""GL"", ""Status"": ""I"", ""Type"": ""Introduced""}, {""Region"": ""L48"", ""Status"": ""I"", ""Type"": ""Introduced""}, {""Region"": ""SPM"", ""Status"": ""I"", ""Type"": ""Introduced""}]","[""Forb/herb""]",image_manifest,exact_usda_name_match
usda:BAAS3,BAAS3,65721,Barringtonia asiatica,Barringtonia asiatica (L.) Kurz,"[""sea putat""]",Lecythidaceae A. Rich.,Barringtonia J.R. Forst. & G. Forst.,Species,"[{""Region"": ""PB"", ""Status"": ""N"", ""Type"": ""Native""}, {""Region"": ""PR"", ""Status"": ""I"", ""Type"": ""Introduced""}]","[""Tree""]",image_manifest,exact_usda_name_match
usda:BEER,BEER,73785,Berula erecta,Berula erecta (Huds.) Coville,"[""cutleaf waterparsnip""]",Apiaceae Lindl.,Berula Besser ex W.D.J. Koch,Species,"[{""Region"": ""CAN"", ""Status"": ""N"", ""Type"": ""Native""}, {""Region"": ""L48"", ""Status"": ""N"", ""Type"": ""Native""}]","[""Forb/herb""]",image_manifest,exact_usda_name_match
usda:BEPA,BEPA,70004,Betula papyrifera,Betula papyrifera Marshall,"[""paper birch""]",Betulaceae Gray,Betula L.,Species,"[{""Region"": ""AK"", ""Status"": ""N"", ""Type"": ""Native""}, {""Region"": ""CAN"", ""Status"": ""N"", ""Type"": ""Native""}, {""Region"": ""L48"", ""Status"": ""N"", ""Type"": ""Native""}, {""Region"": ""SPM"", ""Status"": ""N"", ""Type"": ""Native""}]","[""Tree""]",target_seed,exact_usda_name_match
usda:BOSU2,BOSU2,44573,Bourreria succulenta,Bourreria succulenta Jacq.,"[""bodywood""]",Boraginaceae Juss.,Bourreria P. Br.,Species,"[{""Region"": ""L48"", ""Status"": ""N"", ""Type"": ""Native""}, {""Region"": ""NAV"", ""Status"": ""N"", ""Type"": ""Native""}, {""Region"": ""PR"", ""Status"": ""N"", ""Type"": ""Native""}, {""Region"": ""VI"", ""Status"": ""N"", ""Type"": ""Native""}]","[""Shrub"", ""Tree""]",image_manifest,exact_usda_name_match
usda:BRDI8,BRDI8,75434,Breynia disticha,Breynia disticha J.R. Forst. & G. Forst.,"[""snowbush""]",Euphorbiaceae Juss.,Breynia J.R. Forst. & G. Forst.,Species,"[{""Region"": ""HI"", ""Status"": ""I"", ""Type"": ""Introduced""}, {""Region"": ""L48"", ""Status"": ""I"", ""Type"": ""Introduced""}, {""Region"": ""PB"", ""Status"": ""I"", ""Type"": ""Introduced""}, {""Region"": ""PR"", ""Status"": ""I"", ""Type"": ""Introduced""}]","[""Shrub""]",image_manifest,exact_usda_name_match
usda:BREL,BREL,28179,Brodiaea elegans,Brodiaea elegans Hoover,"[""harvest brodiaea""]",Liliaceae Juss.,Brodiaea Sm.,Species,"[{""Region"": ""L48"", ""Status"": ""N"", ""Type"": ""Native""}]","[""Forb/herb""]",image_manifest,exact_usda_name_match
usda:BRAM,BRAM,54936,Browallia americana,Browallia americana L.,"[""Jamaican forget-me-not""]",Solanaceae Juss.,Browallia L.,Species,"[{""Region"": ""L48"", ""Status"": ""I"", ""Type"": ""Introduced""}, {""Region"": ""PR"", ""Status"": ""I"", ""Type"": ""Introduced""}]","[""Forb/herb""]",image_manifest,exact_usda_name_match
usda:BUUM,BUUM,15862,Butomus umbellatus,Butomus umbellatus L.,"[""flowering rush""]",Butomaceae Mirb.,Butomus L.,Species,"[{""Region"": ""CAN"", ""Status"": ""I"", ""Type"": ""Introduced""}, {""Region"": ""L48"", ""Status"": ""I"", ""Type"": ""Introduced""}]","[""Forb/herb""]",image_manifest,exact_usda_name_match
usda:CAAR,CAAR,33011,Calendula arvensis,Calendula arvensis L.,"[""field marigold""]",Asteraceae Bercht. & J. Presl,Calendula L.,Species,"[{""Region"": ""CAN"", ""Status"": ""W"", ""Type"": ""Introduced""}, {""Region"": ""L48"", ""Status"": ""I"", ""Type"": ""Introduced""}]","[""Forb/herb""]",image_manifest,exact_usda_name_match
usda:CAOF,CAOF,33012,Calendula officinalis,Calendula officinalis L.,"[""pot marigold"", ""calendula"", ""Scotch-marigold""]",Asteraceae Bercht. & J. Presl,Calendula L.,Species,"[{""Region"": ""CAN"", ""Status"": ""W"", ""Type"": ""Introduced""}, {""Region"": ""L48"", ""Status"": ""I"", ""Type"": ""Introduced""}]","[""Forb/herb""]",image_manifest,exact_usda_name_match
usda:CAEU,CAEU,28251,Calochortus eurycarpus,Calochortus eurycarpus S. Watson,"[""white mariposa lily""]",Liliaceae Juss.,Calochortus Pursh,Species,"[{""Region"": ""L48"", ""Status"": ""N"", ""Type"": ""Native""}]","[""Forb/herb""]",image_manifest,exact_usda_name_match
usda:CAGU,CAGU,28255,Calochortus gunnisonii,Calochortus gunnisonii S. Watson,"[""Gunnison's mariposa lily""]",Liliaceae Juss.,Calochortus Pursh,Species,"[{""Region"": ""L48"", ""Status"": ""N"", ""Type"": ""Native""}]","[""Forb/herb""]",image_manifest,exact_usda_name_match
usda:CALE3,CALE3,28264,Calochortus leichtlinii,Calochortus leichtlinii Hook. f.,"[""smokey mariposa""]",Liliaceae Juss.,Calochortus Pursh,Species,"[{""Region"": ""L48"", ""Status"": ""N"", ""Type"": ""Native""}]","[""Forb/herb""]",image_manifest,exact_usda_name_match
usda:CALU9,CALU9,28268,Calochortus luteus,Calochortus luteus Douglas ex Lindl.,"[""yellow mariposa lily""]",Liliaceae Juss.,Calochortus Pursh,Species,"[{""Region"": ""L48"", ""Status"": ""N"", ""Type"": ""Native""}]","[""Forb/herb""]",image_manifest,exact_usda_name_match
usda:CAMA5,CAMA5,28270,Calochortus macrocarpus,Calochortus macrocarpus Douglas,"[""sagebrush mariposa lily""]",Liliaceae Juss.,Calochortus Pursh,Species,"[{""Region"": ""CAN"", ""Status"": ""N"", ""Type"": ""Native""}, {""Region"": ""L48"", ""Status"": ""N"", ""Type"": ""Native""}]","[""Forb/herb""]",image_manifest,exact_usda_name_match
usda:CASP,CASP,28298,Calochortus splendens,Calochortus splendens Douglas ex Benth.,"[""splendid mariposa lily""]",Liliaceae Juss.,Calochortus Pursh,Species,"[{""Region"": ""L48"", ""Status"": ""N"", ""Type"": ""Native""}]","[""Forb/herb""]",image_manifest,exact_usda_name_match
usda:CATO,CATO,28307,Calochortus tolmiei,Calochortus tolmiei Hook. & Arn.,"[""Tolmie star-tulip""]",Liliaceae Juss.,Calochortus Pursh,Species,"[{""Region"": ""L48"", ""Status"": ""N"", ""Type"": ""Native""}]","[""Forb/herb""]",image_manifest,exact_usda_name_match
usda:CACA88,CACA88,93247,Calodendrum capense,Calodendrum capense Thunb.,"[""Cape-chestnut""]",Rutaceae Juss.,Calodendrum Thunb.,Species,[],[],image_manifest,exact_usda_name_match
usda:CAFL22,CAFL22,71330,Calycanthus floridus,Calycanthus floridus L.,"[""eastern sweetshrub""]",Calycanthaceae Lindl.,Calycanthus L.,Species,"[{""Region"": ""L48"", ""Status"": ""N"", ""Type"": ""Native""}]","[""Shrub""]",image_manifest,exact_usda_name_match
usda:CAOC5,CAOC5,71338,Calycanthus occidentalis,Calycanthus occidentalis Hook. & Arn.,"[""western sweetshrub""]",Calycanthaceae Lindl.,Calycanthus L.,Species,"[{""Region"": ""L48"", ""Status"": ""N"", ""Type"": ""Native""}]","[""Shrub""]",image_manifest,exact_usda_name_match
usda:CAHAH,CAHAH,85404,Calylophus hartwegii,Calylophus hartwegii (Benth.) P.H. Raven ssp. hartwegii,"[""Hartweg's sundrops""]",Onagraceae Juss.,Calylophus Spach,Subspecies,"[{""Region"": ""L48"", ""Status"": ""N"", ""Type"": ""Native""}]","[""Forb/herb"", ""Subshrub""]",image_manifest,exact_usda_name_match
usda:CATI,CATI,33117,Carthamus tinctorius,Carthamus tinctorius L.,"[""safflower""]",Asteraceae Bercht. & J. Presl,Carthamus L.,Species,"[{""Region"": ""CAN"", ""Status"": ""I"", ""Type"": ""Introduced""}, {""Region"": ""L48"", ""Status"": ""I"", ""Type"": ""Introduced""}]","[""Forb/herb""]",image_manifest,exact_usda_name_match
usda:CAOV2,CAOV2,70622,Carya ovata,Carya ovata (Mill.) K. Koch,"[""shagbark hickory""]",Juglandaceae DC. ex Perleb,Carya Nutt.,Species,"[{""Region"": ""CAN"", ""Status"": ""N"", ""Type"": ""Native""}, {""Region"": ""L48"", ""Status"": ""N"", ""Type"": ""Native""}]","[""Tree""]",target_seed,exact_usda_name_match
usda:CACU8,CACU8,69889,Casuarina cunninghamiana,Casuarina cunninghamiana Miq.,"[""river sheoak""]",Casuarinaceae R. Br.,Casuarina Rumph. ex L.,Species,"[{""Region"": ""L48"", ""Status"": ""I"", ""Type"": ""Introduced""}, {""Region"": ""PR"", ""Status"": ""I"", ""Type"": ""Introduced""}]","[""Tree""]",image_manifest,exact_usda_name_match
usda:CAEQ,CAEQ,69890,Casuarina equisetifolia,Casuarina equisetifolia L.,"[""beach sheoak"", ""common ironwood"", ""ironwood"", ""paina""]",Casuarinaceae R. Br.,Casuarina Rumph. ex L.,Species,"[{""Region"": ""HI"", ""Status"": ""I"", ""Type"": ""Introduced""}, {""Region"": ""L48"", ""Status"": ""I"", ""Type"": ""Introduced""}, {""Region"": ""PB"", ""Status"": ""I"", ""Type"": ""Introduced""}, {""Region"": ""PB"", ""Status"": ""N"", ""Type"": ""Native""}, {""Region"": ""PR"", ""Status"": ""I"", ""Type"": ""Introduced""}, {""Region"": ""VI"", ""Status"": ""I"", ""Type"": ""Introduced""}]","[""Tree""]",image_manifest,exact_usda_name_match
usda:CEOD,CEOD,93180,Cedrela odorata,Cedrela odorata L.,"[""Spanish cedar""]",Meliaceae Juss.,Cedrela P. Br.,Species,"[{""Region"": ""PR"", ""Status"": ""N"", ""Type"": ""Native""}, {""Region"": ""VI"", ""Status"": ""N"", ""Type"": ""Native""}]","[""Tree""]",image_manifest,exact_usda_name_match
usda:CEEC,CEEC,21279,Cenchrus echinatus,Cenchrus echinatus L.,"[""southern sandbur"", ""burr grass"", ""common sandbur"", ""sandbur"", ""'ume'alu""]",Poaceae Barnhart,Cenchrus L.,Species,"[{""Region"": ""HI"", ""Status"": ""I"", ""Type"": ""Introduced""}, {""Region"": ""L48"", ""Status"": ""N"", ""Type"": ""Native""}, {""Region"": ""NAV"", ""Status"": ""N"", ""Type"": ""Native""}, {""Region"": ""PB"", ""Status"": ""I"", ""Type"": ""Introduced""}, {""Region"": ""PB"", ""Status"": ""N"", ""Type"": ""Native""}, {""Region"": ""PR"", ""Status"": ""N"", ""Type"": ""Native""}, {""Region"": ""VI"", ""Status"": ""N"", ""Type"": ""Native""}]","[""Graminoid""]",image_manifest,exact_usda_name_match
usda:CELO3,CELO3,21282,Cenchrus longispinus,Cenchrus longispinus (Hack.) Fernald,"[""mat sandbur""]",Poaceae Barnhart,Cenchrus L.,Species,"[{""Region"": ""CAN"", ""Status"": ""N"", ""Type"": ""Native""}, {""Region"": ""L48"", ""Status"": ""N"", ""Type"": ""Native""}]","[""Graminoid""]",image_manifest,exact_usda_name_match
usda:CEMA20,CEMA20,43300,Cerbera manghas,Cerbera manghas L.,"[""sea-mango"", ""beach milkwood"", ""gray milkwood"", ""pink-eyed cerbera""]",Apocynaceae Juss.,Cerbera L.,Species,"[{""Region"": ""PB"", ""Status"": ""N"", ""Type"": ""Native""}]","[""Tree""]",image_manifest,exact_usda_name_match
usda:CEHE3,CEHE3,56041,Cereus hexagonus,Cereus hexagonus (L.) Mill.,"[""lady of the night cactus""]",Cactaceae Juss.,Cereus Mill.,Species,"[{""Region"": ""PR"", ""Status"": ""I"", ""Type"": ""Introduced""}]","[""Shrub"", ""Tree""]",image_manifest,exact_usda_name_match
usda:CEHI3,CEHI3,56042,Cereus hildmannianus,Cereus hildmannianus K. Schum.,"[""hedge cactus""]",Cactaceae Juss.,Cereus Mill.,Species,"[{""Region"": ""HI"", ""Status"": ""I"", ""Type"": ""Introduced""}, {""Region"": ""PR"", ""Status"": ""I"", ""Type"": ""Introduced""}]","[""Shrub"", ""Tree""]",image_manifest,exact_usda_name_match
usda:CHAR19,CHAR19,73823,Chaerophyllum aromaticum,Chaerophyllum aromaticum L.,[],Apiaceae Lindl.,Chaerophyllum L.,Species,[],[],image_manifest,exact_usda_name_match
usda:CHBU5,CHBU5,73824,Chaerophyllum bulbosum,Chaerophyllum bulbosum L.,"[""turnip-root chervil""]",Apiaceae Lindl.,Chaerophyllum L.,Species,"[{""Region"": ""L48"", ""Status"": ""I"", ""Type"": ""Introduced""}]","[""Forb/herb""]",image_manifest,exact_usda_name_match
usda:CHTA,CHTA,73829,Chaerophyllum tainturieri,Chaerophyllum tainturieri Hook.,"[""hairyfruit chervil""]",Apiaceae Lindl.,Chaerophyllum L.,Species,"[{""Region"": ""L48"", ""Status"": ""N"", ""Type"": ""Native""}]","[""Forb/herb""]",image_manifest,exact_usda_name_match
usda:CHTE5,CHTE5,73837,Chaerophyllum temulum,Chaerophyllum temulum L.,"[""rough chervil""]",Apiaceae Lindl.,Chaerophyllum L.,Species,"[{""Region"": ""CAN"", ""Status"": ""I"", ""Type"": ""Introduced""}, {""Region"": ""L48"", ""Status"": ""I"", ""Type"": ""Introduced""}]","[""Forb/herb""]",image_manifest,exact_usda_name_match
usda:CHLA13,CHLA13,85720,Chamerion latifolium,Chamerion latifolium (L.) Holub,"[""dwarf fireweed""]",Onagraceae Juss.,Chamerion Raf. ex Holub,Species,"[{""Region"": ""AK"", ""Status"": ""N"", ""Type"": ""Native""}, {""Region"": ""CAN"", ""Status"": ""N"", ""Type"": ""Native""}, {""Region"": ""GL"", ""Status"": ""N"", ""Type"": ""Native""}, {""Region"": ""L48"", ""Status"": ""N"", ""Type"": ""Native""}]","[""Forb/herb"", ""Subshrub""]",image_manifest,exact_usda_name_match
usda:CIDO,CIDO,73840,Cicuta douglasii,Cicuta douglasii (DC.) J.M. Coult. & Rose,"[""western water hemlock""]",Apiaceae Lindl.,Cicuta L.,Species,"[{""Region"": ""AK"", ""Status"": ""N"", ""Type"": ""Native""}, {""Region"": ""CAN"", ""Status"": ""N"", ""Type"": ""Native""}, {""Region"": ""L48"", ""Status"": ""N"", ""Type"": ""Native""}]","[""Forb/herb""]",target_seed,exact_usda_name_match
usda:CIMA2,CIMA2,73842,Cicuta maculata,Cicuta maculata L.,"[""spotted water hemlock""]",Apiaceae Lindl.,Cicuta L.,Species,"[{""Region"": ""AK"", ""Status"": ""N"", ""Type"": ""Native""}, {""Region"": ""CAN"", ""Status"": ""N"", ""Type"": ""Native""}, {""Region"": ""L48"", ""Status"": ""N"", ""Type"": ""Native""}]","[""Forb/herb""]",target_seed,exact_usda_name_match
usda:CIAL2,CIAL2,33528,Cirsium altissimum,Cirsium altissimum (L.) Hill,"[""tall thistle""]",Asteraceae Bercht. & J. Presl,Cirsium Mill.,Species,"[{""Region"": ""L48"", ""Status"": ""N"", ""Type"": ""Native""}]","[""Forb/herb""]",image_manifest,exact_usda_name_match
usda:CIAR4,CIAR4,33539,Cirsium arvense,Cirsium arvense (L.) Scop.,"[""Canada thistle""]",Asteraceae Bercht. & J. Presl,Cirsium Mill.,Species,"[{""Region"": ""AK"", ""Status"": ""I"", ""Type"": ""Introduced""}, {""Region"": ""CAN"", ""Status"": ""I"", ""Type"": ""Introduced""}, {""Region"": ""GL"", ""Status"": ""I"", ""Type"": ""Introduced""}, {""Region"": ""L48"", ""Status"": ""I"", ""Type"": ""Introduced""}, {""Region"": ""SPM"", ""Status"": ""I"", ""Type"": ""Introduced""}]","[""Forb/herb""]",image_manifest,exact_usda_name_match
usda:CICA16,CICA16,33573,Cirsium canum,Cirsium canum (L.) All.,"[""Queen Anne's thistle""]",Asteraceae Bercht. & J. Presl,Cirsium Mill.,Species,"[{""Region"": ""L48"", ""Status"": ""I"", ""Type"": ""Introduced""}]","[""Forb/herb""]",image_manifest,exact_usda_name_match
usda:CIDI,CIDI,33591,Cirsium discolor,Cirsium discolor (Muhl. ex Willd.) Spreng.,"[""field thistle""]",Asteraceae Bercht. & J. Presl,Cirsium Mill.,Species,"[{""Region"": ""CAN"", ""Status"": ""N"", ""Type"": ""Native""}, {""Region"": ""L48"", ""Status"": ""N"", ""Type"": ""Native""}]","[""Forb/herb""]",image_manifest,exact_usda_name_match
usda:CIEN2,CIEN2,33613,Cirsium engelmannii,Cirsium engelmannii Rydb.,"[""Engelmann's thistle""]",Asteraceae Bercht. & J. Presl,Cirsium Mill.,Species,"[{""Region"": ""L48"", ""Status"": ""N"", ""Type"": ""Native""}]","[""Forb/herb""]",image_manifest,exact_usda_name_match
usda:CIFO,CIFO,33620,Cirsium foliosum,Cirsium foliosum (Hook.) DC.,"[""elk thistle""]",Asteraceae Bercht. & J. Presl,Cirsium Mill.,Species,"[{""Region"": ""AK"", ""Status"": ""N"", ""Type"": ""Native""}, {""Region"": ""CAN"", ""Status"": ""N"", ""Type"": ""Native""}, {""Region"": ""L48"", ""Status"": ""N"", ""Type"": ""Native""}]","[""Forb/herb""]",image_manifest,exact_usda_name_match
usda:CIHE3,CIHE3,33629,Cirsium helenioides,Cirsium helenioides (L.) Hill,"[""melancholy thistle""]",Asteraceae Bercht. & J. Presl,Cirsium Mill.,Species,"[{""Region"": ""GL"", ""Status"": ""N"", ""Type"": ""Native""}]","[""Forb/herb""]",image_manifest,exact_usda_name_match
usda:CIHOH,CIHOH,33638,Cirsium horridulum,Cirsium horridulum Michx. var. horridulum,"[""yellow thistle""]",Asteraceae Bercht. & J. Presl,Cirsium Mill.,Variety,"[{""Region"": ""L48"", ""Status"": ""N"", ""Type"": ""Native""}]","[""Forb/herb""]",image_manifest,exact_usda_name_match
usda:CIHO2,CIHO2,33637,Cirsium horridulum,Cirsium horridulum Michx.,"[""yellow thistle""]",Asteraceae Bercht. & J. Presl,Cirsium Mill.,Species,"[{""Region"": ""L48"", ""Status"": ""N"", ""Type"": ""Native""}]","[""Forb/herb""]",image_manifest,exact_usda_name_match
usda:CIMU,CIMU,33666,Cirsium muticum,Cirsium muticum Michx.,"[""swamp thistle""]",Asteraceae Bercht. & J. Presl,Cirsium Mill.,Species,"[{""Region"": ""CAN"", ""Status"": ""N"", ""Type"": ""Native""}, {""Region"": ""L48"", ""Status"": ""N"", ""Type"": ""Native""}, {""Region"": ""SPM"", ""Status"": ""N"", ""Type"": ""Native""}]","[""Forb/herb""]",image_manifest,exact_usda_name_match
usda:CIPA6,CIPA6,33708,Cirsium palustre,Cirsium palustre (L.) Scop.,"[""marsh thistle""]",Asteraceae Bercht. & J. Presl,Cirsium Mill.,Species,"[{""Region"": ""CAN"", ""Status"": ""W"", ""Type"": ""Introduced""}, {""Region"": ""L48"", ""Status"": ""I"", ""Type"": ""Introduced""}, {""Region"": ""SPM"", ""Status"": ""W"", ""Type"": ""Introduced""}]","[""Forb/herb""]",image_manifest,exact_usda_name_match
usda:CITE2,CITE2,33792,Cirsium texanum,Cirsium texanum Buckley,"[""Texas thistle""]",Asteraceae Bercht. & J. Presl,Cirsium Mill.,Species,"[{""Region"": ""L48"", ""Status"": ""N"", ""Type"": ""Native""}]","[""Forb/herb""]",image_manifest,exact_usda_name_match
usda:CIUN,CIUN,33796,Cirsium undulatum,Cirsium undulatum (Nutt.) Spreng.,"[""wavyleaf thistle""]",Asteraceae Bercht. & J. Presl,Cirsium Mill.,Species,"[{""Region"": ""CAN"", ""Status"": ""N"", ""Type"": ""Native""}, {""Region"": ""L48"", ""Status"": ""N"", ""Type"": ""Native""}]","[""Forb/herb""]",image_manifest,exact_usda_name_match
usda:CIVU,CIVU,33818,Cirsium vulgare,Cirsium vulgare (Savi) Ten.,"[""bull thistle""]",Asteraceae Bercht. & J. Presl,Cirsium Mill.,Species,"[{""Region"": ""AK"", ""Status"": ""I"", ""Type"": ""Introduced""}, {""Region"": ""CAN"", ""Status"": ""I"", ""Type"": ""Introduced""}, {""Region"": ""HI"", ""Status"": ""I"", ""Type"": ""Introduced""}, {""Region"": ""L48"", ""Status"": ""I"", ""Type"": ""Introduced""}, {""Region"": ""SPM"", ""Status"": ""I"", ""Type"": ""Introduced""}]","[""Forb/herb""]",image_manifest,exact_usda_name_match
usda:CLAL3,CLAL3,64788,Clethra alnifolia,Clethra alnifolia L.,"[""coastal sweetpepperbush""]",Clethraceae Klotzsch,Clethra L.,Species,"[{""Region"": ""CAN"", ""Status"": ""N"", ""Type"": ""Native""}, {""Region"": ""L48"", ""Status"": ""N"", ""Type"": ""Native""}]","[""Shrub""]",image_manifest,exact_usda_name_match
usda:COGR4,COGR4,53917,Collomia grandiflora,Collomia grandiflora Douglas ex Lindl.,"[""grand collomia""]",Polemoniaceae Juss.,Collomia Nutt.,Species,"[{""Region"": ""CAN"", ""Status"": ""N"", ""Type"": ""Native""}, {""Region"": ""L48"", ""Status"": ""N"", ""Type"": ""Native""}]","[""Forb/herb""]",image_manifest,exact_usda_name_match
usda:COPE80,COPE80,70702,Comptonia peregrina,Comptonia peregrina (L.) J.M. Coult.,"[""sweet fern""]",Myricaceae Rich. ex Kunth,Comptonia L'Hér. ex Aiton,Species,"[{""Region"": ""CAN"", ""Status"": ""N"", ""Type"": ""Native""}, {""Region"": ""L48"", ""Status"": ""N"", ""Type"": ""Native""}]","[""Shrub"", ""Subshrub""]",image_manifest,exact_usda_name_match
usda:COMA2,COMA2,73869,Conium maculatum,Conium maculatum L.,"[""poison hemlock""]",Apiaceae Lindl.,Conium L.,Species,"[{""Region"": ""CAN"", ""Status"": ""I"", ""Type"": ""Introduced""}, {""Region"": ""L48"", ""Status"": ""I"", ""Type"": ""Introduced""}]","[""Forb/herb""]",target_seed,exact_usda_name_match
usda:COCO13,COCO13,33849,Conoclinium coelestinum,Conoclinium coelestinum (L.) DC.,"[""blue mistflower""]",Asteraceae Bercht. & J. Presl,Conoclinium DC.,Species,"[{""Region"": ""CAN"", ""Status"": ""I"", ""Type"": ""Introduced""}, {""Region"": ""L48"", ""Status"": ""N"", ""Type"": ""Native""}]","[""Forb/herb""]",image_manifest,exact_usda_name_match
usda:COAF2,COAF2,78540,Cordyla africana,Cordyla africana Lour.,"[""cordyla""]",Fabaceae Lindl.,Cordyla Lour.,Species,[],[],image_manifest,exact_usda_name_match
usda:COPA38,COPA38,59051,Corispermum pallasii,Corispermum pallasii Steven,"[""Siberian bugseed""]",Chenopodiaceae Vent.,Corispermum L.,Species,"[{""Region"": ""CAN"", ""Status"": ""N"", ""Type"": ""Native""}, {""Region"": ""L48"", ""Status"": ""I"", ""Type"": ""Introduced""}]","[""Forb/herb""]",image_manifest,exact_usda_name_match
usda:COGU3,COGU3,65727,Couroupita guianensis,Couroupita guianensis Aubl.,"[""cannonball tree""]",Lecythidaceae A. Rich.,Couroupita Aubl.,Species,"[{""Region"": ""PR"", ""Status"": ""I"", ""Type"": ""Introduced""}]","[""Tree""]",image_manifest,exact_usda_name_match
usda:CRBR8,CRBR8,78584,Crotalaria brevidens,Crotalaria brevidens Benth.,"[""Ethiopian rattlebox""]",Fabaceae Lindl.,Crotalaria L.,Species,"[{""Region"": ""HI"", ""Status"": ""I"", ""Type"": ""Introduced""}, {""Region"": ""L48"", ""Status"": ""I"", ""Type"": ""Introduced""}, {""Region"": ""PR"", ""Status"": ""I"", ""Type"": ""Introduced""}]","[""Forb/herb""]",image_manifest,exact_usda_name_match
usda:CRIN5,CRIN5,78604,Crotalaria incana,Crotalaria incana L.,"[""shakeshake"", ""fuzzy rattlepod"", ""kukaehik"", ""rattlebox""]",Fabaceae Lindl.,Crotalaria L.,Species,"[{""Region"": ""HI"", ""Status"": ""I"", ""Type"": ""Introduced""}, {""Region"": ""L48"", ""Status"": ""I"", ""Type"": ""Introduced""}, {""Region"": ""PB"", ""Status"": ""I"", ""Type"": ""Introduced""}, {""Region"": ""PR"", ""Status"": ""N"", ""Type"": ""Native""}, {""Region"": ""VI"", ""Status"": ""N"", ""Type"": ""Native""}]","[""Forb/herb"", ""Subshrub""]",image_manifest,exact_usda_name_match
usda:CRJU,CRJU,78605,Crotalaria juncea,Crotalaria juncea L.,"[""sunn hemp""]",Fabaceae Lindl.,Crotalaria L.,Species,"[{""Region"": ""HI"", ""Status"": ""I"", ""Type"": ""Introduced""}, {""Region"": ""L48"", ""Status"": ""I"", ""Type"": ""Introduced""}, {""Region"": ""PB"", ""Status"": ""I"", ""Type"": ""Introduced""}, {""Region"": ""PR"", ""Status"": ""I"", ""Type"": ""Introduced""}, {""Region"": ""VI"", ""Status"": ""I"", ""Type"": ""Introduced""}]","[""Forb/herb""]",image_manifest,exact_usda_name_match
usda:CRLA17,CRLA17,78607,Crotalaria laburnifolia,Crotalaria laburnifolia L.,[],Fabaceae Lindl.,Crotalaria L.,Species,[],[],image_manifest,exact_usda_name_match
usda:CRPA10,CRPA10,78628,Crotalaria pallida,Crotalaria pallida Aiton,"[""smooth rattlebox"", ""pikakan"", ""salts rattlebox"", ""smooth crotalaria"", ""smooth rattlepod"", ""striped crotalaria""]",Fabaceae Lindl.,Crotalaria L.,Species,"[{""Region"": ""HI"", ""Status"": ""I"", ""Type"": ""Introduced""}, {""Region"": ""L48"", ""Status"": ""I"", ""Type"": ""Introduced""}, {""Region"": ""PB"", ""Status"": ""I"", ""Type"": ""Introduced""}, {""Region"": ""PR"", ""Status"": ""I"", ""Type"": ""Introduced""}, {""Region"": ""VI"", ""Status"": ""I"", ""Type"": ""Introduced""}]","[""Forb/herb"", ""Subshrub""]",image_manifest,exact_usda_name_match
usda:CRPU4,CRPU4,78636,Crotalaria pumila,Crotalaria pumila Ortega,"[""low rattlebox""]",Fabaceae Lindl.,Crotalaria L.,Species,"[{""Region"": ""HI"", ""Status"": ""I"", ""Type"": ""Introduced""}, {""Region"": ""L48"", ""Status"": ""N"", ""Type"": ""Native""}]","[""Forb/herb"", ""Subshrub""]",image_manifest,exact_usda_name_match
usda:CRRE4,CRRE4,78645,Crotalaria retusa,Crotalaria retusa L.,"[""rattleweed""]",Fabaceae Lindl.,Crotalaria L.,Species,"[{""Region"": ""HI"", ""Status"": ""I"", ""Type"": ""Introduced""}, {""Region"": ""L48"", ""Status"": ""I"", ""Type"": ""Introduced""}, {""Region"": ""NAV"", ""Status"": ""I"", ""Type"": ""Introduced""}, {""Region"": ""PR"", ""Status"": ""I"", ""Type"": ""Introduced""}, {""Region"": ""VI"", ""Status"": ""I"", ""Type"": ""Introduced""}]","[""Forb/herb"", ""Subshrub""]",image_manifest,exact_usda_name_match
usda:CRSP2,CRSP2,78666,Crotalaria spectabilis,Crotalaria spectabilis Roth,"[""showy rattlebox"", ""rattlebox"", ""showy crotalaria""]",Fabaceae Lindl.,Crotalaria L.,Species,"[{""Region"": ""HI"", ""Status"": ""I"", ""Type"": ""Introduced""}, {""Region"": ""L48"", ""Status"": ""I"", ""Type"": ""Introduced""}, {""Region"": ""PB"", ""Status"": ""I"", ""Type"": ""Introduced""}, {""Region"": ""PR"", ""Status"": ""I"", ""Type"": ""Introduced""}]","[""Forb/herb""]",image_manifest,exact_usda_name_match
usda:CRVE5,CRVE5,78679,Crotalaria verrucosa,Crotalaria verrucosa L.,"[""blue rattlesnake""]",Fabaceae Lindl.,Crotalaria L.,Species,"[{""Region"": ""HI"", ""Status"": ""I"", ""Type"": ""Introduced""}, {""Region"": ""L48"", ""Status"": ""I"", ""Type"": ""Introduced""}, {""Region"": ""NAV"", ""Status"": ""I"", ""Type"": ""Introduced""}, {""Region"": ""PR"", ""Status"": ""I"", ""Type"": ""Introduced""}, {""Region"": ""VI"", ""Status"": ""I"", ""Type"": ""Introduced""}]","[""Forb/herb"", ""Subshrub""]",image_manifest,exact_usda_name_match
usda:CRGR6,CRGR6,43645,Cryptostegia grandiflora,Cryptostegia grandiflora (Roxb. ex R. Br.) R. Br.,"[""Palay rubbervine""]",Asclepiadaceae Borkh.,Cryptostegia R. Br.,Species,"[{""Region"": ""L48"", ""Status"": ""I"", ""Type"": ""Introduced""}, {""Region"": ""PR"", ""Status"": ""I"", ""Type"": ""Introduced""}, {""Region"": ""VI"", ""Status"": ""I"", ""Type"": ""Introduced""}]","[""Vine""]",image_manifest,exact_usda_name_match
usda:CRMA10,CRMA10,43647,Cryptostegia madagascariensis,Cryptostegia madagascariensis Bojer ex Decne.,"[""Madagascar rubbervine""]",Asclepiadaceae Borkh.,Cryptostegia R. Br.,Species,"[{""Region"": ""L48"", ""Status"": ""I"", ""Type"": ""Introduced""}, {""Region"": ""PR"", ""Status"": ""I"", ""Type"": ""Introduced""}]","[""Vine""]",image_manifest,exact_usda_name_match
usda:CUME,CUME,68891,Cucumis melo,Cucumis melo L.,"[""cantaloupe""]",Cucurbitaceae Juss.,Cucumis L.,Species,"[{""Region"": ""CAN"", ""Status"": ""W"", ""Type"": ""Introduced""}, {""Region"": ""L48"", ""Status"": ""I"", ""Type"": ""Introduced""}, {""Region"": ""PB"", ""Status"": ""I"", ""Type"": ""Introduced""}, {""Region"": ""PR"", ""Status"": ""I"", ""Type"": ""Introduced""}]","[""Forb/herb"", ""Vine""]",image_manifest,exact_usda_name_match
usda:CUFI2,CUFI2,68902,Cucurbita ficifolia,Cucurbita ficifolia Bouché,"[""figleaf gourd""]",Cucurbitaceae Juss.,Cucurbita L.,Species,"[{""Region"": ""L48"", ""Status"": ""I"", ""Type"": ""Introduced""}]","[""Forb/herb"", ""Vine""]",image_manifest,exact_usda_name_match
usda:CUFO,CUFO,68904,Cucurbita foetidissima,Cucurbita foetidissima Kunth,"[""Missouri gourd""]",Cucurbitaceae Juss.,Cucurbita L.,Species,"[{""Region"": ""L48"", ""Status"": ""N"", ""Type"": ""Native""}]","[""Forb/herb"", ""Vine""]",image_manifest,exact_usda_name_match
usda:CUMA3,CUMA3,68906,Cucurbita maxima,Cucurbita maxima Duchesne,"[""winter squash""]",Cucurbitaceae Juss.,Cucurbita L.,Species,"[{""Region"": ""L48"", ""Status"": ""I"", ""Type"": ""Introduced""}, {""Region"": ""PB"", ""Status"": ""I"", ""Type"": ""Introduced""}, {""Region"": ""PR"", ""Status"": ""I"", ""Type"": ""Introduced""}]","[""Forb/herb"", ""Vine""]",image_manifest,exact_usda_name_match
usda:CUMO,CUMO,68911,Cucurbita moschata,Cucurbita moschata Duchesne,"[""crookneck squash""]",Cucurbitaceae Juss.,Cucurbita L.,Species,"[{""Region"": ""L48"", ""Status"": ""I"", ""Type"": ""Introduced""}, {""Region"": ""NAV"", ""Status"": ""I"", ""Type"": ""Introduced""}, {""Region"": ""PB"", ""Status"": ""I"", ""Type"": ""Introduced""}, {""Region"": ""PR"", ""Status"": ""I"", ""Type"": ""Introduced""}, {""Region"": ""VI"", ""Status"": ""I"", ""Type"": ""Introduced""}]","[""Forb/herb"", ""Vine""]",image_manifest,exact_usda_name_match
usda:CUPE,CUPE,68919,Cucurbita pepo,Cucurbita pepo L.,"[""field pumpkin""]",Cucurbitaceae Juss.,Cucurbita L.,Species,"[{""Region"": ""CAN"", ""Status"": ""W"", ""Type"": ""Introduced""}, {""Region"": ""L48"", ""Status"": ""I"", ""Type"": ""Introduced""}, {""Region"": ""L48"", ""Status"": ""N"", ""Type"": ""Native""}, {""Region"": ""PB"", ""Status"": ""I"", ""Type"": ""Introduced""}, {""Region"": ""PR"", ""Status"": ""I"", ""Type"": ""Introduced""}]","[""Forb/herb"", ""Vine""]",image_manifest,exact_usda_name_match
usda:CYMU,CYMU,50859,Cymbalaria muralis,"Cymbalaria muralis G. Gaertn., B. Mey. & Scherb.","[""Kenilworth ivy""]",Scrophulariaceae Juss.,Cymbalaria Hill,Species,"[{""Region"": ""CAN"", ""Status"": ""I"", ""Type"": ""Introduced""}, {""Region"": ""HI"", ""Status"": ""I"", ""Type"": ""Introduced""}, {""Region"": ""L48"", ""Status"": ""I"", ""Type"": ""Introduced""}]","[""Forb/herb""]",image_manifest,exact_usda_name_match
usda:DALA12,DALA12,78735,Dalbergia latifolia,Dalbergia latifolia Roxb.,"[""Indian rosewood""]",Fabaceae Lindl.,Dalbergia L. f.,Species,[],[],image_manifest,exact_usda_name_match
usda:DASI,DASI,78738,Dalbergia sissoo,Dalbergia sissoo Roxb. ex DC.,"[""Indian rosewood""]",Fabaceae Lindl.,Dalbergia L. f.,Species,"[{""Region"": ""L48"", ""Status"": ""I"", ""Type"": ""Introduced""}, {""Region"": ""PR"", ""Status"": ""I"", ""Type"": ""Introduced""}]","[""Tree""]",image_manifest,exact_usda_name_match
usda:DAPU5,DAPU5,78885,Dalea purpurea,Dalea purpurea Vent.,"[""purple prairie clover""]",Fabaceae Lindl.,Dalea L.,Species,"[{""Region"": ""CAN"", ""Status"": ""N"", ""Type"": ""Native""}, {""Region"": ""L48"", ""Status"": ""N"", ""Type"": ""Native""}]","[""Forb/herb"", ""Subshrub""]",image_manifest,exact_usda_name_match
usda:DADE,DADE,21510,Danthonia decumbens,Danthonia decumbens (L.) DC.,"[""common heathgrass""]",Poaceae Barnhart,Danthonia DC.,Species,"[{""Region"": ""CAN"", ""Status"": ""I"", ""Type"": ""Introduced""}, {""Region"": ""L48"", ""Status"": ""I"", ""Type"": ""Introduced""}, {""Region"": ""SPM"", ""Status"": ""I"", ""Type"": ""Introduced""}]","[""Graminoid""]",image_manifest,exact_usda_name_match
usda:DACN,DACN,86592,Daphne cneorum,Daphne cneorum L.,"[""garland-flower""]",Thymelaeaceae Juss.,Daphne L.,Species,"[{""Region"": ""L48"", ""Status"": ""I"", ""Type"": ""Introduced""}]","[""Shrub""]",image_manifest,exact_usda_name_match
usda:DALA11,DALA11,86593,Daphne laureola,Daphne laureola L.,"[""spurgelaurel""]",Thymelaeaceae Juss.,Daphne L.,Species,"[{""Region"": ""CAN"", ""Status"": ""I"", ""Type"": ""Introduced""}, {""Region"": ""L48"", ""Status"": ""I"", ""Type"": ""Introduced""}]","[""Shrub"", ""Tree""]",image_manifest,exact_usda_name_match
usda:DAME3,DAME3,86594,Daphne mezereum,Daphne mezereum L.,"[""paradise plant""]",Thymelaeaceae Juss.,Daphne L.,Species,"[{""Region"": ""AK"", ""Status"": ""W"", ""Type"": ""Introduced""}, {""Region"": ""CAN"", ""Status"": ""I"", ""Type"": ""Introduced""}, {""Region"": ""L48"", ""Status"": ""I"", ""Type"": ""Introduced""}]","[""Shrub"", ""Subshrub""]",image_manifest,exact_usda_name_match
usda:DACA6,DACA6,73956,Daucus carota,Daucus carota L.,"[""Queen Anne's lace""]",Apiaceae Lindl.,Daucus L.,Species,"[{""Region"": ""CAN"", ""Status"": ""I"", ""Type"": ""Introduced""}, {""Region"": ""L48"", ""Status"": ""I"", ""Type"": ""Introduced""}, {""Region"": ""PB"", ""Status"": ""I"", ""Type"": ""Introduced""}, {""Region"": ""PR"", ""Status"": ""I"", ""Type"": ""Introduced""}, {""Region"": ""SPM"", ""Status"": ""I"", ""Type"": ""Introduced""}]","[""Forb/herb""]",target_seed,exact_usda_name_match
usda:DAPU3,DAPU3,73961,Daucus pusillus,Daucus pusillus Michx.,"[""American wild carrot""]",Apiaceae Lindl.,Daucus L.,Species,"[{""Region"": ""CAN"", ""Status"": ""N"", ""Type"": ""Native""}, {""Region"": ""HI"", ""Status"": ""I?"", ""Type"": ""Introduced""}, {""Region"": ""L48"", ""Status"": ""N"", ""Type"": ""Native""}]","[""Forb/herb""]",image_manifest,exact_usda_name_match
usda:DILO,DILO,42692,Diervilla lonicera,Diervilla lonicera Mill.,"[""northern bush honeysuckle""]",Caprifoliaceae Juss.,Diervilla Mill.,Species,"[{""Region"": ""CAN"", ""Status"": ""N"", ""Type"": ""Native""}, {""Region"": ""L48"", ""Status"": ""N"", ""Type"": ""Native""}, {""Region"": ""SPM"", ""Status"": ""N"", ""Type"": ""Native""}]","[""Shrub""]",image_manifest,exact_usda_name_match
usda:DISE,DISE,42697,Diervilla sessilifolia,Diervilla sessilifolia Buckley,"[""southern bush honeysuckle""]",Caprifoliaceae Juss.,Diervilla Mill.,Species,"[{""Region"": ""L48"", ""Status"": ""N"", ""Type"": ""Native""}]","[""Shrub""]",image_manifest,exact_usda_name_match
usda:DIPU,DIPU,50875,Digitalis purpurea,Digitalis purpurea L.,"[""purple foxglove""]",Scrophulariaceae Juss.,Digitalis L.,Species,"[{""Region"": ""AK"", ""Status"": ""I"", ""Type"": ""Introduced""}, {""Region"": ""CAN"", ""Status"": ""I"", ""Type"": ""Introduced""}, {""Region"": ""L48"", ""Status"": ""I"", ""Type"": ""Introduced""}, {""Region"": ""SPM"", ""Status"": ""I"", ""Type"": ""Introduced""}]","[""Forb/herb""]",target_seed,exact_usda_name_match
usda:DRPO,DRPO,16358,Dracontium polyphyllum,Dracontium polyphyllum L.,"[""guapa""]",Araceae Juss.,Dracontium L.,Species,"[{""Region"": ""PR"", ""Status"": ""N"", ""Type"": ""Native""}]","[""Forb/herb"", ""Shrub"", ""Subshrub""]",image_manifest,exact_usda_name_match
usda:DROC,DROC,89671,Dryas octopetala,Dryas octopetala L.,"[""eightpetal mountain-avens""]",Rosaceae Juss.,Dryas L.,Species,"[{""Region"": ""AK"", ""Status"": ""N"", ""Type"": ""Native""}, {""Region"": ""CAN"", ""Status"": ""N"", ""Type"": ""Native""}, {""Region"": ""GL"", ""Status"": ""N"", ""Type"": ""Native""}, {""Region"": ""L48"", ""Status"": ""N"", ""Type"": ""Native""}]","[""Forb/herb"", ""Shrub"", ""Subshrub""]",image_manifest,exact_usda_name_match
usda:DRCA11,DRCA11,13562,Dryopteris carthusiana,Dryopteris carthusiana (Vill.) H.P. Fuchs,"[""spinulose woodfern""]",Dryopteridaceae Herter,Dryopteris Adans.,Species,"[{""Region"": ""CAN"", ""Status"": ""N"", ""Type"": ""Native""}, {""Region"": ""L48"", ""Status"": ""N"", ""Type"": ""Native""}, {""Region"": ""SPM"", ""Status"": ""N"", ""Type"": ""Native""}]","[""Forb/herb""]",image_manifest,exact_usda_name_match
usda:DRCR4,DRCR4,13578,Dryopteris cristata,Dryopteris cristata (L.) A. Gray,"[""crested woodfern""]",Dryopteridaceae Herter,Dryopteris Adans.,Species,"[{""Region"": ""CAN"", ""Status"": ""N"", ""Type"": ""Native""}, {""Region"": ""L48"", ""Status"": ""N"", ""Type"": ""Native""}, {""Region"": ""SPM"", ""Status"": ""N"", ""Type"": ""Native""}]","[""Forb/herb""]",image_manifest,exact_usda_name_match
usda:DREX2,DREX2,13582,Dryopteris expansa,Dryopteris expansa (C. Presl) Fraser-Jenkins & Jermy,"[""spreading woodfern""]",Dryopteridaceae Herter,Dryopteris Adans.,Species,"[{""Region"": ""AK"", ""Status"": ""N"", ""Type"": ""Native""}, {""Region"": ""CAN"", ""Status"": ""N"", ""Type"": ""Native""}, {""Region"": ""GL"", ""Status"": ""N"", ""Type"": ""Native""}, {""Region"": ""L48"", ""Status"": ""N"", ""Type"": ""Native""}]","[""Forb/herb""]",image_manifest,exact_usda_name_match
usda:DRFI2,DRFI2,13587,Dryopteris filix-mas,Dryopteris filix-mas (L.) Schott,"[""male fern""]",Dryopteridaceae Herter,Dryopteris Adans.,Species,"[{""Region"": ""CAN"", ""Status"": ""N"", ""Type"": ""Native""}, {""Region"": ""GL"", ""Status"": ""N"", ""Type"": ""Native""}, {""Region"": ""L48"", ""Status"": ""N"", ""Type"": ""Native""}, {""Region"": ""SPM"", ""Status"": ""N"", ""Type"": ""Native""}]","[""Forb/herb""]",image_manifest,exact_usda_name_match
usda:DRFR,DRFR,13588,Dryopteris fragrans,Dryopteris fragrans (L.) Schott,"[""fragrant woodfern""]",Dryopteridaceae Herter,Dryopteris Adans.,Species,"[{""Region"": ""AK"", ""Status"": ""N"", ""Type"": ""Native""}, {""Region"": ""CAN"", ""Status"": ""N"", ""Type"": ""Native""}, {""Region"": ""GL"", ""Status"": ""N"", ""Type"": ""Native""}, {""Region"": ""L48"", ""Status"": ""N"", ""Type"": ""Native""}]","[""Forb/herb""]",image_manifest,exact_usda_name_match
usda:DRIN5,DRIN5,13597,Dryopteris intermedia,Dryopteris intermedia (Muhl. ex Willd.) A. Gray,"[""intermediate woodfern""]",Dryopteridaceae Herter,Dryopteris Adans.,Species,"[{""Region"": ""CAN"", ""Status"": ""N"", ""Type"": ""Native""}, {""Region"": ""L48"", ""Status"": ""N"", ""Type"": ""Native""}, {""Region"": ""SPM"", ""Status"": ""N"", ""Type"": ""Native""}]","[""Forb/herb""]",image_manifest,exact_usda_name_match
usda:DRMA4,DRMA4,13605,Dryopteris marginalis,Dryopteris marginalis (L.) A. Gray,"[""marginal woodfern""]",Dryopteridaceae Herter,Dryopteris Adans.,Species,"[{""Region"": ""CAN"", ""Status"": ""N"", ""Type"": ""Native""}, {""Region"": ""GL"", ""Status"": ""N"", ""Type"": ""Native""}, {""Region"": ""L48"", ""Status"": ""N"", ""Type"": ""Native""}]","[""Forb/herb""]",image_manifest,exact_usda_name_match
usda:DRWA,DRWA,13629,Dryopteris wallichiana,Dryopteris wallichiana (Spreng.) Hyl.,"[""alpine woodfern"", ""`i`o nui""]",Dryopteridaceae Herter,Dryopteris Adans.,Species,"[{""Region"": ""HI"", ""Status"": ""N"", ""Type"": ""Native""}]","[""Forb/herb""]",image_manifest,exact_usda_name_match
usda:DUIN2,DUIN2,89693,Duchesnea indica,Duchesnea indica (Andrews) Teschem.,"[""Indian strawberry""]",Rosaceae Juss.,Duchesnea Sm.,Species,"[{""Region"": ""CAN"", ""Status"": ""I"", ""Type"": ""Introduced""}, {""Region"": ""L48"", ""Status"": ""I"", ""Type"": ""Introduced""}]","[""Forb/herb""]",image_manifest,exact_usda_name_match
usda:ECPU,ECPU,34475,Echinacea purpurea,Echinacea purpurea (L.) Moench,"[""eastern purple coneflower""]",Asteraceae Bercht. & J. Presl,Echinacea Moench,Species,"[{""Region"": ""CAN"", ""Status"": ""I"", ""Type"": ""Introduced""}, {""Region"": ""L48"", ""Status"": ""N"", ""Type"": ""Native""}]","[""Forb/herb""]",target_seed,exact_usda_name_match
usda:EGDE,EGDE,15874,Egeria densa,Egeria densa Planch.,"[""Brazilian waterweed""]",Hydrocharitaceae Juss.,Egeria Planch.,Species,"[{""Region"": ""CAN"", ""Status"": ""W"", ""Type"": ""Introduced""}, {""Region"": ""HI"", ""Status"": ""I"", ""Type"": ""Introduced""}, {""Region"": ""L48"", ""Status"": ""I"", ""Type"": ""Introduced""}, {""Region"": ""PR"", ""Status"": ""I"", ""Type"": ""Introduced""}]","[""Forb/herb""]",image_manifest,exact_usda_name_match
usda:ELEL3,ELEL3,34509,Elephantopus elatus,Elephantopus elatus Bertol.,"[""tall elephantsfoot""]",Asteraceae Bercht. & J. Presl,Elephantopus L.,Species,"[{""Region"": ""L48"", ""Status"": ""N"", ""Type"": ""Native""}]","[""Forb/herb""]",image_manifest,exact_usda_name_match
usda:ELCA7,ELCA7,15884,Elodea canadensis,Elodea canadensis Michx.,"[""Canadian waterweed""]",Hydrocharitaceae Juss.,Elodea Michx.,Species,"[{""Region"": ""AK"", ""Status"": ""I"", ""Type"": ""Introduced""}, {""Region"": ""CAN"", ""Status"": ""N"", ""Type"": ""Native""}, {""Region"": ""L48"", ""Status"": ""N"", ""Type"": ""Native""}, {""Region"": ""PR"", ""Status"": ""I"", ""Type"": ""Introduced""}]","[""Forb/herb""]",image_manifest,exact_usda_name_match
usda:EMEAA,EMEAA,64809,Empetrum eamesii,Empetrum eamesii Fernald & Wiegand ssp. atropurpureum (Fernald & Wiegand) D. Löve,"[""purple crowberry""]",Empetraceae Hook. & Lindl.,Empetrum L.,Subspecies,"[{""Region"": ""CAN"", ""Status"": ""N"", ""Type"": ""Native""}, {""Region"": ""L48"", ""Status"": ""N"", ""Type"": ""Native""}]","[""Shrub"", ""Subshrub""]",image_manifest,exact_usda_name_match
usda:EMNI,EMNI,64815,Empetrum nigrum,Empetrum nigrum L.,"[""black crowberry""]",Empetraceae Hook. & Lindl.,Empetrum L.,Species,"[{""Region"": ""AK"", ""Status"": ""N"", ""Type"": ""Native""}, {""Region"": ""CAN"", ""Status"": ""N"", ""Type"": ""Native""}, {""Region"": ""GL"", ""Status"": ""N"", ""Type"": ""Native""}, {""Region"": ""L48"", ""Status"": ""N"", ""Type"": ""Native""}, {""Region"": ""SPM"", ""Status"": ""N"", ""Type"": ""Native""}]","[""Shrub"", ""Subshrub""]",image_manifest,exact_usda_name_match
usda:ENGI,ENGI,79234,Entada gigas,Entada gigas (L.) Fawc. & Rendle,"[""nicker bean""]",Fabaceae Lindl.,Entada Adans.,Species,[],[],image_manifest,exact_usda_name_match
usda:ENPH,ENPH,79235,Entada phaseoloides,Entada phaseoloides (L.) Merr.,"[""St. Thomas bean""]",Fabaceae Lindl.,Entada Adans.,Species,"[{""Region"": ""HI"", ""Status"": ""I"", ""Type"": ""Introduced""}, {""Region"": ""PB"", ""Status"": ""N"", ""Type"": ""Native""}]","[""Vine""]",image_manifest,exact_usda_name_match
usda:EPAT,EPAT,30057,Epipactis atrorubens,Epipactis atrorubens (O. Hoffm.) Besser,"[""royal helleborine""]",Orchidaceae Juss.,Epipactis Zinn,Species,"[{""Region"": ""L48"", ""Status"": ""I"", ""Type"": ""Introduced""}]","[""Forb/herb""]",image_manifest,exact_usda_name_match
usda:EPGI,EPGI,30060,Epipactis gigantea,Epipactis gigantea Douglas ex Hook.,"[""stream orchid""]",Orchidaceae Juss.,Epipactis Zinn,Species,"[{""Region"": ""CAN"", ""Status"": ""N"", ""Type"": ""Native""}, {""Region"": ""L48"", ""Status"": ""N"", ""Type"": ""Native""}]","[""Forb/herb""]",image_manifest,exact_usda_name_match
usda:EPHE,EPHE,30061,Epipactis helleborine,Epipactis helleborine (L.) Crantz,"[""broadleaf helleborine""]",Orchidaceae Juss.,Epipactis Zinn,Species,"[{""Region"": ""CAN"", ""Status"": ""I"", ""Type"": ""Introduced""}, {""Region"": ""L48"", ""Status"": ""I"", ""Type"": ""Introduced""}]","[""Forb/herb""]",image_manifest,exact_usda_name_match
usda:EPPA8,EPPA8,30064,Epipactis palustris,Epipactis palustris (L.) Crantz [excluded],"[""marsh orchid""]",Orchidaceae Juss.,Epipactis Zinn,Species,[],"[""Forb/herb""]",image_manifest,exact_usda_name_match
usda:ERPU18,ERPU18,48892,Eranthemum pulchellum,Eranthemum pulchellum Andrews,"[""blue-sage""]",Acanthaceae Juss.,Eranthemum L.,Species,"[{""Region"": ""L48"", ""Status"": ""I"", ""Type"": ""Introduced""}]","[""Shrub""]",image_manifest,exact_usda_name_match
usda:ERHI12,ERHI12,34582,Erechtites hieraciifolius,Erechtites hieraciifolius (L.) Raf. ex DC.,"[""American burnweed""]",Asteraceae Bercht. & J. Presl,Erechtites Raf.,Species,"[{""Region"": ""CAN"", ""Status"": ""N"", ""Type"": ""Native""}, {""Region"": ""HI"", ""Status"": ""I"", ""Type"": ""Introduced""}, {""Region"": ""L48"", ""Status"": ""N"", ""Type"": ""Native""}, {""Region"": ""PR"", ""Status"": ""N"", ""Type"": ""Native""}, {""Region"": ""VI"", ""Status"": ""N"", ""Type"": ""Native""}]","[""Forb/herb""]",image_manifest,exact_usda_name_match
usda:ERMI8,ERMI8,34599,Erechtites minimus,Erechtites minimus (Poir.) DC.,"[""coastal burnweed""]",Asteraceae Bercht. & J. Presl,Erechtites Raf.,Species,"[{""Region"": ""L48"", ""Status"": ""I"", ""Type"": ""Introduced""}]","[""Forb/herb""]",image_manifest,exact_usda_name_match
usda:ERNA,ERNA,44925,Eritrichium nanum,Eritrichium nanum (Vill.) Schrad. ex Gaudin,"[""arctic alpine forget-me-not""]",Boraginaceae Juss.,Eritrichium Schrad. ex Gaudin,Species,"[{""Region"": ""AK"", ""Status"": ""N"", ""Type"": ""Native""}, {""Region"": ""CAN"", ""Status"": ""N"", ""Type"": ""Native""}, {""Region"": ""L48"", ""Status"": ""N"", ""Type"": ""Native""}]","[""Forb/herb""]",image_manifest,exact_usda_name_match
usda:ERGA,ERGA,63056,Erucastrum gallicum,Erucastrum gallicum (Willd.) O.E. Schulz,"[""common dogmustard""]",Brassicaceae Burnett,Erucastrum C. Presl,Species,"[{""Region"": ""AK"", ""Status"": ""I"", ""Type"": ""Introduced""}, {""Region"": ""CAN"", ""Status"": ""I"", ""Type"": ""Introduced""}, {""Region"": ""L48"", ""Status"": ""I"", ""Type"": ""Introduced""}, {""Region"": ""SPM"", ""Status"": ""I"", ""Type"": ""Introduced""}]","[""Forb/herb""]",image_manifest,exact_usda_name_match
usda:ERNA11,ERNA11,63058,Erucastrum nasturtiifolium,Erucastrum nasturtiifolium (Poir.) O.E. Schulz [excluded],[],Brassicaceae Burnett,Erucastrum C. Presl,Species,[],[],image_manifest,exact_usda_name_match
usda:EUCO40,EUCO40,88103,Eucryphia cordifolia,Eucryphia cordifolia Cav.,"[""ulmo""]",Cunoniaceae R. Br.,Eucryphia Cav.,Species,[],[],image_manifest,exact_usda_name_match
usda:FAGR,FAGR,70143,Fagus grandifolia,Fagus grandifolia Ehrh.,"[""American beech""]",Fagaceae Dumort.,Fagus L.,Species,"[{""Region"": ""CAN"", ""Status"": ""N"", ""Type"": ""Native""}, {""Region"": ""L48"", ""Status"": ""N"", ""Type"": ""Native""}]","[""Tree""]",target_seed,exact_usda_name_match
usda:FAVU,FAVU,74027,Falcaria vulgaris,Falcaria vulgaris Bernh.,"[""sickleweed""]",Apiaceae Lindl.,Falcaria Fabr.,Species,"[{""Region"": ""L48"", ""Status"": ""I"", ""Type"": ""Introduced""}]","[""Forb/herb""]",image_manifest,exact_usda_name_match
usda:FRCH,FRCH,89728,Fragaria chiloensis,Fragaria chiloensis (L.) Mill.,"[""beach strawberry""]",Rosaceae Juss.,Fragaria L.,Species,"[{""Region"": ""AK"", ""Status"": ""I"", ""Type"": ""Introduced""}, {""Region"": ""CAN"", ""Status"": ""N"", ""Type"": ""Native""}, {""Region"": ""HI"", ""Status"": ""N"", ""Type"": ""Native""}, {""Region"": ""L48"", ""Status"": ""I"", ""Type"": ""Introduced""}, {""Region"": ""L48"", ""Status"": ""N"", ""Type"": ""Native""}]","[""Forb/herb""]",image_manifest,exact_usda_name_match
usda:FRVE,FRVE,89736,Fragaria vesca,Fragaria vesca L.,"[""woodland strawberry""]",Rosaceae Juss.,Fragaria L.,Species,"[{""Region"": ""CAN"", ""Status"": ""N"", ""Type"": ""Native""}, {""Region"": ""HI"", ""Status"": ""I"", ""Type"": ""Introduced""}, {""Region"": ""L48"", ""Status"": ""N"", ""Type"": ""Native""}]","[""Forb/herb""]",image_manifest,exact_usda_name_match
usda:FRVI,FRVI,89751,Fragaria virginiana,Fragaria virginiana Duchesne,"[""Virginia strawberry""]",Rosaceae Juss.,Fragaria L.,Species,"[{""Region"": ""AK"", ""Status"": ""N"", ""Type"": ""Native""}, {""Region"": ""CAN"", ""Status"": ""N"", ""Type"": ""Native""}, {""Region"": ""L48"", ""Status"": ""N"", ""Type"": ""Native""}, {""Region"": ""SPM"", ""Status"": ""N"", ""Type"": ""Native""}]","[""Forb/herb""]",target_seed,exact_usda_name_match
usda:FRCO8,FRCO8,27387,Freesia corymbosa,Freesia corymbosa (Burm. f.) N.E. Br.,"[""common freesia""]",Iridaceae Juss.,Freesia Eckl. ex Klatt,Species,"[{""Region"": ""L48"", ""Status"": ""I"", ""Type"": ""Introduced""}]","[""Forb/herb""]",image_manifest,exact_usda_name_match
usda:GAOF,GAOF,79347,Galega officinalis,Galega officinalis L.,"[""professor-weed""]",Fabaceae Lindl.,Galega L.,Species,"[{""Region"": ""CAN"", ""Status"": ""I"", ""Type"": ""Introduced""}, {""Region"": ""L48"", ""Status"": ""I"", ""Type"": ""Introduced""}]","[""Forb/herb"", ""Subshrub""]",image_manifest,exact_usda_name_match
usda:GAEL,GAEL,75259,Garrya elliptica,Garrya elliptica Douglas ex Lindl.,"[""wavyleaf silktassel""]",Garryaceae Lindl.,Garrya Douglas ex Lindl.,Species,"[{""Region"": ""L48"", ""Status"": ""N"", ""Type"": ""Native""}]","[""Shrub"", ""Tree""]",image_manifest,exact_usda_name_match
usda:GUOF,GUOF,93886,Guaiacum officinale,Guaiacum officinale L.,"[""lignum-vitae""]",Zygophyllaceae R. Br.,Guaiacum L.,Species,"[{""Region"": ""L48"", ""Status"": ""N"", ""Type"": ""Native""}, {""Region"": ""PR"", ""Status"": ""N"", ""Type"": ""Native""}, {""Region"": ""VI"", ""Status"": ""N"", ""Type"": ""Native""}]","[""Tree""]",image_manifest,exact_usda_name_match
usda:GUSA,GUSA,93887,Guaiacum sanctum,Guaiacum sanctum L.,"[""holywood""]",Zygophyllaceae R. Br.,Guaiacum L.,Species,"[{""Region"": ""L48"", ""Status"": ""N"", ""Type"": ""Native""}, {""Region"": ""PR"", ""Status"": ""N"", ""Type"": ""Native""}]","[""Shrub"", ""Tree""]",image_manifest,exact_usda_name_match
usda:GUAB,GUAB,35987,Guizotia abyssinica,Guizotia abyssinica (L. f.) Cass.,"[""ramtilla""]",Asteraceae Bercht. & J. Presl,Guizotia Cass.,Species,"[{""Region"": ""CAN"", ""Status"": ""W"", ""Type"": ""Introduced""}, {""Region"": ""L48"", ""Status"": ""I"", ""Type"": ""Introduced""}]","[""Forb/herb""]",image_manifest,exact_usda_name_match
usda:GYAU,GYAU,36050,Gynura aurantiaca,Gynura aurantiaca (Blume) DC.,"[""velvetplant""]",Asteraceae Bercht. & J. Presl,Gynura Cass.,Species,"[{""Region"": ""L48"", ""Status"": ""I"", ""Type"": ""Introduced""}]","[""Forb/herb"", ""Vine""]",image_manifest,exact_usda_name_match
usda:HAVE,HAVE,44993,Hackelia velutina,Hackelia velutina (Piper) I.M. Johnst.,"[""velvet stickseed""]",Boraginaceae Juss.,Hackelia Opiz,Species,"[{""Region"": ""L48"", ""Status"": ""N"", ""Type"": ""Native""}]","[""Forb/herb""]",image_manifest,exact_usda_name_match
usda:HACR3,HACR3,43326,Haplophyton crooksii,Haplophyton crooksii (L.D. Benson) L.D. Benson,"[""cockroachplant""]",Apocynaceae Juss.,Haplophyton A. DC.,Species,"[{""Region"": ""L48"", ""Status"": ""N"", ""Type"": ""Native""}]","[""Shrub"", ""Subshrub""]",image_manifest,exact_usda_name_match
usda:HENO2,HENO2,73126,Hepatica nobilis,Hepatica nobilis Schreb.,"[""hepatica""]",Ranunculaceae Juss.,Hepatica Mill.,Species,"[{""Region"": ""CAN"", ""Status"": ""N"", ""Type"": ""Native""}, {""Region"": ""L48"", ""Status"": ""N"", ""Type"": ""Native""}]","[""Forb/herb""]",image_manifest,exact_usda_name_match
usda:HELA6,HELA6,27413,Herbertia lahue,Herbertia lahue (Molina) Goldblatt,"[""prairienymph""]",Iridaceae Juss.,Herbertia Sweet,Species,"[{""Region"": ""L48"", ""Status"": ""N"", ""Type"": ""Native""}]","[""Forb/herb""]",image_manifest,exact_usda_name_match
usda:HENY,HENY,71342,Hernandia nymphaeifolia,Hernandia nymphaeifolia (C. Presl) Kubitzki,"[""lantern tree""]",Hernandiaceae Blume,Hernandia L.,Species,"[{""Region"": ""PB"", ""Status"": ""N"", ""Type"": ""Native""}]","[""Tree""]",image_manifest,exact_usda_name_match
usda:HIRH80,HIRH80,87003,Hippophae rhamnoides,Hippophae rhamnoides L.,"[""seaberry""]",Elaeagnaceae Juss.,Hippophae L.,Species,"[{""Region"": ""CAN"", ""Status"": ""I"", ""Type"": ""Introduced""}]","[""Shrub"", ""Tree""]",image_manifest,exact_usda_name_match
usda:HIIN3,HIIN3,63195,Hirschfeldia incana,Hirschfeldia incana (L.) Lagr.-Foss.,"[""shortpod mustard""]",Brassicaceae Burnett,Hirschfeldia Moench,Species,"[{""Region"": ""HI"", ""Status"": ""I"", ""Type"": ""Introduced""}, {""Region"": ""L48"", ""Status"": ""I"", ""Type"": ""Introduced""}]","[""Forb/herb""]",image_manifest,exact_usda_name_match
usda:HODI,HODI,89868,Holodiscus discolor,Holodiscus discolor (Pursh) Maxim.,"[""oceanspray"", ""creambush""]",Rosaceae Juss.,Holodiscus (K. Koch) Maxim.,Species,"[{""Region"": ""CAN"", ""Status"": ""N"", ""Type"": ""Native""}, {""Region"": ""L48"", ""Status"": ""N"", ""Type"": ""Native""}]","[""Shrub""]",image_manifest,exact_usda_name_match
usda:HOPE,HOPE,57539,Honckenya peploides,Honckenya peploides (L.) Ehrh.,"[""seaside sandplant""]",Caryophyllaceae Juss.,Honckenya Ehrh.,Species,"[{""Region"": ""AK"", ""Status"": ""N"", ""Type"": ""Native""}, {""Region"": ""CAN"", ""Status"": ""N"", ""Type"": ""Native""}, {""Region"": ""GL"", ""Status"": ""N"", ""Type"": ""Native""}, {""Region"": ""L48"", ""Status"": ""N"", ""Type"": ""Native""}, {""Region"": ""SPM"", ""Status"": ""N"", ""Type"": ""Native""}]","[""Forb/herb""]",image_manifest,exact_usda_name_match
usda:HULU,HULU,70758,Humulus lupulus,Humulus lupulus L.,"[""common hop""]",Cannabaceae Martinov,Humulus L.,Species,"[{""Region"": ""CAN"", ""Status"": ""I"", ""Type"": ""Introduced""}, {""Region"": ""CAN"", ""Status"": ""N"", ""Type"": ""Native""}, {""Region"": ""L48"", ""Status"": ""I"", ""Type"": ""Introduced""}, {""Region"": ""L48"", ""Status"": ""N"", ""Type"": ""Native""}]","[""Forb/herb"", ""Vine""]",image_manifest,exact_usda_name_match
usda:HUFU,HUFU,71990,Hunnemannia fumariifolia,Hunnemannia fumariifolia Sweet,"[""Mexican tulip poppy""]",Papaveraceae Juss.,Hunnemannia Sweet,Species,"[{""Region"": ""HI"", ""Status"": ""I"", ""Type"": ""Introduced""}, {""Region"": ""L48"", ""Status"": ""I"", ""Type"": ""Introduced""}]","[""Forb/herb"", ""Subshrub""]",image_manifest,exact_usda_name_match
usda:HYAL2,HYAL2,55047,Hyoscyamus albus,Hyoscyamus albus L.,"[""white henbane""]",Solanaceae Juss.,Hyoscyamus L.,Species,"[{""Region"": ""CAN"", ""Status"": ""I"", ""Type"": ""Introduced""}, {""Region"": ""L48"", ""Status"": ""I"", ""Type"": ""Introduced""}]","[""Forb/herb""]",image_manifest,exact_usda_name_match
usda:HYNI,HYNI,55049,Hyoscyamus niger,Hyoscyamus niger L.,"[""black henbane""]",Solanaceae Juss.,Hyoscyamus L.,Species,"[{""Region"": ""CAN"", ""Status"": ""I"", ""Type"": ""Introduced""}, {""Region"": ""L48"", ""Status"": ""I"", ""Type"": ""Introduced""}]","[""Forb/herb""]",image_manifest,exact_usda_name_match
usda:HYAN8,HYAN8,68422,Hypericum androsaemum,Hypericum androsaemum L.,"[""sweet-amber"", ""tutsan""]",Clusiaceae Lindl.,Hypericum L.,Species,"[{""Region"": ""CAN"", ""Status"": ""I"", ""Type"": ""Introduced""}, {""Region"": ""L48"", ""Status"": ""I"", ""Type"": ""Introduced""}]","[""Shrub""]",image_manifest,exact_usda_name_match
usda:HYCA10,HYCA10,68433,Hypericum calycinum,Hypericum calycinum L.,"[""Aaron's beard""]",Clusiaceae Lindl.,Hypericum L.,Species,"[{""Region"": ""L48"", ""Status"": ""I"", ""Type"": ""Introduced""}]","[""Shrub"", ""Subshrub""]",image_manifest,exact_usda_name_match
usda:HYCA11,HYCA11,68434,Hypericum canariense,Hypericum canariense L.,"[""Canary Island St. Johnswort""]",Clusiaceae Lindl.,Hypericum L.,Species,"[{""Region"": ""HI"", ""Status"": ""I"", ""Type"": ""Introduced""}, {""Region"": ""L48"", ""Status"": ""I"", ""Type"": ""Introduced""}]","[""Shrub"", ""Tree""]",image_manifest,exact_usda_name_match
usda:HYCO15,HYCO15,68442,Hypericum coris,Hypericum coris L.,[],Clusiaceae Lindl.,Hypericum L.,Species,[],[],image_manifest,exact_usda_name_match
usda:HYFR,HYFR,68469,Hypericum frondosum,Hypericum frondosum Michx.,"[""cedarglade St. Johnswort""]",Clusiaceae Lindl.,Hypericum L.,Species,"[{""Region"": ""L48"", ""Status"": ""N"", ""Type"": ""Native""}]","[""Shrub"", ""Subshrub""]",image_manifest,exact_usda_name_match
usda:HYHI6,HYHI6,68482,Hypericum hircinum,Hypericum hircinum L.,[],Clusiaceae Lindl.,Hypericum L.,Species,[],[],image_manifest,exact_usda_name_match
usda:HYHU2,HYHU2,68484,Hypericum humifusum,Hypericum humifusum L.,"[""trailing St. Johnswort""]",Clusiaceae Lindl.,Hypericum L.,Species,"[{""Region"": ""L48"", ""Status"": ""I"", ""Type"": ""Introduced""}]","[""Forb/herb""]",image_manifest,exact_usda_name_match
usda:HYHY,HYHY,68485,Hypericum hypericoides,Hypericum hypericoides (L.) Crantz,"[""St. Andrew's cross""]",Clusiaceae Lindl.,Hypericum L.,Species,"[{""Region"": ""L48"", ""Status"": ""N"", ""Type"": ""Native""}, {""Region"": ""PR"", ""Status"": ""N"", ""Type"": ""Native""}]","[""Shrub"", ""Subshrub""]",image_manifest,exact_usda_name_match
usda:HYKA,HYKA,68495,Hypericum kalmianum,Hypericum kalmianum L.,"[""Kalm's St. Johnswort""]",Clusiaceae Lindl.,Hypericum L.,Species,"[{""Region"": ""CAN"", ""Status"": ""N"", ""Type"": ""Native""}, {""Region"": ""L48"", ""Status"": ""N"", ""Type"": ""Native""}]","[""Shrub""]",image_manifest,exact_usda_name_match
usda:HYMA10,HYMA10,68501,Hypericum maculatum,Hypericum maculatum Crantz,"[""spotted St. Johnswort""]",Clusiaceae Lindl.,Hypericum L.,Species,"[{""Region"": ""CAN"", ""Status"": ""I"", ""Type"": ""Introduced""}]","[""Forb/herb""]",image_manifest,exact_usda_name_match
usda:HYMU,HYMU,68509,Hypericum mutilum,Hypericum mutilum L.,"[""dwarf St. Johnswort""]",Clusiaceae Lindl.,Hypericum L.,Species,"[{""Region"": ""CAN"", ""Status"": ""N"", ""Type"": ""Native""}, {""Region"": ""HI"", ""Status"": ""I"", ""Type"": ""Introduced""}, {""Region"": ""L48"", ""Status"": ""N"", ""Type"": ""Native""}]","[""Forb/herb""]",image_manifest,exact_usda_name_match
usda:HYPA12,HYPA12,68516,Hypericum patulum,Hypericum patulum Thunb.,[],Clusiaceae Lindl.,Hypericum L.,Species,[],[],image_manifest,exact_usda_name_match
usda:HYPE,HYPE,68520,Hypericum perforatum,Hypericum perforatum L.,"[""common St. Johnswort""]",Clusiaceae Lindl.,Hypericum L.,Species,"[{""Region"": ""CAN"", ""Status"": ""I"", ""Type"": ""Introduced""}, {""Region"": ""HI"", ""Status"": ""I"", ""Type"": ""Introduced""}, {""Region"": ""L48"", ""Status"": ""I"", ""Type"": ""Introduced""}, {""Region"": ""SPM"", ""Status"": ""I"", ""Type"": ""Introduced""}]","[""Forb/herb""]",image_manifest,exact_usda_name_match
usda:HYPR,HYPR,68521,Hypericum prolificum,Hypericum prolificum L.,"[""shrubby St. Johnswort""]",Clusiaceae Lindl.,Hypericum L.,Species,"[{""Region"": ""CAN"", ""Status"": ""N"", ""Type"": ""Native""}, {""Region"": ""L48"", ""Status"": ""N"", ""Type"": ""Native""}]","[""Shrub"", ""Subshrub""]",image_manifest,exact_usda_name_match
usda:HYPU9,HYPU9,68527,Hypericum pulchrum,Hypericum pulchrum L.,"[""St. Johnswort""]",Clusiaceae Lindl.,Hypericum L.,Species,"[{""Region"": ""CAN"", ""Status"": ""I"", ""Type"": ""Introduced""}, {""Region"": ""SPM"", ""Status"": ""I"", ""Type"": ""Introduced""}]","[""Forb/herb""]",image_manifest,exact_usda_name_match
usda:HYPU,HYPU,68525,Hypericum punctatum,Hypericum punctatum Lam.,"[""spotted St. Johnswort""]",Clusiaceae Lindl.,Hypericum L.,Species,"[{""Region"": ""CAN"", ""Status"": ""N"", ""Type"": ""Native""}, {""Region"": ""L48"", ""Status"": ""N"", ""Type"": ""Native""}]","[""Forb/herb""]",image_manifest,exact_usda_name_match
usda:HYTE4,HYTE4,68548,Hypericum tetrapetalum,Hypericum tetrapetalum Lam.,"[""fourpetal St. Johnswort""]",Clusiaceae Lindl.,Hypericum L.,Species,"[{""Region"": ""L48"", ""Status"": ""N"", ""Type"": ""Native""}]","[""Shrub"", ""Subshrub""]",image_manifest,exact_usda_name_match
usda:IBLU,IBLU,50028,Ibicella lutea,Ibicella lutea (Lindl.) Van Eselt.,"[""yellow unicorn-plant""]",Pedaliaceae R. Br.,Ibicella Van Eselt.,Species,"[{""Region"": ""L48"", ""Status"": ""I"", ""Type"": ""Introduced""}]","[""Forb/herb""]",image_manifest,exact_usda_name_match
usda:ILFL,ILFL,71318,Illicium floridanum,Illicium floridanum Ellis,"[""Florida anisetree""]",Illiciaceae A.C. Sm.,Illicium L.,Species,"[{""Region"": ""L48"", ""Status"": ""N"", ""Type"": ""Native""}]","[""Shrub"", ""Tree""]",image_manifest,exact_usda_name_match
usda:ILVE2,ILVE2,71320,Illicium verum,Illicium verum Hook. f.,"[""staranise tree""]",Illiciaceae A.C. Sm.,Illicium L.,Species,[],[],image_manifest,exact_usda_name_match
usda:IVAN2,IVAN2,36990,Iva annua,Iva annua L.,"[""annual marsh elder""]",Asteraceae Bercht. & J. Presl,Iva L.,Species,"[{""Region"": ""L48"", ""Status"": ""N"", ""Type"": ""Native""}]","[""Forb/herb""]",image_manifest,exact_usda_name_match
usda:IVFR,IVFR,37002,Iva frutescens,Iva frutescens L.,"[""Jesuit's bark""]",Asteraceae Bercht. & J. Presl,Iva L.,Species,"[{""Region"": ""CAN"", ""Status"": ""N"", ""Type"": ""Native""}, {""Region"": ""L48"", ""Status"": ""N"", ""Type"": ""Native""}]","[""Forb/herb"", ""Subshrub""]",image_manifest,exact_usda_name_match
usda:JUNI,JUNI,70684,Juglans nigra,Juglans nigra L.,"[""black walnut""]",Juglandaceae DC. ex Perleb,Juglans L.,Species,"[{""Region"": ""CAN"", ""Status"": ""N"", ""Type"": ""Native""}, {""Region"": ""L48"", ""Status"": ""N"", ""Type"": ""Native""}]","[""Tree""]",target_seed,exact_usda_name_match
usda:JUVI,JUVI,15261,Juniperus virginiana,Juniperus virginiana L.,"[""eastern redcedar""]",Cupressaceae Gray,Juniperus L.,Species,"[{""Region"": ""CAN"", ""Status"": ""N"", ""Type"": ""Native""}, {""Region"": ""L48"", ""Status"": ""N"", ""Type"": ""Native""}]","[""Tree""]",target_seed,exact_usda_name_match
usda:KECO,KECO,51058,Keckiella cordifolia,Keckiella cordifolia (Benth.) Straw,"[""heartleaf keckiella""]",Scrophulariaceae Juss.,Keckiella Straw,Species,"[{""Region"": ""L48"", ""Status"": ""N"", ""Type"": ""Native""}]","[""Shrub"", ""Subshrub""]",image_manifest,exact_usda_name_match
usda:KIAF,KIAF,49224,Kigelia africana,Kigelia africana (Lam.) Benth.,"[""sausage tree""]",Bignoniaceae Juss.,Kigelia DC.,Species,"[{""Region"": ""PR"", ""Status"": ""I"", ""Type"": ""Introduced""}]","[""Tree""]",image_manifest,exact_usda_name_match
usda:KNUV80,KNUV80,28755,Kniphofia uvaria,Kniphofia uvaria (L.) Oken,"[""redhot poker""]",Liliaceae Juss.,Kniphofia Moench,Species,"[{""Region"": ""L48"", ""Status"": ""I"", ""Type"": ""Introduced""}]","[""Forb/herb""]",image_manifest,exact_usda_name_match
usda:LABI,LABI,37082,Lactuca biennis,Lactuca biennis (Moench) Fernald,"[""tall blue lettuce""]",Asteraceae Bercht. & J. Presl,Lactuca L.,Species,"[{""Region"": ""AK"", ""Status"": ""N"", ""Type"": ""Native""}, {""Region"": ""CAN"", ""Status"": ""N"", ""Type"": ""Native""}, {""Region"": ""L48"", ""Status"": ""N"", ""Type"": ""Native""}, {""Region"": ""SPM"", ""Status"": ""N"", ""Type"": ""Native""}]","[""Forb/herb""]",image_manifest,exact_usda_name_match
usda:LACA,LACA,37087,Lactuca canadensis,Lactuca canadensis L.,"[""Canada lettuce""]",Asteraceae Bercht. & J. Presl,Lactuca L.,Species,"[{""Region"": ""CAN"", ""Status"": ""N"", ""Type"": ""Native""}, {""Region"": ""L48"", ""Status"": ""N"", ""Type"": ""Native""}]","[""Forb/herb""]",image_manifest,exact_usda_name_match
usda:LAFL,LAFL,37095,Lactuca floridana,Lactuca floridana (L.) Gaertn.,"[""woodland lettuce""]",Asteraceae Bercht. & J. Presl,Lactuca L.,Species,"[{""Region"": ""CAN"", ""Status"": ""N"", ""Type"": ""Native""}, {""Region"": ""L48"", ""Status"": ""N"", ""Type"": ""Native""}, {""Region"": ""PR"", ""Status"": ""N"", ""Type"": ""Native""}]","[""Forb/herb""]",image_manifest,exact_usda_name_match
usda:LASA,LASA,37113,Lactuca saligna,Lactuca saligna L.,"[""willowleaf lettuce""]",Asteraceae Bercht. & J. Presl,Lactuca L.,Species,"[{""Region"": ""CAN"", ""Status"": ""I"", ""Type"": ""Introduced""}, {""Region"": ""L48"", ""Status"": ""I"", ""Type"": ""Introduced""}]","[""Forb/herb""]",image_manifest,exact_usda_name_match
usda:LASA3,LASA3,37115,Lactuca sativa,Lactuca sativa L.,"[""garden lettuce""]",Asteraceae Bercht. & J. Presl,Lactuca L.,Species,"[{""Region"": ""CAN"", ""Status"": ""W"", ""Type"": ""Introduced""}, {""Region"": ""L48"", ""Status"": ""I"", ""Type"": ""Introduced""}, {""Region"": ""PB"", ""Status"": ""I"", ""Type"": ""Introduced""}, {""Region"": ""PR"", ""Status"": ""I"", ""Type"": ""Introduced""}, {""Region"": ""VI"", ""Status"": ""I"", ""Type"": ""Introduced""}]","[""Forb/herb""]",image_manifest,exact_usda_name_match
usda:LASE,LASE,37118,Lactuca serriola,Lactuca serriola L.,"[""prickly lettuce""]",Asteraceae Bercht. & J. Presl,Lactuca L.,Species,"[{""Region"": ""CAN"", ""Status"": ""I"", ""Type"": ""Introduced""}, {""Region"": ""HI"", ""Status"": ""I"", ""Type"": ""Introduced""}, {""Region"": ""L48"", ""Status"": ""I"", ""Type"": ""Introduced""}]","[""Forb/herb""]",image_manifest,exact_usda_name_match
usda:LAVI8,LAVI8,37128,Lactuca virosa,Lactuca virosa L.,"[""bitter lettuce""]",Asteraceae Bercht. & J. Presl,Lactuca L.,Species,"[{""Region"": ""L48"", ""Status"": ""I"", ""Type"": ""Introduced""}]","[""Forb/herb""]",image_manifest,exact_usda_name_match
usda:LASI,LASI,68964,Lagenaria siceraria,Lagenaria siceraria (Molina) Standl.,"[""bottle gourd""]",Cucurbitaceae Juss.,Lagenaria Ser.,Species,"[{""Region"": ""L48"", ""Status"": ""I"", ""Type"": ""Introduced""}, {""Region"": ""PR"", ""Status"": ""I"", ""Type"": ""Introduced""}, {""Region"": ""VI"", ""Status"": ""I"", ""Type"": ""Introduced""}]","[""Forb/herb"", ""Vine""]",image_manifest,exact_usda_name_match
usda:LAGA2,LAGA2,45798,Lamiastrum galeobdolon,Lamiastrum galeobdolon (L.) Ehrend. & Polatschek,"[""yellow archangel""]",Lamiaceae Martinov,Lamiastrum Heist. ex Fabr.,Species,"[{""Region"": ""L48"", ""Status"": ""I"", ""Type"": ""Introduced""}]","[""Forb/herb""]",image_manifest,exact_usda_name_match
usda:LAAL,LAAL,45801,Lamium album,Lamium album L.,"[""white deadnettle""]",Lamiaceae Martinov,Lamium L.,Species,"[{""Region"": ""AK"", ""Status"": ""I"", ""Type"": ""Introduced""}, {""Region"": ""CAN"", ""Status"": ""I"", ""Type"": ""Introduced""}, {""Region"": ""L48"", ""Status"": ""I"", ""Type"": ""Introduced""}]","[""Forb/herb""]",image_manifest,exact_usda_name_match
usda:LAAM,LAAM,45802,Lamium amplexicaule,Lamium amplexicaule L.,"[""henbit deadnettle""]",Lamiaceae Martinov,Lamium L.,Species,"[{""Region"": ""CAN"", ""Status"": ""I"", ""Type"": ""Introduced""}, {""Region"": ""GL"", ""Status"": ""I"", ""Type"": ""Introduced""}, {""Region"": ""HI"", ""Status"": ""I"", ""Type"": ""Introduced""}, {""Region"": ""L48"", ""Status"": ""I"", ""Type"": ""Introduced""}, {""Region"": ""SPM"", ""Status"": ""W"", ""Type"": ""Introduced""}]","[""Forb/herb""]",image_manifest,exact_usda_name_match
usda:LAMA,LAMA,45804,Lamium maculatum,Lamium maculatum L.,"[""spotted henbit""]",Lamiaceae Martinov,Lamium L.,Species,"[{""Region"": ""AK"", ""Status"": ""I"", ""Type"": ""Introduced""}, {""Region"": ""CAN"", ""Status"": ""I"", ""Type"": ""Introduced""}, {""Region"": ""L48"", ""Status"": ""I"", ""Type"": ""Introduced""}]","[""Forb/herb""]",image_manifest,exact_usda_name_match
usda:LAPUI,LAPUI,45807,Lamium purpureum,Lamium purpureum L. var. incisum (Willd.) Pers.,"[""purple deadnettle""]",Lamiaceae Martinov,Lamium L.,Variety,"[{""Region"": ""CAN"", ""Status"": ""I"", ""Type"": ""Introduced""}, {""Region"": ""L48"", ""Status"": ""I"", ""Type"": ""Introduced""}, {""Region"": ""SPM"", ""Status"": ""W"", ""Type"": ""Introduced""}]","[""Forb/herb""]",image_manifest,exact_usda_name_match
usda:LAPU2,LAPU2,45806,Lamium purpureum,Lamium purpureum L.,"[""purple deadnettle""]",Lamiaceae Martinov,Lamium L.,Species,"[{""Region"": ""AK"", ""Status"": ""I"", ""Type"": ""Introduced""}, {""Region"": ""CAN"", ""Status"": ""I"", ""Type"": ""Introduced""}, {""Region"": ""GL"", ""Status"": ""I"", ""Type"": ""Introduced""}, {""Region"": ""L48"", ""Status"": ""I"", ""Type"": ""Introduced""}, {""Region"": ""SPM"", ""Status"": ""I"", ""Type"": ""Introduced""}, {""Region"": ""SPM"", ""Status"": ""W"", ""Type"": ""Introduced""}]","[""Forb/herb""]",image_manifest,exact_usda_name_match
usda:LACO3,LACO3,37163,Lapsana communis,Lapsana communis L.,"[""common nipplewort""]",Asteraceae Bercht. & J. Presl,Lapsana L.,Species,"[{""Region"": ""AK"", ""Status"": ""I"", ""Type"": ""Introduced""}, {""Region"": ""CAN"", ""Status"": ""I"", ""Type"": ""Introduced""}, {""Region"": ""GL"", ""Status"": ""I"", ""Type"": ""Introduced""}, {""Region"": ""HI"", ""Status"": ""I"", ""Type"": ""Introduced""}, {""Region"": ""L48"", ""Status"": ""I"", ""Type"": ""Introduced""}]","[""Forb/herb""]",image_manifest,exact_usda_name_match
usda:LAAN81,LAAN81,45812,Lavandula angustifolia,Lavandula angustifolia Mill.,"[""English lavender""]",Lamiaceae Martinov,Lavandula L.,Species,"[{""Region"": ""L48"", ""Status"": ""I"", ""Type"": ""Introduced""}]","[""Shrub""]",image_manifest,exact_usda_name_match
usda:LALA13,LALA13,45817,Lavandula latifolia,Lavandula latifolia Medikus,"[""broadleaved lavender""]",Lamiaceae Martinov,Lavandula L.,Species,[],[],image_manifest,exact_usda_name_match
usda:LAST9,LAST9,45818,Lavandula stoechas,Lavandula stoechas L.,"[""French lavender""]",Lamiaceae Martinov,Lavandula L.,Species,"[{""Region"": ""L48"", ""Status"": ""I"", ""Type"": ""Introduced""}]","[""Shrub""]",image_manifest,exact_usda_name_match
usda:LEOR,LEOR,23605,Leersia oryzoides,Leersia oryzoides (L.) Sw.,"[""rice cutgrass""]",Poaceae Barnhart,Leersia Sw.,Species,"[{""Region"": ""CAN"", ""Status"": ""N"", ""Type"": ""Native""}, {""Region"": ""L48"", ""Status"": ""N"", ""Type"": ""Native""}]","[""Graminoid""]",image_manifest,exact_usda_name_match
usda:LEVI2,LEVI2,23608,Leersia virginica,Leersia virginica Willd.,"[""whitegrass""]",Poaceae Barnhart,Leersia Sw.,Species,"[{""Region"": ""CAN"", ""Status"": ""N"", ""Type"": ""Native""}, {""Region"": ""L48"", ""Status"": ""N"", ""Type"": ""Native""}]","[""Graminoid""]",image_manifest,exact_usda_name_match
usda:LENE,LENE,45821,Leonotis nepetifolia,Leonotis nepetifolia (L.) R. Br.,"[""Christmas candlestick""]",Lamiaceae Martinov,Leonotis (Pers.) W.T. Aiton,Species,"[{""Region"": ""HI"", ""Status"": ""I"", ""Type"": ""Introduced""}, {""Region"": ""L48"", ""Status"": ""I"", ""Type"": ""Introduced""}, {""Region"": ""PR"", ""Status"": ""I"", ""Type"": ""Introduced""}, {""Region"": ""VI"", ""Status"": ""I"", ""Type"": ""Introduced""}]","[""Forb/herb""]",image_manifest,exact_usda_name_match
usda:LIDO2,LIDO2,83828,Limnanthes douglasii,Limnanthes douglasii R. Br.,"[""Douglas' meadowfoam""]",Limnanthaceae R. Br.,Limnanthes R. Br.,Species,"[{""Region"": ""L48"", ""Status"": ""N"", ""Type"": ""Native""}]","[""Forb/herb""]",image_manifest,exact_usda_name_match
usda:LIAC5,LIAC5,93329,Limonia acidissima,Limonia acidissima L.,"[""Indian woodapple""]",Rutaceae Juss.,Limonia L.,Species,[],[],image_manifest,exact_usda_name_match
usda:LICH6,LICH6,71550,Liriodendron chinense,Liriodendron chinense (Hemsl.) Sarg.,"[""Chinese tuliptree""]",Magnoliaceae Juss.,Liriodendron L.,Species,[],[],image_manifest,exact_usda_name_match
usda:LITU,LITU,71551,Liriodendron tulipifera,Liriodendron tulipifera L.,"[""tuliptree"", ""tulip poplar"", ""yellow poplar""]",Magnoliaceae Juss.,Liriodendron L.,Species,"[{""Region"": ""CAN"", ""Status"": ""N"", ""Type"": ""Native""}, {""Region"": ""L48"", ""Status"": ""N"", ""Type"": ""Native""}]","[""Tree""]",target_seed,exact_usda_name_match
usda:LIMU6,LIMU6,28852,Liriope muscari,Liriope muscari (Decne.) L.H. Bailey,"[""big blue lilyturf""]",Liliaceae Juss.,Liriope Lour.,Species,"[{""Region"": ""L48"", ""Status"": ""I"", ""Type"": ""Introduced""}]","[""Forb/herb""]",image_manifest,exact_usda_name_match
usda:LUAC2,LUAC2,68971,Luffa acutangula,Luffa acutangula (L.) Roxb.,"[""sinkwa towelsponge""]",Cucurbitaceae Juss.,Luffa Mill.,Species,"[{""Region"": ""L48"", ""Status"": ""I"", ""Type"": ""Introduced""}, {""Region"": ""PB"", ""Status"": ""I"", ""Type"": ""Introduced""}, {""Region"": ""PR"", ""Status"": ""I"", ""Type"": ""Introduced""}]","[""Forb/herb"", ""Vine""]",image_manifest,exact_usda_name_match
usda:LUAL4,LUAL4,80215,Lupinus albifrons,Lupinus albifrons Benth.,"[""silver lupine""]",Fabaceae Lindl.,Lupinus L.,Species,"[{""Region"": ""L48"", ""Status"": ""N"", ""Type"": ""Native""}]","[""Shrub"", ""Subshrub""]",image_manifest,exact_usda_name_match
usda:LUAL22,LUAL22,80206,Lupinus albus,Lupinus albus L.,"[""white lupine""]",Fabaceae Lindl.,Lupinus L.,Species,"[{""Region"": ""L48"", ""Status"": ""I"", ""Type"": ""Introduced""}]","[""Forb/herb""]",image_manifest,exact_usda_name_match
usda:LUAN4,LUAN4,80258,Lupinus angustifolius,Lupinus angustifolius L.,"[""narrowleaf lupine"", ""altramuz azul"", ""blue lupine""]",Fabaceae Lindl.,Lupinus L.,Species,"[{""Region"": ""CAN"", ""Status"": ""W"", ""Type"": ""Introduced""}, {""Region"": ""L48"", ""Status"": ""I"", ""Type"": ""Introduced""}]","[""Forb/herb""]",image_manifest,exact_usda_name_match
usda:LUAR,LUAR,80266,Lupinus arboreus,Lupinus arboreus Sims,"[""yellow bush lupine""]",Fabaceae Lindl.,Lupinus L.,Species,"[{""Region"": ""CAN"", ""Status"": ""I"", ""Type"": ""Introduced""}, {""Region"": ""L48"", ""Status"": ""N"", ""Type"": ""Native""}]","[""Shrub"", ""Subshrub""]",image_manifest,exact_usda_name_match
usda:LUAR3,LUAR3,80285,Lupinus argenteus,Lupinus argenteus Pursh,"[""silvery lupine""]",Fabaceae Lindl.,Lupinus L.,Species,"[{""Region"": ""CAN"", ""Status"": ""N"", ""Type"": ""Native""}, {""Region"": ""L48"", ""Status"": ""N"", ""Type"": ""Native""}]","[""Forb/herb"", ""Subshrub""]",image_manifest,exact_usda_name_match
usda:LUBI,LUBI,80394,Lupinus bicolor,Lupinus bicolor Lindl.,"[""miniature lupine""]",Fabaceae Lindl.,Lupinus L.,Species,"[{""Region"": ""CAN"", ""Status"": ""N"", ""Type"": ""Native""}, {""Region"": ""L48"", ""Status"": ""N"", ""Type"": ""Native""}]","[""Forb/herb""]",image_manifest,exact_usda_name_match
usda:LUCH,LUCH,80492,Lupinus chamissonis,Lupinus chamissonis Eschsch.,"[""Chamisso bush lupine""]",Fabaceae Lindl.,Lupinus L.,Species,"[{""Region"": ""L48"", ""Status"": ""N"", ""Type"": ""Native""}]","[""Shrub"", ""Subshrub""]",image_manifest,exact_usda_name_match
usda:LUDI2,LUDI2,80580,Lupinus diffusus,Lupinus diffusus Nutt.,"[""Oak Ridge lupine""]",Fabaceae Lindl.,Lupinus L.,Species,"[{""Region"": ""L48"", ""Status"": ""N"", ""Type"": ""Native""}]","[""Forb/herb"", ""Subshrub""]",image_manifest,exact_usda_name_match
usda:LUFO2,LUFO2,80614,Lupinus formosus,Lupinus formosus Greene,"[""summer lupine""]",Fabaceae Lindl.,Lupinus L.,Species,"[{""Region"": ""L48"", ""Status"": ""N"", ""Type"": ""Native""}]","[""Forb/herb""]",image_manifest,exact_usda_name_match
usda:LUHI3,LUHI3,80653,Lupinus hirsutissimus,Lupinus hirsutissimus Benth.,"[""stinging annual lupine""]",Fabaceae Lindl.,Lupinus L.,Species,"[{""Region"": ""L48"", ""Status"": ""N"", ""Type"": ""Native""}]","[""Forb/herb""]",image_manifest,exact_usda_name_match
usda:LULU80,LULU80,80759,Lupinus luteus,Lupinus luteus L.,"[""European yellow lupine""]",Fabaceae Lindl.,Lupinus L.,Species,"[{""Region"": ""L48"", ""Status"": ""I"", ""Type"": ""Introduced""}]","[""Forb/herb""]",image_manifest,exact_usda_name_match
usda:LUNO,LUNO,80808,Lupinus nootkatensis,Lupinus nootkatensis Donn ex Sims,"[""Nootka lupine""]",Fabaceae Lindl.,Lupinus L.,Species,"[{""Region"": ""AK"", ""Status"": ""N"", ""Type"": ""Native""}, {""Region"": ""CAN"", ""Status"": ""N"", ""Type"": ""Native""}, {""Region"": ""L48"", ""Status"": ""N"", ""Type"": ""Native""}]","[""Forb/herb""]",image_manifest,exact_usda_name_match
usda:LUPE3,LUPE3,80872,Lupinus perennis,Lupinus perennis L.,"[""sundial lupine""]",Fabaceae Lindl.,Lupinus L.,Species,"[{""Region"": ""CAN"", ""Status"": ""N"", ""Type"": ""Native""}, {""Region"": ""L48"", ""Status"": ""N"", ""Type"": ""Native""}, {""Region"": ""SPM"", ""Status"": ""I"", ""Type"": ""Introduced""}]","[""Forb/herb""]",image_manifest,exact_usda_name_match
usda:LUPI9,LUPI9,80880,Lupinus pilosus,Lupinus pilosus L.,"[""blue lupine""]",Fabaceae Lindl.,Lupinus L.,Species,[],[],image_manifest,exact_usda_name_match
usda:LUPO2,LUPO2,80884,Lupinus polyphyllus,Lupinus polyphyllus Lindl.,"[""bigleaf lupine"", ""altramuz perenne"", ""garden lupine"", ""Washington lupine""]",Fabaceae Lindl.,Lupinus L.,Species,"[{""Region"": ""AK"", ""Status"": ""I?"", ""Type"": ""Introduced""}, {""Region"": ""CAN"", ""Status"": ""N"", ""Type"": ""Native""}, {""Region"": ""L48"", ""Status"": ""N"", ""Type"": ""Native""}]","[""Forb/herb""]",image_manifest,exact_usda_name_match
usda:LUSU,LUSU,81028,Lupinus subcarnosus,Lupinus subcarnosus Hook.,"[""Texas bluebonnet""]",Fabaceae Lindl.,Lupinus L.,Species,"[{""Region"": ""L48"", ""Status"": ""N"", ""Type"": ""Native""}]","[""Forb/herb""]",image_manifest,exact_usda_name_match
usda:LUTE,LUTE,81047,Lupinus texensis,Lupinus texensis Hook.,"[""Texas lupine""]",Fabaceae Lindl.,Lupinus L.,Species,"[{""Region"": ""L48"", ""Status"": ""N"", ""Type"": ""Native""}]","[""Forb/herb""]",image_manifest,exact_usda_name_match
usda:LYALA7,LYALA7,57570,Lychnis alpina,Lychnis alpina L. var. alpina L. [excluded],[],Caryophyllaceae Juss.,Lychnis L.,Variety,[],[],image_manifest,exact_usda_name_match
usda:LYVI2,LYVI2,57582,Lychnis viscaria,Lychnis viscaria L.,"[""clammy campion""]",Caryophyllaceae Juss.,Lychnis L.,Species,"[{""Region"": ""L48"", ""Status"": ""I"", ""Type"": ""Introduced""}]","[""Forb/herb""]",image_manifest,exact_usda_name_match
usda:LYRA,LYRA,28866,Lycoris radiata,Lycoris radiata (L'Hér.) Herb.,"[""red spider lily""]",Liliaceae Juss.,Lycoris Herb.,Species,"[{""Region"": ""L48"", ""Status"": ""I"", ""Type"": ""Introduced""}]","[""Forb/herb""]",image_manifest,exact_usda_name_match
usda:LYSQ,LYSQ,28867,Lycoris squamigera,Lycoris squamigera Maxim.,"[""resurrection lily""]",Liliaceae Juss.,Lycoris Herb.,Species,"[{""Region"": ""L48"", ""Status"": ""I"", ""Type"": ""Introduced""}]","[""Forb/herb""]",image_manifest,exact_usda_name_match
usda:LYFL2,LYFL2,90026,Lyonothamnus floribundus,Lyonothamnus floribundus A. Gray,"[""Catalina ironwood""]",Rosaceae Juss.,Lyonothamnus A. Gray,Species,"[{""Region"": ""L48"", ""Status"": ""N"", ""Type"": ""Native""}]","[""Tree""]",image_manifest,exact_usda_name_match
usda:MACA4,MACA4,28869,Maianthemum canadense,Maianthemum canadense Desf.,"[""Canada mayflower""]",Liliaceae Juss.,Maianthemum F.H. Wigg.,Species,"[{""Region"": ""CAN"", ""Status"": ""N"", ""Type"": ""Native""}, {""Region"": ""L48"", ""Status"": ""N"", ""Type"": ""Native""}, {""Region"": ""SPM"", ""Status"": ""N"", ""Type"": ""Native""}]","[""Forb/herb""]",image_manifest,exact_usda_name_match
usda:MADI,MADI,28873,Maianthemum dilatatum,Maianthemum dilatatum (Alph. Wood) A. Nelson & J.F. Macbr.,"[""false lily of the valley""]",Liliaceae Juss.,Maianthemum F.H. Wigg.,Species,"[{""Region"": ""AK"", ""Status"": ""N"", ""Type"": ""Native""}, {""Region"": ""CAN"", ""Status"": ""N"", ""Type"": ""Native""}, {""Region"": ""L48"", ""Status"": ""N"", ""Type"": ""Native""}]","[""Forb/herb""]",image_manifest,exact_usda_name_match
usda:MARA7,MARA7,28877,Maianthemum racemosum,Maianthemum racemosum (L.) Link,"[""feathery false lily of the valley""]",Liliaceae Juss.,Maianthemum F.H. Wigg.,Species,"[{""Region"": ""AK"", ""Status"": ""N"", ""Type"": ""Native""}, {""Region"": ""CAN"", ""Status"": ""N"", ""Type"": ""Native""}, {""Region"": ""L48"", ""Status"": ""N"", ""Type"": ""Native""}]","[""Forb/herb""]",image_manifest,exact_usda_name_match
usda:MAST4,MAST4,28901,Maianthemum stellatum,Maianthemum stellatum (L.) Link,"[""starry false lily of the valley"", ""little false Solomon's-seal"", ""star false Solomon's-seal"", ""star-flower Solomon's-seal""]",Liliaceae Juss.,Maianthemum F.H. Wigg.,Species,"[{""Region"": ""AK"", ""Status"": ""N"", ""Type"": ""Native""}, {""Region"": ""CAN"", ""Status"": ""N"", ""Type"": ""Native""}, {""Region"": ""L48"", ""Status"": ""N"", ""Type"": ""Native""}, {""Region"": ""SPM"", ""Status"": ""N"", ""Type"": ""Native""}]","[""Forb/herb""]",image_manifest,exact_usda_name_match
usda:MATR4,MATR4,28913,Maianthemum trifolium,Maianthemum trifolium (L.) Sloboda,"[""threeleaf false lily of the valley""]",Liliaceae Juss.,Maianthemum F.H. Wigg.,Species,"[{""Region"": ""CAN"", ""Status"": ""N"", ""Type"": ""Native""}, {""Region"": ""L48"", ""Status"": ""N"", ""Type"": ""Native""}, {""Region"": ""SPM"", ""Status"": ""N"", ""Type"": ""Native""}]","[""Forb/herb""]",image_manifest,exact_usda_name_match
usda:MAFL8,MAFL8,16640,Mauritia flexuosa,Mauritia flexuosa L. f.,"[""muriti""]",Arecaceae Bercht. & J. Presl,Mauritia L. f.,Species,[],[],image_manifest,exact_usda_name_match
usda:MABO8,MABO8,75078,Maytenus boaria,Maytenus boaria Molina,"[""mayten""]",Celastraceae R. Br.,Maytenus Molina,Species,"[{""Region"": ""L48"", ""Status"": ""I"", ""Type"": ""Introduced""}]","[""Shrub"", ""Tree""]",image_manifest,exact_usda_name_match
usda:MAPU7,MAPU7,51199,Mazus pumilus,Mazus pumilus (Burm. f.) Steenis,"[""Japanese mazus""]",Scrophulariaceae Juss.,Mazus Lour.,Species,"[{""Region"": ""L48"", ""Status"": ""I"", ""Type"": ""Introduced""}]","[""Forb/herb""]",image_manifest,exact_usda_name_match
usda:MEPR2,MEPR2,51209,Mecardonia procumbens,Mecardonia procumbens (Mill.) Small,"[""baby jump-up""]",Scrophulariaceae Juss.,Mecardonia Ruiz & Pav.,Species,"[{""Region"": ""L48"", ""Status"": ""N"", ""Type"": ""Native""}, {""Region"": ""PB"", ""Status"": ""I"", ""Type"": ""Introduced""}, {""Region"": ""PR"", ""Status"": ""N"", ""Type"": ""Native""}, {""Region"": ""VI"", ""Status"": ""N"", ""Type"": ""Native""}]","[""Forb/herb""]",image_manifest,exact_usda_name_match
usda:MEDI4,MEDI4,38010,Melampodium divaricatum,Melampodium divaricatum (Rich.) DC.,"[""boton de oro""]",Asteraceae Bercht. & J. Presl,Melampodium L.,Species,"[{""Region"": ""L48"", ""Status"": ""N"", ""Type"": ""Native""}, {""Region"": ""PR"", ""Status"": ""N"", ""Type"": ""Native""}, {""Region"": ""VI"", ""Status"": ""N"", ""Type"": ""Native""}]","[""Forb/herb""]",image_manifest,exact_usda_name_match
usda:MELE2,MELE2,38012,Melampodium leucanthum,Melampodium leucanthum Torr. & A. Gray,"[""plains blackfoot""]",Asteraceae Bercht. & J. Presl,Melampodium L.,Species,"[{""Region"": ""L48"", ""Status"": ""N"", ""Type"": ""Native""}]","[""Forb/herb"", ""Subshrub""]",image_manifest,exact_usda_name_match
usda:MEPE2,MEPE2,38014,Melampodium perfoliatum,Melampodium perfoliatum (Cav.) Kunth,"[""perfoliate blackfoot""]",Asteraceae Bercht. & J. Presl,Melampodium L.,Species,"[{""Region"": ""L48"", ""Status"": ""I"", ""Type"": ""Introduced""}]","[""Forb/herb""]",image_manifest,exact_usda_name_match
usda:MEAL3,MEAL3,81240,Melilotus altissimus,Melilotus altissimus Thuill.,"[""tall yellow sweetclover""]",Fabaceae Lindl.,Melilotus Mill.,Species,"[{""Region"": ""CAN"", ""Status"": ""I"", ""Type"": ""Introduced""}, {""Region"": ""GL"", ""Status"": ""I"", ""Type"": ""Introduced""}, {""Region"": ""L48"", ""Status"": ""I"", ""Type"": ""Introduced""}]","[""Forb/herb""]",image_manifest,exact_usda_name_match
usda:MEIN2,MEIN2,81245,Melilotus indicus,Melilotus indicus (L.) All.,"[""annual yellow sweetclover"", ""sourclover"", ""sweet clover""]",Fabaceae Lindl.,Melilotus Mill.,Species,"[{""Region"": ""CAN"", ""Status"": ""I"", ""Type"": ""Introduced""}, {""Region"": ""GL"", ""Status"": ""I"", ""Type"": ""Introduced""}, {""Region"": ""HI"", ""Status"": ""I"", ""Type"": ""Introduced""}, {""Region"": ""L48"", ""Status"": ""I"", ""Type"": ""Introduced""}, {""Region"": ""PB"", ""Status"": ""I"", ""Type"": ""Introduced""}]","[""Forb/herb""]",image_manifest,exact_usda_name_match
usda:MEIT,MEIT,81247,Melilotus italicus,Melilotus italicus (L.) Lam.,[],Fabaceae Lindl.,Melilotus Mill.,Species,[],[],image_manifest,exact_usda_name_match
usda:MEOF,MEOF,81248,Melilotus officinalis,Melilotus officinalis (L.) Lam.,"[""sweetclover"", ""cornilla real"", ""field melilot"", ""ribbed melilot"", ""white sweet clover"", ""white sweetclover"", ""yellow sweetclover""]",Fabaceae Lindl.,Melilotus Mill.,Species,"[{""Region"": ""AK"", ""Status"": ""I"", ""Type"": ""Introduced""}, {""Region"": ""CAN"", ""Status"": ""I"", ""Type"": ""Introduced""}, {""Region"": ""GL"", ""Status"": ""I"", ""Type"": ""Introduced""}, {""Region"": ""HI"", ""Status"": ""I"", ""Type"": ""Introduced""}, {""Region"": ""L48"", ""Status"": ""I"", ""Type"": ""Introduced""}, {""Region"": ""PB"", ""Status"": ""I"", ""Type"": ""Introduced""}, {""Region"": ""PR"", ""Status"": ""I"", ""Type"": ""Introduced""}, {""Region"": ""SPM"", ""Status"": ""I"", ""Type"": ""Introduced""}]","[""Forb/herb""]",image_manifest,exact_usda_name_match
usda:MESU2,MESU2,81261,Melilotus sulcatus,Melilotus sulcatus Desf.,"[""Mediterranean sweetclover""]",Fabaceae Lindl.,Melilotus Mill.,Species,"[{""Region"": ""L48"", ""Status"": ""I"", ""Type"": ""Introduced""}]","[""Forb/herb""]",image_manifest,exact_usda_name_match
usda:MEAN,MEAN,76401,Mercurialis annua,Mercurialis annua L.,"[""annual mercury""]",Euphorbiaceae Juss.,Mercurialis L.,Species,"[{""Region"": ""CAN"", ""Status"": ""I"", ""Type"": ""Introduced""}, {""Region"": ""L48"", ""Status"": ""I"", ""Type"": ""Introduced""}]","[""Forb/herb""]",image_manifest,exact_usda_name_match
usda:MECI3,MECI3,45142,Mertensia ciliata,Mertensia ciliata (James ex Torr.) G. Don,"[""tall fringed bluebells""]",Boraginaceae Juss.,Mertensia Roth,Species,"[{""Region"": ""L48"", ""Status"": ""N"", ""Type"": ""Native""}]","[""Forb/herb""]",image_manifest,exact_usda_name_match
usda:MEMA3,MEMA3,45160,Mertensia maritima,Mertensia maritima (L.) Gray,"[""oysterleaf""]",Boraginaceae Juss.,Mertensia Roth,Species,"[{""Region"": ""AK"", ""Status"": ""N"", ""Type"": ""Native""}, {""Region"": ""CAN"", ""Status"": ""N"", ""Type"": ""Native""}, {""Region"": ""GL"", ""Status"": ""N"", ""Type"": ""Native""}, {""Region"": ""L48"", ""Status"": ""N"", ""Type"": ""Native""}, {""Region"": ""SPM"", ""Status"": ""N"", ""Type"": ""Native""}]","[""Forb/herb""]",image_manifest,exact_usda_name_match
usda:MEPA,MEPA,45186,Mertensia paniculata,Mertensia paniculata (Aiton) G. Don,"[""tall bluebells""]",Boraginaceae Juss.,Mertensia Roth,Species,"[{""Region"": ""AK"", ""Status"": ""N"", ""Type"": ""Native""}, {""Region"": ""CAN"", ""Status"": ""N"", ""Type"": ""Native""}, {""Region"": ""L48"", ""Status"": ""N"", ""Type"": ""Native""}]","[""Forb/herb"", ""Subshrub""]",image_manifest,exact_usda_name_match
usda:MEVI3,MEVI3,45201,Mertensia virginica,Mertensia virginica (L.) Pers. ex Link,"[""Virginia bluebells""]",Boraginaceae Juss.,Mertensia Roth,Species,"[{""Region"": ""CAN"", ""Status"": ""N"", ""Type"": ""Native""}, {""Region"": ""L48"", ""Status"": ""N"", ""Type"": ""Native""}]","[""Forb/herb""]",image_manifest,exact_usda_name_match
usda:MEGL8,MEGL8,15274,Metasequoia glyptostroboides,Metasequoia glyptostroboides Hu & W.C. Cheng,"[""dawn redwood""]",Cupressaceae Gray,Metasequoia Miki ex Hu & W.C. Cheng,Species,"[{""Region"": ""L48"", ""Status"": ""I"", ""Type"": ""Introduced""}]","[""Tree""]",image_manifest,exact_usda_name_match
usda:MIKU,MIKU,23933,Microchloa kunthii,Microchloa kunthii Desv.,"[""Kunth's smallgrass""]",Poaceae Barnhart,Microchloa R. Br.,Species,"[{""Region"": ""L48"", ""Status"": ""N"", ""Type"": ""Native""}]","[""Graminoid""]",image_manifest,exact_usda_name_match
usda:MIPI9,MIPI9,81271,Millettia pinnata,Millettia pinnata (L.) Panigrahi,"[""pongame oiltree"", ""kisaks  (Palau)""]",Fabaceae Lindl.,Millettia Wight & Arn.,Species,"[{""Region"": ""L48"", ""Status"": ""I"", ""Type"": ""Introduced""}, {""Region"": ""PB"", ""Status"": ""N"", ""Type"": ""Native""}, {""Region"": ""PR"", ""Status"": ""I"", ""Type"": ""Introduced""}]","[""Tree""]",image_manifest,exact_usda_name_match
usda:MIDI3,MIDI3,92110,Mitella diphylla,Mitella diphylla L.,"[""twoleaf miterwort""]",Saxifragaceae Juss.,Mitella L.,Species,"[{""Region"": ""CAN"", ""Status"": ""N"", ""Type"": ""Native""}, {""Region"": ""L48"", ""Status"": ""N"", ""Type"": ""Native""}]","[""Forb/herb""]",image_manifest,exact_usda_name_match
usda:MOLA6,MOLA6,57759,Moehringia lateriflora,Moehringia lateriflora (L.) Fenzl,"[""bluntleaf sandwort""]",Caryophyllaceae Juss.,Moehringia L.,Species,"[{""Region"": ""AK"", ""Status"": ""N"", ""Type"": ""Native""}, {""Region"": ""CAN"", ""Status"": ""N"", ""Type"": ""Native""}, {""Region"": ""L48"", ""Status"": ""N"", ""Type"": ""Native""}, {""Region"": ""SPM"", ""Status"": ""N"", ""Type"": ""Native""}]","[""Forb/herb""]",image_manifest,exact_usda_name_match
usda:MOTR2,MOTR2,57765,Moehringia trinervia,Moehringia trinervia (L.) Clairv.,"[""apetalous sandwort""]",Caryophyllaceae Juss.,Moehringia L.,Species,"[{""Region"": ""L48"", ""Status"": ""I"", ""Type"": ""Introduced""}]","[""Forb/herb""]",image_manifest,exact_usda_name_match
usda:MOHI,MOHI,38127,Montanoa hibiscifolia,Montanoa hibiscifolia (Benth.) Standl.,"[""treedaisy""]",Asteraceae Bercht. & J. Presl,Montanoa Llave & Lex.,Species,"[{""Region"": ""HI"", ""Status"": ""I"", ""Type"": ""Introduced""}]","[""Shrub"", ""Tree""]",image_manifest,exact_usda_name_match
usda:MOCI3,MOCI3,48410,Morinda citrifolia,Morinda citrifolia L.,"[""Indian mulberry"", ""noni""]",Rubiaceae Juss.,Morinda L.,Species,"[{""Region"": ""HI"", ""Status"": ""I"", ""Type"": ""Introduced""}, {""Region"": ""L48"", ""Status"": ""I"", ""Type"": ""Introduced""}, {""Region"": ""PB"", ""Status"": ""I"", ""Type"": ""Introduced""}, {""Region"": ""PR"", ""Status"": ""I"", ""Type"": ""Introduced""}, {""Region"": ""VI"", ""Status"": ""I"", ""Type"": ""Introduced""}]","[""Shrub"", ""Tree""]",image_manifest,exact_usda_name_match
usda:MUER,MUER,48418,Mussaenda erythrophylla,Mussaenda erythrophylla Schumach.,"[""red mussaenda""]",Rubiaceae Juss.,Mussaenda L.,Species,"[{""Region"": ""PB"", ""Status"": ""I"", ""Type"": ""Introduced""}]","[""Shrub"", ""Vine""]",image_manifest,exact_usda_name_match
usda:MUFR3,MUFR3,48419,Mussaenda frondosa,"Mussaenda frondosa sensu G. Forst., non L.",[],Rubiaceae Juss.,Mussaenda L.,Species,[],"[""Shrub""]",image_manifest,exact_usda_name_match
usda:MUPH,MUPH,48420,Mussaenda philippica,Mussaenda philippica A. Rich.,"[""cherecheroi (Palau)""]",Rubiaceae Juss.,Mussaenda L.,Species,"[{""Region"": ""PB"", ""Status"": ""I"", ""Type"": ""Introduced""}, {""Region"": ""PB"", ""Status"": ""N"", ""Type"": ""Native""}]","[""Shrub""]",image_manifest,exact_usda_name_match
usda:MYMU,MYMU,38130,Mycelis muralis,Mycelis muralis (L.) Dumort.,"[""wall-lettuce""]",Asteraceae Bercht. & J. Presl,Mycelis Cass.,Species,"[{""Region"": ""AK"", ""Status"": ""I"", ""Type"": ""Introduced""}, {""Region"": ""CAN"", ""Status"": ""I"", ""Type"": ""Introduced""}, {""Region"": ""L48"", ""Status"": ""I"", ""Type"": ""Introduced""}]","[""Forb/herb""]",image_manifest,exact_usda_name_match
usda:MYAQ,MYAQ,57770,Myosoton aquaticum,Myosoton aquaticum (L.) Moench,"[""giantchickweed""]",Caryophyllaceae Juss.,Myosoton Moench,Species,"[{""Region"": ""CAN"", ""Status"": ""I"", ""Type"": ""Introduced""}, {""Region"": ""L48"", ""Status"": ""I"", ""Type"": ""Introduced""}]","[""Forb/herb""]",image_manifest,exact_usda_name_match
usda:NADO,NADO,72385,Nandina domestica,Nandina domestica Thunb.,"[""sacred bamboo""]",Berberidaceae Juss.,Nandina Thunb.,Species,"[{""Region"": ""L48"", ""Status"": ""I"", ""Type"": ""Introduced""}, {""Region"": ""PB"", ""Status"": ""I"", ""Type"": ""Introduced""}]","[""Shrub""]",image_manifest,exact_usda_name_match
usda:NAAM,NAAM,28957,Narthecium americanum,Narthecium americanum Ker Gawl.,"[""yellow asphodel""]",Liliaceae Juss.,Narthecium Huds.,Species,"[{""Region"": ""L48"", ""Status"": ""N"", ""Type"": ""Native""}]","[""Forb/herb""]",image_manifest,exact_usda_name_match
usda:NECA7,NECA7,48429,Neolamarckia cadamba,Neolamarckia cadamba (Roxb.) F. Bosser,"[""kadam""]",Rubiaceae Juss.,Neolamarckia F. Bosser,Species,"[{""Region"": ""PR"", ""Status"": ""I"", ""Type"": ""Introduced""}]","[""Tree""]",image_manifest,exact_usda_name_match
usda:NEMI5,NEMI5,66823,Nepenthes mirabilis,Nepenthes mirabilis Druce,[],Nepenthaceae Dumort.,Nepenthes L.,Species,"[{""Region"": ""PB"", ""Status"": ""N"", ""Type"": ""Native""}]",[],image_manifest,exact_usda_name_match
usda:NEBI,NEBI,13749,Nephrolepis biserrata,Nephrolepis biserrata (Sw.) Schott,"[""giant swordfern""]",Dryopteridaceae Herter,Nephrolepis Schott,Species,"[{""Region"": ""HI"", ""Status"": ""I"", ""Type"": ""Introduced""}, {""Region"": ""L48"", ""Status"": ""N"", ""Type"": ""Native""}, {""Region"": ""PR"", ""Status"": ""N"", ""Type"": ""Native""}, {""Region"": ""VI"", ""Status"": ""N"", ""Type"": ""Native""}]","[""Forb/herb""]",image_manifest,exact_usda_name_match
usda:NECO3,NECO3,13752,Nephrolepis cordifolia,Nephrolepis cordifolia (L.) C. Presl,"[""narrow swordfern""]",Dryopteridaceae Herter,Nephrolepis Schott,Species,"[{""Region"": ""HI"", ""Status"": ""N"", ""Type"": ""Native""}, {""Region"": ""L48"", ""Status"": ""I"", ""Type"": ""Introduced""}, {""Region"": ""PB"", ""Status"": ""I"", ""Type"": ""Introduced""}, {""Region"": ""PB"", ""Status"": ""N"", ""Type"": ""Native""}, {""Region"": ""PR"", ""Status"": ""I"", ""Type"": ""Introduced""}, {""Region"": ""VI"", ""Status"": ""I"", ""Type"": ""Introduced""}]","[""Forb/herb""]",image_manifest,exact_usda_name_match
usda:NEEX,NEEX,13753,Nephrolepis exaltata,Nephrolepis exaltata (L.) Schott,"[""Boston swordfern""]",Dryopteridaceae Herter,Nephrolepis Schott,Species,"[{""Region"": ""HI"", ""Status"": ""N"", ""Type"": ""Native""}, {""Region"": ""L48"", ""Status"": ""N"", ""Type"": ""Native""}, {""Region"": ""PR"", ""Status"": ""N"", ""Type"": ""Native""}, {""Region"": ""VI"", ""Status"": ""N"", ""Type"": ""Native""}]","[""Forb/herb""]",image_manifest,exact_usda_name_match
usda:NEFA,NEFA,13756,Nephrolepis falcata,Nephrolepis falcata (Cav.) C. Chr.,"[""fishtail swordfern""]",Dryopteridaceae Herter,Nephrolepis Schott,Species,"[{""Region"": ""HI"", ""Status"": ""I"", ""Type"": ""Introduced""}, {""Region"": ""L48"", ""Status"": ""I"", ""Type"": ""Introduced""}]","[""Forb/herb""]",image_manifest,exact_usda_name_match
usda:NEOL,NEOL,43376,Nerium oleander,Nerium oleander L.,"[""oleander""]",Apocynaceae Juss.,Nerium L.,Species,"[{""Region"": ""L48"", ""Status"": ""I"", ""Type"": ""Introduced""}, {""Region"": ""PB"", ""Status"": ""I"", ""Type"": ""Introduced""}, {""Region"": ""PR"", ""Status"": ""I"", ""Type"": ""Introduced""}, {""Region"": ""VI"", ""Status"": ""I"", ""Type"": ""Introduced""}]","[""Shrub"", ""Tree""]",target_seed,exact_usda_name_match
usda:NOMO2,NOMO2,63701,Noccaea montana,Noccaea montana (L.) F.K. Mey. [excluded],"[""alpine pennycress""]",Brassicaceae Burnett,Noccaea Moench,Species,[],"[""Forb/herb""]",image_manifest,exact_usda_name_match
usda:NODO,NODO,70095,Nothofagus dombeyi,Nothofagus dombeyi (Mirb.) Blume,"[""coigue""]",Betulaceae Gray,"Nothofagus Blume, nom. cons.",Species,[],[],image_manifest,exact_usda_name_match
usda:NOOB,NOOB,70096,Nothofagus obliqua,Nothofagus obliqua (Birb.) Blume,"[""roble beech""]",Betulaceae Gray,"Nothofagus Blume, nom. cons.",Species,[],[],image_manifest,exact_usda_name_match
usda:NYCA,NYCA,59603,Nyctaginia capitata,Nyctaginia capitata Choisy,"[""devil's bouquet""]",Nyctaginaceae Juss.,Nyctaginia Choisy,Species,"[{""Region"": ""L48"", ""Status"": ""N"", ""Type"": ""Native""}]","[""Forb/herb""]",image_manifest,exact_usda_name_match
usda:NYAL,NYAL,71712,Nymphaea alba,Nymphaea alba L.,"[""European white waterlily""]",Nymphaeaceae Salisb.,Nymphaea L.,Species,"[{""Region"": ""CAN"", ""Status"": ""I"", ""Type"": ""Introduced""}]","[""Forb/herb""]",image_manifest,exact_usda_name_match
usda:NYAM2,NYAM2,71715,Nymphaea ampla,Nymphaea ampla (Salisb.) DC.,"[""dotleaf waterlily""]",Nymphaeaceae Salisb.,Nymphaea L.,Species,"[{""Region"": ""L48"", ""Status"": ""N"", ""Type"": ""Native""}, {""Region"": ""PR"", ""Status"": ""N"", ""Type"": ""Native""}, {""Region"": ""VI"", ""Status"": ""N"", ""Type"": ""Native""}]","[""Forb/herb""]",image_manifest,exact_usda_name_match
usda:NYLO,NYLO,71738,Nymphaea lotus,Nymphaea lotus L.,"[""white Egyptian lotus""]",Nymphaeaceae Salisb.,Nymphaea L.,Species,"[{""Region"": ""L48"", ""Status"": ""I"", ""Type"": ""Introduced""}]","[""Forb/herb""]",image_manifest,exact_usda_name_match
usda:NYME,NYME,71740,Nymphaea mexicana,Nymphaea mexicana Zucc.,"[""yellow waterlily""]",Nymphaeaceae Salisb.,Nymphaea L.,Species,"[{""Region"": ""CAN"", ""Status"": ""I"", ""Type"": ""Introduced""}, {""Region"": ""L48"", ""Status"": ""N"", ""Type"": ""Native""}]","[""Forb/herb""]",image_manifest,exact_usda_name_match
usda:NYOD,NYOD,71742,Nymphaea odorata,Nymphaea odorata Aiton,"[""American white waterlily""]",Nymphaeaceae Salisb.,Nymphaea L.,Species,"[{""Region"": ""AK"", ""Status"": ""I"", ""Type"": ""Introduced""}, {""Region"": ""CAN"", ""Status"": ""N"", ""Type"": ""Native""}, {""Region"": ""L48"", ""Status"": ""N"", ""Type"": ""Native""}, {""Region"": ""PR"", ""Status"": ""N"", ""Type"": ""Native""}]","[""Forb/herb""]",image_manifest,exact_usda_name_match
usda:NYTE,NYTE,71762,Nymphaea tetragona,Nymphaea tetragona Georgi,"[""pygmy waterlily""]",Nymphaeaceae Salisb.,Nymphaea L.,Species,"[{""Region"": ""AK"", ""Status"": ""N"", ""Type"": ""Native""}, {""Region"": ""CAN"", ""Status"": ""N"", ""Type"": ""Native""}, {""Region"": ""L48"", ""Status"": ""N"", ""Type"": ""Native""}]","[""Forb/herb""]",image_manifest,exact_usda_name_match
usda:NYIN,NYIN,53833,Nymphoides indica,Nymphoides indica (L.) Kuntze,"[""water snowflake""]",Menyanthaceae Dumort.,Nymphoides Hill,Species,"[{""Region"": ""L48"", ""Status"": ""I"", ""Type"": ""Introduced""}, {""Region"": ""PR"", ""Status"": ""N"", ""Type"": ""Native""}]","[""Forb/herb""]",image_manifest,exact_usda_name_match
usda:NYPE,NYPE,53834,Nymphoides peltata,Nymphoides peltata (S.G. Gmel.) Kuntze,"[""yellow floatingheart""]",Menyanthaceae Dumort.,Nymphoides Hill,Species,"[{""Region"": ""CAN"", ""Status"": ""I"", ""Type"": ""Introduced""}, {""Region"": ""L48"", ""Status"": ""I"", ""Type"": ""Introduced""}]","[""Forb/herb""]",image_manifest,exact_usda_name_match
usda:OLCO,OLCO,48439,Oldenlandia corymbosa,Oldenlandia corymbosa L.,"[""flat-top mille graines""]",Rubiaceae Juss.,Oldenlandia L.,Species,"[{""Region"": ""HI"", ""Status"": ""I"", ""Type"": ""Introduced""}, {""Region"": ""L48"", ""Status"": ""N"", ""Type"": ""Native""}, {""Region"": ""PB"", ""Status"": ""I"", ""Type"": ""Introduced""}, {""Region"": ""PR"", ""Status"": ""N"", ""Type"": ""Native""}, {""Region"": ""VI"", ""Status"": ""N"", ""Type"": ""Native""}]","[""Forb/herb""]",image_manifest,exact_usda_name_match
usda:ONPE3,ONPE3,29002,Oncostema peruviana,Oncostema peruviana (L.) Speta,"[""Cuban-lily""]",Liliaceae Juss.,Oncostema Raf.,Species,[],[],image_manifest,exact_usda_name_match
usda:OPIN2,OPIN2,30331,Ophrys insectifera,Ophrys insectifera L.,"[""fly orchid""]",Orchidaceae Juss.,Ophrys L.,Species,[],[],image_manifest,exact_usda_name_match
usda:OPHU,OPHU,56850,Opuntia humifusa,Opuntia humifusa (Raf.) Raf.,"[""devil's-tongue""]",Cactaceae Juss.,Opuntia Mill.,Species,"[{""Region"": ""CAN"", ""Status"": ""N"", ""Type"": ""Native""}, {""Region"": ""L48"", ""Status"": ""N"", ""Type"": ""Native""}]","[""Shrub""]",target_seed,exact_usda_name_match
usda:OSCI,OSCI,14160,Osmunda cinnamomea,Osmunda cinnamomea L.,"[""cinnamon fern""]",Osmundaceae Martinov,Osmunda L.,Species,"[{""Region"": ""CAN"", ""Status"": ""N"", ""Type"": ""Native""}, {""Region"": ""L48"", ""Status"": ""N"", ""Type"": ""Native""}, {""Region"": ""PR"", ""Status"": ""N"", ""Type"": ""Native""}, {""Region"": ""SPM"", ""Status"": ""N"", ""Type"": ""Native""}]","[""Forb/herb""]",image_manifest,exact_usda_name_match
usda:OSCL2,OSCL2,14166,Osmunda claytoniana,Osmunda claytoniana L.,"[""interrupted fern""]",Osmundaceae Martinov,Osmunda L.,Species,"[{""Region"": ""CAN"", ""Status"": ""N"", ""Type"": ""Native""}, {""Region"": ""L48"", ""Status"": ""N"", ""Type"": ""Native""}, {""Region"": ""SPM"", ""Status"": ""N"", ""Type"": ""Native""}]","[""Forb/herb""]",image_manifest,exact_usda_name_match
usda:OSRE,OSRE,14167,Osmunda regalis,Osmunda regalis L.,"[""royal fern""]",Osmundaceae Martinov,Osmunda L.,Species,"[{""Region"": ""CAN"", ""Status"": ""N"", ""Type"": ""Native""}, {""Region"": ""L48"", ""Status"": ""N"", ""Type"": ""Native""}, {""Region"": ""SPM"", ""Status"": ""N"", ""Type"": ""Native""}]","[""Forb/herb""]",image_manifest,exact_usda_name_match
usda:OXAR,OXAR,65298,Oxydendrum arboreum,Oxydendrum arboreum (L.) DC.,"[""sourwood""]",Ericaceae Juss.,Oxydendrum DC.,Species,"[{""Region"": ""L48"", ""Status"": ""N"", ""Type"": ""Native""}]","[""Shrub"", ""Tree""]",image_manifest,exact_usda_name_match
usda:PAFO3,PAFO3,48468,Paederia foetida,Paederia foetida L.,"[""stinkvine"", ""paederia""]",Rubiaceae Juss.,Paederia L.,Species,"[{""Region"": ""HI"", ""Status"": ""I"", ""Type"": ""Introduced""}, {""Region"": ""L48"", ""Status"": ""I"", ""Type"": ""Introduced""}]","[""Shrub"", ""Vine""]",image_manifest,exact_usda_name_match
usda:PAMA38,PAMA38,29017,Pancratium maritimum,Pancratium maritimum L.,"[""sea-daffodil""]",Liliaceae Juss.,Pancratium L.,Species,"[{""Region"": ""L48"", ""Status"": ""I"", ""Type"": ""Introduced""}]","[""Forb/herb""]",image_manifest,exact_usda_name_match
usda:PADU,PADU,72012,Papaver dubium,Papaver dubium L.,"[""blindeyes""]",Papaveraceae Juss.,Papaver L.,Species,"[{""Region"": ""CAN"", ""Status"": ""W"", ""Type"": ""Introduced""}, {""Region"": ""GL"", ""Status"": ""W"", ""Type"": ""Introduced""}, {""Region"": ""L48"", ""Status"": ""I"", ""Type"": ""Introduced""}]","[""Forb/herb""]",image_manifest,exact_usda_name_match
usda:PAOR5,PAOR5,72037,Papaver orientale,Papaver orientale L.,"[""Oriental poppy""]",Papaveraceae Juss.,Papaver L.,Species,"[{""Region"": ""CAN"", ""Status"": ""I"", ""Type"": ""Introduced""}, {""Region"": ""L48"", ""Status"": ""I"", ""Type"": ""Introduced""}]","[""Forb/herb""]",image_manifest,exact_usda_name_match
usda:PARH2,PARH2,72062,Papaver rhoeas,Papaver rhoeas L.,"[""corn poppy""]",Papaveraceae Juss.,Papaver L.,Species,"[{""Region"": ""AK"", ""Status"": ""I"", ""Type"": ""Introduced""}, {""Region"": ""CAN"", ""Status"": ""I"", ""Type"": ""Introduced""}, {""Region"": ""L48"", ""Status"": ""I"", ""Type"": ""Introduced""}]","[""Forb/herb""]",image_manifest,exact_usda_name_match
usda:PASO2,PASO2,72063,Papaver somniferum,Papaver somniferum L.,"[""opium poppy""]",Papaveraceae Juss.,Papaver L.,Species,"[{""Region"": ""CAN"", ""Status"": ""W"", ""Type"": ""Introduced""}, {""Region"": ""GL"", ""Status"": ""W"", ""Type"": ""Introduced""}, {""Region"": ""L48"", ""Status"": ""I"", ""Type"": ""Introduced""}]","[""Forb/herb""]",image_manifest,exact_usda_name_match
usda:PECA13,PECA13,83801,Pelargonium capitatum,Pelargonium capitatum (L.) L'Hér. ex Aiton,"[""rose scented geranium""]",Geraniaceae Juss.,Pelargonium L'Hér. ex Aiton,Species,"[{""Region"": ""L48"", ""Status"": ""I"", ""Type"": ""Introduced""}]","[""Forb/herb"", ""Subshrub""]",image_manifest,exact_usda_name_match
usda:PEGR11,PEGR11,83803,Pelargonium graveolens,Pelargonium graveolens L'Hér. ex Aiton,"[""sweet scented geranium""]",Geraniaceae Juss.,Pelargonium L'Hér. ex Aiton,Species,"[{""Region"": ""PR"", ""Status"": ""I"", ""Type"": ""Introduced""}]","[""Forb/herb"", ""Shrub"", ""Subshrub""]",image_manifest,exact_usda_name_match
usda:PEIN7,PEIN7,83807,Pelargonium inquinans,Pelargonium inquinans (L.) L'Hér. ex Aiton,"[""scarlet geranium""]",Geraniaceae Juss.,Pelargonium L'Hér. ex Aiton,Species,"[{""Region"": ""L48"", ""Status"": ""I"", ""Type"": ""Introduced""}]","[""Forb/herb"", ""Subshrub""]",image_manifest,exact_usda_name_match
usda:PEOD,PEOD,83808,Pelargonium odoratissimum,Pelargonium odoratissimum (L.) L'Hér. ex Aiton,"[""apple geranium""]",Geraniaceae Juss.,Pelargonium L'Hér. ex Aiton,Species,"[{""Region"": ""PR"", ""Status"": ""I"", ""Type"": ""Introduced""}]","[""Shrub"", ""Subshrub""]",image_manifest,exact_usda_name_match
usda:PEPA52,PEPA52,83809,Pelargonium panduriforme,Pelargonium panduriforme Eckl. & Zeyh.,"[""oakleaf garden geranium""]",Geraniaceae Juss.,Pelargonium L'Hér. ex Aiton,Species,"[{""Region"": ""L48"", ""Status"": ""I"", ""Type"": ""Introduced""}]","[""Shrub"", ""Subshrub""]",image_manifest,exact_usda_name_match
usda:PEPE6,PEPE6,83810,Pelargonium peltatum,Pelargonium peltatum (L.) L'Hér. ex Aiton,"[""ivyleaf geranium""]",Geraniaceae Juss.,Pelargonium L'Hér. ex Aiton,Species,"[{""Region"": ""L48"", ""Status"": ""I"", ""Type"": ""Introduced""}, {""Region"": ""PR"", ""Status"": ""I"", ""Type"": ""Introduced""}]","[""Forb/herb"", ""Subshrub"", ""Vine""]",image_manifest,exact_usda_name_match
usda:PEQU5,PEQU5,83811,Pelargonium quercifolium,Pelargonium quercifolium (L. f.) L'Hér. ex Aiton,"[""oakleaf geranium""]",Geraniaceae Juss.,Pelargonium L'Hér. ex Aiton,Species,"[{""Region"": ""L48"", ""Status"": ""I"", ""Type"": ""Introduced""}]","[""Shrub"", ""Subshrub""]",image_manifest,exact_usda_name_match
usda:PEZO,PEZO,83815,Pelargonium zonale,Pelargonium zonale (L.) L'Hér. ex Aiton,"[""horseshoe geranium""]",Geraniaceae Juss.,Pelargonium L'Hér. ex Aiton,Species,"[{""Region"": ""L48"", ""Status"": ""I"", ""Type"": ""Introduced""}, {""Region"": ""PR"", ""Status"": ""I"", ""Type"": ""Introduced""}]","[""Forb/herb"", ""Subshrub""]",image_manifest,exact_usda_name_match
usda:PECI,PECI,24611,Pennisetum ciliare,Pennisetum ciliare (L.) Link,"[""buffelgrass"", ""buffel grass""]",Poaceae Barnhart,Pennisetum Rich. ex Pers.,Species,"[{""Region"": ""HI"", ""Status"": ""I"", ""Type"": ""Introduced""}, {""Region"": ""L48"", ""Status"": ""I"", ""Type"": ""Introduced""}, {""Region"": ""PB"", ""Status"": ""I"", ""Type"": ""Introduced""}, {""Region"": ""PR"", ""Status"": ""I"", ""Type"": ""Introduced""}, {""Region"": ""VI"", ""Status"": ""I"", ""Type"": ""Introduced""}]","[""Graminoid""]",image_manifest,exact_usda_name_match
usda:PECL2,PECL2,24614,Pennisetum clandestinum,Pennisetum clandestinum Hochst. ex Chiov.,"[""kikuyugrass""]",Poaceae Barnhart,Pennisetum Rich. ex Pers.,Species,"[{""Region"": ""HI"", ""Status"": ""I"", ""Type"": ""Introduced""}, {""Region"": ""L48"", ""Status"": ""I"", ""Type"": ""Introduced""}, {""Region"": ""PR"", ""Status"": ""I"", ""Type"": ""Introduced""}, {""Region"": ""VI"", ""Status"": ""I"", ""Type"": ""Introduced""}]","[""Graminoid""]",image_manifest,exact_usda_name_match
usda:PEPU2,PEPU2,24642,Pennisetum purpureum,Pennisetum purpureum Schumach.,"[""elephant grass""]",Poaceae Barnhart,Pennisetum Rich. ex Pers.,Species,"[{""Region"": ""HI"", ""Status"": ""I"", ""Type"": ""Introduced""}, {""Region"": ""L48"", ""Status"": ""I"", ""Type"": ""Introduced""}, {""Region"": ""PB"", ""Status"": ""I"", ""Type"": ""Introduced""}, {""Region"": ""PR"", ""Status"": ""I"", ""Type"": ""Introduced""}, {""Region"": ""VI"", ""Status"": ""I"", ""Type"": ""Introduced""}]","[""Graminoid""]",image_manifest,exact_usda_name_match
usda:PEVI2,PEVI2,24648,Pennisetum villosum,Pennisetum villosum R. Br. ex Fresen.,"[""feathertop""]",Poaceae Barnhart,Pennisetum Rich. ex Pers.,Species,"[{""Region"": ""HI"", ""Status"": ""I"", ""Type"": ""Introduced""}, {""Region"": ""L48"", ""Status"": ""I"", ""Type"": ""Introduced""}]","[""Graminoid""]",image_manifest,exact_usda_name_match
usda:PEMA4,PEMA4,72181,Peperomia maculosa,Peperomia maculosa (L.) Hook.,"[""spotted peperomia""]",Piperaceae Giseke,Peperomia Ruiz & Pav.,Species,"[{""Region"": ""PR"", ""Status"": ""N"", ""Type"": ""Native""}]","[""Forb/herb""]",image_manifest,exact_usda_name_match
usda:PEMA5,PEMA5,72183,Peperomia magnoliifolia,Peperomia magnoliifolia (Jacq.) A. Dietr.,"[""spoonleaf peperomia""]",Piperaceae Giseke,Peperomia Ruiz & Pav.,Species,"[{""Region"": ""L48"", ""Status"": ""N"", ""Type"": ""Native""}, {""Region"": ""PR"", ""Status"": ""N"", ""Type"": ""Native""}, {""Region"": ""VI"", ""Status"": ""N"", ""Type"": ""Native""}]","[""Forb/herb""]",image_manifest,exact_usda_name_match
usda:PEOB2,PEOB2,72200,Peperomia obtusifolia,Peperomia obtusifolia (L.) A. Dietr.,"[""baby rubberplant""]",Piperaceae Giseke,Peperomia Ruiz & Pav.,Species,"[{""Region"": ""L48"", ""Status"": ""N"", ""Type"": ""Native""}, {""Region"": ""PR"", ""Status"": ""N"", ""Type"": ""Native""}]","[""Forb/herb""]",image_manifest,exact_usda_name_match
usda:PEPE5,PEPE5,72211,Peperomia pellucida,Peperomia pellucida (L.) Kunth,"[""man to man""]",Piperaceae Giseke,Peperomia Ruiz & Pav.,Species,"[{""Region"": ""HI"", ""Status"": ""I"", ""Type"": ""Introduced""}, {""Region"": ""L48"", ""Status"": ""I"", ""Type"": ""Introduced""}, {""Region"": ""PB"", ""Status"": ""I"", ""Type"": ""Introduced""}, {""Region"": ""PR"", ""Status"": ""N"", ""Type"": ""Native""}, {""Region"": ""VI"", ""Status"": ""N"", ""Type"": ""Native""}]","[""Forb/herb""]",image_manifest,exact_usda_name_match
usda:PERO5,PERO5,72227,Peperomia rotundifolia,Peperomia rotundifolia (L.) Kunth,"[""yerba linda""]",Piperaceae Giseke,Peperomia Ruiz & Pav.,Species,"[{""Region"": ""L48"", ""Status"": ""N"", ""Type"": ""Native""}, {""Region"": ""PR"", ""Status"": ""N"", ""Type"": ""Native""}]","[""Forb/herb"", ""Vine""]",image_manifest,exact_usda_name_match
usda:PESE8,PESE8,72231,Peperomia serpens,Peperomia serpens (Sw.) Loudon,"[""vinagre""]",Piperaceae Giseke,Peperomia Ruiz & Pav.,Species,"[{""Region"": ""PR"", ""Status"": ""N"", ""Type"": ""Native""}, {""Region"": ""VI"", ""Status"": ""N"", ""Type"": ""Native""}]","[""Forb/herb""]",image_manifest,exact_usda_name_match
usda:PEAC2,PEAC2,57032,Pereskia aculeata,Pereskia aculeata Mill.,"[""Barbados shrub""]",Cactaceae Juss.,Pereskia Mill.,Species,"[{""Region"": ""L48"", ""Status"": ""I"", ""Type"": ""Introduced""}, {""Region"": ""PR"", ""Status"": ""I"", ""Type"": ""Introduced""}, {""Region"": ""VI"", ""Status"": ""I"", ""Type"": ""Introduced""}]","[""Shrub"", ""Tree"", ""Vine""]",image_manifest,exact_usda_name_match
usda:PEAL7,PEAL7,59656,Petiveria alliacea,Petiveria alliacea L.,"[""guinea henweed""]",Phytolaccaceae R. Br.,Petiveria L.,Species,"[{""Region"": ""L48"", ""Status"": ""N"", ""Type"": ""Native""}, {""Region"": ""NAV"", ""Status"": ""N"", ""Type"": ""Native""}, {""Region"": ""PR"", ""Status"": ""N"", ""Type"": ""Native""}, {""Region"": ""VI"", ""Status"": ""N"", ""Type"": ""Native""}]","[""Forb/herb"", ""Subshrub""]",image_manifest,exact_usda_name_match
usda:PHAQ,PHAQ,24654,Phalaris aquatica,Phalaris aquatica L.,"[""bulbous canarygrass""]",Poaceae Barnhart,Phalaris L.,Species,"[{""Region"": ""HI"", ""Status"": ""I"", ""Type"": ""Introduced""}, {""Region"": ""L48"", ""Status"": ""I"", ""Type"": ""Introduced""}]","[""Graminoid""]",image_manifest,exact_usda_name_match
usda:PHAR3,PHAR3,24659,Phalaris arundinacea,Phalaris arundinacea L.,"[""reed canarygrass""]",Poaceae Barnhart,Phalaris L.,Species,"[{""Region"": ""AK"", ""Status"": ""I"", ""Type"": ""Introduced""}, {""Region"": ""CAN"", ""Status"": ""N"", ""Type"": ""Native""}, {""Region"": ""L48"", ""Status"": ""N"", ""Type"": ""Native""}, {""Region"": ""SPM"", ""Status"": ""I"", ""Type"": ""Introduced""}]","[""Graminoid""]",image_manifest,exact_usda_name_match
usda:PHCA5,PHCA5,24665,Phalaris canariensis,Phalaris canariensis L.,"[""annual canarygrass""]",Poaceae Barnhart,Phalaris L.,Species,"[{""Region"": ""AK"", ""Status"": ""I"", ""Type"": ""Introduced""}, {""Region"": ""CAN"", ""Status"": ""I"", ""Type"": ""Introduced""}, {""Region"": ""HI"", ""Status"": ""I"", ""Type"": ""Introduced""}, {""Region"": ""L48"", ""Status"": ""I"", ""Type"": ""Introduced""}]","[""Graminoid""]",image_manifest,exact_usda_name_match
usda:PHCO40,PHCO40,24667,Phalaris coerulescens,Phalaris coerulescens Desf.,"[""sunolgrass""]",Poaceae Barnhart,Phalaris L.,Species,"[{""Region"": ""L48"", ""Status"": ""I"", ""Type"": ""Introduced""}]","[""Graminoid""]",image_manifest,exact_usda_name_match
usda:PHMI3,PHMI3,24671,Phalaris minor,Phalaris minor Retz.,"[""littleseed canarygrass""]",Poaceae Barnhart,Phalaris L.,Species,"[{""Region"": ""AK"", ""Status"": ""I"", ""Type"": ""Introduced""}, {""Region"": ""CAN"", ""Status"": ""W"", ""Type"": ""Introduced""}, {""Region"": ""HI"", ""Status"": ""I"", ""Type"": ""Introduced""}, {""Region"": ""L48"", ""Status"": ""I"", ""Type"": ""Introduced""}]","[""Graminoid""]",image_manifest,exact_usda_name_match
usda:PHPA5,PHPA5,24672,Phalaris paradoxa,Phalaris paradoxa L.,"[""hood canarygrass""]",Poaceae Barnhart,Phalaris L.,Species,"[{""Region"": ""HI"", ""Status"": ""I"", ""Type"": ""Introduced""}, {""Region"": ""L48"", ""Status"": ""I"", ""Type"": ""Introduced""}]","[""Graminoid""]",image_manifest,exact_usda_name_match
usda:PHAI,PHAI,87866,Phedimus aizoon,Phedimus aizoon (L.) 't Hart,"[""Orpin aizoon""]",Crassulaceae J. St.-Hil.,Phedimus Raf.,Species,"[{""Region"": ""CAN"", ""Status"": ""I"", ""Type"": ""Introduced""}, {""Region"": ""L48"", ""Status"": ""I"", ""Type"": ""Introduced""}]","[""Forb/herb""]",image_manifest,exact_usda_name_match
usda:PHSP9,PHSP9,87875,Phedimus spurius,Phedimus spurius (M. Bieb.) 't Hart,"[""Caucasian stonecrop""]",Crassulaceae J. St.-Hil.,Phedimus Raf.,Species,"[{""Region"": ""CAN"", ""Status"": ""I"", ""Type"": ""Introduced""}, {""Region"": ""L48"", ""Status"": ""I"", ""Type"": ""Introduced""}]",[],image_manifest,exact_usda_name_match
usda:PHAC3,PHAC3,76428,Phyllanthus acidus,Phyllanthus acidus (L.) Skeels,"[""Tahitian gooseberry tree""]",Euphorbiaceae Juss.,Phyllanthus L.,Species,"[{""Region"": ""HI"", ""Status"": ""N"", ""Type"": ""Native""}, {""Region"": ""L48"", ""Status"": ""I"", ""Type"": ""Introduced""}, {""Region"": ""PR"", ""Status"": ""I"", ""Type"": ""Introduced""}, {""Region"": ""VI"", ""Status"": ""I"", ""Type"": ""Introduced""}]","[""Shrub"", ""Tree""]",image_manifest,exact_usda_name_match
usda:PHAM5,PHAM5,76433,Phyllanthus amarus,Phyllanthus amarus Schumach. & Thonn.,"[""carry me seed""]",Euphorbiaceae Juss.,Phyllanthus L.,Species,"[{""Region"": ""L48"", ""Status"": ""I"", ""Type"": ""Introduced""}, {""Region"": ""NAV"", ""Status"": ""I"", ""Type"": ""Introduced""}, {""Region"": ""PB"", ""Status"": ""I"", ""Type"": ""Introduced""}, {""Region"": ""PR"", ""Status"": ""I"", ""Type"": ""Introduced""}, {""Region"": ""VI"", ""Status"": ""I"", ""Type"": ""Introduced""}]","[""Forb/herb""]",image_manifest,exact_usda_name_match
usda:PHEM2,PHEM2,76446,Phyllanthus emblica,Phyllanthus emblica L.,"[""emblic""]",Euphorbiaceae Juss.,Phyllanthus L.,Species,"[{""Region"": ""PR"", ""Status"": ""I"", ""Type"": ""Introduced""}]","[""Tree""]",image_manifest,exact_usda_name_match
usda:PHEP,PHEP,76448,Phyllanthus epiphyllanthus,Phyllanthus epiphyllanthus L.,"[""swordbush""]",Euphorbiaceae Juss.,Phyllanthus L.,Species,"[{""Region"": ""PR"", ""Status"": ""N"", ""Type"": ""Native""}, {""Region"": ""VI"", ""Status"": ""N"", ""Type"": ""Native""}]","[""Shrub""]",image_manifest,exact_usda_name_match
usda:PHNI2,PHNI2,76459,Phyllanthus niruri,Phyllanthus niruri L.,"[""gale of the wind""]",Euphorbiaceae Juss.,Phyllanthus L.,Species,"[{""Region"": ""L48"", ""Status"": ""N"", ""Type"": ""Native""}, {""Region"": ""NAV"", ""Status"": ""N"", ""Type"": ""Native""}, {""Region"": ""PR"", ""Status"": ""N"", ""Type"": ""Native""}, {""Region"": ""VI"", ""Status"": ""N"", ""Type"": ""Native""}]","[""Forb/herb""]",image_manifest,exact_usda_name_match
usda:PHTE5,PHTE5,76481,Phyllanthus tenellus,Phyllanthus tenellus Roxb.,"[""Mascarene Island leaf-flower""]",Euphorbiaceae Juss.,Phyllanthus L.,Species,"[{""Region"": ""HI"", ""Status"": ""I"", ""Type"": ""Introduced""}, {""Region"": ""L48"", ""Status"": ""I"", ""Type"": ""Introduced""}, {""Region"": ""PR"", ""Status"": ""I"", ""Type"": ""Introduced""}]","[""Forb/herb""]",image_manifest,exact_usda_name_match
usda:PHUR,PHUR,76482,Phyllanthus urinaria,Phyllanthus urinaria L.,"[""chamber bitter""]",Euphorbiaceae Juss.,Phyllanthus L.,Species,"[{""Region"": ""L48"", ""Status"": ""I"", ""Type"": ""Introduced""}, {""Region"": ""PB"", ""Status"": ""I"", ""Type"": ""Introduced""}, {""Region"": ""PB"", ""Status"": ""N"", ""Type"": ""Native""}, {""Region"": ""PR"", ""Status"": ""I"", ""Type"": ""Introduced""}]","[""Forb/herb""]",image_manifest,exact_usda_name_match
usda:PHAM4,PHAM4,59658,Phytolacca americana,Phytolacca americana L.,"[""American pokeweed""]",Phytolaccaceae R. Br.,Phytolacca L.,Species,"[{""Region"": ""CAN"", ""Status"": ""N"", ""Type"": ""Native""}, {""Region"": ""L48"", ""Status"": ""N"", ""Type"": ""Native""}]","[""Forb/herb""]",target_seed,exact_usda_name_match
usda:PIEC,PIEC,38853,Picris echioides,Picris echioides L.,"[""bristly oxtongue""]",Asteraceae Bercht. & J. Presl,Picris L.,Species,"[{""Region"": ""CAN"", ""Status"": ""I"", ""Type"": ""Introduced""}, {""Region"": ""L48"", ""Status"": ""I"", ""Type"": ""Introduced""}]","[""Forb/herb""]",image_manifest,exact_usda_name_match
usda:PIRA3,PIRA3,93549,Pilocarpus racemosus,Pilocarpus racemosus Vahl,"[""aceitillo""]",Rutaceae Juss.,Pilocarpus Vahl,Species,"[{""Region"": ""PR"", ""Status"": ""N"", ""Type"": ""Native""}, {""Region"": ""VI"", ""Status"": ""N"", ""Type"": ""Native""}]","[""Shrub"", ""Tree""]",image_manifest,exact_usda_name_match
usda:PIPO4,PIPO4,57038,Pilosocereus polygonus,Pilosocereus polygonus (Lam.) Byles & Rowley,"[""Deering's tree cactus""]",Cactaceae Juss.,Pilosocereus Byles & Rowley,Species,"[{""Region"": ""L48"", ""Status"": ""N"", ""Type"": ""Native""}]","[""Tree""]",image_manifest,exact_usda_name_match
usda:PIST,PIST,15568,Pinus strobus,Pinus strobus L.,"[""eastern white pine""]",Pinaceae Spreng. ex Rudolphi,Pinus L.,Species,"[{""Region"": ""CAN"", ""Status"": ""N"", ""Type"": ""Native""}, {""Region"": ""L48"", ""Status"": ""N"", ""Type"": ""Native""}, {""Region"": ""SPM"", ""Status"": ""N"", ""Type"": ""Native""}]","[""Tree""]",target_seed,exact_usda_name_match
usda:PICI,PICI,69434,Piriqueta cistoides,Piriqueta cistoides (L.) Griseb.,"[""pitted stripeseed""]",Turneraceae Kunth ex DC.,Piriqueta Aubl.,Species,"[{""Region"": ""L48"", ""Status"": ""N"", ""Type"": ""Native""}, {""Region"": ""PR"", ""Status"": ""N"", ""Type"": ""Native""}]","[""Forb/herb"", ""Subshrub""]",image_manifest,exact_usda_name_match
usda:PLMA2,PLMA2,47461,Plantago major,Plantago major L.,"[""common plantain"", ""broad-leaved plantain""]",Plantaginaceae Juss.,Plantago L.,Species,"[{""Region"": ""AK"", ""Status"": ""I"", ""Type"": ""Introduced""}, {""Region"": ""CAN"", ""Status"": ""I"", ""Type"": ""Introduced""}, {""Region"": ""GL"", ""Status"": ""I"", ""Type"": ""Introduced""}, {""Region"": ""HI"", ""Status"": ""I"", ""Type"": ""Introduced""}, {""Region"": ""L48"", ""Status"": ""I"", ""Type"": ""Introduced""}, {""Region"": ""PB"", ""Status"": ""I"", ""Type"": ""Introduced""}, {""Region"": ""PR"", ""Status"": ""I"", ""Type"": ""Introduced""}, {""Region"": ""SPM"", ""Status"": ""I"", ""Type"": ""Introduced""}, {""Region"": ""VI"", ""Status"": ""I"", ""Type"": ""Introduced""}]","[""Forb/herb""]",target_seed,exact_usda_name_match
usda:PRFA2,PRFA2,81928,Prosopis farcta,Prosopis farcta (Banks & Sol.) J.F. Macbr.,"[""Syrian mesquite""]",Fabaceae Lindl.,Prosopis L.,Species,"[{""Region"": ""L48"", ""Status"": ""I"", ""Type"": ""Introduced""}]","[""Shrub"", ""Tree""]",image_manifest,exact_usda_name_match
usda:PRSE2,PRSE2,90650,Prunus serotina,Prunus serotina Ehrh.,"[""black cherry""]",Rosaceae Juss.,Prunus L.,Species,"[{""Region"": ""CAN"", ""Status"": ""N"", ""Type"": ""Native""}, {""Region"": ""L48"", ""Status"": ""N"", ""Type"": ""Native""}]","[""Shrub"", ""Tree""]",target_seed,exact_usda_name_match
usda:PUPAM,PUPAM,73178,Pulsatilla patens,Pulsatilla patens (L.) Mill. ssp. multifida (Pritz.) Zamels,"[""cutleaf anemone""]",Ranunculaceae Juss.,Pulsatilla Mill.,Subspecies,"[{""Region"": ""AK"", ""Status"": ""N"", ""Type"": ""Native""}, {""Region"": ""CAN"", ""Status"": ""N"", ""Type"": ""Native""}, {""Region"": ""L48"", ""Status"": ""N"", ""Type"": ""Native""}]","[""Forb/herb""]",image_manifest,exact_usda_name_match
usda:PUPA5,PUPA5,73177,Pulsatilla patens,Pulsatilla patens (L.) Mill.,"[""eastern pasqueflower""]",Ranunculaceae Juss.,Pulsatilla Mill.,Species,"[{""Region"": ""AK"", ""Status"": ""N"", ""Type"": ""Native""}, {""Region"": ""CAN"", ""Status"": ""N"", ""Type"": ""Native""}, {""Region"": ""L48"", ""Status"": ""N"", ""Type"": ""Native""}]","[""Forb/herb""]",image_manifest,exact_usda_name_match
usda:PUVU,PUVU,73191,Pulsatilla vulgaris,Pulsatilla vulgaris Mill.,"[""European pasqueflower""]",Ranunculaceae Juss.,Pulsatilla Mill.,Species,[],[],image_manifest,exact_usda_name_match
usda:PUGR2,PUGR2,86583,Punica granatum,Punica granatum L.,"[""pomegranate""]",Punicaceae Bercht. & J. Presl,Punica L.,Species,"[{""Region"": ""L48"", ""Status"": ""I"", ""Type"": ""Introduced""}, {""Region"": ""PB"", ""Status"": ""I"", ""Type"": ""Introduced""}, {""Region"": ""PR"", ""Status"": ""I"", ""Type"": ""Introduced""}, {""Region"": ""VI"", ""Status"": ""I"", ""Type"": ""Introduced""}]","[""Shrub"", ""Tree""]",image_manifest,exact_usda_name_match
usda:PYCO2,PYCO2,90723,Pyracantha coccinea,Pyracantha coccinea M. Roem.,"[""scarlet firethorn""]",Rosaceae Juss.,Pyracantha M. Roem.,Species,"[{""Region"": ""CAN"", ""Status"": ""N"", ""Type"": ""Native""}, {""Region"": ""L48"", ""Status"": ""I"", ""Type"": ""Introduced""}]","[""Shrub""]",image_manifest,exact_usda_name_match
usda:PYCR7,PYCR7,90725,Pyracantha crenulata,Pyracantha crenulata (D. Don) Roem.,"[""Nepalese firethorn""]",Rosaceae Juss.,Pyracantha M. Roem.,Species,"[{""Region"": ""L48"", ""Status"": ""I"", ""Type"": ""Introduced""}]","[""Shrub""]",image_manifest,exact_usda_name_match
usda:PYKO,PYKO,90728,Pyracantha koidzumii,Pyracantha koidzumii (Hayata) Rehder,"[""Formosa firethorn""]",Rosaceae Juss.,Pyracantha M. Roem.,Species,"[{""Region"": ""HI"", ""Status"": ""I"", ""Type"": ""Introduced""}, {""Region"": ""L48"", ""Status"": ""I"", ""Type"": ""Introduced""}]","[""Shrub""]",image_manifest,exact_usda_name_match
usda:QUAL,QUAL,70172,Quercus alba,Quercus alba L.,"[""white oak""]",Fagaceae Dumort.,Quercus L.,Species,"[{""Region"": ""CAN"", ""Status"": ""N"", ""Type"": ""Native""}, {""Region"": ""L48"", ""Status"": ""N"", ""Type"": ""Native""}]","[""Tree""]",target_seed,exact_usda_name_match
usda:QURU,QURU,70448,Quercus rubra,Quercus rubra L.,"[""northern red oak""]",Fagaceae Dumort.,Quercus L.,Species,"[{""Region"": ""CAN"", ""Status"": ""N"", ""Type"": ""Native""}, {""Region"": ""L48"", ""Status"": ""N"", ""Type"": ""Native""}]","[""Tree""]",target_seed,exact_usda_name_match
usda:RAFA5,RAFA5,16743,Raphia farinifera,Raphia farinifera (Gaertn.) Hyl.,"[""raffia palm""]",Arecaceae Bercht. & J. Presl,Raphia P. Beauv.,Species,[],[],image_manifest,exact_usda_name_match
usda:RHCH13,RHCH13,39426,Rhodanthe chlorocephala,Rhodanthe chlorocephala (Turcz.) P. Wilson,"[""rosy sunray""]",Asteraceae Bercht. & J. Presl,Rhodanthe Lindl.,Species,"[{""Region"": ""L48"", ""Status"": ""I"", ""Type"": ""Introduced""}]","[""Forb/herb""]",image_manifest,exact_usda_name_match
usda:RUAL,RUAL,91009,Rubus allegheniensis,Rubus allegheniensis Porter,"[""Allegheny blackberry""]",Rosaceae Juss.,Rubus L.,Species,"[{""Region"": ""CAN"", ""Status"": ""N"", ""Type"": ""Native""}, {""Region"": ""L48"", ""Status"": ""N"", ""Type"": ""Native""}]","[""Subshrub""]",target_seed,exact_usda_name_match
usda:RUID,RUID,91260,Rubus idaeus,Rubus idaeus L.,"[""American red raspberry""]",Rosaceae Juss.,Rubus L.,Species,"[{""Region"": ""AK"", ""Status"": ""I"", ""Type"": ""Introduced""}, {""Region"": ""AK"", ""Status"": ""N"", ""Type"": ""Native""}, {""Region"": ""CAN"", ""Status"": ""I"", ""Type"": ""Introduced""}, {""Region"": ""CAN"", ""Status"": ""N"", ""Type"": ""Native""}, {""Region"": ""L48"", ""Status"": ""I"", ""Type"": ""Introduced""}, {""Region"": ""L48"", ""Status"": ""N"", ""Type"": ""Native""}, {""Region"": ""SPM"", ""Status"": ""N"", ""Type"": ""Native""}]","[""Subshrub""]",target_seed,exact_usda_name_match
usda:RUAD,RUAD,13839,Rumohra adiantiformis,Rumohra adiantiformis (G. Forst.) Ching,"[""iron fern""]",Dryopteridaceae Herter,Rumohra Raddi,Species,"[{""Region"": ""L48"", ""Status"": ""N"", ""Type"": ""Native""}, {""Region"": ""PR"", ""Status"": ""N"", ""Type"": ""Native""}]","[""Forb/herb""]",image_manifest,exact_usda_name_match
usda:SAGR,SAGR,15808,Sagittaria graminea,Sagittaria graminea Michx.,"[""grassy arrowhead""]",Alismataceae Vent.,Sagittaria L.,Species,"[{""Region"": ""CAN"", ""Status"": ""N"", ""Type"": ""Native""}, {""Region"": ""L48"", ""Status"": ""N"", ""Type"": ""Native""}]","[""Forb/herb""]",image_manifest,exact_usda_name_match
usda:SALA,SALA,15823,Sagittaria lancifolia,Sagittaria lancifolia L.,"[""bulltongue arrowhead""]",Alismataceae Vent.,Sagittaria L.,Species,"[{""Region"": ""L48"", ""Status"": ""N"", ""Type"": ""Native""}, {""Region"": ""PR"", ""Status"": ""N"", ""Type"": ""Native""}]","[""Forb/herb""]",image_manifest,exact_usda_name_match
usda:SALA2,SALA2,15829,Sagittaria latifolia,Sagittaria latifolia Willd.,"[""broadleaf arrowhead""]",Alismataceae Vent.,Sagittaria L.,Species,"[{""Region"": ""CAN"", ""Status"": ""N"", ""Type"": ""Native""}, {""Region"": ""HI"", ""Status"": ""I"", ""Type"": ""Introduced""}, {""Region"": ""L48"", ""Status"": ""N"", ""Type"": ""Native""}, {""Region"": ""PR"", ""Status"": ""N"", ""Type"": ""Native""}]","[""Forb/herb""]",image_manifest,exact_usda_name_match
usda:SAMO,SAMO,15844,Sagittaria montevidensis,Sagittaria montevidensis Cham. & Schltdl.,"[""giant arrowhead""]",Alismataceae Vent.,Sagittaria L.,Species,"[{""Region"": ""L48"", ""Status"": ""I"", ""Type"": ""Introduced""}]","[""Forb/herb""]",image_manifest,exact_usda_name_match
usda:SASA7,SASA7,15851,Sagittaria sagittifolia,Sagittaria sagittifolia L. [excluded],"[""arrowhead""]",Alismataceae Vent.,Sagittaria L.,Species,[],"[""Forb/herb""]",image_manifest,exact_usda_name_match
usda:SANIC4,SANIC4,42834,Sambucus nigra,Sambucus nigra L. ssp. canadensis (L.) R. Bolli,"[""American black elderberry"", ""common elderberry""]",Caprifoliaceae Juss.,Sambucus L.,Subspecies,"[{""Region"": ""CAN"", ""Status"": ""N"", ""Type"": ""Native""}, {""Region"": ""HI"", ""Status"": ""I"", ""Type"": ""Introduced""}, {""Region"": ""L48"", ""Status"": ""N"", ""Type"": ""Native""}, {""Region"": ""PB"", ""Status"": ""I"", ""Type"": ""Introduced""}, {""Region"": ""PR"", ""Status"": ""N"", ""Type"": ""Native""}, {""Region"": ""VI"", ""Status"": ""I"", ""Type"": ""Introduced""}]","[""Shrub"", ""Tree""]",image_manifest,exact_usda_name_match
usda:SAPA31,SAPA31,25388,Sasa palmata,Sasa palmata (hort. ex Burb.) E.G. Camas,"[""broadleaf bamboo""]",Poaceae Barnhart,Sasa Makino & Shib.,Species,"[{""Region"": ""L48"", ""Status"": ""I"", ""Type"": ""Introduced""}]","[""Graminoid"", ""Shrub"", ""Subshrub""]",image_manifest,exact_usda_name_match
usda:SCMO10,SCMO10,74806,Schefflera morototonii,"Schefflera morototonii (Aubl.) Maguire, Steyerm. & Frodin","[""matchwood""]",Araliaceae Juss.,Schefflera J.R. Forst. & G. Forst.,Species,"[{""Region"": ""PR"", ""Status"": ""N"", ""Type"": ""Native""}, {""Region"": ""VI"", ""Status"": ""N"", ""Type"": ""Native""}]","[""Tree""]",image_manifest,exact_usda_name_match
usda:SCBA4,SCBA4,93021,Schinopsis balansae,Schinopsis balansae Engl.,"[""quebracho""]",Anacardiaceae R. Br.,Schinopsis Engl.,Species,[],[],image_manifest,exact_usda_name_match
usda:SCPI3,SCPI3,39601,Schkuhria pinnata,Schkuhria pinnata (Lam.) Kuntze ex Thell.,"[""pinnate false threadleaf""]",Asteraceae Bercht. & J. Presl,Schkuhria Roth,Species,"[{""Region"": ""L48"", ""Status"": ""I"", ""Type"": ""Introduced""}, {""Region"": ""L48"", ""Status"": ""N"", ""Type"": ""Native""}]","[""Forb/herb""]",image_manifest,exact_usda_name_match
usda:SECE,SECE,25527,Secale cereale,Secale cereale L.,"[""cereal rye""]",Poaceae Barnhart,Secale L.,Species,"[{""Region"": ""AK"", ""Status"": ""I"", ""Type"": ""Introduced""}, {""Region"": ""CAN"", ""Status"": ""W"", ""Type"": ""Introduced""}, {""Region"": ""GL"", ""Status"": ""W"", ""Type"": ""Introduced""}, {""Region"": ""L48"", ""Status"": ""I"", ""Type"": ""Introduced""}]","[""Graminoid""]",image_manifest,exact_usda_name_match
usda:SEAC,SEAC,87921,Sedum acre,Sedum acre L.,"[""goldmoss stonecrop""]",Crassulaceae J. St.-Hil.,Sedum L.,Species,"[{""Region"": ""CAN"", ""Status"": ""I"", ""Type"": ""Introduced""}, {""Region"": ""GL"", ""Status"": ""I"", ""Type"": ""Introduced""}, {""Region"": ""L48"", ""Status"": ""I"", ""Type"": ""Introduced""}, {""Region"": ""SPM"", ""Status"": ""W"", ""Type"": ""Introduced""}]","[""Forb/herb""]",image_manifest,exact_usda_name_match
usda:SEAL2,SEAL2,87924,Sedum albomarginatum,Sedum albomarginatum R.T. Clausen,"[""Feather River stonecrop""]",Crassulaceae J. St.-Hil.,Sedum L.,Species,"[{""Region"": ""L48"", ""Status"": ""N"", ""Type"": ""Native""}]","[""Forb/herb""]",image_manifest,exact_usda_name_match
usda:SEAL,SEAL,87922,Sedum album,Sedum album L.,"[""white stonecrop""]",Crassulaceae J. St.-Hil.,Sedum L.,Species,"[{""Region"": ""CAN"", ""Status"": ""I"", ""Type"": ""Introduced""}, {""Region"": ""L48"", ""Status"": ""I"", ""Type"": ""Introduced""}]","[""Forb/herb""]",image_manifest,exact_usda_name_match
usda:SEAN4,SEAN4,87925,Sedum annuum,Sedum annuum L.,"[""annual stonecrop""]",Crassulaceae J. St.-Hil.,Sedum L.,Species,"[{""Region"": ""GL"", ""Status"": ""N"", ""Type"": ""Native""}]","[""Forb/herb""]",image_manifest,exact_usda_name_match
usda:SEDA2,SEDA2,87933,Sedum dasyphyllum,Sedum dasyphyllum L.,"[""thick-leaf stonecrop""]",Crassulaceae J. St.-Hil.,Sedum L.,Species,"[{""Region"": ""L48"", ""Status"": ""I"", ""Type"": ""Introduced""}]","[""Forb/herb""]",image_manifest,exact_usda_name_match
usda:SEDE8,SEDE8,87937,Sedum dendroideum,Sedum dendroideum Moc. & Sessé ex A. DC.,"[""tree stonecrop""]",Crassulaceae J. St.-Hil.,Sedum L.,Species,"[{""Region"": ""L48"", ""Status"": ""I"", ""Type"": ""Introduced""}]","[""Subshrub""]",image_manifest,exact_usda_name_match
usda:SEDI,SEDI,87938,Sedum divergens,Sedum divergens S. Watson,"[""Pacific stonecrop""]",Crassulaceae J. St.-Hil.,Sedum L.,Species,"[{""Region"": ""AK"", ""Status"": ""N"", ""Type"": ""Native""}, {""Region"": ""CAN"", ""Status"": ""N"", ""Type"": ""Native""}, {""Region"": ""L48"", ""Status"": ""N"", ""Type"": ""Native""}]","[""Forb/herb""]",image_manifest,exact_usda_name_match
usda:SEGL3,SEGL3,87946,Sedum glaucophyllum,Sedum glaucophyllum R.T. Clausen,"[""cliff stonecrop""]",Crassulaceae J. St.-Hil.,Sedum L.,Species,"[{""Region"": ""L48"", ""Status"": ""N"", ""Type"": ""Native""}]","[""Forb/herb""]",image_manifest,exact_usda_name_match
usda:SEHI,SEHI,87948,Sedum hispanicum,Sedum hispanicum L.,"[""Spanish stonecrop""]",Crassulaceae J. St.-Hil.,Sedum L.,Species,"[{""Region"": ""CAN"", ""Status"": ""I"", ""Type"": ""Introduced""}, {""Region"": ""L48"", ""Status"": ""I"", ""Type"": ""Introduced""}]","[""Forb/herb""]",image_manifest,exact_usda_name_match
usda:SELA,SELA,87950,Sedum lanceolatum,Sedum lanceolatum Torr.,"[""spearleaf stonecrop""]",Crassulaceae J. St.-Hil.,Sedum L.,Species,"[{""Region"": ""AK"", ""Status"": ""N"", ""Type"": ""Native""}, {""Region"": ""CAN"", ""Status"": ""N"", ""Type"": ""Native""}, {""Region"": ""L48"", ""Status"": ""N"", ""Type"": ""Native""}]","[""Forb/herb""]",image_manifest,exact_usda_name_match
usda:SELA2,SELA2,87959,Sedum laxum,Sedum laxum (Britton) A. Berger,"[""roseflower stonecrop""]",Crassulaceae J. St.-Hil.,Sedum L.,Species,"[{""Region"": ""L48"", ""Status"": ""N"", ""Type"": ""Native""}]","[""Forb/herb""]",image_manifest,exact_usda_name_match
usda:SELI10,SELI10,87971,Sedum lineare,Sedum lineare Thunb.,"[""needle stonecrop""]",Crassulaceae J. St.-Hil.,Sedum L.,Species,"[{""Region"": ""L48"", ""Status"": ""I"", ""Type"": ""Introduced""}]","[""Forb/herb""]",image_manifest,exact_usda_name_match
usda:SEME3,SEME3,87972,Sedum mexicanum,Sedum mexicanum Britton,"[""Mexican stonecrop""]",Crassulaceae J. St.-Hil.,Sedum L.,Species,"[{""Region"": ""L48"", ""Status"": ""I"", ""Type"": ""Introduced""}]","[""Forb/herb""]",image_manifest,exact_usda_name_match
usda:SEMO2,SEMO2,87973,Sedum moranense,Sedum moranense Kunth,"[""red stonecrop""]",Crassulaceae J. St.-Hil.,Sedum L.,Species,"[{""Region"": ""L48"", ""Status"": ""N"", ""Type"": ""Native""}]","[""Forb/herb""]",image_manifest,exact_usda_name_match
usda:SENI,SENI,87983,Sedum niveum,Sedum niveum Davidson,"[""Davidson's stonecrop""]",Crassulaceae J. St.-Hil.,Sedum L.,Species,"[{""Region"": ""L48"", ""Status"": ""N"", ""Type"": ""Native""}]","[""Forb/herb""]",image_manifest,exact_usda_name_match
usda:SEOB,SEOB,87986,Sedum obtusatum,Sedum obtusatum A. Gray,"[""Sierra stonecrop""]",Crassulaceae J. St.-Hil.,Sedum L.,Species,"[{""Region"": ""L48"", ""Status"": ""N"", ""Type"": ""Native""}]","[""Forb/herb""]",image_manifest,exact_usda_name_match
usda:SEOR,SEOR,87996,Sedum oreganum,Sedum oreganum Nutt.,"[""Oregon stonecrop""]",Crassulaceae J. St.-Hil.,Sedum L.,Species,"[{""Region"": ""AK"", ""Status"": ""N"", ""Type"": ""Native""}, {""Region"": ""CAN"", ""Status"": ""N"", ""Type"": ""Native""}, {""Region"": ""L48"", ""Status"": ""N"", ""Type"": ""Native""}]","[""Forb/herb""]",image_manifest,exact_usda_name_match
usda:SEPR2,SEPR2,88006,Sedum praealtum,Sedum praealtum DC.,"[""green cockscomb""]",Crassulaceae J. St.-Hil.,Sedum L.,Species,"[{""Region"": ""L48"", ""Status"": ""I"", ""Type"": ""Introduced""}]","[""Forb/herb""]",image_manifest,exact_usda_name_match
usda:SEPU,SEPU,88007,Sedum pulchellum,Sedum pulchellum Michx.,"[""widowscross""]",Crassulaceae J. St.-Hil.,Sedum L.,Species,"[{""Region"": ""L48"", ""Status"": ""N"", ""Type"": ""Native""}]","[""Forb/herb""]",image_manifest,exact_usda_name_match
usda:SESA,SESA,88031,Sedum sarmentosum,Sedum sarmentosum Bunge,"[""stringy stonecrop""]",Crassulaceae J. St.-Hil.,Sedum L.,Species,"[{""Region"": ""CAN"", ""Status"": ""I"", ""Type"": ""Introduced""}, {""Region"": ""L48"", ""Status"": ""I"", ""Type"": ""Introduced""}]","[""Forb/herb""]",image_manifest,exact_usda_name_match
usda:SESE6,SESE6,88032,Sedum sexangulare,Sedum sexangulare L.,"[""tasteless stonecrop""]",Crassulaceae J. St.-Hil.,Sedum L.,Species,"[{""Region"": ""CAN"", ""Status"": ""I"", ""Type"": ""Introduced""}, {""Region"": ""L48"", ""Status"": ""I"", ""Type"": ""Introduced""}]","[""Forb/herb""]",image_manifest,exact_usda_name_match
usda:SESP,SESP,88033,Sedum spathulifolium,Sedum spathulifolium Hook.,"[""broadleaf stonecrop""]",Crassulaceae J. St.-Hil.,Sedum L.,Species,"[{""Region"": ""CAN"", ""Status"": ""N"", ""Type"": ""Native""}, {""Region"": ""L48"", ""Status"": ""N"", ""Type"": ""Native""}]","[""Forb/herb""]",image_manifest,exact_usda_name_match
usda:SETE3,SETE3,88052,Sedum ternatum,Sedum ternatum Michx.,"[""woodland stonecrop""]",Crassulaceae J. St.-Hil.,Sedum L.,Species,"[{""Region"": ""CAN"", ""Status"": ""I"", ""Type"": ""Introduced""}, {""Region"": ""L48"", ""Status"": ""N"", ""Type"": ""Native""}]","[""Forb/herb""]",image_manifest,exact_usda_name_match
usda:SEVI6,SEVI6,88055,Sedum villosum,Sedum villosum L.,"[""purple stonecrop""]",Crassulaceae J. St.-Hil.,Sedum L.,Species,"[{""Region"": ""CAN"", ""Status"": ""N"", ""Type"": ""Native""}, {""Region"": ""GL"", ""Status"": ""N"", ""Type"": ""Native""}]","[""Forb/herb""]",image_manifest,exact_usda_name_match
usda:SEGR10,SEGR10,57123,Selenicereus grandiflorus,Selenicereus grandiflorus (L.) Britton & Rose,"[""queen of the night""]",Cactaceae Juss.,Selenicereus (A. Berger) Britton & Rose,Species,"[{""Region"": ""HI"", ""Status"": ""I"", ""Type"": ""Introduced""}, {""Region"": ""PR"", ""Status"": ""I"", ""Type"": ""Introduced""}, {""Region"": ""VI"", ""Status"": ""I"", ""Type"": ""Introduced""}]","[""Shrub""]",image_manifest,exact_usda_name_match
usda:SEBE2,SEBE2,82208,Senegalia berlandieri,Senegalia berlandieri Britton & Rose,"[""guajillo""]",Fabaceae Lindl.,Senegalia Raf.,Species,"[{""Region"": ""L48"", ""Status"": ""N"", ""Type"": ""Native""}]","[""Shrub"", ""Tree""]",image_manifest,exact_usda_name_match
usda:SEME9,SEME9,82226,Senegalia mellifera,Senegalia mellifera (Vahl) L.A.Silva & J.Freitas,[],Fabaceae Lindl.,Senegalia Raf.,Species,[],[],image_manifest,exact_usda_name_match
usda:SESE16,SESE16,82251,Senegalia senegal,Senegalia senegal (L.) Britton,"[""gum arabic""]",Fabaceae Lindl.,Senegalia Raf.,Species,[],[],image_manifest,exact_usda_name_match
usda:SMAS,SMAS,29545,Smilax aspera,Smilax aspera L.,"[""rough bindweed""]",Smilacaceae Vent.,Smilax L.,Species,[],[],image_manifest,exact_usda_name_match
usda:SMBO2,SMBO2,29550,Smilax bona-nox,Smilax bona-nox L.,"[""saw greenbrier""]",Smilacaceae Vent.,Smilax L.,Species,"[{""Region"": ""L48"", ""Status"": ""N"", ""Type"": ""Native""}]","[""Shrub"", ""Vine""]",image_manifest,exact_usda_name_match
usda:SMCH,SMCH,29557,Smilax china,Smilax china L.,"[""China root""]",Smilacaceae Vent.,Smilax L.,Species,[],[],image_manifest,exact_usda_name_match
usda:SMGL,SMGL,29562,Smilax glauca,Smilax glauca Walter,"[""cat greenbrier""]",Smilacaceae Vent.,Smilax L.,Species,"[{""Region"": ""L48"", ""Status"": ""N"", ""Type"": ""Native""}]","[""Shrub"", ""Vine""]",image_manifest,exact_usda_name_match
usda:SMHE,SMHE,29565,Smilax herbacea,Smilax herbacea L.,"[""smooth carrionflower""]",Smilacaceae Vent.,Smilax L.,Species,"[{""Region"": ""CAN"", ""Status"": ""N"", ""Type"": ""Native""}, {""Region"": ""L48"", ""Status"": ""N"", ""Type"": ""Native""}]","[""Forb/herb"", ""Vine""]",image_manifest,exact_usda_name_match
usda:SMLA,SMLA,29572,Smilax laurifolia,Smilax laurifolia L.,"[""laurel greenbrier""]",Smilacaceae Vent.,Smilax L.,Species,"[{""Region"": ""L48"", ""Status"": ""N"", ""Type"": ""Native""}]","[""Shrub"", ""Vine""]",image_manifest,exact_usda_name_match
usda:SMRO,SMRO,29592,Smilax rotundifolia,Smilax rotundifolia L.,"[""roundleaf greenbrier""]",Smilacaceae Vent.,Smilax L.,Species,"[{""Region"": ""CAN"", ""Status"": ""N"", ""Type"": ""Native""}, {""Region"": ""L48"", ""Status"": ""N"", ""Type"": ""Native""}]","[""Shrub"", ""Vine""]",image_manifest,exact_usda_name_match
usda:SMTA2,SMTA2,29598,Smilax tamnoides,Smilax tamnoides L.,"[""bristly greenbrier""]",Smilacaceae Vent.,Smilax L.,Species,"[{""Region"": ""CAN"", ""Status"": ""N"", ""Type"": ""Native""}, {""Region"": ""L48"", ""Status"": ""N"", ""Type"": ""Native""}]","[""Shrub"", ""Vine""]",image_manifest,exact_usda_name_match
usda:SODU,SODU,55399,Solanum dulcamara,Solanum dulcamara L.,"[""climbing nightshade""]",Solanaceae Juss.,Solanum L.,Species,"[{""Region"": ""CAN"", ""Status"": ""I"", ""Type"": ""Introduced""}, {""Region"": ""L48"", ""Status"": ""I"", ""Type"": ""Introduced""}]","[""Forb/herb"", ""Subshrub"", ""Vine""]",target_seed,exact_usda_name_match
usda:SPRU,SPRU,58370,Spergularia rubra,Spergularia rubra (L.) J. Presl & C. Presl,"[""red sandspurry""]",Caryophyllaceae Juss.,Spergularia (Pers.) J. Presl & C. Presl,Species,"[{""Region"": ""AK"", ""Status"": ""I"", ""Type"": ""Introduced""}, {""Region"": ""CAN"", ""Status"": ""I"", ""Type"": ""Introduced""}, {""Region"": ""L48"", ""Status"": ""I"", ""Type"": ""Introduced""}, {""Region"": ""SPM"", ""Status"": ""I"", ""Type"": ""Introduced""}]","[""Forb/herb""]",image_manifest,exact_usda_name_match
usda:STPI,STPI,64036,Stanleya pinnata,Stanleya pinnata (Pursh) Britton,"[""desert princesplume""]",Brassicaceae Burnett,Stanleya Nutt.,Species,"[{""Region"": ""L48"", ""Status"": ""N"", ""Type"": ""Native""}]","[""Forb/herb"", ""Subshrub""]",image_manifest,exact_usda_name_match
usda:STVE,STVE,52490,Stemodia verticillata,Stemodia verticillata (Mill.) Hassler,"[""whorled twintip""]",Scrophulariaceae Juss.,Stemodia L.,Species,"[{""Region"": ""PB"", ""Status"": ""I"", ""Type"": ""Introduced""}, {""Region"": ""PR"", ""Status"": ""N"", ""Type"": ""Native""}]","[""Forb/herb""]",image_manifest,exact_usda_name_match
usda:STAS2,STAS2,52494,Striga asiatica,Striga asiatica (L.) Kuntze,"[""Asiatic witchweed"", ""ngauldruda  (Palau)""]",Scrophulariaceae Juss.,Striga Lour.,Species,"[{""Region"": ""L48"", ""Status"": ""I"", ""Type"": ""Introduced""}, {""Region"": ""PB"", ""Status"": ""N"", ""Type"": ""Native""}]","[""Forb/herb""]",image_manifest,exact_usda_name_match
usda:TAER,TAER,41071,Tagetes erecta,Tagetes erecta L.,"[""Aztec marigold""]",Asteraceae Bercht. & J. Presl,Tagetes L.,Species,"[{""Region"": ""CAN"", ""Status"": ""W"", ""Type"": ""Introduced""}, {""Region"": ""L48"", ""Status"": ""I"", ""Type"": ""Introduced""}, {""Region"": ""PB"", ""Status"": ""I"", ""Type"": ""Introduced""}, {""Region"": ""PR"", ""Status"": ""I"", ""Type"": ""Introduced""}, {""Region"": ""VI"", ""Status"": ""I"", ""Type"": ""Introduced""}]","[""Forb/herb""]",image_manifest,exact_usda_name_match
usda:TALE,TALE,41073,Tagetes lemmonii,Tagetes lemmonii A. Gray,"[""Lemmon's marigold""]",Asteraceae Bercht. & J. Presl,Tagetes L.,Species,"[{""Region"": ""L48"", ""Status"": ""N"", ""Type"": ""Native""}]","[""Subshrub""]",image_manifest,exact_usda_name_match
usda:TALU3,TALU3,41076,Tagetes lucida,Tagetes lucida Cav.,"[""sweetscented marigold""]",Asteraceae Bercht. & J. Presl,Tagetes L.,Species,[],[],image_manifest,exact_usda_name_match
usda:TAMI3,TAMI3,41080,Tagetes minuta,Tagetes minuta L.,"[""muster John Henry""]",Asteraceae Bercht. & J. Presl,Tagetes L.,Species,"[{""Region"": ""CAN"", ""Status"": ""I"", ""Type"": ""Introduced""}, {""Region"": ""HI"", ""Status"": ""I"", ""Type"": ""Introduced""}, {""Region"": ""L48"", ""Status"": ""I"", ""Type"": ""Introduced""}]","[""Forb/herb""]",image_manifest,exact_usda_name_match
usda:TAPA,TAPA,41085,Tagetes patula,Tagetes patula L.,"[""French marigold""]",Asteraceae Bercht. & J. Presl,Tagetes L.,Species,"[{""Region"": ""L48"", ""Status"": ""I"", ""Type"": ""Introduced""}, {""Region"": ""PR"", ""Status"": ""I"", ""Type"": ""Introduced""}]","[""Forb/herb""]",image_manifest,exact_usda_name_match
usda:TEAR7,TEAR7,15297,Tetraclinis articulata,Tetraclinis articulata (Vahl) Masters,"[""arar tree""]",Cupressaceae Gray,Tetraclinis Masters,Species,[],[],image_manifest,exact_usda_name_match
usda:THQU2,THQU2,14894,Thelypteris quelpaertensis,Thelypteris quelpaertensis (Christ) Ching,"[""queen's-veil maiden fern""]",Thelypteridaceae Ching ex Pic. Serm.,Thelypteris Schmidel,Species,"[{""Region"": ""AK"", ""Status"": ""N"", ""Type"": ""Native""}, {""Region"": ""CAN"", ""Status"": ""N"", ""Type"": ""Native""}, {""Region"": ""L48"", ""Status"": ""N"", ""Type"": ""Native""}]","[""Forb/herb""]",image_manifest,exact_usda_name_match
usda:THLI3,THLI3,92640,Thesium linophyllon,Thesium linophyllon L. [excluded],"[""flaxleaf""]",Santalaceae R. Br.,Thesium L.,Species,[],"[""Forb/herb""]",image_manifest,exact_usda_name_match
usda:TODI,TODI,93044,Toxicodendron diversilobum,Toxicodendron diversilobum (Torr. & A. Gray) Greene,"[""Pacific poison oak""]",Anacardiaceae R. Br.,Toxicodendron Mill.,Species,"[{""Region"": ""CAN"", ""Status"": ""N"", ""Type"": ""Native""}, {""Region"": ""L48"", ""Status"": ""N"", ""Type"": ""Native""}]","[""Shrub"", ""Vine""]",target_seed,exact_usda_name_match
usda:TORA2,TORA2,93054,Toxicodendron radicans,Toxicodendron radicans (L.) Kuntze,"[""eastern poison ivy""]",Anacardiaceae R. Br.,Toxicodendron Mill.,Species,"[{""Region"": ""CAN"", ""Status"": ""N"", ""Type"": ""Native""}, {""Region"": ""L48"", ""Status"": ""N"", ""Type"": ""Native""}]","[""Forb/herb"", ""Shrub"", ""Subshrub"", ""Vine""]",target_seed,exact_usda_name_match
usda:TOVE,TOVE,93081,Toxicodendron vernix,Toxicodendron vernix (L.) Kuntze,"[""poison sumac""]",Anacardiaceae R. Br.,Toxicodendron Mill.,Species,"[{""Region"": ""CAN"", ""Status"": ""N"", ""Type"": ""Native""}, {""Region"": ""L48"", ""Status"": ""N"", ""Type"": ""Native""}]","[""Shrub"", ""Tree""]",target_seed,exact_usda_name_match
usda:TRJA,TRJA,43467,Trachelospermum jasminoides,Trachelospermum jasminoides (Lindl.) Lem.,"[""confederate jasmine""]",Apocynaceae Juss.,Trachelospermum Lem.,Species,"[{""Region"": ""L48"", ""Status"": ""I"", ""Type"": ""Introduced""}]","[""Vine""]",image_manifest,exact_usda_name_match
usda:TRCR13,TRCR13,16970,Tradescantia crassifolia,Tradescantia crassifolia Cav.,"[""leatherleaf spiderwort""]",Commelinaceae Mirb.,Tradescantia L.,Species,"[{""Region"": ""L48"", ""Status"": ""N"", ""Type"": ""Native""}]","[""Forb/herb""]",image_manifest,exact_usda_name_match
usda:TRFL,TRFL,16975,Tradescantia fluminensis,Tradescantia fluminensis Vell.,"[""small-leaf spiderwort""]",Commelinaceae Mirb.,Tradescantia L.,Species,"[{""Region"": ""L48"", ""Status"": ""I"", ""Type"": ""Introduced""}]","[""Forb/herb""]",image_manifest,exact_usda_name_match
usda:TROC,TROC,16990,Tradescantia occidentalis,Tradescantia occidentalis (Britton) Smyth,"[""prairie spiderwort""]",Commelinaceae Mirb.,Tradescantia L.,Species,"[{""Region"": ""CAN"", ""Status"": ""N"", ""Type"": ""Native""}, {""Region"": ""L48"", ""Status"": ""N"", ""Type"": ""Native""}]","[""Forb/herb""]",image_manifest,exact_usda_name_match
usda:TROH,TROH,16996,Tradescantia ohiensis,Tradescantia ohiensis Raf.,"[""bluejacket""]",Commelinaceae Mirb.,Tradescantia L.,Species,"[{""Region"": ""CAN"", ""Status"": ""N"", ""Type"": ""Native""}, {""Region"": ""L48"", ""Status"": ""N"", ""Type"": ""Native""}]","[""Forb/herb""]",image_manifest,exact_usda_name_match
usda:TRPA10,TRPA10,17003,Tradescantia pallida,Tradescantia pallida (Rose) D.R. Hunt,"[""purple queen""]",Commelinaceae Mirb.,Tradescantia L.,Species,"[{""Region"": ""L48"", ""Status"": ""N"", ""Type"": ""Native""}, {""Region"": ""PR"", ""Status"": ""I"", ""Type"": ""Introduced""}, {""Region"": ""VI"", ""Status"": ""I"", ""Type"": ""Introduced""}]","[""Forb/herb""]",image_manifest,exact_usda_name_match
usda:TRSP8,TRSP8,17013,Tradescantia spathacea,Tradescantia spathacea Sw.,"[""boatlily""]",Commelinaceae Mirb.,Tradescantia L.,Species,"[{""Region"": ""HI"", ""Status"": ""I"", ""Type"": ""Introduced""}, {""Region"": ""L48"", ""Status"": ""I"", ""Type"": ""Introduced""}, {""Region"": ""PB"", ""Status"": ""I"", ""Type"": ""Introduced""}, {""Region"": ""PR"", ""Status"": ""I"", ""Type"": ""Introduced""}, {""Region"": ""VI"", ""Status"": ""I"", ""Type"": ""Introduced""}]","[""Forb/herb""]",image_manifest,exact_usda_name_match
usda:TRSU2,TRSU2,17020,Tradescantia subaspera,Tradescantia subaspera Ker Gawl.,"[""zigzag spiderwort""]",Commelinaceae Mirb.,Tradescantia L.,Species,"[{""Region"": ""L48"", ""Status"": ""N"", ""Type"": ""Native""}]","[""Forb/herb""]",image_manifest,exact_usda_name_match
usda:TRVI,TRVI,17027,Tradescantia virginiana,Tradescantia virginiana L.,"[""Virginia spiderwort""]",Commelinaceae Mirb.,Tradescantia L.,Species,"[{""Region"": ""CAN"", ""Status"": ""I"", ""Type"": ""Introduced""}, {""Region"": ""L48"", ""Status"": ""N"", ""Type"": ""Native""}]","[""Forb/herb""]",image_manifest,exact_usda_name_match
usda:TRZE,TRZE,17041,Tradescantia zebrina,Tradescantia zebrina hort. ex Bosse,"[""inchplant""]",Commelinaceae Mirb.,Tradescantia L.,Species,"[{""Region"": ""HI"", ""Status"": ""I"", ""Type"": ""Introduced""}, {""Region"": ""L48"", ""Status"": ""I"", ""Type"": ""Introduced""}, {""Region"": ""PB"", ""Status"": ""I"", ""Type"": ""Introduced""}, {""Region"": ""PR"", ""Status"": ""I"", ""Type"": ""Introduced""}, {""Region"": ""VI"", ""Status"": ""I"", ""Type"": ""Introduced""}]","[""Forb/herb""]",image_manifest,exact_usda_name_match
usda:TRSE6,TRSE6,76575,Triadica sebifera,Triadica sebifera (L.) Small,"[""Chinese tallow""]",Euphorbiaceae Juss.,Triadica Loureiro,Species,"[{""Region"": ""L48"", ""Status"": ""I"", ""Type"": ""Introduced""}]","[""Tree""]",image_manifest,exact_usda_name_match
usda:TRAL6,TRAL6,82780,Trifolium alexandrinum,Trifolium alexandrinum L.,"[""Egyptian clover"", ""berseem clover""]",Fabaceae Lindl.,Trifolium L.,Species,"[{""Region"": ""L48"", ""Status"": ""I"", ""Type"": ""Introduced""}]","[""Forb/herb""]",image_manifest,exact_usda_name_match
usda:TRAL10,TRAL10,82767,Trifolium alpestre,Trifolium alpestre L.,"[""owl-head clover"", ""purple-globe clover""]",Fabaceae Lindl.,Trifolium L.,Species,[],[],image_manifest,exact_usda_name_match
usda:TRAL11,TRAL11,82768,Trifolium alpinum,Trifolium alpinum L.,"[""alpine clover""]",Fabaceae Lindl.,Trifolium L.,Species,[],[],image_manifest,exact_usda_name_match
usda:TRAN6,TRAN6,82795,Trifolium angustifolium,Trifolium angustifolium L.,"[""narrowleaf crimson clover""]",Fabaceae Lindl.,Trifolium L.,Species,"[{""Region"": ""L48"", ""Status"": ""I"", ""Type"": ""Introduced""}]","[""Forb/herb""]",image_manifest,exact_usda_name_match
usda:TRAR4,TRAR4,82798,Trifolium arvense,Trifolium arvense L.,"[""rabbitfoot clover""]",Fabaceae Lindl.,Trifolium L.,Species,"[{""Region"": ""CAN"", ""Status"": ""I"", ""Type"": ""Introduced""}, {""Region"": ""HI"", ""Status"": ""I"", ""Type"": ""Introduced""}, {""Region"": ""L48"", ""Status"": ""I"", ""Type"": ""Introduced""}, {""Region"": ""SPM"", ""Status"": ""I"", ""Type"": ""Introduced""}, {""Region"": ""SPM"", ""Status"": ""W"", ""Type"": ""Introduced""}]","[""Forb/herb""]",image_manifest,exact_usda_name_match
usda:TRAU2,TRAU2,82807,Trifolium aureum,Trifolium aureum Pollich,"[""golden clover""]",Fabaceae Lindl.,Trifolium L.,Species,"[{""Region"": ""AK"", ""Status"": ""I"", ""Type"": ""Introduced""}, {""Region"": ""CAN"", ""Status"": ""I"", ""Type"": ""Introduced""}, {""Region"": ""L48"", ""Status"": ""I"", ""Type"": ""Introduced""}, {""Region"": ""SPM"", ""Status"": ""I"", ""Type"": ""Introduced""}]","[""Forb/herb""]",image_manifest,exact_usda_name_match
usda:TRBA7,TRBA7,82816,Trifolium badium,Trifolium badium Schreb.,[],Fabaceae Lindl.,Trifolium L.,Species,[],[],image_manifest,exact_usda_name_match
usda:TRCA5,TRCA5,82835,Trifolium campestre,Trifolium campestre Schreb.,"[""field clover""]",Fabaceae Lindl.,Trifolium L.,Species,"[{""Region"": ""AK"", ""Status"": ""I"", ""Type"": ""Introduced""}, {""Region"": ""CAN"", ""Status"": ""I"", ""Type"": ""Introduced""}, {""Region"": ""L48"", ""Status"": ""I"", ""Type"": ""Introduced""}, {""Region"": ""SPM"", ""Status"": ""I"", ""Type"": ""Introduced""}]","[""Forb/herb""]",image_manifest,exact_usda_name_match
usda:TRCH6,TRCH6,82842,Trifolium cherleri,Trifolium cherleri L.,[],Fabaceae Lindl.,Trifolium L.,Species,[],[],image_manifest,exact_usda_name_match
usda:TRDU2,TRDU2,82885,Trifolium dubium,Trifolium dubium Sibth.,"[""suckling clover""]",Fabaceae Lindl.,Trifolium L.,Species,"[{""Region"": ""AK"", ""Status"": ""I"", ""Type"": ""Introduced""}, {""Region"": ""CAN"", ""Status"": ""I"", ""Type"": ""Introduced""}, {""Region"": ""HI"", ""Status"": ""I"", ""Type"": ""Introduced""}, {""Region"": ""L48"", ""Status"": ""I"", ""Type"": ""Introduced""}]","[""Forb/herb""]",image_manifest,exact_usda_name_match
usda:TRFR2,TRFR2,82906,Trifolium fragiferum,Trifolium fragiferum L.,"[""strawberry clover""]",Fabaceae Lindl.,Trifolium L.,Species,"[{""Region"": ""CAN"", ""Status"": ""I"", ""Type"": ""Introduced""}, {""Region"": ""L48"", ""Status"": ""I"", ""Type"": ""Introduced""}]","[""Forb/herb""]",image_manifest,exact_usda_name_match
usda:TRGL4,TRGL4,82917,Trifolium glomeratum,Trifolium glomeratum L.,"[""clustered clover""]",Fabaceae Lindl.,Trifolium L.,Species,"[{""Region"": ""HI"", ""Status"": ""I"", ""Type"": ""Introduced""}, {""Region"": ""L48"", ""Status"": ""I"", ""Type"": ""Introduced""}]","[""Forb/herb""]",image_manifest,exact_usda_name_match
usda:TRHI4,TRHI4,82938,Trifolium hirtum,Trifolium hirtum All.,"[""rose clover""]",Fabaceae Lindl.,Trifolium L.,Species,"[{""Region"": ""L48"", ""Status"": ""I"", ""Type"": ""Introduced""}]","[""Forb/herb""]",image_manifest,exact_usda_name_match
usda:TRHY,TRHY,82940,Trifolium hybridum,Trifolium hybridum L.,"[""alsike clover""]",Fabaceae Lindl.,Trifolium L.,Species,"[{""Region"": ""AK"", ""Status"": ""I"", ""Type"": ""Introduced""}, {""Region"": ""CAN"", ""Status"": ""I"", ""Type"": ""Introduced""}, {""Region"": ""HI"", ""Status"": ""I"", ""Type"": ""Introduced""}, {""Region"": ""L48"", ""Status"": ""I"", ""Type"": ""Introduced""}, {""Region"": ""SPM"", ""Status"": ""I"", ""Type"": ""Introduced""}]","[""Forb/herb""]",image_manifest,exact_usda_name_match
usda:TRIN3,TRIN3,82945,Trifolium incarnatum,Trifolium incarnatum L.,"[""crimson clover""]",Fabaceae Lindl.,Trifolium L.,Species,"[{""Region"": ""CAN"", ""Status"": ""W"", ""Type"": ""Introduced""}, {""Region"": ""HI"", ""Status"": ""I"", ""Type"": ""Introduced""}, {""Region"": ""L48"", ""Status"": ""I"", ""Type"": ""Introduced""}]","[""Forb/herb""]",image_manifest,exact_usda_name_match
usda:TRLA18,TRLA18,82955,Trifolium lappaceum,Trifolium lappaceum L.,"[""burdock clover""]",Fabaceae Lindl.,Trifolium L.,Species,"[{""Region"": ""L48"", ""Status"": ""I"", ""Type"": ""Introduced""}]","[""Forb/herb""]",image_manifest,exact_usda_name_match
usda:TRME,TRME,83024,Trifolium medium,Trifolium medium L.,"[""zigzag clover""]",Fabaceae Lindl.,Trifolium L.,Species,"[{""Region"": ""CAN"", ""Status"": ""I"", ""Type"": ""Introduced""}, {""Region"": ""L48"", ""Status"": ""I"", ""Type"": ""Introduced""}]","[""Forb/herb""]",image_manifest,exact_usda_name_match
usda:TRMI14,TRMI14,83027,Trifolium michelianum,Trifolium michelianum Savi,"[""bigflower clover""]",Fabaceae Lindl.,Trifolium L.,Species,"[{""Region"": ""L48"", ""Status"": ""I"", ""Type"": ""Introduced""}]","[""Forb/herb""]",image_manifest,exact_usda_name_match
usda:TRMI17,TRMI17,83031,Trifolium micranthum,Trifolium micranthum Viv.,"[""slender hop clover""]",Fabaceae Lindl.,Trifolium L.,Species,[],[],image_manifest,exact_usda_name_match
usda:TRMO19,TRMO19,83037,Trifolium montanum,Trifolium montanum L.,"[""mountain clover""]",Fabaceae Lindl.,Trifolium L.,Species,[],[],image_manifest,exact_usda_name_match
usda:TRNI3,TRNI3,83069,Trifolium nigrescens,Trifolium nigrescens Viv.,"[""small white clover""]",Fabaceae Lindl.,Trifolium L.,Species,"[{""Region"": ""L48"", ""Status"": ""I"", ""Type"": ""Introduced""}]","[""Forb/herb""]",image_manifest,exact_usda_name_match
usda:TRPA20,TRPA20,83089,Trifolium pallescens,Trifolium pallescens Schreb.,[],Fabaceae Lindl.,Trifolium L.,Species,[],[],image_manifest,exact_usda_name_match
usda:TRPA22,TRPA22,83091,Trifolium pannonicum,Trifolium pannonicum Jacq.,"[""Hungarian clover""]",Fabaceae Lindl.,Trifolium L.,Species,"[{""Region"": ""CAN"", ""Status"": ""I"", ""Type"": ""Introduced""}]","[""Forb/herb""]",image_manifest,exact_usda_name_match
usda:TRPA24,TRPA24,83094,Trifolium patens,Trifolium patens Schreb.,[],Fabaceae Lindl.,Trifolium L.,Species,[],[],image_manifest,exact_usda_name_match
usda:TRPR2,TRPR2,83120,Trifolium pratense,Trifolium pratense L.,"[""red clover""]",Fabaceae Lindl.,Trifolium L.,Species,"[{""Region"": ""AK"", ""Status"": ""I"", ""Type"": ""Introduced""}, {""Region"": ""CAN"", ""Status"": ""I"", ""Type"": ""Introduced""}, {""Region"": ""GL"", ""Status"": ""I"", ""Type"": ""Introduced""}, {""Region"": ""HI"", ""Status"": ""I"", ""Type"": ""Introduced""}, {""Region"": ""L48"", ""Status"": ""I"", ""Type"": ""Introduced""}, {""Region"": ""PR"", ""Status"": ""I"", ""Type"": ""Introduced""}, {""Region"": ""SPM"", ""Status"": ""I"", ""Type"": ""Introduced""}]","[""Forb/herb""]",image_manifest,exact_usda_name_match
usda:TRPU15,TRPU15,83126,Trifolium purpureum,Trifolium purpureum Loisel,"[""purple clover""]",Fabaceae Lindl.,Trifolium L.,Species,"[{""Region"": ""L48"", ""Status"": ""I"", ""Type"": ""Introduced""}]","[""Forb/herb""]",image_manifest,exact_usda_name_match
usda:TRRE3,TRRE3,83132,Trifolium repens,Trifolium repens L.,"[""white clover"", ""Dutch clover"", ""ladino clover"", ""white Dutch clover""]",Fabaceae Lindl.,Trifolium L.,Species,"[{""Region"": ""AK"", ""Status"": ""I"", ""Type"": ""Introduced""}, {""Region"": ""CAN"", ""Status"": ""I"", ""Type"": ""Introduced""}, {""Region"": ""GL"", ""Status"": ""I"", ""Type"": ""Introduced""}, {""Region"": ""HI"", ""Status"": ""I"", ""Type"": ""Introduced""}, {""Region"": ""L48"", ""Status"": ""I"", ""Type"": ""Introduced""}, {""Region"": ""SPM"", ""Status"": ""I"", ""Type"": ""Introduced""}]","[""Forb/herb""]",image_manifest,exact_usda_name_match
usda:TRRE4,TRRE4,83137,Trifolium resupinatum,Trifolium resupinatum L.,"[""reversed clover""]",Fabaceae Lindl.,Trifolium L.,Species,"[{""Region"": ""CAN"", ""Status"": ""W"", ""Type"": ""Introduced""}, {""Region"": ""HI"", ""Status"": ""I"", ""Type"": ""Introduced""}, {""Region"": ""L48"", ""Status"": ""I"", ""Type"": ""Introduced""}]","[""Forb/herb""]",image_manifest,exact_usda_name_match
usda:TRRU9,TRRU9,83144,Trifolium rubens,Trifolium rubens L.,[],Fabaceae Lindl.,Trifolium L.,Species,[],[],image_manifest,exact_usda_name_match
usda:TRSC7,TRSC7,83145,Trifolium scabrum,Trifolium scabrum L.,"[""rough clover""]",Fabaceae Lindl.,Trifolium L.,Species,"[{""Region"": ""L48"", ""Status"": ""I"", ""Type"": ""Introduced""}]","[""Forb/herb""]",image_manifest,exact_usda_name_match
usda:TRSP10,TRSP10,83150,Trifolium spadiceum,Trifolium spadiceum L.,"[""brown moor clover""]",Fabaceae Lindl.,Trifolium L.,Species,[],[],image_manifest,exact_usda_name_match
usda:TRSP82,TRSP82,83151,Trifolium spumosum,Trifolium spumosum L.,"[""Mediterranean clover""]",Fabaceae Lindl.,Trifolium L.,Species,"[{""Region"": ""L48"", ""Status"": ""I"", ""Type"": ""Introduced""}]","[""Forb/herb""]",image_manifest,exact_usda_name_match
usda:TRSQ,TRSQ,83152,Trifolium squamosum,Trifolium squamosum L.,"[""sea clover""]",Fabaceae Lindl.,Trifolium L.,Species,"[{""Region"": ""L48"", ""Status"": ""I"", ""Type"": ""Introduced""}]","[""Forb/herb""]",image_manifest,exact_usda_name_match
usda:TRST13,TRST13,83156,Trifolium stellatum,Trifolium stellatum L.,"[""star clover"", ""starry clover""]",Fabaceae Lindl.,Trifolium L.,Species,"[{""Region"": ""L48"", ""Status"": ""I"", ""Type"": ""Introduced""}]","[""Forb/herb""]",image_manifest,exact_usda_name_match
usda:TRST5,TRST5,83160,Trifolium striatum,Trifolium striatum L.,"[""knotted clover""]",Fabaceae Lindl.,Trifolium L.,Species,"[{""Region"": ""L48"", ""Status"": ""I"", ""Type"": ""Introduced""}]","[""Forb/herb""]",image_manifest,exact_usda_name_match
usda:TRSU3,TRSU3,83162,Trifolium subterraneum,Trifolium subterraneum L.,"[""subterranean clover"", ""sub clover""]",Fabaceae Lindl.,Trifolium L.,Species,"[{""Region"": ""CAN"", ""Status"": ""I"", ""Type"": ""Introduced""}, {""Region"": ""HI"", ""Status"": ""I"", ""Type"": ""Introduced""}, {""Region"": ""L48"", ""Status"": ""I"", ""Type"": ""Introduced""}]","[""Forb/herb""]",image_manifest,exact_usda_name_match
usda:TRTH4,TRTH4,83171,Trifolium thalii,Trifolium thalii Vill.,[],Fabaceae Lindl.,Trifolium L.,Species,[],[],image_manifest,exact_usda_name_match
usda:TRTO4,TRTO4,83172,Trifolium tomentosum,Trifolium tomentosum L.,"[""woolly clover""]",Fabaceae Lindl.,Trifolium L.,Species,"[{""Region"": ""L48"", ""Status"": ""I"", ""Type"": ""Introduced""}]","[""Forb/herb""]",image_manifest,exact_usda_name_match
usda:TRMA6,TRMA6,27795,Trimezia martinicensis,Trimezia martinicensis (Jacq.) Herb.,"[""Martinique trimezia""]",Iridaceae Juss.,Trimezia Salisb. ex Herb.,Species,"[{""Region"": ""HI"", ""Status"": ""I"", ""Type"": ""Introduced""}, {""Region"": ""L48"", ""Status"": ""I"", ""Type"": ""Introduced""}]","[""Forb/herb""]",image_manifest,exact_usda_name_match
usda:TSCA,TSCA,15604,Tsuga canadensis,Tsuga canadensis (L.) Carrière,"[""eastern hemlock""]",Pinaceae Spreng. ex Rudolphi,Tsuga Carrière,Species,"[{""Region"": ""CAN"", ""Status"": ""N"", ""Type"": ""Native""}, {""Region"": ""L48"", ""Status"": ""N"", ""Type"": ""Native""}]","[""Tree""]",target_seed,exact_usda_name_match
usda:TYAN,TYAN,26993,Typha angustifolia,Typha angustifolia L.,"[""narrowleaf cattail""]",Typhaceae Juss.,Typha L.,Species,"[{""Region"": ""CAN"", ""Status"": ""N"", ""Type"": ""Native""}, {""Region"": ""L48"", ""Status"": ""I"", ""Type"": ""Introduced""}, {""Region"": ""L48"", ""Status"": ""N"", ""Type"": ""Native""}]","[""Forb/herb""]",target_seed,exact_usda_name_match
usda:TYLA,TYLA,27001,Typha latifolia,Typha latifolia L.,"[""broadleaf cattail""]",Typhaceae Juss.,Typha L.,Species,"[{""Region"": ""AK"", ""Status"": ""N"", ""Type"": ""Native""}, {""Region"": ""CAN"", ""Status"": ""N"", ""Type"": ""Native""}, {""Region"": ""HI"", ""Status"": ""I"", ""Type"": ""Introduced""}, {""Region"": ""L48"", ""Status"": ""N"", ""Type"": ""Native""}]","[""Forb/herb""]",target_seed,exact_usda_name_match
usda:URBA,URBA,71173,Urera baccifera,Urera baccifera (L.) Gaudich.,"[""scratchbush""]",Urticaceae Juss.,Urera Gaudich.,Species,"[{""Region"": ""PR"", ""Status"": ""N"", ""Type"": ""Native""}, {""Region"": ""VI"", ""Status"": ""N"", ""Type"": ""Native""}]","[""Shrub"", ""Tree""]",image_manifest,exact_usda_name_match
usda:URDI,URDI,71189,Urtica dioica,Urtica dioica L.,"[""stinging nettle""]",Urticaceae Juss.,Urtica L.,Species,"[{""Region"": ""AK"", ""Status"": ""I"", ""Type"": ""Introduced""}, {""Region"": ""AK"", ""Status"": ""N"", ""Type"": ""Native""}, {""Region"": ""CAN"", ""Status"": ""I"", ""Type"": ""Introduced""}, {""Region"": ""CAN"", ""Status"": ""N"", ""Type"": ""Native""}, {""Region"": ""GL"", ""Status"": ""I"", ""Type"": ""Introduced""}, {""Region"": ""L48"", ""Status"": ""I"", ""Type"": ""Introduced""}, {""Region"": ""L48"", ""Status"": ""N"", ""Type"": ""Native""}, {""Region"": ""SPM"", ""Status"": ""I"", ""Type"": ""Introduced""}, {""Region"": ""SPM"", ""Status"": ""N"", ""Type"": ""Native""}]","[""Forb/herb""]",target_seed,exact_usda_name_match
usda:VAAN,VAAN,65417,Vaccinium angustifolium,Vaccinium angustifolium Aiton,"[""lowbush blueberry""]",Ericaceae Juss.,Vaccinium L.,Species,"[{""Region"": ""CAN"", ""Status"": ""N"", ""Type"": ""Native""}, {""Region"": ""L48"", ""Status"": ""N"", ""Type"": ""Native""}, {""Region"": ""SPM"", ""Status"": ""N"", ""Type"": ""Native""}]","[""Shrub"", ""Subshrub""]",target_seed,exact_usda_name_match
usda:VACO,VACO,65446,Vaccinium corymbosum,Vaccinium corymbosum L.,"[""highbush blueberry""]",Ericaceae Juss.,Vaccinium L.,Species,"[{""Region"": ""CAN"", ""Status"": ""N"", ""Type"": ""Native""}, {""Region"": ""L48"", ""Status"": ""N"", ""Type"": ""Native""}]","[""Shrub""]",target_seed,exact_usda_name_match
usda:VACA,VACA,83246,Vachellia caven,Vachellia caven (Molina) Seigler & Ebinger,"[""Roman-cassie"", ""espino cav\u00e1n""]",Fabaceae Lindl.,Vachellia Wight & Arn.,Species,[],[],image_manifest,exact_usda_name_match
usda:VAFA,VAFA,83264,Vachellia farnesiana,Vachellia farnesiana (L.) Wight & Arn.,"[""sweet acacia"", ""aroma"", ""klu"", ""kolu""]",Fabaceae Lindl.,Vachellia Wight & Arn.,Species,"[{""Region"": ""HI"", ""Status"": ""I"", ""Type"": ""Introduced""}, {""Region"": ""L48"", ""Status"": ""N"", ""Type"": ""Native""}, {""Region"": ""PB"", ""Status"": ""I"", ""Type"": ""Introduced""}, {""Region"": ""PR"", ""Status"": ""N"", ""Type"": ""Native""}, {""Region"": ""VI"", ""Status"": ""N"", ""Type"": ""Native""}]","[""Shrub"", ""Tree""]",image_manifest,exact_usda_name_match
usda:VANI4,VANI4,83291,Vachellia nilotica,Vachellia nilotica (L.) P.J.H. Hurter & Mabb.,"[""Egyptian thorn"", ""gum arabic tree""]",Fabaceae Lindl.,Vachellia Wight & Arn.,Species,"[{""Region"": ""PR"", ""Status"": ""I"", ""Type"": ""Introduced""}, {""Region"": ""VI"", ""Status"": ""I"", ""Type"": ""Introduced""}]","[""Shrub"", ""Tree""]",image_manifest,exact_usda_name_match
usda:VARI,VARI,83304,Vachellia rigidula,Vachellia rigidula (Benth.) Seigler & Ebinger,"[""blackbrush acacia""]",Fabaceae Lindl.,Vachellia Wight & Arn.,Species,"[{""Region"": ""L48"", ""Status"": ""N"", ""Type"": ""Native""}]","[""Shrub"", ""Tree""]",image_manifest,exact_usda_name_match
usda:VASE,VASE,83315,Vachellia seyal,Vachellia seyal (Delile) P.J.H. Hurter,"[""talh""]",Fabaceae Lindl.,Vachellia Wight & Arn.,Species,[],[],image_manifest,exact_usda_name_match
usda:VATO,VATO,83325,Vachellia tortilis,Vachellia tortilis (Forssk.) Galasso & Banfi,"[""umbrella thorn""]",Fabaceae Lindl.,Vachellia Wight & Arn.,Species,[],[],image_manifest,exact_usda_name_match
usda:VATO2,VATO2,83331,Vachellia tortuosa,Vachellia tortuosa (L.) Seigler & Ebinger,"[""poponax""]",Fabaceae Lindl.,Vachellia Wight & Arn.,Species,"[{""Region"": ""L48"", ""Status"": ""N"", ""Type"": ""Native""}, {""Region"": ""PR"", ""Status"": ""N"", ""Type"": ""Native""}, {""Region"": ""VI"", ""Status"": ""N"", ""Type"": ""Native""}]","[""Shrub"", ""Tree""]",image_manifest,exact_usda_name_match
usda:VAXA,VAXA,83340,Vachellia xanthophloea,Vachellia xanthophloea (Benth.) Banfi & Galasso,"[""fevertree""]",Fabaceae Lindl.,Vachellia Wight & Arn.,Species,[],[],image_manifest,exact_usda_name_match
usda:VAMA5,VAMA5,48768,Vangueria madagascariensis,Vangueria madagascariensis J.F. Gmel.,"[""voa vanga""]",Rubiaceae Juss.,Vangueria Comm. ex Juss.,Species,"[{""Region"": ""PR"", ""Status"": ""I"", ""Type"": ""Introduced""}]","[""Shrub"", ""Tree""]",image_manifest,exact_usda_name_match
usda:VAPL2,VAPL2,30857,Vanilla planifolia,Vanilla planifolia Jacks.,"[""vanilla""]",Orchidaceae Juss.,Vanilla Mill.,Species,"[{""Region"": ""L48"", ""Status"": ""N"", ""Type"": ""Native""}, {""Region"": ""PB"", ""Status"": ""I"", ""Type"": ""Introduced""}, {""Region"": ""PR"", ""Status"": ""N"", ""Type"": ""Native""}, {""Region"": ""VI"", ""Status"": ""N"", ""Type"": ""Native""}]","[""Forb/herb"", ""Vine""]",image_manifest,exact_usda_name_match
usda:VAPO2,VAPO2,30860,Vanilla pompona,Vanilla pompona Schiede,"[""West Indian vanilla""]",Orchidaceae Juss.,Vanilla Mill.,Species,"[{""Region"": ""L48"", ""Status"": ""I"", ""Type"": ""Introduced""}, {""Region"": ""PR"", ""Status"": ""I"", ""Type"": ""Introduced""}]","[""Forb/herb"", ""Vine""]",image_manifest,exact_usda_name_match
usda:VEPEX2,VEPEX2,52628,Veronica peregrina,Veronica peregrina L. ssp. xalapensis (Kunth) Pennell,"[""hairy purslane speedwell""]",Scrophulariaceae Juss.,Veronica L.,Subspecies,"[{""Region"": ""AK"", ""Status"": ""I?"", ""Type"": ""Introduced""}, {""Region"": ""CAN"", ""Status"": ""N"", ""Type"": ""Native""}, {""Region"": ""HI"", ""Status"": ""I"", ""Type"": ""Introduced""}, {""Region"": ""L48"", ""Status"": ""N"", ""Type"": ""Native""}]","[""Forb/herb""]",image_manifest,exact_usda_name_match
usda:WIUR,WIUR,53812,Wigandia urens,Wigandia urens (Ruiz & Pav.) Kunth,"[""Caracus wigandia""]",Hydrophyllaceae R. Br.,Wigandia Kunth,Species,"[{""Region"": ""L48"", ""Status"": ""I"", ""Type"": ""Introduced""}]","[""Subshrub""]",image_manifest,exact_usda_name_match
usda:XYBI,XYBI,65587,Xylococcus bicolor,Xylococcus bicolor Nutt.,"[""mission manzanita""]",Ericaceae Juss.,Xylococcus Nutt.,Species,"[{""Region"": ""L48"", ""Status"": ""N"", ""Type"": ""Native""}]","[""Shrub""]",image_manifest,exact_usda_name_match
usda:XYFR2,XYFR2,71540,Xylopia frutescens,Xylopia frutescens Aubl.,"[""pimientillo""]",Annonaceae Juss.,Xylopia L.,Species,[],[],image_manifest,exact_usda_name_match
usda:ZAFU,ZAFU,15668,Zamia furfuracea,Zamia furfuracea L. f. ex Aiton,"[""cardboard palm""]",Zamiaceae Horan.,Zamia L.,Species,"[{""Region"": ""L48"", ""Status"": ""I"", ""Type"": ""Introduced""}]","[""Shrub""]",image_manifest,exact_usda_name_match
usda:ZAPU,ZAPU,15670,Zamia pumila,Zamia pumila L.,"[""coontie""]",Zamiaceae Horan.,Zamia L.,Species,"[{""Region"": ""L48"", ""Status"": ""N"", ""Type"": ""Native""}, {""Region"": ""PR"", ""Status"": ""N"", ""Type"": ""Native""}]","[""Subshrub""]",image_manifest,exact_usda_name_match
usda:ZAPA,ZAPA,16244,Zannichellia palustris,Zannichellia palustris L.,"[""horned pondweed""]",Zannichelliaceae Chevall.,Zannichellia L.,Species,"[{""Region"": ""AK"", ""Status"": ""N"", ""Type"": ""Native""}, {""Region"": ""CAN"", ""Status"": ""N"", ""Type"": ""Native""}, {""Region"": ""L48"", ""Status"": ""N"", ""Type"": ""Native""}]","[""Forb/herb""]",image_manifest,exact_usda_name_match
usda:ZIGL,ZIGL,29467,Zigadenus glaberrimus,Zigadenus glaberrimus Michx.,"[""sandbog deathcamas""]",Liliaceae Juss.,Zigadenus Michx.,Species,"[{""Region"": ""L48"", ""Status"": ""N"", ""Type"": ""Native""}]","[""Forb/herb""]",target_seed,exact_usda_name_match
usda:ZIPA2,ZIPA2,29482,Zigadenus paniculatus,Zigadenus paniculatus (Nutt.) S. Watson,"[""foothill deathcamas""]",Liliaceae Juss.,Zigadenus Michx.,Species,"[{""Region"": ""L48"", ""Status"": ""N"", ""Type"": ""Native""}]","[""Forb/herb""]",target_seed,exact_usda_name_match
usda:ZIVE,ZIVE,29487,Zigadenus venenosus,Zigadenus venenosus S. Watson,"[""meadow deathcamas""]",Liliaceae Juss.,Zigadenus Michx.,Species,"[{""Region"": ""CAN"", ""Status"": ""N"", ""Type"": ""Native""}, {""Region"": ""L48"", ""Status"": ""N"", ""Type"": ""Native""}]","[""Forb/herb""]",target_seed,exact_usda_name_match
